{"buildingID": 10241, "county": "\u666e\u9640", "town": "\u771f\u5982\u9547", "circleNum": 2, "builtYear": "2017", "builtHeight": 51, "storeNum": 17, "floorArea": 464.514795818, "buildArea": 7896.75152891, "seiFort": "3", "keyFire": 0, "firehouseDist": 2, "pop": 1579}