{"buildingID": 1203, "county": "\u666e\u9640", "town": "\u6843\u6d66\u9547", "circleNum": 3, "builtYear": "2001", "builtHeight": 18, "storeNum": 6, "floorArea": 1164.86612111, "buildArea": 6989.19672666, "seiFort": "3", "keyFire": 1, "firehouseDist": 4, "pop": 1397}