{"buildingID": 27049, "county": "\u666e\u9640", "town": "\u957f\u98ce\u65b0\u6751\u8857\u9053", "circleNum": 0, "builtYear": "pre1978", "builtHeight": 18, "storeNum": 6, "floorArea": 488.40284868, "buildArea": 2930.41709208, "seiFort": "1", "keyFire": 0, "firehouseDist": 2, "pop": 146}