{"buildingID": 4818, "county": "\u666e\u9640", "town": "\u6843\u6d66\u9547", "circleNum": 2, "builtYear": "1991", "builtHeight": 47, "storeNum": 15, "floorArea": 599.121654794, "buildArea": 8986.8248219, "seiFort": "2", "keyFire": 0, "firehouseDist": 2, "pop": 1797}