{"buildingID": 7317, "county": "\u666e\u9640", "town": "\u6843\u6d66\u9547", "circleNum": 2, "builtYear": "2008", "builtHeight": 19, "storeNum": 6, "floorArea": 1163.39361047, "buildArea": 6980.36166284, "seiFort": "3", "keyFire": 0, "firehouseDist": 2, "pop": 1396}