{"buildingID": 15471, "county": "\u666e\u9640", "town": "\u77f3\u6cc9\u8def\u8857\u9053", "circleNum": 1, "builtYear": "pre1978", "builtHeight": 16, "storeNum": 5, "floorArea": 799.204816893, "buildArea": 3996.02408446, "seiFort": "1", "keyFire": 0, "firehouseDist": 2, "pop": 159}