{"buildingID": 10354, "county": "\u666e\u9640", "town": "\u7518\u6cc9\u8def\u8857\u9053", "circleNum": 1, "builtYear": "pre1978", "builtHeight": 62, "storeNum": 20, "floorArea": 96.8464128053, "buildArea": 1936.92825611, "seiFort": "1", "keyFire": 0, "firehouseDist": 2, "pop": 77}