{"buildingID": 14884, "county": "\u666e\u9640", "town": "\u5b9c\u5ddd\u8def\u8857\u9053", "circleNum": 0, "builtYear": "pre1978", "builtHeight": 106, "storeNum": 35, "floorArea": 252.420832419, "buildArea": 8834.72913465, "seiFort": "1", "keyFire": 0, "firehouseDist": 1, "pop": 1766}