{"buildingID": 6254, "county": "\u666e\u9640", "town": "\u6843\u6d66\u9547", "circleNum": 2, "builtYear": "2000", "builtHeight": 18, "storeNum": 6, "floorArea": 388.108754102, "buildArea": 2328.65252461, "seiFort": "3", "keyFire": 0, "firehouseDist": 1, "pop": 465}