{"buildingID": 17511, "county": "\u666e\u9640", "town": "\u957f\u98ce\u65b0\u6751\u8857\u9053", "circleNum": 1, "builtYear": "1994", "builtHeight": 9, "storeNum": 3, "floorArea": 926.350153053, "buildArea": 2779.05045916, "seiFort": "2", "keyFire": 0, "firehouseDist": 3, "pop": 555}