{"buildingID": 6404, "county": "\u666e\u9640", "town": "\u6843\u6d66\u9547", "circleNum": 2, "builtYear": "pre1978", "builtHeight": 52, "storeNum": 17, "floorArea": 555.457855608, "buildArea": 9442.78354534, "seiFort": "1", "keyFire": 0, "firehouseDist": 1, "pop": 314}