{"buildingID": 20150, "county": "\u666e\u9640", "town": "\u957f\u98ce\u65b0\u6751\u8857\u9053", "circleNum": 0, "builtYear": "pre1978", "builtHeight": 24, "storeNum": 8, "floorArea": 1094.01902475, "buildArea": 8752.15219802, "seiFort": "1", "keyFire": 0, "firehouseDist": 2, "pop": 437}