{"buildingID": 6507, "county": "\u666e\u9640", "town": "\u6843\u6d66\u9547", "circleNum": 2, "builtYear": "2006", "builtHeight": 20, "storeNum": 6, "floorArea": 814.027214654, "buildArea": 4884.16328792, "seiFort": "3", "keyFire": 0, "firehouseDist": 1, "pop": 976}