{"buildingID": 1253, "county": "\u666e\u9640", "town": "\u6843\u6d66\u9547", "circleNum": 3, "builtYear": "2001", "builtHeight": 18, "storeNum": 6, "floorArea": 988.669259072, "buildArea": 5932.01555443, "seiFort": "3", "keyFire": 0, "firehouseDist": 4, "pop": 1186}