{"buildingID": 9972, "county": "\u666e\u9640", "town": "\u957f\u5f81\u9547", "circleNum": 1, "builtYear": "2001", "builtHeight": 33, "storeNum": 11, "floorArea": 693.107513278, "buildArea": 7624.18264606, "seiFort": "3", "keyFire": 0, "firehouseDist": 2, "pop": 1524}