{"buildingID": 24176, "county": "\u666e\u9640", "town": "\u957f\u5bff\u8def\u8857\u9053", "circleNum": 0, "builtYear": "1988", "builtHeight": 31, "storeNum": 10, "floorArea": 553.237740637, "buildArea": 5532.37740637, "seiFort": "2", "keyFire": 0, "firehouseDist": 1, "pop": 1106}