{"buildingID": 12011, "county": "\u666e\u9640", "town": "\u77f3\u6cc9\u8def\u8857\u9053", "circleNum": 1, "builtYear": "1993", "builtHeight": 9, "storeNum": 3, "floorArea": 804.712837544, "buildArea": 2414.13851263, "seiFort": "2", "keyFire": 0, "firehouseDist": 3, "pop": 482}