{"buildingID": 17221, "county": "\u666e\u9640", "town": "\u957f\u5f81\u9547", "circleNum": 2, "builtYear": "1979-1985", "builtHeight": 17, "storeNum": 5, "floorArea": 1100.2997153, "buildArea": 5501.4985765, "seiFort": "2", "keyFire": 0, "firehouseDist": 1, "pop": 1100}