{"buildingID": 12020, "county": "\u666e\u9640", "town": "\u771f\u5982\u9547", "circleNum": 1, "builtYear": "pre1978", "builtHeight": 61, "storeNum": 20, "floorArea": 177.865610969, "buildArea": 3557.31221939, "seiFort": "1", "keyFire": 0, "firehouseDist": 2, "pop": 142}