{"buildingID": 6113, "county": "\u666e\u9640", "town": "\u6843\u6d66\u9547", "circleNum": 2, "builtYear": "1997", "builtHeight": 10, "storeNum": 3, "floorArea": 5308.86103212, "buildArea": 15926.5830963, "seiFort": "2", "keyFire": 0, "firehouseDist": 1, "pop": 3185}