{"buildingID": 11201, "county": "\u666e\u9640", "town": "\u6843\u6d66\u9547", "circleNum": 2, "builtYear": "1994", "builtHeight": 18, "storeNum": 6, "floorArea": 89.9278885948, "buildArea": 539.567331569, "seiFort": "2", "keyFire": 0, "firehouseDist": 2, "pop": 17}