{"buildingID": 1028, "county": "\u666e\u9640", "town": "\u6843\u6d66\u9547", "circleNum": 3, "builtYear": "1979-1985", "builtHeight": 54, "storeNum": 18, "floorArea": 910.777922241, "buildArea": 16394.0026003, "seiFort": "2", "keyFire": 0, "firehouseDist": 4, "pop": 3278}