{"buildingID": 15537, "county": "\u666e\u9640", "town": "\u77f3\u6cc9\u8def\u8857\u9053", "circleNum": 1, "builtYear": "1979-1985", "builtHeight": 60, "storeNum": 20, "floorArea": 91.3196585745, "buildArea": 1826.39317149, "seiFort": "2", "keyFire": 0, "firehouseDist": 1, "pop": 73}