{"buildingID": 22733, "county": "\u666e\u9640", "town": "\u957f\u5bff\u8def\u8857\u9053", "circleNum": 0, "builtYear": "pre1978", "builtHeight": 100, "storeNum": 33, "floorArea": 374.936132165, "buildArea": 12372.8923615, "seiFort": "1", "keyFire": 0, "firehouseDist": 1, "pop": 2474}