{"buildingID": 15166, "county": "\u666e\u9640", "town": "\u771f\u5982\u9547", "circleNum": 1, "builtYear": "1992", "builtHeight": 6, "storeNum": 2, "floorArea": 441.708037951, "buildArea": 883.416075903, "seiFort": "2", "keyFire": 0, "firehouseDist": 2, "pop": 176}