{"buildingID": 1446, "county": "\u666e\u9640", "town": "\u6843\u6d66\u9547", "circleNum": 3, "builtYear": "2004", "builtHeight": 18, "storeNum": 6, "floorArea": 557.248633971, "buildArea": 3343.49180382, "seiFort": "3", "keyFire": 0, "firehouseDist": 5, "pop": 668}