{"buildingID": 9522, "county": "\u666e\u9640", "town": "\u957f\u5f81\u9547", "circleNum": 1, "builtYear": "1979-1985", "builtHeight": 20, "storeNum": 6, "floorArea": 757.625904531, "buildArea": 4545.75542719, "seiFort": "2", "keyFire": 0, "firehouseDist": 2, "pop": 909}