{"buildingID": 15387, "county": "\u666e\u9640", "town": "\u77f3\u6cc9\u8def\u8857\u9053", "circleNum": 1, "builtYear": "1989", "builtHeight": 10, "storeNum": 3, "floorArea": 842.727418643, "buildArea": 2528.18225593, "seiFort": "2", "keyFire": 0, "firehouseDist": 2, "pop": 505}