{"buildingID": 7405, "county": "\u666e\u9640", "town": "\u957f\u5f81\u9547", "circleNum": 1, "builtYear": "1995", "builtHeight": 82, "storeNum": 27, "floorArea": 458.618241386, "buildArea": 12382.6925174, "seiFort": "2", "keyFire": 0, "firehouseDist": 1, "pop": 2476}