{"buildingID": 12249, "county": "\u666e\u9640", "town": "\u771f\u5982\u9547", "circleNum": 1, "builtYear": "1987", "builtHeight": 15, "storeNum": 5, "floorArea": 945.810042966, "buildArea": 4729.05021483, "seiFort": "2", "keyFire": 0, "firehouseDist": 1, "pop": 945}