{"buildingID": 15651, "county": "\u666e\u9640", "town": "\u5b9c\u5ddd\u8def\u8857\u9053", "circleNum": 0, "builtYear": "pre1978", "builtHeight": 100, "storeNum": 33, "floorArea": 2124.6090699, "buildArea": 70112.0993067, "seiFort": "1", "keyFire": 0, "firehouseDist": 1, "pop": 14022}