{"buildingID": 22216, "county": "\u666e\u9640", "town": "\u957f\u5f81\u9547", "circleNum": 1, "builtYear": "2010", "builtHeight": 32, "storeNum": 10, "floorArea": 712.510670947, "buildArea": 7125.10670947, "seiFort": "3", "keyFire": 0, "firehouseDist": 2, "pop": 1425}