{"buildingID": 27742, "county": "\u666e\u9640", "town": "\u957f\u98ce\u65b0\u6751\u8857\u9053", "circleNum": 1, "builtYear": "1987", "builtHeight": 16, "storeNum": 5, "floorArea": 527.374387752, "buildArea": 2636.87193876, "seiFort": "2", "keyFire": 0, "firehouseDist": 2, "pop": 527}