{"buildingID": 28305, "county": "\u666e\u9640", "town": "\u957f\u98ce\u65b0\u6751\u8857\u9053", "circleNum": 1, "builtYear": "pre1978", "builtHeight": 64, "storeNum": 21, "floorArea": 148.962274327, "buildArea": 3128.20776086, "seiFort": "1", "keyFire": 0, "firehouseDist": 2, "pop": 125}