{"buildingID": 8760, "county": "\u666e\u9640", "town": "\u7518\u6cc9\u8def\u8857\u9053", "circleNum": 1, "builtYear": "2015", "builtHeight": 24, "storeNum": 8, "floorArea": 771.694584278, "buildArea": 6173.55667423, "seiFort": "3", "keyFire": 0, "firehouseDist": 3, "pop": 1234}