{"buildingID": 11138, "county": "\u666e\u9640", "town": "\u7518\u6cc9\u8def\u8857\u9053", "circleNum": 1, "builtYear": "pre1978", "builtHeight": 20, "storeNum": 6, "floorArea": 544.208962933, "buildArea": 3265.2537776, "seiFort": "1", "keyFire": 0, "firehouseDist": 2, "pop": 130}