{"buildingID": 9255, "county": "\u666e\u9640", "town": "\u6843\u6d66\u9547", "circleNum": 2, "builtYear": "1997", "builtHeight": 12, "storeNum": 4, "floorArea": 241.170450475, "buildArea": 964.681801901, "seiFort": "2", "keyFire": 0, "firehouseDist": 2, "pop": 192}