{"buildingID": 1701, "county": "\u666e\u9640", "town": "\u6843\u6d66\u9547", "circleNum": 2, "builtYear": "1995", "builtHeight": 11, "storeNum": 3, "floorArea": 1163.53585665, "buildArea": 3490.60756996, "seiFort": "2", "keyFire": 0, "firehouseDist": 3, "pop": 698}