{"buildingID": 5652, "county": "\u666e\u9640", "town": "\u6843\u6d66\u9547", "circleNum": 2, "builtYear": "1979-1985", "builtHeight": 5, "storeNum": 1, "floorArea": 504.417481541, "buildArea": 504.417481541, "seiFort": "2", "keyFire": 0, "firehouseDist": 1, "pop": 100}