{"buildingID": 6353, "county": "\u666e\u9640", "town": "\u6843\u6d66\u9547", "circleNum": 2, "builtYear": "2000", "builtHeight": 13, "storeNum": 4, "floorArea": 873.389695859, "buildArea": 3493.55878343, "seiFort": "3", "keyFire": 0, "firehouseDist": 1, "pop": 698}