{"buildingID": 2698, "county": "\u666e\u9640", "town": "\u6843\u6d66\u9547", "circleNum": 3, "builtYear": "1999", "builtHeight": 18, "storeNum": 6, "floorArea": 1227.56517353, "buildArea": 7365.3910412, "seiFort": "2", "keyFire": 0, "firehouseDist": 4, "pop": 1473}