{"buildingID": 18611, "county": "\u666e\u9640", "town": "\u957f\u5f81\u9547", "circleNum": 2, "builtYear": "1997", "builtHeight": 15, "storeNum": 5, "floorArea": 1024.19095807, "buildArea": 5120.95479034, "seiFort": "2", "keyFire": 0, "firehouseDist": 3, "pop": 1024}