{"buildingID": 16965, "county": "\u666e\u9640", "town": "\u77f3\u6cc9\u8def\u8857\u9053", "circleNum": 1, "builtYear": "pre1978", "builtHeight": 85, "storeNum": 28, "floorArea": 613.673717955, "buildArea": 17182.8641027, "seiFort": "1", "keyFire": 0, "firehouseDist": 1, "pop": 687}