{"buildingID": 28772, "county": "\u666e\u9640", "town": "\u957f\u98ce\u65b0\u6751\u8857\u9053", "circleNum": 1, "builtYear": "pre1978", "builtHeight": 7, "storeNum": 2, "floorArea": 198.674443426, "buildArea": 397.348886853, "seiFort": "1", "keyFire": 0, "firehouseDist": 3, "pop": 15}