{"buildingID": 29332, "county": "\u666e\u9640", "town": "\u957f\u98ce\u65b0\u6751\u8857\u9053", "circleNum": 1, "builtYear": "pre1978", "builtHeight": 3, "storeNum": 1, "floorArea": 110.466911059, "buildArea": 110.466911059, "seiFort": "1", "keyFire": 0, "firehouseDist": 3, "pop": 4}