{"buildingID": 19043, "county": "\u666e\u9640", "town": "\u957f\u5f81\u9547", "circleNum": 2, "builtYear": "1990", "builtHeight": 56, "storeNum": 18, "floorArea": 513.490225854, "buildArea": 9242.82406537, "seiFort": "2", "keyFire": 0, "firehouseDist": 3, "pop": 1848}