{"buildingID": 14506, "county": "\u666e\u9640", "town": "\u771f\u5982\u9547", "circleNum": 2, "builtYear": "1997", "builtHeight": 17, "storeNum": 5, "floorArea": 1039.03886441, "buildArea": 5195.19432207, "seiFort": "2", "keyFire": 0, "firehouseDist": 1, "pop": 1039}