{"buildingID": 16111, "county": "\u666e\u9640", "town": "\u77f3\u6cc9\u8def\u8857\u9053", "circleNum": 1, "builtYear": "pre1978", "builtHeight": 61, "storeNum": 20, "floorArea": 543.467808094, "buildArea": 10869.3561619, "seiFort": "1", "keyFire": 0, "firehouseDist": 1, "pop": 434}