{"buildingID": 20623, "county": "\u666e\u9640", "town": "\u771f\u5982\u9547", "circleNum": 1, "builtYear": "1986", "builtHeight": 11, "storeNum": 3, "floorArea": 932.17845644, "buildArea": 2796.53536932, "seiFort": "2", "keyFire": 0, "firehouseDist": 1, "pop": 559}