{"buildingID": 18606, "county": "\u666e\u9640", "town": "\u957f\u5f81\u9547", "circleNum": 2, "builtYear": "1995", "builtHeight": 17, "storeNum": 5, "floorArea": 1306.78543233, "buildArea": 6533.92716165, "seiFort": "2", "keyFire": 0, "firehouseDist": 3, "pop": 1306}