{"buildingID": 10111, "county": "\u666e\u9640", "town": "\u771f\u5982\u9547", "circleNum": 2, "builtYear": "2001", "builtHeight": 17, "storeNum": 5, "floorArea": 1588.67275325, "buildArea": 7943.36376624, "seiFort": "3", "keyFire": 0, "firehouseDist": 2, "pop": 1588}