{"buildingID": 8648, "county": "\u666e\u9640", "town": "\u7518\u6cc9\u8def\u8857\u9053", "circleNum": 1, "builtYear": "1995", "builtHeight": 15, "storeNum": 5, "floorArea": 1257.60067799, "buildArea": 6288.00338996, "seiFort": "2", "keyFire": 1, "firehouseDist": 3, "pop": 1257}