{"buildingID": 13350, "county": "\u666e\u9640", "town": "\u771f\u5982\u9547", "circleNum": 1, "builtYear": "pre1978", "builtHeight": 58, "storeNum": 19, "floorArea": 97.3601418864, "buildArea": 1849.84269584, "seiFort": "1", "keyFire": 0, "firehouseDist": 2, "pop": 73}