{"buildingID": 20377, "county": "\u666e\u9640", "town": "\u771f\u5982\u9547", "circleNum": 1, "builtYear": "pre1978", "builtHeight": 43, "storeNum": 14, "floorArea": 48.1032385827, "buildArea": 673.445340158, "seiFort": "1", "keyFire": 0, "firehouseDist": 2, "pop": 26}