{"buildingID": 12271, "county": "\u666e\u9640", "town": "\u771f\u5982\u9547", "circleNum": 1, "builtYear": "1991", "builtHeight": 3, "storeNum": 1, "floorArea": 1061.28651508, "buildArea": 1061.28651508, "seiFort": "2", "keyFire": 0, "firehouseDist": 2, "pop": 212}