{"buildingID": 7873, "county": "\u666e\u9640", "town": "\u771f\u5982\u9547", "circleNum": 2, "builtYear": "1995", "builtHeight": 12, "storeNum": 4, "floorArea": 297.801614919, "buildArea": 1191.20645968, "seiFort": "2", "keyFire": 0, "firehouseDist": 2, "pop": 238}