{"buildingID": 1832, "county": "\u666e\u9640", "town": "\u6843\u6d66\u9547", "circleNum": 2, "builtYear": "2010", "builtHeight": 39, "storeNum": 13, "floorArea": 205.141264239, "buildArea": 2666.83643511, "seiFort": "3", "keyFire": 0, "firehouseDist": 1, "pop": 533}