{"buildingID": 15046, "county": "\u666e\u9640", "town": "\u771f\u5982\u9547", "circleNum": 2, "builtYear": "2000", "builtHeight": 34, "storeNum": 11, "floorArea": 151.997476504, "buildArea": 1671.97224155, "seiFort": "3", "keyFire": 0, "firehouseDist": 1, "pop": 55}