{"buildingID": 11445, "county": "\u666e\u9640", "town": "\u771f\u5982\u9547", "circleNum": 1, "builtYear": "2000", "builtHeight": 6, "storeNum": 2, "floorArea": 292.476536841, "buildArea": 584.953073681, "seiFort": "3", "keyFire": 0, "firehouseDist": 2, "pop": 116}