{"buildingID": 8168, "county": "\u666e\u9640", "town": "\u7518\u6cc9\u8def\u8857\u9053", "circleNum": 1, "builtYear": "1986", "builtHeight": 19, "storeNum": 6, "floorArea": 1571.56127413, "buildArea": 9429.36764479, "seiFort": "2", "keyFire": 0, "firehouseDist": 3, "pop": 1885}