{"buildingID": 2540, "county": "\u666e\u9640", "town": "\u6843\u6d66\u9547", "circleNum": 2, "builtYear": "2003", "builtHeight": 15, "storeNum": 5, "floorArea": 347.702474489, "buildArea": 1738.51237244, "seiFort": "3", "keyFire": 0, "firehouseDist": 2, "pop": 347}