{"buildingID": 26967, "county": "\u666e\u9640", "town": "\u957f\u98ce\u65b0\u6751\u8857\u9053", "circleNum": 1, "builtYear": "1995", "builtHeight": 52, "storeNum": 17, "floorArea": 299.009774154, "buildArea": 5083.16616061, "seiFort": "2", "keyFire": 0, "firehouseDist": 2, "pop": 1016}