{"buildingID": 15916, "county": "\u666e\u9640", "town": "\u771f\u5982\u9547", "circleNum": 1, "builtYear": "2001", "builtHeight": 34, "storeNum": 11, "floorArea": 727.670073634, "buildArea": 8004.37080998, "seiFort": "3", "keyFire": 0, "firehouseDist": 1, "pop": 1600}