{"buildingID": 25939, "county": "\u666e\u9640", "town": "\u957f\u98ce\u65b0\u6751\u8857\u9053", "circleNum": 0, "builtYear": "pre1978", "builtHeight": 49, "storeNum": 16, "floorArea": 36.1653850041, "buildArea": 578.646160065, "seiFort": "1", "keyFire": 0, "firehouseDist": 2, "pop": 28}