{"buildingID": 11603, "county": "\u666e\u9640", "town": "\u7518\u6cc9\u8def\u8857\u9053", "circleNum": 1, "builtYear": "pre1978", "builtHeight": 18, "storeNum": 6, "floorArea": 750.325110068, "buildArea": 4501.95066041, "seiFort": "1", "keyFire": 0, "firehouseDist": 2, "pop": 180}