{"buildingID": 1098, "county": "\u666e\u9640", "town": "\u6843\u6d66\u9547", "circleNum": 3, "builtYear": "2017", "builtHeight": 18, "storeNum": 6, "floorArea": 485.224059114, "buildArea": 2911.34435469, "seiFort": "3", "keyFire": 0, "firehouseDist": 5, "pop": 582}