{"buildingID": 12212, "county": "\u666e\u9640", "town": "\u77f3\u6cc9\u8def\u8857\u9053", "circleNum": 1, "builtYear": "2003", "builtHeight": 54, "storeNum": 18, "floorArea": 1343.41592811, "buildArea": 24181.4867061, "seiFort": "3", "keyFire": 0, "firehouseDist": 2, "pop": 4836}