{"buildingID": 12686, "county": "\u666e\u9640", "town": "\u771f\u5982\u9547", "circleNum": 2, "builtYear": "1993", "builtHeight": 10, "storeNum": 3, "floorArea": 178.002395964, "buildArea": 534.007187893, "seiFort": "2", "keyFire": 0, "firehouseDist": 2, "pop": 17}