{"buildingID": 6227, "county": "\u666e\u9640", "town": "\u6843\u6d66\u9547", "circleNum": 2, "builtYear": "1979-1985", "builtHeight": 11, "storeNum": 3, "floorArea": 977.372495672, "buildArea": 2932.11748702, "seiFort": "2", "keyFire": 0, "firehouseDist": 2, "pop": 586}