{"buildingID": 14551, "county": "\u666e\u9640", "town": "\u771f\u5982\u9547", "circleNum": 2, "builtYear": "1994", "builtHeight": 13, "storeNum": 4, "floorArea": 725.100003599, "buildArea": 2900.4000144, "seiFort": "2", "keyFire": 0, "firehouseDist": 1, "pop": 580}