{"buildingID": 2618, "county": "\u666e\u9640", "town": "\u6843\u6d66\u9547", "circleNum": 2, "builtYear": "2000", "builtHeight": 11, "storeNum": 3, "floorArea": 2922.67195753, "buildArea": 8768.01587259, "seiFort": "3", "keyFire": 0, "firehouseDist": 2, "pop": 1753}