{"buildingID": 7843, "county": "\u666e\u9640", "town": "\u7518\u6cc9\u8def\u8857\u9053", "circleNum": 1, "builtYear": "2001", "builtHeight": 29, "storeNum": 9, "floorArea": 1374.82327019, "buildArea": 12373.4094317, "seiFort": "3", "keyFire": 0, "firehouseDist": 3, "pop": 2474}