{"buildingID": 22943, "county": "\u666e\u9640", "town": "\u957f\u5bff\u8def\u8857\u9053", "circleNum": 0, "builtYear": "1979-1985", "builtHeight": 117, "storeNum": 39, "floorArea": 1355.25226973, "buildArea": 52854.8385196, "seiFort": "2", "keyFire": 1, "firehouseDist": 1, "pop": 10570}