{"buildingID": 11167, "county": "\u666e\u9640", "town": "\u771f\u5982\u9547", "circleNum": 2, "builtYear": "1999", "builtHeight": 50, "storeNum": 16, "floorArea": 33.0315122022, "buildArea": 528.504195236, "seiFort": "2", "keyFire": 0, "firehouseDist": 2, "pop": 17}