{"buildingID": 28546, "county": "\u666e\u9640", "town": "\u957f\u98ce\u65b0\u6751\u8857\u9053", "circleNum": 1, "builtYear": "pre1978", "builtHeight": 20, "storeNum": 6, "floorArea": 440.465561419, "buildArea": 2642.79336851, "seiFort": "1", "keyFire": 0, "firehouseDist": 3, "pop": 105}