{"buildingID": 28891, "county": "\u666e\u9640", "town": "\u957f\u98ce\u65b0\u6751\u8857\u9053", "circleNum": 1, "builtYear": "pre1978", "builtHeight": 48, "storeNum": 16, "floorArea": 549.571852693, "buildArea": 8793.14964309, "seiFort": "1", "keyFire": 0, "firehouseDist": 3, "pop": 351}