{"buildingID": 28123, "county": "\u666e\u9640", "town": "\u957f\u98ce\u65b0\u6751\u8857\u9053", "circleNum": 0, "builtYear": "pre1978", "builtHeight": 31, "storeNum": 10, "floorArea": 461.602542972, "buildArea": 4616.02542972, "seiFort": "1", "keyFire": 0, "firehouseDist": 2, "pop": 230}