{"buildingID": 3085, "county": "\u666e\u9640", "town": "\u6843\u6d66\u9547", "circleNum": 3, "builtYear": "1979-1985", "builtHeight": 6, "storeNum": 2, "floorArea": 169.769655824, "buildArea": 339.539311649, "seiFort": "2", "keyFire": 0, "firehouseDist": 4, "pop": 11}