{"buildingID": 7966, "county": "\u666e\u9640", "town": "\u771f\u5982\u9547", "circleNum": 2, "builtYear": "1991", "builtHeight": 16, "storeNum": 5, "floorArea": 520.114177658, "buildArea": 2600.57088829, "seiFort": "2", "keyFire": 0, "firehouseDist": 1, "pop": 520}