{"buildingID": 16761, "county": "\u666e\u9640", "town": "\u77f3\u6cc9\u8def\u8857\u9053", "circleNum": 1, "builtYear": "pre1978", "builtHeight": 12, "storeNum": 4, "floorArea": 702.347967354, "buildArea": 2809.39186941, "seiFort": "1", "keyFire": 1, "firehouseDist": 2, "pop": 112}