{"buildingID": 12463, "county": "\u666e\u9640", "town": "\u771f\u5982\u9547", "circleNum": 1, "builtYear": "1979-1985", "builtHeight": 51, "storeNum": 17, "floorArea": 692.859319934, "buildArea": 11778.6084389, "seiFort": "2", "keyFire": 0, "firehouseDist": 2, "pop": 2355}