{"buildingID": 11721, "county": "\u666e\u9640", "town": "\u7518\u6cc9\u8def\u8857\u9053", "circleNum": 1, "builtYear": "pre1978", "builtHeight": 19, "storeNum": 6, "floorArea": 544.225099012, "buildArea": 3265.35059407, "seiFort": "1", "keyFire": 0, "firehouseDist": 2, "pop": 130}