{"buildingID": 13737, "county": "\u666e\u9640", "town": "\u771f\u5982\u9547", "circleNum": 1, "builtYear": "pre1978", "builtHeight": 15, "storeNum": 5, "floorArea": 745.053059309, "buildArea": 3725.26529655, "seiFort": "1", "keyFire": 0, "firehouseDist": 2, "pop": 149}