{"buildingID": 28272, "county": "\u666e\u9640", "town": "\u957f\u98ce\u65b0\u6751\u8857\u9053", "circleNum": 1, "builtYear": "1985", "builtHeight": 6, "storeNum": 2, "floorArea": 510.949632753, "buildArea": 1021.89926551, "seiFort": "2", "keyFire": 0, "firehouseDist": 2, "pop": 204}