{"buildingID": 28918, "county": "\u666e\u9640", "town": "\u957f\u98ce\u65b0\u6751\u8857\u9053", "circleNum": 1, "builtYear": "1979-1985", "builtHeight": 25, "storeNum": 8, "floorArea": 1878.85179309, "buildArea": 15030.8143447, "seiFort": "2", "keyFire": 0, "firehouseDist": 4, "pop": 3006}