{"buildingID": 24771, "county": "\u666e\u9640", "town": "\u66f9\u6768\u65b0\u6751\u8857\u9053", "circleNum": 1, "builtYear": "pre1978", "builtHeight": 15, "storeNum": 5, "floorArea": 629.099549294, "buildArea": 3145.49774647, "seiFort": "1", "keyFire": 0, "firehouseDist": 1, "pop": 125}