{"buildingID": 4133, "county": "\u666e\u9640", "town": "\u6843\u6d66\u9547", "circleNum": 2, "builtYear": "1996", "builtHeight": 10, "storeNum": 3, "floorArea": 246.677564447, "buildArea": 740.032693341, "seiFort": "2", "keyFire": 0, "firehouseDist": 2, "pop": 148}