{"buildingID": 5125, "county": "\u666e\u9640", "town": "\u6843\u6d66\u9547", "circleNum": 2, "builtYear": "2010", "builtHeight": 157, "storeNum": 52, "floorArea": 302.78669369, "buildArea": 15744.9080719, "seiFort": "3", "keyFire": 0, "firehouseDist": 2, "pop": 3148}