{"buildingID": 16608, "county": "\u666e\u9640", "town": "\u771f\u5982\u9547", "circleNum": 2, "builtYear": "1979-1985", "builtHeight": 16, "storeNum": 5, "floorArea": 473.882144667, "buildArea": 2369.41072333, "seiFort": "2", "keyFire": 0, "firehouseDist": 1, "pop": 473}