{"buildingID": 4203, "county": "\u666e\u9640", "town": "\u6843\u6d66\u9547", "circleNum": 2, "builtYear": "2003", "builtHeight": 21, "storeNum": 7, "floorArea": 418.269807068, "buildArea": 2927.88864948, "seiFort": "3", "keyFire": 0, "firehouseDist": 2, "pop": 585}