{"buildingID": 10252, "county": "\u666e\u9640", "town": "\u771f\u5982\u9547", "circleNum": 2, "builtYear": "2004", "builtHeight": 59, "storeNum": 19, "floorArea": 30.5266654865, "buildArea": 580.006644244, "seiFort": "3", "keyFire": 0, "firehouseDist": 2, "pop": 19}