{"buildingID": 14813, "county": "\u666e\u9640", "town": "\u77f3\u6cc9\u8def\u8857\u9053", "circleNum": 1, "builtYear": "pre1978", "builtHeight": 99, "storeNum": 33, "floorArea": 1416.99346717, "buildArea": 46760.7844165, "seiFort": "1", "keyFire": 0, "firehouseDist": 2, "pop": 1870}