{"buildingID": 6287, "county": "\u666e\u9640", "town": "\u6843\u6d66\u9547", "circleNum": 2, "builtYear": "1998", "builtHeight": 10, "storeNum": 3, "floorArea": 314.682600099, "buildArea": 944.047800298, "seiFort": "2", "keyFire": 0, "firehouseDist": 1, "pop": 188}