{"buildingID": 13375, "county": "\u666e\u9640", "town": "\u771f\u5982\u9547", "circleNum": 1, "builtYear": "1993", "builtHeight": 13, "storeNum": 4, "floorArea": 441.186606692, "buildArea": 1764.74642677, "seiFort": "2", "keyFire": 0, "firehouseDist": 2, "pop": 352}