{"buildingID": 19091, "county": "\u666e\u9640", "town": "\u957f\u5f81\u9547", "circleNum": 2, "builtYear": "1999", "builtHeight": 35, "storeNum": 11, "floorArea": 2411.27762057, "buildArea": 26524.0538263, "seiFort": "2", "keyFire": 1, "firehouseDist": 3, "pop": 5304}