{"buildingID": 5619, "county": "\u666e\u9640", "town": "\u6843\u6d66\u9547", "circleNum": 2, "builtYear": "1987", "builtHeight": 17, "storeNum": 5, "floorArea": 1991.89905694, "buildArea": 9959.49528472, "seiFort": "2", "keyFire": 0, "firehouseDist": 1, "pop": 1991}