{"buildingID": 24035, "county": "\u666e\u9640", "town": "\u957f\u98ce\u65b0\u6751\u8857\u9053", "circleNum": 1, "builtYear": "2010", "builtHeight": 49, "storeNum": 16, "floorArea": 57.7275349908, "buildArea": 923.640559853, "seiFort": "3", "keyFire": 0, "firehouseDist": 2, "pop": 36}