{"buildingID": 28583, "county": "\u666e\u9640", "town": "\u957f\u98ce\u65b0\u6751\u8857\u9053", "circleNum": 1, "builtYear": "2012", "builtHeight": 3, "storeNum": 1, "floorArea": 762.012429655, "buildArea": 762.012429655, "seiFort": "3", "keyFire": 0, "firehouseDist": 3, "pop": 152}