{"buildingID": 15149, "county": "\u666e\u9640", "town": "\u771f\u5982\u9547", "circleNum": 2, "builtYear": "1998", "builtHeight": 19, "storeNum": 6, "floorArea": 310.817341882, "buildArea": 1864.90405129, "seiFort": "2", "keyFire": 0, "firehouseDist": 1, "pop": 372}