{"buildingID": 7884, "county": "\u666e\u9640", "town": "\u771f\u5982\u9547", "circleNum": 1, "builtYear": "1979-1985", "builtHeight": 42, "storeNum": 14, "floorArea": 66.210291288, "buildArea": 926.944078033, "seiFort": "2", "keyFire": 0, "firehouseDist": 2, "pop": 37}