{"buildingID": 17100, "county": "\u666e\u9640", "town": "\u957f\u5f81\u9547", "circleNum": 2, "builtYear": "1996", "builtHeight": 18, "storeNum": 6, "floorArea": 1006.96882065, "buildArea": 6041.81292391, "seiFort": "2", "keyFire": 0, "firehouseDist": 2, "pop": 1208}