{"buildingID": 6271, "county": "\u666e\u9640", "town": "\u6843\u6d66\u9547", "circleNum": 2, "builtYear": "pre1978", "builtHeight": 60, "storeNum": 20, "floorArea": 195.150280361, "buildArea": 3903.00560722, "seiFort": "1", "keyFire": 0, "firehouseDist": 2, "pop": 130}