{"buildingID": 8664, "county": "\u666e\u9640", "town": "\u7518\u6cc9\u8def\u8857\u9053", "circleNum": 1, "builtYear": "2017", "builtHeight": 18, "storeNum": 6, "floorArea": 591.202173733, "buildArea": 3547.2130424, "seiFort": "3", "keyFire": 0, "firehouseDist": 3, "pop": 709}