{"buildingID": 5935, "county": "\u666e\u9640", "town": "\u6843\u6d66\u9547", "circleNum": 2, "builtYear": "1979-1985", "builtHeight": 3, "storeNum": 1, "floorArea": 109.069968768, "buildArea": 109.069968768, "seiFort": "2", "keyFire": 0, "firehouseDist": 1, "pop": 3}