{"buildingID": 9899, "county": "\u666e\u9640", "town": "\u7518\u6cc9\u8def\u8857\u9053", "circleNum": 1, "builtYear": "1979-1985", "builtHeight": 21, "storeNum": 7, "floorArea": 727.959057349, "buildArea": 5095.71340144, "seiFort": "2", "keyFire": 0, "firehouseDist": 2, "pop": 1019}