{"buildingID": 17810, "county": "\u666e\u9640", "town": "\u957f\u5bff\u8def\u8857\u9053", "circleNum": 0, "builtYear": "1979-1985", "builtHeight": 11, "storeNum": 3, "floorArea": 1271.59471492, "buildArea": 3814.78414475, "seiFort": "2", "keyFire": 0, "firehouseDist": 1, "pop": 762}