{"buildingID": 13728, "county": "\u666e\u9640", "town": "\u771f\u5982\u9547", "circleNum": 1, "builtYear": "1990", "builtHeight": 11, "storeNum": 3, "floorArea": 369.199143719, "buildArea": 1107.59743116, "seiFort": "2", "keyFire": 0, "firehouseDist": 2, "pop": 221}