{"buildingID": 5181, "county": "\u666e\u9640", "town": "\u6843\u6d66\u9547", "circleNum": 2, "builtYear": "1997", "builtHeight": 156, "storeNum": 52, "floorArea": 808.388993572, "buildArea": 42036.2276658, "seiFort": "2", "keyFire": 0, "firehouseDist": 2, "pop": 8407}