{"buildingID": 15684, "county": "\u666e\u9640", "town": "\u771f\u5982\u9547", "circleNum": 2, "builtYear": "1994", "builtHeight": 21, "storeNum": 7, "floorArea": 768.656694604, "buildArea": 5380.59686223, "seiFort": "2", "keyFire": 0, "firehouseDist": 1, "pop": 1076}