{"buildingID": 22431, "county": "\u666e\u9640", "town": "\u77f3\u6cc9\u8def\u8857\u9053", "circleNum": 1, "builtYear": "1979-1985", "builtHeight": 8, "storeNum": 2, "floorArea": 329.129816018, "buildArea": 658.259632035, "seiFort": "2", "keyFire": 0, "firehouseDist": 1, "pop": 131}