{"buildingID": 27449, "county": "\u666e\u9640", "town": "\u957f\u5f81\u9547", "circleNum": 1, "builtYear": "1979-1985", "builtHeight": 17, "storeNum": 5, "floorArea": 76.5841208291, "buildArea": 382.920604146, "seiFort": "2", "keyFire": 0, "firehouseDist": 2, "pop": 15}