{"buildingID": 20044, "county": "\u666e\u9640", "town": "\u66f9\u6768\u65b0\u6751\u8857\u9053", "circleNum": 1, "builtYear": "1979-1985", "builtHeight": 41, "storeNum": 13, "floorArea": 559.14125694, "buildArea": 7268.83634023, "seiFort": "2", "keyFire": 0, "firehouseDist": 1, "pop": 1453}