{"buildingID": 20961, "county": "\u666e\u9640", "town": "\u957f\u5bff\u8def\u8857\u9053", "circleNum": 0, "builtYear": "pre1978", "builtHeight": 88, "storeNum": 29, "floorArea": 912.871160042, "buildArea": 26473.2636412, "seiFort": "1", "keyFire": 0, "firehouseDist": 1, "pop": 1323}