{"buildingID": 28448, "county": "\u666e\u9640", "town": "\u957f\u98ce\u65b0\u6751\u8857\u9053", "circleNum": 0, "builtYear": "pre1978", "builtHeight": 50, "storeNum": 16, "floorArea": 749.484849539, "buildArea": 11991.7575926, "seiFort": "1", "keyFire": 0, "firehouseDist": 2, "pop": 599}