{"buildingID": 7535, "county": "\u666e\u9640", "town": "\u957f\u5f81\u9547", "circleNum": 1, "builtYear": "1986", "builtHeight": 44, "storeNum": 14, "floorArea": 372.625174231, "buildArea": 5216.75243923, "seiFort": "2", "keyFire": 0, "firehouseDist": 1, "pop": 1043}