{"buildingID": 22301, "county": "\u666e\u9640", "town": "\u66f9\u6768\u65b0\u6751\u8857\u9053", "circleNum": 1, "builtYear": "pre1978", "builtHeight": 55, "storeNum": 18, "floorArea": 576.558769128, "buildArea": 10378.0578443, "seiFort": "1", "keyFire": 0, "firehouseDist": 1, "pop": 415}