{"buildingID": 20298, "county": "\u666e\u9640", "town": "\u957f\u5f81\u9547", "circleNum": 2, "builtYear": "1979-1985", "builtHeight": 26, "storeNum": 8, "floorArea": 891.640730272, "buildArea": 7133.12584218, "seiFort": "2", "keyFire": 0, "firehouseDist": 1, "pop": 1426}