{"buildingID": 14684, "county": "\u666e\u9640", "town": "\u77f3\u6cc9\u8def\u8857\u9053", "circleNum": 1, "builtYear": "1992", "builtHeight": 16, "storeNum": 5, "floorArea": 945.869529247, "buildArea": 4729.34764624, "seiFort": "2", "keyFire": 0, "firehouseDist": 2, "pop": 945}