{"buildingID": 27175, "county": "\u666e\u9640", "town": "\u957f\u98ce\u65b0\u6751\u8857\u9053", "circleNum": 1, "builtYear": "pre1978", "builtHeight": 12, "storeNum": 4, "floorArea": 617.048586129, "buildArea": 2468.19434452, "seiFort": "1", "keyFire": 0, "firehouseDist": 2, "pop": 98}