{"buildingID": 24787, "county": "\u666e\u9640", "town": "\u66f9\u6768\u65b0\u6751\u8857\u9053", "circleNum": 1, "builtYear": "pre1978", "builtHeight": 4, "storeNum": 1, "floorArea": 93.9379178396, "buildArea": 93.9379178396, "seiFort": "1", "keyFire": 0, "firehouseDist": 1, "pop": 3}