{"buildingID": 15185, "county": "\u666e\u9640", "town": "\u771f\u5982\u9547", "circleNum": 1, "builtYear": "1979-1985", "builtHeight": 9, "storeNum": 3, "floorArea": 2620.58517617, "buildArea": 7861.7555285, "seiFort": "2", "keyFire": 0, "firehouseDist": 2, "pop": 1572}