{"buildingID": 23126, "county": "\u666e\u9640", "town": "\u66f9\u6768\u65b0\u6751\u8857\u9053", "circleNum": 1, "builtYear": "pre1978", "builtHeight": 8, "storeNum": 2, "floorArea": 1141.33022532, "buildArea": 2282.66045065, "seiFort": "1", "keyFire": 0, "firehouseDist": 2, "pop": 91}