{"buildingID": 20685, "county": "\u666e\u9640", "town": "\u77f3\u6cc9\u8def\u8857\u9053", "circleNum": 1, "builtYear": "pre1978", "builtHeight": 30, "storeNum": 10, "floorArea": 1515.81094964, "buildArea": 15158.1094964, "seiFort": "1", "keyFire": 0, "firehouseDist": 2, "pop": 606}