{"buildingID": 27019, "county": "\u666e\u9640", "town": "\u957f\u98ce\u65b0\u6751\u8857\u9053", "circleNum": 0, "builtYear": "pre1978", "builtHeight": 15, "storeNum": 5, "floorArea": 27.6306644684, "buildArea": 138.153322342, "seiFort": "1", "keyFire": 0, "firehouseDist": 1, "pop": 6}