{"buildingID": 20612, "county": "\u666e\u9640", "town": "\u77f3\u6cc9\u8def\u8857\u9053", "circleNum": 1, "builtYear": "1987", "builtHeight": 17, "storeNum": 5, "floorArea": 922.097910458, "buildArea": 4610.48955229, "seiFort": "2", "keyFire": 0, "firehouseDist": 2, "pop": 922}