{"buildingID": 28045, "county": "\u666e\u9640", "town": "\u957f\u98ce\u65b0\u6751\u8857\u9053", "circleNum": 0, "builtYear": "pre1978", "builtHeight": 101, "storeNum": 33, "floorArea": 102.98612632, "buildArea": 3398.54216856, "seiFort": "1", "keyFire": 0, "firehouseDist": 2, "pop": 679}