{"buildingID": 5407, "county": "\u666e\u9640", "town": "\u6843\u6d66\u9547", "circleNum": 2, "builtYear": "1991", "builtHeight": 44, "storeNum": 14, "floorArea": 90.0185377249, "buildArea": 1260.25952815, "seiFort": "2", "keyFire": 0, "firehouseDist": 1, "pop": 42}