{"buildingID": 22647, "county": "\u666e\u9640", "town": "\u66f9\u6768\u65b0\u6751\u8857\u9053", "circleNum": 1, "builtYear": "pre1978", "builtHeight": 32, "storeNum": 10, "floorArea": 35.6710909308, "buildArea": 356.710909308, "seiFort": "1", "keyFire": 0, "firehouseDist": 1, "pop": 14}