{"buildingID": 7479, "county": "\u666e\u9640", "town": "\u957f\u5f81\u9547", "circleNum": 1, "builtYear": "2005", "builtHeight": 58, "storeNum": 19, "floorArea": 441.775950236, "buildArea": 8393.74305449, "seiFort": "3", "keyFire": 0, "firehouseDist": 1, "pop": 1678}