{"buildingID": 27477, "county": "\u666e\u9640", "town": "\u957f\u98ce\u65b0\u6751\u8857\u9053", "circleNum": 1, "builtYear": "1992", "builtHeight": 28, "storeNum": 9, "floorArea": 283.978128149, "buildArea": 2555.80315334, "seiFort": "2", "keyFire": 0, "firehouseDist": 2, "pop": 511}