{"buildingID": 19141, "county": "\u666e\u9640", "town": "\u957f\u5f81\u9547", "circleNum": 2, "builtYear": "1986", "builtHeight": 56, "storeNum": 18, "floorArea": 699.782632514, "buildArea": 12596.0873853, "seiFort": "2", "keyFire": 0, "firehouseDist": 3, "pop": 2519}