{"buildingID": 26959, "county": "\u666e\u9640", "town": "\u957f\u98ce\u65b0\u6751\u8857\u9053", "circleNum": 1, "builtYear": "pre1978", "builtHeight": 15, "storeNum": 5, "floorArea": 731.117181347, "buildArea": 3655.58590673, "seiFort": "1", "keyFire": 0, "firehouseDist": 2, "pop": 146}