{"buildingID": 3827, "county": "\u666e\u9640", "town": "\u6843\u6d66\u9547", "circleNum": 2, "builtYear": "1999", "builtHeight": 6, "storeNum": 2, "floorArea": 3094.54057923, "buildArea": 6189.08115847, "seiFort": "2", "keyFire": 0, "firehouseDist": 2, "pop": 1237}