{"buildingID": 12088, "county": "\u666e\u9640", "town": "\u77f3\u6cc9\u8def\u8857\u9053", "circleNum": 1, "builtYear": "2010", "builtHeight": 11, "storeNum": 3, "floorArea": 520.214959034, "buildArea": 1560.6448771, "seiFort": "3", "keyFire": 0, "firehouseDist": 2, "pop": 312}