{"buildingID": 26035, "county": "\u666e\u9640", "town": "\u957f\u5f81\u9547", "circleNum": 1, "builtYear": "1979-1985", "builtHeight": 18, "storeNum": 6, "floorArea": 59.6624355579, "buildArea": 357.974613348, "seiFort": "2", "keyFire": 0, "firehouseDist": 2, "pop": 14}