{"buildingID": 10726, "county": "\u666e\u9640", "town": "\u771f\u5982\u9547", "circleNum": 2, "builtYear": "2015", "builtHeight": 34, "storeNum": 11, "floorArea": 376.610218043, "buildArea": 4142.71239847, "seiFort": "3", "keyFire": 0, "firehouseDist": 2, "pop": 828}