{"buildingID": 15269, "county": "\u666e\u9640", "town": "\u771f\u5982\u9547", "circleNum": 1, "builtYear": "1990", "builtHeight": 6, "storeNum": 2, "floorArea": 264.154905414, "buildArea": 528.309810828, "seiFort": "2", "keyFire": 0, "firehouseDist": 2, "pop": 105}