{"buildingID": 15187, "county": "\u666e\u9640", "town": "\u771f\u5982\u9547", "circleNum": 1, "builtYear": "2017", "builtHeight": 6, "storeNum": 2, "floorArea": 308.809614668, "buildArea": 617.619229335, "seiFort": "3", "keyFire": 0, "firehouseDist": 2, "pop": 123}