{"buildingID": 971, "county": "\u666e\u9640", "town": "\u6843\u6d66\u9547", "circleNum": 2, "builtYear": "2000", "builtHeight": 64, "storeNum": 21, "floorArea": 458.230196201, "buildArea": 9622.83412022, "seiFort": "3", "keyFire": 0, "firehouseDist": 2, "pop": 1924}