{"buildingID": 4421, "county": "\u666e\u9640", "town": "\u6843\u6d66\u9547", "circleNum": 2, "builtYear": "2004", "builtHeight": 13, "storeNum": 4, "floorArea": 1367.77567487, "buildArea": 5471.10269947, "seiFort": "3", "keyFire": 0, "firehouseDist": 3, "pop": 1094}