{"buildingID": 13817, "county": "\u666e\u9640", "town": "\u77f3\u6cc9\u8def\u8857\u9053", "circleNum": 1, "builtYear": "pre1978", "builtHeight": 98, "storeNum": 32, "floorArea": 72.8650776797, "buildArea": 2331.68248575, "seiFort": "1", "keyFire": 0, "firehouseDist": 2, "pop": 93}