{"buildingID": 13739, "county": "\u666e\u9640", "town": "\u771f\u5982\u9547", "circleNum": 1, "builtYear": "pre1978", "builtHeight": 15, "storeNum": 5, "floorArea": 691.333171607, "buildArea": 3456.66585804, "seiFort": "1", "keyFire": 0, "firehouseDist": 2, "pop": 138}