{"buildingID": 13488, "county": "\u666e\u9640", "town": "\u771f\u5982\u9547", "circleNum": 2, "builtYear": "1988", "builtHeight": 76, "storeNum": 25, "floorArea": 1331.12269552, "buildArea": 33278.0673881, "seiFort": "2", "keyFire": 0, "firehouseDist": 2, "pop": 6655}