{"buildingID": 25438, "county": "\u666e\u9640", "town": "\u66f9\u6768\u65b0\u6751\u8857\u9053", "circleNum": 1, "builtYear": "1989", "builtHeight": 16, "storeNum": 5, "floorArea": 1282.50489339, "buildArea": 6412.52446693, "seiFort": "2", "keyFire": 0, "firehouseDist": 1, "pop": 1282}