{"buildingID": 28798, "county": "\u666e\u9640", "town": "\u957f\u98ce\u65b0\u6751\u8857\u9053", "circleNum": 1, "builtYear": "pre1978", "builtHeight": 104, "storeNum": 34, "floorArea": 1682.25182856, "buildArea": 57196.562171, "seiFort": "1", "keyFire": 0, "firehouseDist": 3, "pop": 11439}