{"buildingID": 27689, "county": "\u666e\u9640", "town": "\u957f\u98ce\u65b0\u6751\u8857\u9053", "circleNum": 1, "builtYear": "1979-1985", "builtHeight": 54, "storeNum": 18, "floorArea": 1738.0076446, "buildArea": 31284.1376028, "seiFort": "2", "keyFire": 0, "firehouseDist": 3, "pop": 6256}