{"buildingID": 26107, "county": "\u666e\u9640", "town": "\u957f\u5f81\u9547", "circleNum": 2, "builtYear": "1979-1985", "builtHeight": 7, "storeNum": 2, "floorArea": 169.755234085, "buildArea": 339.51046817, "seiFort": "2", "keyFire": 0, "firehouseDist": 2, "pop": 11}