{"buildingID": 27025, "county": "\u666e\u9640", "town": "\u957f\u98ce\u65b0\u6751\u8857\u9053", "circleNum": 0, "builtYear": "pre1978", "builtHeight": 104, "storeNum": 34, "floorArea": 1200.86151975, "buildArea": 40829.2916714, "seiFort": "1", "keyFire": 0, "firehouseDist": 1, "pop": 8165}