{"buildingID": 25532, "county": "\u666e\u9640", "town": "\u957f\u98ce\u65b0\u6751\u8857\u9053", "circleNum": 0, "builtYear": "pre1978", "builtHeight": 12, "storeNum": 4, "floorArea": 827.662473178, "buildArea": 3310.64989271, "seiFort": "1", "keyFire": 0, "firehouseDist": 1, "pop": 165}