{"buildingID": 16822, "county": "\u666e\u9640", "town": "\u771f\u5982\u9547", "circleNum": 1, "builtYear": "pre1978", "builtHeight": 18, "storeNum": 6, "floorArea": 675.433545704, "buildArea": 4052.60127423, "seiFort": "1", "keyFire": 0, "firehouseDist": 1, "pop": 162}