{"buildingID": 14535, "county": "\u666e\u9640", "town": "\u771f\u5982\u9547", "circleNum": 2, "builtYear": "2001", "builtHeight": 8, "storeNum": 2, "floorArea": 774.913041553, "buildArea": 1549.82608311, "seiFort": "3", "keyFire": 0, "firehouseDist": 1, "pop": 309}