{"buildingID": 19205, "county": "\u666e\u9640", "town": "\u957f\u5f81\u9547", "circleNum": 2, "builtYear": "1987", "builtHeight": 25, "storeNum": 8, "floorArea": 1695.10137106, "buildArea": 13560.8109685, "seiFort": "2", "keyFire": 0, "firehouseDist": 3, "pop": 2712}