{"buildingID": 26778, "county": "\u666e\u9640", "town": "\u957f\u98ce\u65b0\u6751\u8857\u9053", "circleNum": 0, "builtYear": "pre1978", "builtHeight": 15, "storeNum": 5, "floorArea": 347.726165905, "buildArea": 1738.63082953, "seiFort": "1", "keyFire": 0, "firehouseDist": 2, "pop": 86}