{"buildingID": 25745, "county": "\u666e\u9640", "town": "\u957f\u5bff\u8def\u8857\u9053", "circleNum": 0, "builtYear": "pre1978", "builtHeight": 85, "storeNum": 28, "floorArea": 1379.95858345, "buildArea": 38638.8403365, "seiFort": "1", "keyFire": 0, "firehouseDist": 2, "pop": 1931}