{"buildingID": 27067, "county": "\u666e\u9640", "town": "\u957f\u98ce\u65b0\u6751\u8857\u9053", "circleNum": 0, "builtYear": "pre1978", "builtHeight": 18, "storeNum": 6, "floorArea": 453.129265595, "buildArea": 2718.77559357, "seiFort": "1", "keyFire": 0, "firehouseDist": 1, "pop": 135}