{"buildingID": 28086, "county": "\u666e\u9640", "town": "\u957f\u98ce\u65b0\u6751\u8857\u9053", "circleNum": 0, "builtYear": "pre1978", "builtHeight": 13, "storeNum": 4, "floorArea": 464.259955848, "buildArea": 1857.03982339, "seiFort": "1", "keyFire": 0, "firehouseDist": 2, "pop": 92}