{"buildingID": 1262, "county": "\u666e\u9640", "town": "\u6843\u6d66\u9547", "circleNum": 3, "builtYear": "1995", "builtHeight": 18, "storeNum": 6, "floorArea": 822.450733744, "buildArea": 4934.70440246, "seiFort": "2", "keyFire": 0, "firehouseDist": 4, "pop": 986}