{"buildingID": 1713, "county": "\u666e\u9640", "town": "\u6843\u6d66\u9547", "circleNum": 2, "builtYear": "1996", "builtHeight": 18, "storeNum": 6, "floorArea": 255.223404419, "buildArea": 1531.34042651, "seiFort": "2", "keyFire": 0, "firehouseDist": 2, "pop": 306}