{"buildingID": 14510, "county": "\u666e\u9640", "town": "\u771f\u5982\u9547", "circleNum": 2, "builtYear": "1994", "builtHeight": 12, "storeNum": 4, "floorArea": 1071.65920985, "buildArea": 4286.6368394, "seiFort": "2", "keyFire": 0, "firehouseDist": 1, "pop": 857}