{"buildingID": 21441, "county": "\u666e\u9640", "town": "\u771f\u5982\u9547", "circleNum": 1, "builtYear": "pre1978", "builtHeight": 49, "storeNum": 16, "floorArea": 21.5923900863, "buildArea": 345.478241381, "seiFort": "1", "keyFire": 0, "firehouseDist": 1, "pop": 13}