{"buildingID": 4253, "county": "\u666e\u9640", "town": "\u6843\u6d66\u9547", "circleNum": 2, "builtYear": "1996", "builtHeight": 79, "storeNum": 26, "floorArea": 116.464041187, "buildArea": 3028.06507085, "seiFort": "2", "keyFire": 0, "firehouseDist": 2, "pop": 100}