{"buildingID": 27537, "county": "\u666e\u9640", "town": "\u957f\u98ce\u65b0\u6751\u8857\u9053", "circleNum": 1, "builtYear": "1987", "builtHeight": 10, "storeNum": 3, "floorArea": 613.596866703, "buildArea": 1840.79060011, "seiFort": "2", "keyFire": 0, "firehouseDist": 2, "pop": 368}