{"buildingID": 27377, "county": "\u666e\u9640", "town": "\u957f\u98ce\u65b0\u6751\u8857\u9053", "circleNum": 0, "builtYear": "1979-1985", "builtHeight": 15, "storeNum": 5, "floorArea": 487.913095926, "buildArea": 2439.56547963, "seiFort": "2", "keyFire": 0, "firehouseDist": 2, "pop": 487}