{"buildingID": 15738, "county": "\u666e\u9640", "town": "\u771f\u5982\u9547", "circleNum": 2, "builtYear": "1979-1985", "builtHeight": 12, "storeNum": 4, "floorArea": 655.182045888, "buildArea": 2620.72818355, "seiFort": "2", "keyFire": 0, "firehouseDist": 1, "pop": 524}