{"buildingID": 13811, "county": "\u666e\u9640", "town": "\u77f3\u6cc9\u8def\u8857\u9053", "circleNum": 1, "builtYear": "1990", "builtHeight": 14, "storeNum": 4, "floorArea": 855.082845561, "buildArea": 3420.33138224, "seiFort": "2", "keyFire": 0, "firehouseDist": 2, "pop": 684}