{"buildingID": 23282, "county": "\u666e\u9640", "town": "\u957f\u5bff\u8def\u8857\u9053", "circleNum": 0, "builtYear": "1979-1985", "builtHeight": 12, "storeNum": 4, "floorArea": 1490.18312206, "buildArea": 5960.73248824, "seiFort": "2", "keyFire": 1, "firehouseDist": 1, "pop": 1192}