{"buildingID": 26942, "county": "\u666e\u9640", "town": "\u957f\u98ce\u65b0\u6751\u8857\u9053", "circleNum": 1, "builtYear": "1979-1985", "builtHeight": 46, "storeNum": 15, "floorArea": 1779.67762251, "buildArea": 26695.1643376, "seiFort": "2", "keyFire": 0, "firehouseDist": 2, "pop": 5339}