{"buildingID": 26784, "county": "\u666e\u9640", "town": "\u957f\u98ce\u65b0\u6751\u8857\u9053", "circleNum": 0, "builtYear": "1979-1985", "builtHeight": 22, "storeNum": 7, "floorArea": 946.72591705, "buildArea": 6627.08141935, "seiFort": "2", "keyFire": 0, "firehouseDist": 2, "pop": 1325}