{"buildingID": 17434, "county": "\u666e\u9640", "town": "\u957f\u5f81\u9547", "circleNum": 2, "builtYear": "pre1978", "builtHeight": 70, "storeNum": 23, "floorArea": 1327.75830958, "buildArea": 30538.4411204, "seiFort": "1", "keyFire": 0, "firehouseDist": 2, "pop": 1017}