{"buildingID": 10377, "county": "\u666e\u9640", "town": "\u7518\u6cc9\u8def\u8857\u9053", "circleNum": 1, "builtYear": "pre1978", "builtHeight": 59, "storeNum": 19, "floorArea": 167.100263385, "buildArea": 3174.90500432, "seiFort": "1", "keyFire": 0, "firehouseDist": 2, "pop": 126}