{"buildingID": 28608, "county": "\u666e\u9640", "town": "\u957f\u98ce\u65b0\u6751\u8857\u9053", "circleNum": 1, "builtYear": "pre1978", "builtHeight": 101, "storeNum": 33, "floorArea": 1354.66348291, "buildArea": 44703.894936, "seiFort": "1", "keyFire": 0, "firehouseDist": 3, "pop": 8940}