{"buildingID": 7614, "county": "\u666e\u9640", "town": "\u7518\u6cc9\u8def\u8857\u9053", "circleNum": 1, "builtYear": "pre1978", "builtHeight": 17, "storeNum": 5, "floorArea": 936.221455402, "buildArea": 4681.10727701, "seiFort": "1", "keyFire": 0, "firehouseDist": 2, "pop": 187}