{"buildingID": 1608, "county": "\u666e\u9640", "town": "\u6843\u6d66\u9547", "circleNum": 3, "builtYear": "1995", "builtHeight": 18, "storeNum": 6, "floorArea": 1119.91464002, "buildArea": 6719.48784013, "seiFort": "2", "keyFire": 0, "firehouseDist": 3, "pop": 1343}