{"buildingID": 18543, "county": "\u666e\u9640", "town": "\u957f\u5f81\u9547", "circleNum": 2, "builtYear": "1991", "builtHeight": 55, "storeNum": 18, "floorArea": 1517.5991572, "buildArea": 27316.7848295, "seiFort": "2", "keyFire": 0, "firehouseDist": 2, "pop": 5463}