{"buildingID": 1853, "county": "\u666e\u9640", "town": "\u6843\u6d66\u9547", "circleNum": 2, "builtYear": "2009", "builtHeight": 38, "storeNum": 12, "floorArea": 239.153420294, "buildArea": 2869.84104353, "seiFort": "3", "keyFire": 0, "firehouseDist": 2, "pop": 573}