{"buildingID": 4970, "county": "\u666e\u9640", "town": "\u771f\u5982\u9547", "circleNum": 2, "builtYear": "1997", "builtHeight": 21, "storeNum": 7, "floorArea": 946.513587665, "buildArea": 6625.59511366, "seiFort": "2", "keyFire": 0, "firehouseDist": 1, "pop": 1325}