{"buildingID": 3164, "county": "\u666e\u9640", "town": "\u6843\u6d66\u9547", "circleNum": 3, "builtYear": "2002", "builtHeight": 18, "storeNum": 6, "floorArea": 882.483900417, "buildArea": 5294.9034025, "seiFort": "3", "keyFire": 0, "firehouseDist": 3, "pop": 1058}