{"buildingID": 5448, "county": "\u666e\u9640", "town": "\u6843\u6d66\u9547", "circleNum": 2, "builtYear": "2008", "builtHeight": 108, "storeNum": 36, "floorArea": 2282.76386784, "buildArea": 82179.4992423, "seiFort": "3", "keyFire": 0, "firehouseDist": 2, "pop": 16435}