{"buildingID": 26555, "county": "\u666e\u9640", "town": "\u957f\u98ce\u65b0\u6751\u8857\u9053", "circleNum": 0, "builtYear": "1979-1985", "builtHeight": 3, "storeNum": 1, "floorArea": 1226.08333821, "buildArea": 1226.08333821, "seiFort": "2", "keyFire": 0, "firehouseDist": 1, "pop": 245}