{"buildingID": 24808, "county": "\u666e\u9640", "town": "\u66f9\u6768\u65b0\u6751\u8857\u9053", "circleNum": 1, "builtYear": "pre1978", "builtHeight": 27, "storeNum": 9, "floorArea": 1423.58990117, "buildArea": 12812.3091106, "seiFort": "1", "keyFire": 1, "firehouseDist": 1, "pop": 512}