{"buildingID": 26530, "county": "\u666e\u9640", "town": "\u957f\u98ce\u65b0\u6751\u8857\u9053", "circleNum": 0, "builtYear": "pre1978", "builtHeight": 12, "storeNum": 4, "floorArea": 261.293731628, "buildArea": 1045.17492651, "seiFort": "1", "keyFire": 0, "firehouseDist": 1, "pop": 52}