{"buildingID": 17915, "county": "\u666e\u9640", "town": "\u957f\u5f81\u9547", "circleNum": 2, "builtYear": "2001", "builtHeight": 54, "storeNum": 18, "floorArea": 835.951571271, "buildArea": 15047.1282829, "seiFort": "3", "keyFire": 0, "firehouseDist": 1, "pop": 3009}