{"buildingID": 7012, "county": "\u666e\u9640", "town": "\u6843\u6d66\u9547", "circleNum": 2, "builtYear": "1995", "builtHeight": 10, "storeNum": 3, "floorArea": 225.636735226, "buildArea": 676.910205677, "seiFort": "2", "keyFire": 0, "firehouseDist": 1, "pop": 135}