{"buildingID": 25421, "county": "\u666e\u9640", "town": "\u66f9\u6768\u65b0\u6751\u8857\u9053", "circleNum": 1, "builtYear": "pre1978", "builtHeight": 36, "storeNum": 12, "floorArea": 1404.37684054, "buildArea": 16852.5220865, "seiFort": "1", "keyFire": 0, "firehouseDist": 1, "pop": 674}