{"buildingID": 10135, "county": "\u666e\u9640", "town": "\u771f\u5982\u9547", "circleNum": 2, "builtYear": "2001", "builtHeight": 6, "storeNum": 2, "floorArea": 492.106440232, "buildArea": 984.212880464, "seiFort": "3", "keyFire": 0, "firehouseDist": 2, "pop": 196}