{"buildingID": 15726, "county": "\u666e\u9640", "town": "\u771f\u5982\u9547", "circleNum": 2, "builtYear": "1990", "builtHeight": 20, "storeNum": 6, "floorArea": 684.94029019, "buildArea": 4109.64174114, "seiFort": "2", "keyFire": 0, "firehouseDist": 1, "pop": 821}