{"buildingID": 5190, "county": "\u666e\u9640", "town": "\u6843\u6d66\u9547", "circleNum": 2, "builtYear": "1993", "builtHeight": 25, "storeNum": 8, "floorArea": 1168.74190306, "buildArea": 9349.93522449, "seiFort": "2", "keyFire": 0, "firehouseDist": 2, "pop": 1869}