{"buildingID": 18378, "county": "\u666e\u9640", "town": "\u957f\u5f81\u9547", "circleNum": 2, "builtYear": "1990", "builtHeight": 50, "storeNum": 16, "floorArea": 941.433372275, "buildArea": 15062.9339564, "seiFort": "2", "keyFire": 0, "firehouseDist": 3, "pop": 3012}