{"buildingID": 25252, "county": "\u666e\u9640", "town": "\u957f\u5f81\u9547", "circleNum": 1, "builtYear": "1994", "builtHeight": 54, "storeNum": 18, "floorArea": 307.537797757, "buildArea": 5535.68035962, "seiFort": "2", "keyFire": 0, "firehouseDist": 2, "pop": 1107}