{"buildingID": 16324, "county": "\u666e\u9640", "town": "\u957f\u5f81\u9547", "circleNum": 2, "builtYear": "1979-1985", "builtHeight": 29, "storeNum": 9, "floorArea": 1874.21838763, "buildArea": 16867.9654887, "seiFort": "2", "keyFire": 0, "firehouseDist": 1, "pop": 3373}