{"buildingID": 11158, "county": "\u666e\u9640", "town": "\u771f\u5982\u9547", "circleNum": 2, "builtYear": "1979-1985", "builtHeight": 17, "storeNum": 5, "floorArea": 949.10616626, "buildArea": 4745.5308313, "seiFort": "2", "keyFire": 0, "firehouseDist": 2, "pop": 949}