{"buildingID": 17083, "county": "\u666e\u9640", "town": "\u77f3\u6cc9\u8def\u8857\u9053", "circleNum": 1, "builtYear": "pre1978", "builtHeight": 77, "storeNum": 25, "floorArea": 724.76871971, "buildArea": 18119.2179928, "seiFort": "1", "keyFire": 0, "firehouseDist": 1, "pop": 724}