{"buildingID": 5698, "county": "\u666e\u9640", "town": "\u6843\u6d66\u9547", "circleNum": 2, "builtYear": "1994", "builtHeight": 50, "storeNum": 16, "floorArea": 64.0754195886, "buildArea": 1025.20671342, "seiFort": "2", "keyFire": 0, "firehouseDist": 1, "pop": 34}