{"buildingID": 1587, "county": "\u666e\u9640", "town": "\u6843\u6d66\u9547", "circleNum": 3, "builtYear": "1994", "builtHeight": 18, "storeNum": 6, "floorArea": 776.339062659, "buildArea": 4658.03437595, "seiFort": "2", "keyFire": 0, "firehouseDist": 3, "pop": 931}