{"buildingID": 28099, "county": "\u666e\u9640", "town": "\u957f\u98ce\u65b0\u6751\u8857\u9053", "circleNum": 0, "builtYear": "pre1978", "builtHeight": 3, "storeNum": 1, "floorArea": 26.1168485752, "buildArea": 26.1168485752, "seiFort": "1", "keyFire": 0, "firehouseDist": 1, "pop": 1}