{"buildingID": 10742, "county": "\u666e\u9640", "town": "\u771f\u5982\u9547", "circleNum": 1, "builtYear": "pre1978", "builtHeight": 63, "storeNum": 21, "floorArea": 86.2910171184, "buildArea": 1812.11135949, "seiFort": "1", "keyFire": 0, "firehouseDist": 2, "pop": 72}