{"buildingID": 12941, "county": "\u666e\u9640", "town": "\u771f\u5982\u9547", "circleNum": 1, "builtYear": "1979-1985", "builtHeight": 8, "storeNum": 2, "floorArea": 968.903421229, "buildArea": 1937.80684246, "seiFort": "2", "keyFire": 0, "firehouseDist": 2, "pop": 387}