{"buildingID": 27787, "county": "\u666e\u9640", "town": "\u957f\u98ce\u65b0\u6751\u8857\u9053", "circleNum": 1, "builtYear": "1989", "builtHeight": 13, "storeNum": 4, "floorArea": 264.799561777, "buildArea": 1059.19824711, "seiFort": "2", "keyFire": 0, "firehouseDist": 2, "pop": 211}