{"buildingID": 17856, "county": "\u666e\u9640", "town": "\u77f3\u6cc9\u8def\u8857\u9053", "circleNum": 1, "builtYear": "pre1978", "builtHeight": 26, "storeNum": 8, "floorArea": 1541.98709886, "buildArea": 12335.8967909, "seiFort": "1", "keyFire": 0, "firehouseDist": 2, "pop": 493}