{"buildingID": 28392, "county": "\u666e\u9640", "town": "\u957f\u98ce\u65b0\u6751\u8857\u9053", "circleNum": 0, "builtYear": "pre1978", "builtHeight": 6, "storeNum": 2, "floorArea": 253.228880298, "buildArea": 506.457760597, "seiFort": "1", "keyFire": 0, "firehouseDist": 2, "pop": 25}