{"buildingID": 3281, "county": "\u666e\u9640", "town": "\u6843\u6d66\u9547", "circleNum": 2, "builtYear": "1988", "builtHeight": 7, "storeNum": 2, "floorArea": 5126.31992053, "buildArea": 10252.6398411, "seiFort": "2", "keyFire": 0, "firehouseDist": 1, "pop": 2050}