{"buildingID": 18470, "county": "\u666e\u9640", "town": "\u957f\u5f81\u9547", "circleNum": 2, "builtYear": "1995", "builtHeight": 10, "storeNum": 3, "floorArea": 1973.55711439, "buildArea": 5920.67134317, "seiFort": "2", "keyFire": 0, "firehouseDist": 3, "pop": 1184}