{"buildingID": 10106, "county": "\u666e\u9640", "town": "\u771f\u5982\u9547", "circleNum": 2, "builtYear": "2001", "builtHeight": 17, "storeNum": 5, "floorArea": 744.808463908, "buildArea": 3724.04231954, "seiFort": "3", "keyFire": 0, "firehouseDist": 2, "pop": 744}