{"buildingID": 18508, "county": "\u666e\u9640", "town": "\u957f\u5f81\u9547", "circleNum": 2, "builtYear": "1979-1985", "builtHeight": 4, "storeNum": 1, "floorArea": 351.747809313, "buildArea": 351.747809313, "seiFort": "2", "keyFire": 0, "firehouseDist": 3, "pop": 70}