{"buildingID": 15314, "county": "\u666e\u9640", "town": "\u77f3\u6cc9\u8def\u8857\u9053", "circleNum": 1, "builtYear": "pre1978", "builtHeight": 17, "storeNum": 5, "floorArea": 743.379141551, "buildArea": 3716.89570776, "seiFort": "1", "keyFire": 0, "firehouseDist": 2, "pop": 148}