{"buildingID": 12648, "county": "\u666e\u9640", "town": "\u771f\u5982\u9547", "circleNum": 2, "builtYear": "1992", "builtHeight": 13, "storeNum": 4, "floorArea": 616.328628826, "buildArea": 2465.3145153, "seiFort": "2", "keyFire": 0, "firehouseDist": 1, "pop": 493}