{"buildingID": 19243, "county": "\u666e\u9640", "town": "\u957f\u5f81\u9547", "circleNum": 2, "builtYear": "1990", "builtHeight": 37, "storeNum": 12, "floorArea": 795.177411361, "buildArea": 9542.12893633, "seiFort": "2", "keyFire": 0, "firehouseDist": 3, "pop": 1908}