{"buildingID": 29238, "county": "\u666e\u9640", "town": "\u957f\u98ce\u65b0\u6751\u8857\u9053", "circleNum": 1, "builtYear": "pre1978", "builtHeight": 13, "storeNum": 4, "floorArea": 782.754754337, "buildArea": 3131.01901735, "seiFort": "1", "keyFire": 1, "firehouseDist": 3, "pop": 125}