{"buildingID": 7229, "county": "\u666e\u9640", "town": "\u6843\u6d66\u9547", "circleNum": 2, "builtYear": "1979-1985", "builtHeight": 15, "storeNum": 5, "floorArea": 823.867493066, "buildArea": 4119.33746533, "seiFort": "2", "keyFire": 0, "firehouseDist": 1, "pop": 823}