{"buildingID": 10323, "county": "\u666e\u9640", "town": "\u7518\u6cc9\u8def\u8857\u9053", "circleNum": 1, "builtYear": "1979-1985", "builtHeight": 22, "storeNum": 7, "floorArea": 232.507954216, "buildArea": 1627.55567951, "seiFort": "2", "keyFire": 0, "firehouseDist": 3, "pop": 325}