{"buildingID": 9486, "county": "\u666e\u9640", "town": "\u957f\u5f81\u9547", "circleNum": 1, "builtYear": "1979-1985", "builtHeight": 22, "storeNum": 7, "floorArea": 8810.03960424, "buildArea": 61670.2772297, "seiFort": "2", "keyFire": 1, "firehouseDist": 2, "pop": 12334}