{"buildingID": 12030, "county": "\u666e\u9640", "town": "\u771f\u5982\u9547", "circleNum": 1, "builtYear": "1987", "builtHeight": 16, "storeNum": 5, "floorArea": 123.098657967, "buildArea": 615.493289836, "seiFort": "2", "keyFire": 0, "firehouseDist": 2, "pop": 24}