{"buildingID": 25433, "county": "\u666e\u9640", "town": "\u66f9\u6768\u65b0\u6751\u8857\u9053", "circleNum": 1, "builtYear": "pre1978", "builtHeight": 54, "storeNum": 18, "floorArea": 1208.98883007, "buildArea": 21761.7989413, "seiFort": "1", "keyFire": 0, "firehouseDist": 1, "pop": 870}