{"buildingID": 2105, "county": "\u666e\u9640", "town": "\u6843\u6d66\u9547", "circleNum": 3, "builtYear": "1994", "builtHeight": 18, "storeNum": 6, "floorArea": 709.004971801, "buildArea": 4254.02983081, "seiFort": "2", "keyFire": 0, "firehouseDist": 3, "pop": 850}