{"buildingID": 7553, "county": "\u666e\u9640", "town": "\u7518\u6cc9\u8def\u8857\u9053", "circleNum": 1, "builtYear": "pre1978", "builtHeight": 20, "storeNum": 6, "floorArea": 649.554366515, "buildArea": 3897.32619909, "seiFort": "1", "keyFire": 0, "firehouseDist": 3, "pop": 155}