{"buildingID": 1240, "county": "\u666e\u9640", "town": "\u6843\u6d66\u9547", "circleNum": 3, "builtYear": "2001", "builtHeight": 18, "storeNum": 6, "floorArea": 568.909621243, "buildArea": 3413.45772746, "seiFort": "3", "keyFire": 0, "firehouseDist": 3, "pop": 682}