{"buildingID": 11915, "county": "\u666e\u9640", "town": "\u771f\u5982\u9547", "circleNum": 1, "builtYear": "1979-1985", "builtHeight": 55, "storeNum": 18, "floorArea": 97.4814274698, "buildArea": 1754.66569446, "seiFort": "2", "keyFire": 0, "firehouseDist": 2, "pop": 70}