{"buildingID": 19204, "county": "\u666e\u9640", "town": "\u957f\u5f81\u9547", "circleNum": 2, "builtYear": "1996", "builtHeight": 18, "storeNum": 6, "floorArea": 851.121929995, "buildArea": 5106.73157997, "seiFort": "2", "keyFire": 0, "firehouseDist": 3, "pop": 1021}