{"buildingID": 14319, "county": "\u666e\u9640", "town": "\u77f3\u6cc9\u8def\u8857\u9053", "circleNum": 1, "builtYear": "pre1978", "builtHeight": 18, "storeNum": 6, "floorArea": 569.309000843, "buildArea": 3415.85400506, "seiFort": "1", "keyFire": 0, "firehouseDist": 2, "pop": 136}