{"buildingID": 13321, "county": "\u666e\u9640", "town": "\u771f\u5982\u9547", "circleNum": 1, "builtYear": "1994", "builtHeight": 44, "storeNum": 14, "floorArea": 702.275122763, "buildArea": 9831.85171868, "seiFort": "2", "keyFire": 0, "firehouseDist": 2, "pop": 1966}