{"buildingID": 15302, "county": "\u666e\u9640", "town": "\u77f3\u6cc9\u8def\u8857\u9053", "circleNum": 1, "builtYear": "pre1978", "builtHeight": 15, "storeNum": 5, "floorArea": 1125.85518851, "buildArea": 5629.27594254, "seiFort": "1", "keyFire": 0, "firehouseDist": 2, "pop": 225}