{"buildingID": 4196, "county": "\u666e\u9640", "town": "\u6843\u6d66\u9547", "circleNum": 2, "builtYear": "2003", "builtHeight": 20, "storeNum": 6, "floorArea": 754.565890257, "buildArea": 4527.39534154, "seiFort": "3", "keyFire": 0, "firehouseDist": 2, "pop": 905}