{"buildingID": 15540, "county": "\u666e\u9640", "town": "\u77f3\u6cc9\u8def\u8857\u9053", "circleNum": 1, "builtYear": "1979-1985", "builtHeight": 63, "storeNum": 21, "floorArea": 523.909909354, "buildArea": 11002.1080964, "seiFort": "2", "keyFire": 0, "firehouseDist": 1, "pop": 2200}