{"buildingID": 4658, "county": "\u666e\u9640", "town": "\u6843\u6d66\u9547", "circleNum": 2, "builtYear": "2008", "builtHeight": 25, "storeNum": 8, "floorArea": 1133.72995455, "buildArea": 9069.83963643, "seiFort": "3", "keyFire": 0, "firehouseDist": 2, "pop": 1813}