{"buildingID": 13644, "county": "\u666e\u9640", "town": "\u771f\u5982\u9547", "circleNum": 1, "builtYear": "1988", "builtHeight": 22, "storeNum": 7, "floorArea": 720.486645272, "buildArea": 5043.4065169, "seiFort": "2", "keyFire": 0, "firehouseDist": 2, "pop": 1008}