{"buildingID": 28884, "county": "\u666e\u9640", "town": "\u957f\u98ce\u65b0\u6751\u8857\u9053", "circleNum": 1, "builtYear": "pre1978", "builtHeight": 49, "storeNum": 16, "floorArea": 790.723661602, "buildArea": 12651.5785856, "seiFort": "1", "keyFire": 0, "firehouseDist": 3, "pop": 506}