{"buildingID": 13692, "county": "\u666e\u9640", "town": "\u771f\u5982\u9547", "circleNum": 2, "builtYear": "1979-1985", "builtHeight": 12, "storeNum": 4, "floorArea": 521.625179574, "buildArea": 2086.5007183, "seiFort": "2", "keyFire": 0, "firehouseDist": 2, "pop": 417}