{"buildingID": 12513, "county": "\u666e\u9640", "town": "\u77f3\u6cc9\u8def\u8857\u9053", "circleNum": 1, "builtYear": "1989", "builtHeight": 3, "storeNum": 1, "floorArea": 672.526558006, "buildArea": 672.526558006, "seiFort": "2", "keyFire": 0, "firehouseDist": 3, "pop": 134}