{"buildingID": 10987, "county": "\u666e\u9640", "town": "\u771f\u5982\u9547", "circleNum": 1, "builtYear": "pre1978", "builtHeight": 66, "storeNum": 22, "floorArea": 599.788119142, "buildArea": 13195.3386211, "seiFort": "1", "keyFire": 0, "firehouseDist": 1, "pop": 527}