{"buildingID": 4037, "county": "\u666e\u9640", "town": "\u6843\u6d66\u9547", "circleNum": 2, "builtYear": "1997", "builtHeight": 9, "storeNum": 3, "floorArea": 7948.51815094, "buildArea": 23845.5544528, "seiFort": "2", "keyFire": 0, "firehouseDist": 3, "pop": 4769}