{"buildingID": 20755, "county": "\u666e\u9640", "town": "\u957f\u5bff\u8def\u8857\u9053", "circleNum": 0, "builtYear": "1979-1985", "builtHeight": 44, "storeNum": 14, "floorArea": 75.2320774272, "buildArea": 1053.24908398, "seiFort": "2", "keyFire": 0, "firehouseDist": 1, "pop": 52}