{"buildingID": 23755, "county": "\u666e\u9640", "town": "\u957f\u5f81\u9547", "circleNum": 2, "builtYear": "1998", "builtHeight": 32, "storeNum": 10, "floorArea": 568.576411552, "buildArea": 5685.76411552, "seiFort": "2", "keyFire": 0, "firehouseDist": 1, "pop": 1137}