{"buildingID": 10722, "county": "\u666e\u9640", "town": "\u771f\u5982\u9547", "circleNum": 2, "builtYear": "2001", "builtHeight": 28, "storeNum": 9, "floorArea": 260.805893433, "buildArea": 2347.2530409, "seiFort": "3", "keyFire": 0, "firehouseDist": 2, "pop": 469}