{"buildingID": 28288, "county": "\u666e\u9640", "town": "\u957f\u98ce\u65b0\u6751\u8857\u9053", "circleNum": 1, "builtYear": "pre1978", "builtHeight": 11, "storeNum": 3, "floorArea": 472.97326299, "buildArea": 1418.91978897, "seiFort": "1", "keyFire": 0, "firehouseDist": 2, "pop": 56}