{"buildingID": 13898, "county": "\u666e\u9640", "town": "\u771f\u5982\u9547", "circleNum": 1, "builtYear": "pre1978", "builtHeight": 59, "storeNum": 19, "floorArea": 84.8143571706, "buildArea": 1611.47278624, "seiFort": "1", "keyFire": 0, "firehouseDist": 2, "pop": 64}