{"buildingID": 15700, "county": "\u666e\u9640", "town": "\u771f\u5982\u9547", "circleNum": 2, "builtYear": "2010", "builtHeight": 35, "storeNum": 11, "floorArea": 1058.58357376, "buildArea": 11644.4193114, "seiFort": "3", "keyFire": 0, "firehouseDist": 1, "pop": 2328}