{"buildingID": 12053, "county": "\u666e\u9640", "town": "\u771f\u5982\u9547", "circleNum": 1, "builtYear": "2010", "builtHeight": 39, "storeNum": 13, "floorArea": 577.770011626, "buildArea": 7511.01015113, "seiFort": "3", "keyFire": 0, "firehouseDist": 2, "pop": 1502}