{"buildingID": 28401, "county": "\u666e\u9640", "town": "\u957f\u98ce\u65b0\u6751\u8857\u9053", "circleNum": 0, "builtYear": "pre1978", "builtHeight": 6, "storeNum": 2, "floorArea": 254.236216145, "buildArea": 508.47243229, "seiFort": "1", "keyFire": 0, "firehouseDist": 2, "pop": 25}