{"buildingID": 11148, "county": "\u666e\u9640", "town": "\u7518\u6cc9\u8def\u8857\u9053", "circleNum": 1, "builtYear": "pre1978", "builtHeight": 26, "storeNum": 8, "floorArea": 1007.96857397, "buildArea": 8063.74859179, "seiFort": "1", "keyFire": 0, "firehouseDist": 2, "pop": 322}