{"buildingID": 7937, "county": "\u666e\u9640", "town": "\u7518\u6cc9\u8def\u8857\u9053", "circleNum": 1, "builtYear": "1979-1985", "builtHeight": 16, "storeNum": 5, "floorArea": 564.156686457, "buildArea": 2820.78343228, "seiFort": "2", "keyFire": 0, "firehouseDist": 3, "pop": 564}