{"buildingID": 10957, "county": "\u666e\u9640", "town": "\u7518\u6cc9\u8def\u8857\u9053", "circleNum": 1, "builtYear": "1979-1985", "builtHeight": 26, "storeNum": 8, "floorArea": 1582.02772521, "buildArea": 12656.2218017, "seiFort": "2", "keyFire": 0, "firehouseDist": 3, "pop": 2531}