{"buildingID": 5771, "county": "\u666e\u9640", "town": "\u6843\u6d66\u9547", "circleNum": 2, "builtYear": "1992", "builtHeight": 12, "storeNum": 4, "floorArea": 753.513164508, "buildArea": 3014.05265803, "seiFort": "2", "keyFire": 0, "firehouseDist": 2, "pop": 602}