{"buildingID": 23895, "county": "\u666e\u9640", "town": "\u66f9\u6768\u65b0\u6751\u8857\u9053", "circleNum": 1, "builtYear": "pre1978", "builtHeight": 31, "storeNum": 10, "floorArea": 1183.50024574, "buildArea": 11835.0024574, "seiFort": "1", "keyFire": 0, "firehouseDist": 2, "pop": 473}