{"buildingID": 23273, "county": "\u666e\u9640", "town": "\u957f\u5f81\u9547", "circleNum": 2, "builtYear": "2003", "builtHeight": 12, "storeNum": 4, "floorArea": 2179.86098497, "buildArea": 8719.44393987, "seiFort": "3", "keyFire": 1, "firehouseDist": 2, "pop": 1743}