{"buildingID": 14575, "county": "\u666e\u9640", "town": "\u771f\u5982\u9547", "circleNum": 2, "builtYear": "2002", "builtHeight": 48, "storeNum": 16, "floorArea": 659.998193618, "buildArea": 10559.9710979, "seiFort": "3", "keyFire": 0, "firehouseDist": 1, "pop": 2111}