{"buildingID": 10997, "county": "\u666e\u9640", "town": "\u771f\u5982\u9547", "circleNum": 1, "builtYear": "2017", "builtHeight": 75, "storeNum": 25, "floorArea": 946.194364075, "buildArea": 23654.8591019, "seiFort": "3", "keyFire": 0, "firehouseDist": 1, "pop": 4730}