{"buildingID": 11844, "county": "\u666e\u9640", "town": "\u771f\u5982\u9547", "circleNum": 1, "builtYear": "pre1978", "builtHeight": 58, "storeNum": 19, "floorArea": 132.541207802, "buildArea": 2518.28294824, "seiFort": "1", "keyFire": 0, "firehouseDist": 2, "pop": 100}