{"buildingID": 19032, "county": "\u666e\u9640", "town": "\u957f\u5f81\u9547", "circleNum": 2, "builtYear": "1979-1985", "builtHeight": 11, "storeNum": 3, "floorArea": 1633.28526567, "buildArea": 4899.85579702, "seiFort": "2", "keyFire": 0, "firehouseDist": 3, "pop": 979}