{"buildingID": 28533, "county": "\u666e\u9640", "town": "\u957f\u98ce\u65b0\u6751\u8857\u9053", "circleNum": 0, "builtYear": "1990", "builtHeight": 36, "storeNum": 12, "floorArea": 1785.5351806, "buildArea": 21426.4221673, "seiFort": "2", "keyFire": 0, "firehouseDist": 2, "pop": 4285}