{"buildingID": 12673, "county": "\u666e\u9640", "town": "\u771f\u5982\u9547", "circleNum": 2, "builtYear": "1996", "builtHeight": 13, "storeNum": 4, "floorArea": 257.544499779, "buildArea": 1030.17799911, "seiFort": "2", "keyFire": 0, "firehouseDist": 2, "pop": 206}