{"buildingID": 26547, "county": "\u666e\u9640", "town": "\u957f\u98ce\u65b0\u6751\u8857\u9053", "circleNum": 0, "builtYear": "pre1978", "builtHeight": 12, "storeNum": 4, "floorArea": 375.859812444, "buildArea": 1503.43924978, "seiFort": "1", "keyFire": 0, "firehouseDist": 1, "pop": 75}