{"buildingID": 27253, "county": "\u666e\u9640", "town": "\u957f\u98ce\u65b0\u6751\u8857\u9053", "circleNum": 0, "builtYear": "pre1978", "builtHeight": 7, "storeNum": 2, "floorArea": 966.74279579, "buildArea": 1933.48559158, "seiFort": "1", "keyFire": 1, "firehouseDist": 2, "pop": 96}