{"buildingID": 19195, "county": "\u666e\u9640", "town": "\u957f\u5f81\u9547", "circleNum": 2, "builtYear": "1979-1985", "builtHeight": 6, "storeNum": 2, "floorArea": 2952.92367454, "buildArea": 5905.84734907, "seiFort": "2", "keyFire": 0, "firehouseDist": 3, "pop": 1181}