{"buildingID": 10721, "county": "\u666e\u9640", "town": "\u771f\u5982\u9547", "circleNum": 2, "builtYear": "2008", "builtHeight": 43, "storeNum": 14, "floorArea": 808.628842334, "buildArea": 11320.8037927, "seiFort": "3", "keyFire": 0, "firehouseDist": 2, "pop": 2264}