{"buildingID": 25046, "county": "\u666e\u9640", "town": "\u957f\u5bff\u8def\u8857\u9053", "circleNum": 0, "builtYear": "1979-1985", "builtHeight": 9, "storeNum": 3, "floorArea": 422.201699588, "buildArea": 1266.60509876, "seiFort": "2", "keyFire": 0, "firehouseDist": 2, "pop": 253}