{"buildingID": 25526, "county": "\u666e\u9640", "town": "\u957f\u98ce\u65b0\u6751\u8857\u9053", "circleNum": 0, "builtYear": "pre1978", "builtHeight": 59, "storeNum": 19, "floorArea": 575.360040124, "buildArea": 10931.8407623, "seiFort": "1", "keyFire": 0, "firehouseDist": 1, "pop": 546}