{"buildingID": 21535, "county": "\u666e\u9640", "town": "\u957f\u5bff\u8def\u8857\u9053", "circleNum": 0, "builtYear": "1979-1985", "builtHeight": 25, "storeNum": 8, "floorArea": 682.549720229, "buildArea": 5460.39776183, "seiFort": "2", "keyFire": 0, "firehouseDist": 1, "pop": 1092}