{"buildingID": 28634, "county": "\u666e\u9640", "town": "\u957f\u98ce\u65b0\u6751\u8857\u9053", "circleNum": 1, "builtYear": "1987", "builtHeight": 3, "storeNum": 1, "floorArea": 252.389342572, "buildArea": 252.389342572, "seiFort": "2", "keyFire": 0, "firehouseDist": 3, "pop": 50}