{"buildingID": 10091, "county": "\u666e\u9640", "town": "\u6843\u6d66\u9547", "circleNum": 2, "builtYear": "1996", "builtHeight": 17, "storeNum": 5, "floorArea": 549.129706153, "buildArea": 2745.64853077, "seiFort": "2", "keyFire": 0, "firehouseDist": 2, "pop": 549}