{"buildingID": 11087, "county": "\u666e\u9640", "town": "\u7518\u6cc9\u8def\u8857\u9053", "circleNum": 1, "builtYear": "pre1978", "builtHeight": 70, "storeNum": 23, "floorArea": 819.281981658, "buildArea": 18843.4855781, "seiFort": "1", "keyFire": 0, "firehouseDist": 2, "pop": 753}