{"buildingID": 20061, "county": "\u666e\u9640", "town": "\u66f9\u6768\u65b0\u6751\u8857\u9053", "circleNum": 1, "builtYear": "pre1978", "builtHeight": 26, "storeNum": 8, "floorArea": 127.508844471, "buildArea": 1020.07075577, "seiFort": "1", "keyFire": 0, "firehouseDist": 1, "pop": 40}