{"buildingID": 24519, "county": "\u666e\u9640", "town": "\u957f\u5bff\u8def\u8857\u9053", "circleNum": 0, "builtYear": "pre1978", "builtHeight": 117, "storeNum": 39, "floorArea": 280.329469544, "buildArea": 10932.8493122, "seiFort": "1", "keyFire": 0, "firehouseDist": 1, "pop": 2186}