{"buildingID": 23675, "county": "\u666e\u9640", "town": "\u66f9\u6768\u65b0\u6751\u8857\u9053", "circleNum": 1, "builtYear": "pre1978", "builtHeight": 10, "storeNum": 3, "floorArea": 370.61070429, "buildArea": 1111.83211287, "seiFort": "1", "keyFire": 1, "firehouseDist": 1, "pop": 44}