{"buildingID": 18024, "county": "\u666e\u9640", "town": "\u957f\u5f81\u9547", "circleNum": 2, "builtYear": "1993", "builtHeight": 53, "storeNum": 17, "floorArea": 693.791153805, "buildArea": 11794.4496147, "seiFort": "2", "keyFire": 0, "firehouseDist": 1, "pop": 2358}