{"buildingID": 14555, "county": "\u666e\u9640", "town": "\u771f\u5982\u9547", "circleNum": 2, "builtYear": "2002", "builtHeight": 51, "storeNum": 17, "floorArea": 94.4973040973, "buildArea": 1606.45416965, "seiFort": "3", "keyFire": 0, "firehouseDist": 1, "pop": 53}