{"buildingID": 14936, "county": "\u666e\u9640", "town": "\u5b9c\u5ddd\u8def\u8857\u9053", "circleNum": 0, "builtYear": "pre1978", "builtHeight": 101, "storeNum": 33, "floorArea": 1631.8184838, "buildArea": 53850.0099655, "seiFort": "1", "keyFire": 0, "firehouseDist": 1, "pop": 10770}