{"buildingID": 6403, "county": "\u666e\u9640", "town": "\u6843\u6d66\u9547", "circleNum": 2, "builtYear": "1993", "builtHeight": 40, "storeNum": 13, "floorArea": 501.590502311, "buildArea": 6520.67653004, "seiFort": "2", "keyFire": 0, "firehouseDist": 2, "pop": 1304}