{"buildingID": 26771, "county": "\u666e\u9640", "town": "\u66f9\u6768\u65b0\u6751\u8857\u9053", "circleNum": 1, "builtYear": "1979-1985", "builtHeight": 13, "storeNum": 4, "floorArea": 536.605683934, "buildArea": 2146.42273574, "seiFort": "2", "keyFire": 0, "firehouseDist": 2, "pop": 429}