{"buildingID": 4644, "county": "\u666e\u9640", "town": "\u6843\u6d66\u9547", "circleNum": 2, "builtYear": "1997", "builtHeight": 12, "storeNum": 4, "floorArea": 336.751082282, "buildArea": 1347.00432913, "seiFort": "2", "keyFire": 0, "firehouseDist": 2, "pop": 269}