{"buildingID": 25831, "county": "\u666e\u9640", "town": "\u66f9\u6768\u65b0\u6751\u8857\u9053", "circleNum": 1, "builtYear": "pre1978", "builtHeight": 13, "storeNum": 4, "floorArea": 766.815262019, "buildArea": 3067.26104808, "seiFort": "1", "keyFire": 0, "firehouseDist": 2, "pop": 122}