{"buildingID": 2472, "county": "\u666e\u9640", "town": "\u6843\u6d66\u9547", "circleNum": 3, "builtYear": "1993", "builtHeight": 18, "storeNum": 6, "floorArea": 1244.92744996, "buildArea": 7469.56469978, "seiFort": "2", "keyFire": 0, "firehouseDist": 4, "pop": 1493}