{"buildingID": 11175, "county": "\u666e\u9640", "town": "\u771f\u5982\u9547", "circleNum": 2, "builtYear": "1999", "builtHeight": 56, "storeNum": 18, "floorArea": 92.585857709, "buildArea": 1666.54543876, "seiFort": "2", "keyFire": 0, "firehouseDist": 2, "pop": 55}