{"buildingID": 22163, "county": "\u666e\u9640", "town": "\u957f\u5f81\u9547", "circleNum": 2, "builtYear": "1996", "builtHeight": 87, "storeNum": 29, "floorArea": 1926.43138328, "buildArea": 55866.5101152, "seiFort": "2", "keyFire": 0, "firehouseDist": 1, "pop": 11173}