{"buildingID": 1571, "county": "\u666e\u9640", "town": "\u6843\u6d66\u9547", "circleNum": 2, "builtYear": "2000", "builtHeight": 14, "storeNum": 4, "floorArea": 1110.33191258, "buildArea": 4441.32765033, "seiFort": "3", "keyFire": 0, "firehouseDist": 2, "pop": 888}