{"buildingID": 4945, "county": "\u666e\u9640", "town": "\u771f\u5982\u9547", "circleNum": 2, "builtYear": "1993", "builtHeight": 24, "storeNum": 8, "floorArea": 637.959542946, "buildArea": 5103.67634356, "seiFort": "2", "keyFire": 0, "firehouseDist": 1, "pop": 1020}