{"buildingID": 28308, "county": "\u666e\u9640", "town": "\u957f\u98ce\u65b0\u6751\u8857\u9053", "circleNum": 1, "builtYear": "2017", "builtHeight": 11, "storeNum": 3, "floorArea": 939.986146689, "buildArea": 2819.95844007, "seiFort": "3", "keyFire": 0, "firehouseDist": 2, "pop": 563}