{"buildingID": 19285, "county": "\u666e\u9640", "town": "\u957f\u5f81\u9547", "circleNum": 2, "builtYear": "2007", "builtHeight": 18, "storeNum": 6, "floorArea": 1158.33086307, "buildArea": 6949.98517844, "seiFort": "3", "keyFire": 0, "firehouseDist": 3, "pop": 1389}