{"buildingID": 15727, "county": "\u666e\u9640", "town": "\u771f\u5982\u9547", "circleNum": 2, "builtYear": "1994", "builtHeight": 14, "storeNum": 4, "floorArea": 531.838297029, "buildArea": 2127.35318812, "seiFort": "2", "keyFire": 0, "firehouseDist": 1, "pop": 425}