{"buildingID": 14527, "county": "\u666e\u9640", "town": "\u771f\u5982\u9547", "circleNum": 2, "builtYear": "1996", "builtHeight": 13, "storeNum": 4, "floorArea": 254.902898763, "buildArea": 1019.61159505, "seiFort": "2", "keyFire": 0, "firehouseDist": 1, "pop": 203}