{"buildingID": 19612, "county": "\u666e\u9640", "town": "\u957f\u5f81\u9547", "circleNum": 2, "builtYear": "1979-1985", "builtHeight": 9, "storeNum": 3, "floorArea": 156.517917989, "buildArea": 469.553753966, "seiFort": "2", "keyFire": 0, "firehouseDist": 4, "pop": 15}