{"buildingID": 15105, "county": "\u666e\u9640", "town": "\u771f\u5982\u9547", "circleNum": 2, "builtYear": "pre1978", "builtHeight": 13, "storeNum": 4, "floorArea": 830.988647656, "buildArea": 3323.95459062, "seiFort": "1", "keyFire": 0, "firehouseDist": 2, "pop": 110}