{"buildingID": 12844, "county": "\u666e\u9640", "town": "\u77f3\u6cc9\u8def\u8857\u9053", "circleNum": 1, "builtYear": "1979-1985", "builtHeight": 14, "storeNum": 4, "floorArea": 154.688372572, "buildArea": 618.75349029, "seiFort": "2", "keyFire": 0, "firehouseDist": 2, "pop": 24}