{"buildingID": 21726, "county": "\u666e\u9640", "town": "\u77f3\u6cc9\u8def\u8857\u9053", "circleNum": 1, "builtYear": "pre1978", "builtHeight": 40, "storeNum": 13, "floorArea": 128.141830341, "buildArea": 1665.84379444, "seiFort": "1", "keyFire": 0, "firehouseDist": 1, "pop": 66}