{"buildingID": 15078, "county": "\u666e\u9640", "town": "\u771f\u5982\u9547", "circleNum": 2, "builtYear": "pre1978", "builtHeight": 13, "storeNum": 4, "floorArea": 751.337513361, "buildArea": 3005.35005344, "seiFort": "1", "keyFire": 0, "firehouseDist": 2, "pop": 100}