{"buildingID": 26905, "county": "\u666e\u9640", "town": "\u957f\u98ce\u65b0\u6751\u8857\u9053", "circleNum": 1, "builtYear": "1979-1985", "builtHeight": 15, "storeNum": 5, "floorArea": 790.515749663, "buildArea": 3952.57874831, "seiFort": "2", "keyFire": 0, "firehouseDist": 2, "pop": 790}