{"buildingID": 12608, "county": "\u666e\u9640", "town": "\u771f\u5982\u9547", "circleNum": 2, "builtYear": "1987", "builtHeight": 14, "storeNum": 4, "floorArea": 815.565671058, "buildArea": 3262.26268423, "seiFort": "2", "keyFire": 0, "firehouseDist": 2, "pop": 652}