{"buildingID": 25868, "county": "\u666e\u9640", "town": "\u66f9\u6768\u65b0\u6751\u8857\u9053", "circleNum": 1, "builtYear": "1990", "builtHeight": 16, "storeNum": 5, "floorArea": 1010.75949558, "buildArea": 5053.79747789, "seiFort": "2", "keyFire": 0, "firehouseDist": 2, "pop": 1010}