{"buildingID": 27966, "county": "\u666e\u9640", "town": "\u957f\u98ce\u65b0\u6751\u8857\u9053", "circleNum": 1, "builtYear": "pre1978", "builtHeight": 22, "storeNum": 7, "floorArea": 193.634483927, "buildArea": 1355.44138749, "seiFort": "1", "keyFire": 0, "firehouseDist": 2, "pop": 54}