{"buildingID": 28465, "county": "\u666e\u9640", "town": "\u957f\u98ce\u65b0\u6751\u8857\u9053", "circleNum": 0, "builtYear": "pre1978", "builtHeight": 38, "storeNum": 12, "floorArea": 1330.9541513, "buildArea": 15971.4498156, "seiFort": "1", "keyFire": 0, "firehouseDist": 2, "pop": 798}