{"buildingID": 3124, "county": "\u666e\u9640", "town": "\u6843\u6d66\u9547", "circleNum": 3, "builtYear": "2001", "builtHeight": 18, "storeNum": 6, "floorArea": 860.402377222, "buildArea": 5162.41426333, "seiFort": "3", "keyFire": 0, "firehouseDist": 3, "pop": 1032}