{"buildingID": 20874, "county": "\u666e\u9640", "town": "\u77f3\u6cc9\u8def\u8857\u9053", "circleNum": 1, "builtYear": "1979-1985", "builtHeight": 7, "storeNum": 2, "floorArea": 4020.49837719, "buildArea": 8040.99675437, "seiFort": "2", "keyFire": 0, "firehouseDist": 2, "pop": 1608}