{"buildingID": 20176, "county": "\u666e\u9640", "town": "\u66f9\u6768\u65b0\u6751\u8857\u9053", "circleNum": 1, "builtYear": "pre1978", "builtHeight": 24, "storeNum": 8, "floorArea": 94.4629299583, "buildArea": 755.703439666, "seiFort": "1", "keyFire": 0, "firehouseDist": 1, "pop": 30}