{"buildingID": 13716, "county": "\u666e\u9640", "town": "\u771f\u5982\u9547", "circleNum": 1, "builtYear": "1993", "builtHeight": 20, "storeNum": 6, "floorArea": 1288.54634197, "buildArea": 7731.27805184, "seiFort": "2", "keyFire": 1, "firehouseDist": 2, "pop": 1546}