{"buildingID": 28184, "county": "\u666e\u9640", "town": "\u957f\u98ce\u65b0\u6751\u8857\u9053", "circleNum": 1, "builtYear": "2010", "builtHeight": 30, "storeNum": 10, "floorArea": 2414.31729954, "buildArea": 24143.1729954, "seiFort": "3", "keyFire": 0, "firehouseDist": 3, "pop": 4828}