{"buildingID": 19699, "county": "\u666e\u9640", "town": "\u957f\u98ce\u65b0\u6751\u8857\u9053", "circleNum": 1, "builtYear": "1988", "builtHeight": 6, "storeNum": 2, "floorArea": 277.48089628, "buildArea": 554.96179256, "seiFort": "2", "keyFire": 0, "firehouseDist": 3, "pop": 110}