{"buildingID": 4428, "county": "\u666e\u9640", "town": "\u6843\u6d66\u9547", "circleNum": 2, "builtYear": "2000", "builtHeight": 6, "storeNum": 2, "floorArea": 4382.99274801, "buildArea": 8765.98549603, "seiFort": "3", "keyFire": 0, "firehouseDist": 3, "pop": 1753}