{"buildingID": 10063, "county": "\u666e\u9640", "town": "\u771f\u5982\u9547", "circleNum": 2, "builtYear": "2008", "builtHeight": 9, "storeNum": 3, "floorArea": 184.952689986, "buildArea": 554.858069958, "seiFort": "3", "keyFire": 0, "firehouseDist": 2, "pop": 110}