{"buildingID": 9036, "county": "\u666e\u9640", "town": "\u957f\u5f81\u9547", "circleNum": 1, "builtYear": "1998", "builtHeight": 53, "storeNum": 17, "floorArea": 509.002367283, "buildArea": 8653.04024381, "seiFort": "2", "keyFire": 0, "firehouseDist": 2, "pop": 1730}