{"buildingID": 14046, "county": "\u666e\u9640", "town": "\u771f\u5982\u9547", "circleNum": 2, "builtYear": "1993", "builtHeight": 11, "storeNum": 3, "floorArea": 260.587927588, "buildArea": 781.763782763, "seiFort": "2", "keyFire": 0, "firehouseDist": 1, "pop": 156}