{"buildingID": 12575, "county": "\u666e\u9640", "town": "\u771f\u5982\u9547", "circleNum": 2, "builtYear": "1994", "builtHeight": 17, "storeNum": 5, "floorArea": 704.820178464, "buildArea": 3524.10089232, "seiFort": "2", "keyFire": 0, "firehouseDist": 2, "pop": 704}