{"buildingID": 12600, "county": "\u666e\u9640", "town": "\u771f\u5982\u9547", "circleNum": 2, "builtYear": "2002", "builtHeight": 13, "storeNum": 4, "floorArea": 568.405039649, "buildArea": 2273.6201586, "seiFort": "3", "keyFire": 0, "firehouseDist": 2, "pop": 454}