{"buildingID": 20413, "county": "\u666e\u9640", "town": "\u771f\u5982\u9547", "circleNum": 1, "builtYear": "1991", "builtHeight": 54, "storeNum": 18, "floorArea": 61.696391321, "buildArea": 1110.53504378, "seiFort": "2", "keyFire": 0, "firehouseDist": 1, "pop": 44}