{"buildingID": 23175, "county": "\u666e\u9640", "town": "\u957f\u5bff\u8def\u8857\u9053", "circleNum": 0, "builtYear": "1979-1985", "builtHeight": 6, "storeNum": 2, "floorArea": 2809.33638316, "buildArea": 5618.67276631, "seiFort": "2", "keyFire": 0, "firehouseDist": 2, "pop": 1123}