{"buildingID": 10662, "county": "\u666e\u9640", "town": "\u771f\u5982\u9547", "circleNum": 2, "builtYear": "1979-1985", "builtHeight": 8, "storeNum": 2, "floorArea": 498.726494777, "buildArea": 997.452989555, "seiFort": "2", "keyFire": 0, "firehouseDist": 2, "pop": 199}