{"buildingID": 12980, "county": "\u666e\u9640", "town": "\u77f3\u6cc9\u8def\u8857\u9053", "circleNum": 1, "builtYear": "1995", "builtHeight": 12, "storeNum": 4, "floorArea": 355.862944021, "buildArea": 1423.45177609, "seiFort": "2", "keyFire": 0, "firehouseDist": 3, "pop": 284}