{"buildingID": 4843, "county": "\u666e\u9640", "town": "\u6843\u6d66\u9547", "circleNum": 2, "builtYear": "1993", "builtHeight": 61, "storeNum": 20, "floorArea": 547.254855157, "buildArea": 10945.0971031, "seiFort": "2", "keyFire": 0, "firehouseDist": 2, "pop": 2189}