{"buildingID": 18918, "county": "\u666e\u9640", "town": "\u957f\u5f81\u9547", "circleNum": 2, "builtYear": "1979-1985", "builtHeight": 25, "storeNum": 8, "floorArea": 827.522137374, "buildArea": 6620.17709899, "seiFort": "2", "keyFire": 0, "firehouseDist": 3, "pop": 1324}