{"buildingID": 4967, "county": "\u666e\u9640", "town": "\u771f\u5982\u9547", "circleNum": 2, "builtYear": "1997", "builtHeight": 22, "storeNum": 7, "floorArea": 722.770950953, "buildArea": 5059.39665667, "seiFort": "2", "keyFire": 0, "firehouseDist": 1, "pop": 1011}