{"buildingID": 2285, "county": "\u666e\u9640", "town": "\u6843\u6d66\u9547", "circleNum": 2, "builtYear": "2003", "builtHeight": 13, "storeNum": 4, "floorArea": 575.277596594, "buildArea": 2301.11038638, "seiFort": "3", "keyFire": 0, "firehouseDist": 1, "pop": 460}