{"buildingID": 7618, "county": "\u666e\u9640", "town": "\u7518\u6cc9\u8def\u8857\u9053", "circleNum": 1, "builtYear": "pre1978", "builtHeight": 20, "storeNum": 6, "floorArea": 699.389811603, "buildArea": 4196.33886962, "seiFort": "1", "keyFire": 0, "firehouseDist": 2, "pop": 167}