{"buildingID": 28632, "county": "\u666e\u9640", "town": "\u957f\u98ce\u65b0\u6751\u8857\u9053", "circleNum": 1, "builtYear": "pre1978", "builtHeight": 47, "storeNum": 15, "floorArea": 1128.33322152, "buildArea": 16924.9983228, "seiFort": "1", "keyFire": 0, "firehouseDist": 3, "pop": 676}