{"buildingID": 8914, "county": "\u666e\u9640", "town": "\u957f\u5f81\u9547", "circleNum": 1, "builtYear": "1979-1985", "builtHeight": 94, "storeNum": 31, "floorArea": 20.0674910707, "buildArea": 622.092223192, "seiFort": "2", "keyFire": 0, "firehouseDist": 1, "pop": 124}