{"buildingID": 14088, "county": "\u666e\u9640", "town": "\u771f\u5982\u9547", "circleNum": 1, "builtYear": "pre1978", "builtHeight": 48, "storeNum": 16, "floorArea": 1077.99764511, "buildArea": 17247.9623218, "seiFort": "1", "keyFire": 0, "firehouseDist": 2, "pop": 689}