{"buildingID": 199, "county": "\u666e\u9640", "town": "\u6843\u6d66\u9547", "circleNum": 3, "builtYear": "2008", "builtHeight": 18, "storeNum": 6, "floorArea": 1211.87323885, "buildArea": 7271.23943308, "seiFort": "3", "keyFire": 0, "firehouseDist": 3, "pop": 1454}