{"buildingID": 12013, "county": "\u666e\u9640", "town": "\u77f3\u6cc9\u8def\u8857\u9053", "circleNum": 1, "builtYear": "1988", "builtHeight": 14, "storeNum": 4, "floorArea": 148.779764894, "buildArea": 595.119059577, "seiFort": "2", "keyFire": 0, "firehouseDist": 3, "pop": 23}