{"buildingID": 15760, "county": "\u666e\u9640", "town": "\u771f\u5982\u9547", "circleNum": 2, "builtYear": "1996", "builtHeight": 18, "storeNum": 6, "floorArea": 616.187021253, "buildArea": 3697.12212752, "seiFort": "2", "keyFire": 0, "firehouseDist": 1, "pop": 739}