{"buildingID": 14279, "county": "\u666e\u9640", "town": "\u77f3\u6cc9\u8def\u8857\u9053", "circleNum": 1, "builtYear": "pre1978", "builtHeight": 54, "storeNum": 18, "floorArea": 132.100185131, "buildArea": 2377.80333235, "seiFort": "1", "keyFire": 0, "firehouseDist": 2, "pop": 95}