{"buildingID": 6600, "county": "\u666e\u9640", "town": "\u6843\u6d66\u9547", "circleNum": 2, "builtYear": "1979-1985", "builtHeight": 3, "storeNum": 1, "floorArea": 447.787539939, "buildArea": 447.787539939, "seiFort": "2", "keyFire": 0, "firehouseDist": 1, "pop": 89}