{"buildingID": 13838, "county": "\u666e\u9640", "town": "\u77f3\u6cc9\u8def\u8857\u9053", "circleNum": 1, "builtYear": "pre1978", "builtHeight": 97, "storeNum": 32, "floorArea": 289.438199067, "buildArea": 9262.02237015, "seiFort": "1", "keyFire": 0, "firehouseDist": 2, "pop": 370}