{"buildingID": 842, "county": "\u666e\u9640", "town": "\u6843\u6d66\u9547", "circleNum": 3, "builtYear": "2008", "builtHeight": 18, "storeNum": 6, "floorArea": 3464.81332674, "buildArea": 20788.8799604, "seiFort": "3", "keyFire": 0, "firehouseDist": 4, "pop": 4157}