{"buildingID": 15102, "county": "\u666e\u9640", "town": "\u771f\u5982\u9547", "circleNum": 2, "builtYear": "1987", "builtHeight": 15, "storeNum": 5, "floorArea": 576.973533931, "buildArea": 2884.86766966, "seiFort": "2", "keyFire": 0, "firehouseDist": 2, "pop": 576}