{"buildingID": 28283, "county": "\u666e\u9640", "town": "\u957f\u98ce\u65b0\u6751\u8857\u9053", "circleNum": 1, "builtYear": "pre1978", "builtHeight": 53, "storeNum": 17, "floorArea": 861.469984009, "buildArea": 14644.9897281, "seiFort": "1", "keyFire": 0, "firehouseDist": 2, "pop": 585}