{"buildingID": 11862, "county": "\u666e\u9640", "town": "\u771f\u5982\u9547", "circleNum": 1, "builtYear": "1979-1985", "builtHeight": 18, "storeNum": 6, "floorArea": 811.337417207, "buildArea": 4868.02450324, "seiFort": "2", "keyFire": 0, "firehouseDist": 2, "pop": 973}