{"buildingID": 23703, "county": "\u666e\u9640", "town": "\u66f9\u6768\u65b0\u6751\u8857\u9053", "circleNum": 1, "builtYear": "1991", "builtHeight": 6, "storeNum": 2, "floorArea": 107.044218638, "buildArea": 214.088437277, "seiFort": "2", "keyFire": 0, "firehouseDist": 1, "pop": 8}