{"buildingID": 17808, "county": "\u666e\u9640", "town": "\u957f\u5bff\u8def\u8857\u9053", "circleNum": 0, "builtYear": "1989", "builtHeight": 18, "storeNum": 6, "floorArea": 6019.34520912, "buildArea": 36116.0712547, "seiFort": "2", "keyFire": 1, "firehouseDist": 1, "pop": 7223}