{"buildingID": 18409, "county": "\u666e\u9640", "town": "\u957f\u5f81\u9547", "circleNum": 2, "builtYear": "2001", "builtHeight": 53, "storeNum": 17, "floorArea": 1123.57150427, "buildArea": 19100.7155726, "seiFort": "3", "keyFire": 0, "firehouseDist": 3, "pop": 3820}