{"buildingID": 5848, "county": "\u666e\u9640", "town": "\u6843\u6d66\u9547", "circleNum": 2, "builtYear": "1979-1985", "builtHeight": 10, "storeNum": 3, "floorArea": 175.050147564, "buildArea": 525.150442693, "seiFort": "2", "keyFire": 0, "firehouseDist": 2, "pop": 17}