{"buildingID": 1185, "county": "\u666e\u9640", "town": "\u6843\u6d66\u9547", "circleNum": 3, "builtYear": "1996", "builtHeight": 18, "storeNum": 6, "floorArea": 926.356949019, "buildArea": 5558.14169412, "seiFort": "2", "keyFire": 0, "firehouseDist": 4, "pop": 1111}