{"buildingID": 12938, "county": "\u666e\u9640", "town": "\u771f\u5982\u9547", "circleNum": 1, "builtYear": "1987", "builtHeight": 23, "storeNum": 7, "floorArea": 51.2577118648, "buildArea": 358.803983054, "seiFort": "2", "keyFire": 0, "firehouseDist": 2, "pop": 14}