{"buildingID": 25116, "county": "\u666e\u9640", "town": "\u957f\u5bff\u8def\u8857\u9053", "circleNum": 0, "builtYear": "1979-1985", "builtHeight": 9, "storeNum": 3, "floorArea": 717.093362913, "buildArea": 2151.28008874, "seiFort": "2", "keyFire": 0, "firehouseDist": 1, "pop": 430}