{"buildingID": 27554, "county": "\u666e\u9640", "town": "\u957f\u98ce\u65b0\u6751\u8857\u9053", "circleNum": 1, "builtYear": "pre1978", "builtHeight": 20, "storeNum": 6, "floorArea": 442.116240064, "buildArea": 2652.69744038, "seiFort": "1", "keyFire": 0, "firehouseDist": 3, "pop": 106}