{"buildingID": 26524, "county": "\u666e\u9640", "town": "\u957f\u98ce\u65b0\u6751\u8857\u9053", "circleNum": 0, "builtYear": "pre1978", "builtHeight": 21, "storeNum": 7, "floorArea": 572.322098678, "buildArea": 4006.25469075, "seiFort": "1", "keyFire": 0, "firehouseDist": 1, "pop": 200}