{"buildingID": 425, "county": "\u666e\u9640", "town": "\u6843\u6d66\u9547", "circleNum": 3, "builtYear": "2008", "builtHeight": 54, "storeNum": 18, "floorArea": 587.39010292, "buildArea": 10573.0218526, "seiFort": "3", "keyFire": 0, "firehouseDist": 3, "pop": 2114}