{"buildingID": 4608, "county": "\u666e\u9640", "town": "\u6843\u6d66\u9547", "circleNum": 2, "builtYear": "1997", "builtHeight": 22, "storeNum": 7, "floorArea": 355.011476612, "buildArea": 2485.08033628, "seiFort": "2", "keyFire": 0, "firehouseDist": 2, "pop": 497}