{"buildingID": 4689, "county": "\u666e\u9640", "town": "\u6843\u6d66\u9547", "circleNum": 2, "builtYear": "1979-1985", "builtHeight": 28, "storeNum": 9, "floorArea": 1383.40870946, "buildArea": 12450.6783851, "seiFort": "2", "keyFire": 0, "firehouseDist": 2, "pop": 2490}