{"buildingID": 7110, "county": "\u666e\u9640", "town": "\u957f\u5f81\u9547", "circleNum": 1, "builtYear": "1992", "builtHeight": 38, "storeNum": 12, "floorArea": 902.897627647, "buildArea": 10834.7715318, "seiFort": "2", "keyFire": 0, "firehouseDist": 1, "pop": 2166}