{"buildingID": 4896, "county": "\u666e\u9640", "town": "\u6843\u6d66\u9547", "circleNum": 2, "builtYear": "1996", "builtHeight": 13, "storeNum": 4, "floorArea": 694.585116843, "buildArea": 2778.34046737, "seiFort": "2", "keyFire": 0, "firehouseDist": 2, "pop": 555}