{"buildingID": 27161, "county": "\u666e\u9640", "town": "\u957f\u98ce\u65b0\u6751\u8857\u9053", "circleNum": 1, "builtYear": "pre1978", "builtHeight": 10, "storeNum": 3, "floorArea": 398.61422841, "buildArea": 1195.84268523, "seiFort": "1", "keyFire": 0, "firehouseDist": 2, "pop": 47}