{"buildingID": 23833, "county": "\u666e\u9640", "town": "\u957f\u5f81\u9547", "circleNum": 1, "builtYear": "1979-1985", "builtHeight": 17, "storeNum": 5, "floorArea": 1026.47186237, "buildArea": 5132.35931187, "seiFort": "2", "keyFire": 0, "firehouseDist": 2, "pop": 1026}