{"buildingID": 22446, "county": "\u666e\u9640", "town": "\u77f3\u6cc9\u8def\u8857\u9053", "circleNum": 1, "builtYear": "pre1978", "builtHeight": 21, "storeNum": 7, "floorArea": 397.985464166, "buildArea": 2785.89824916, "seiFort": "1", "keyFire": 0, "firehouseDist": 2, "pop": 111}