{"buildingID": 4409, "county": "\u666e\u9640", "town": "\u6843\u6d66\u9547", "circleNum": 2, "builtYear": "2003", "builtHeight": 22, "storeNum": 7, "floorArea": 2142.15759979, "buildArea": 14995.1031985, "seiFort": "3", "keyFire": 0, "firehouseDist": 2, "pop": 2999}