{"buildingID": 4596, "county": "\u666e\u9640", "town": "\u6843\u6d66\u9547", "circleNum": 2, "builtYear": "1992", "builtHeight": 10, "storeNum": 3, "floorArea": 1615.10616551, "buildArea": 4845.31849654, "seiFort": "2", "keyFire": 0, "firehouseDist": 2, "pop": 969}