{"buildingID": 13705, "county": "\u666e\u9640", "town": "\u771f\u5982\u9547", "circleNum": 2, "builtYear": "2002", "builtHeight": 23, "storeNum": 7, "floorArea": 417.830294272, "buildArea": 2924.8120599, "seiFort": "3", "keyFire": 0, "firehouseDist": 2, "pop": 584}