{"buildingID": 5009, "county": "\u666e\u9640", "town": "\u6843\u6d66\u9547", "circleNum": 2, "builtYear": "2009", "builtHeight": 157, "storeNum": 52, "floorArea": 1045.00015248, "buildArea": 54340.007929, "seiFort": "3", "keyFire": 0, "firehouseDist": 2, "pop": 10868}