{"buildingID": 17672, "county": "\u666e\u9640", "town": "\u66f9\u6768\u65b0\u6751\u8857\u9053", "circleNum": 1, "builtYear": "pre1978", "builtHeight": 18, "storeNum": 6, "floorArea": 1579.77261611, "buildArea": 9478.63569668, "seiFort": "1", "keyFire": 1, "firehouseDist": 1, "pop": 379}