{"buildingID": 27831, "county": "\u666e\u9640", "town": "\u957f\u98ce\u65b0\u6751\u8857\u9053", "circleNum": 1, "builtYear": "1995", "builtHeight": 15, "storeNum": 5, "floorArea": 122.46330617, "buildArea": 612.316530852, "seiFort": "2", "keyFire": 0, "firehouseDist": 2, "pop": 24}