{"buildingID": 21478, "county": "\u666e\u9640", "town": "\u66f9\u6768\u65b0\u6751\u8857\u9053", "circleNum": 1, "builtYear": "pre1978", "builtHeight": 54, "storeNum": 18, "floorArea": 446.788528178, "buildArea": 8042.1935072, "seiFort": "1", "keyFire": 0, "firehouseDist": 1, "pop": 321}