{"buildingID": 17757, "county": "\u666e\u9640", "town": "\u957f\u5f81\u9547", "circleNum": 2, "builtYear": "1999", "builtHeight": 38, "storeNum": 12, "floorArea": 1007.40845192, "buildArea": 12088.901423, "seiFort": "2", "keyFire": 0, "firehouseDist": 2, "pop": 2417}