{"buildingID": 13975, "county": "\u666e\u9640", "town": "\u771f\u5982\u9547", "circleNum": 2, "builtYear": "1979-1985", "builtHeight": 11, "storeNum": 3, "floorArea": 356.336607533, "buildArea": 1069.0098226, "seiFort": "2", "keyFire": 0, "firehouseDist": 1, "pop": 213}