{"buildingID": 8174, "county": "\u666e\u9640", "town": "\u7518\u6cc9\u8def\u8857\u9053", "circleNum": 1, "builtYear": "pre1978", "builtHeight": 44, "storeNum": 14, "floorArea": 123.920046881, "buildArea": 1734.88065634, "seiFort": "1", "keyFire": 0, "firehouseDist": 3, "pop": 69}