{"buildingID": 19279, "county": "\u666e\u9640", "town": "\u957f\u5f81\u9547", "circleNum": 2, "builtYear": "1979-1985", "builtHeight": 18, "storeNum": 6, "floorArea": 889.774987749, "buildArea": 5338.64992649, "seiFort": "2", "keyFire": 0, "firehouseDist": 3, "pop": 1067}