{"buildingID": 23716, "county": "\u666e\u9640", "town": "\u66f9\u6768\u65b0\u6751\u8857\u9053", "circleNum": 1, "builtYear": "pre1978", "builtHeight": 91, "storeNum": 30, "floorArea": 267.861401499, "buildArea": 8035.84204496, "seiFort": "1", "keyFire": 1, "firehouseDist": 2, "pop": 321}