{"buildingID": 17912, "county": "\u666e\u9640", "town": "\u957f\u5f81\u9547", "circleNum": 2, "builtYear": "2007", "builtHeight": 53, "storeNum": 17, "floorArea": 807.621496385, "buildArea": 13729.5654386, "seiFort": "3", "keyFire": 0, "firehouseDist": 1, "pop": 2745}