{"buildingID": 1224, "county": "\u666e\u9640", "town": "\u6843\u6d66\u9547", "circleNum": 3, "builtYear": "1979-1985", "builtHeight": 3, "storeNum": 1, "floorArea": 108.715683548, "buildArea": 108.715683548, "seiFort": "2", "keyFire": 0, "firehouseDist": 3, "pop": 3}