{"buildingID": 2868, "county": "\u666e\u9640", "town": "\u6843\u6d66\u9547", "circleNum": 2, "builtYear": "1995", "builtHeight": 22, "storeNum": 7, "floorArea": 390.663306985, "buildArea": 2734.64314889, "seiFort": "2", "keyFire": 0, "firehouseDist": 2, "pop": 546}