{"buildingID": 16364, "county": "\u666e\u9640", "town": "\u771f\u5982\u9547", "circleNum": 2, "builtYear": "1998", "builtHeight": 76, "storeNum": 25, "floorArea": 1333.25415626, "buildArea": 33331.3539065, "seiFort": "2", "keyFire": 0, "firehouseDist": 1, "pop": 6666}