{"buildingID": 18240, "county": "\u666e\u9640", "town": "\u957f\u5f81\u9547", "circleNum": 2, "builtYear": "1979-1985", "builtHeight": 16, "storeNum": 5, "floorArea": 427.709936448, "buildArea": 2138.54968224, "seiFort": "2", "keyFire": 0, "firehouseDist": 2, "pop": 427}