{"buildingID": 23125, "county": "\u666e\u9640", "town": "\u66f9\u6768\u65b0\u6751\u8857\u9053", "circleNum": 1, "builtYear": "pre1978", "builtHeight": 99, "storeNum": 33, "floorArea": 101.519085718, "buildArea": 3350.12982869, "seiFort": "1", "keyFire": 0, "firehouseDist": 2, "pop": 134}