{"buildingID": 23316, "county": "\u666e\u9640", "town": "\u957f\u5bff\u8def\u8857\u9053", "circleNum": 0, "builtYear": "2003", "builtHeight": 65, "storeNum": 21, "floorArea": 1254.35237315, "buildArea": 26341.3998362, "seiFort": "3", "keyFire": 0, "firehouseDist": 1, "pop": 5268}