{"buildingID": 7743, "county": "\u666e\u9640", "town": "\u7518\u6cc9\u8def\u8857\u9053", "circleNum": 1, "builtYear": "1987", "builtHeight": 18, "storeNum": 6, "floorArea": 972.350142402, "buildArea": 5834.10085441, "seiFort": "2", "keyFire": 0, "firehouseDist": 3, "pop": 1166}