{"buildingID": 27078, "county": "\u666e\u9640", "town": "\u957f\u98ce\u65b0\u6751\u8857\u9053", "circleNum": 0, "builtYear": "pre1978", "builtHeight": 24, "storeNum": 8, "floorArea": 2875.06119118, "buildArea": 23000.4895295, "seiFort": "1", "keyFire": 1, "firehouseDist": 1, "pop": 1150}