{"buildingID": 28246, "county": "\u666e\u9640", "town": "\u957f\u98ce\u65b0\u6751\u8857\u9053", "circleNum": 1, "builtYear": "pre1978", "builtHeight": 7, "storeNum": 2, "floorArea": 136.342235694, "buildArea": 272.684471388, "seiFort": "1", "keyFire": 0, "firehouseDist": 2, "pop": 10}