{"buildingID": 6210, "county": "\u666e\u9640", "town": "\u6843\u6d66\u9547", "circleNum": 2, "builtYear": "2015", "builtHeight": 12, "storeNum": 4, "floorArea": 183.944143184, "buildArea": 735.776572738, "seiFort": "3", "keyFire": 0, "firehouseDist": 1, "pop": 147}