{"buildingID": 10774, "county": "\u666e\u9640", "town": "\u771f\u5982\u9547", "circleNum": 1, "builtYear": "1994", "builtHeight": 15, "storeNum": 5, "floorArea": 660.410965546, "buildArea": 3302.05482773, "seiFort": "2", "keyFire": 0, "firehouseDist": 2, "pop": 660}