{"buildingID": 25271, "county": "\u666e\u9640", "town": "\u957f\u5f81\u9547", "circleNum": 1, "builtYear": "2000", "builtHeight": 15, "storeNum": 5, "floorArea": 1060.31942988, "buildArea": 5301.59714941, "seiFort": "3", "keyFire": 0, "firehouseDist": 2, "pop": 1060}