{"buildingID": 28136, "county": "\u666e\u9640", "town": "\u957f\u98ce\u65b0\u6751\u8857\u9053", "circleNum": 0, "builtYear": "pre1978", "builtHeight": 3, "storeNum": 1, "floorArea": 116.018197178, "buildArea": 116.018197178, "seiFort": "1", "keyFire": 0, "firehouseDist": 1, "pop": 5}