{"buildingID": 25924, "county": "\u666e\u9640", "town": "\u957f\u98ce\u65b0\u6751\u8857\u9053", "circleNum": 1, "builtYear": "pre1978", "builtHeight": 11, "storeNum": 3, "floorArea": 163.504790725, "buildArea": 490.514372176, "seiFort": "1", "keyFire": 0, "firehouseDist": 3, "pop": 19}