{"buildingID": 19706, "county": "\u666e\u9640", "town": "\u957f\u5f81\u9547", "circleNum": 2, "builtYear": "1979-1985", "builtHeight": 5, "storeNum": 1, "floorArea": 73.2733133616, "buildArea": 73.2733133616, "seiFort": "2", "keyFire": 0, "firehouseDist": 3, "pop": 2}