{"buildingID": 21701, "county": "\u666e\u9640", "town": "\u66f9\u6768\u65b0\u6751\u8857\u9053", "circleNum": 1, "builtYear": "1987", "builtHeight": 106, "storeNum": 35, "floorArea": 216.082508877, "buildArea": 7562.88781069, "seiFort": "2", "keyFire": 0, "firehouseDist": 1, "pop": 1512}