{"buildingID": 11194, "county": "\u666e\u9640", "town": "\u771f\u5982\u9547", "circleNum": 2, "builtYear": "1992", "builtHeight": 18, "storeNum": 6, "floorArea": 629.749842286, "buildArea": 3778.49905372, "seiFort": "2", "keyFire": 0, "firehouseDist": 2, "pop": 755}