{"buildingID": 17946, "county": "\u666e\u9640", "town": "\u957f\u5f81\u9547", "circleNum": 2, "builtYear": "1986", "builtHeight": 54, "storeNum": 18, "floorArea": 290.406176332, "buildArea": 5227.31117397, "seiFort": "2", "keyFire": 0, "firehouseDist": 2, "pop": 1045}