{"buildingID": 25727, "county": "\u666e\u9640", "town": "\u957f\u5bff\u8def\u8857\u9053", "circleNum": 0, "builtYear": "1979-1985", "builtHeight": 21, "storeNum": 7, "floorArea": 181.421667349, "buildArea": 1269.95167144, "seiFort": "2", "keyFire": 0, "firehouseDist": 2, "pop": 253}