{"buildingID": 23795, "county": "\u666e\u9640", "town": "\u957f\u5f81\u9547", "circleNum": 1, "builtYear": "1998", "builtHeight": 18, "storeNum": 6, "floorArea": 859.034949766, "buildArea": 5154.20969859, "seiFort": "2", "keyFire": 0, "firehouseDist": 1, "pop": 1030}