{"buildingID": 4839, "county": "\u666e\u9640", "town": "\u6843\u6d66\u9547", "circleNum": 2, "builtYear": "2000", "builtHeight": 54, "storeNum": 18, "floorArea": 575.728915088, "buildArea": 10363.1204716, "seiFort": "3", "keyFire": 0, "firehouseDist": 2, "pop": 2072}