{"buildingID": 4695, "county": "\u666e\u9640", "town": "\u6843\u6d66\u9547", "circleNum": 2, "builtYear": "1996", "builtHeight": 34, "storeNum": 11, "floorArea": 108.273359167, "buildArea": 1191.00695083, "seiFort": "2", "keyFire": 0, "firehouseDist": 2, "pop": 39}