{"buildingID": 3241, "county": "\u666e\u9640", "town": "\u6843\u6d66\u9547", "circleNum": 2, "builtYear": "1979-1985", "builtHeight": 13, "storeNum": 4, "floorArea": 820.92691743, "buildArea": 3283.70766972, "seiFort": "2", "keyFire": 0, "firehouseDist": 2, "pop": 656}