{"buildingID": 1862, "county": "\u666e\u9640", "town": "\u6843\u6d66\u9547", "circleNum": 2, "builtYear": "2009", "builtHeight": 26, "storeNum": 8, "floorArea": 1449.05335636, "buildArea": 11592.4268509, "seiFort": "3", "keyFire": 0, "firehouseDist": 2, "pop": 2318}