{"buildingID": 4262, "county": "\u666e\u9640", "town": "\u6843\u6d66\u9547", "circleNum": 2, "builtYear": "1999", "builtHeight": 77, "storeNum": 25, "floorArea": 1639.0390321, "buildArea": 40975.9758026, "seiFort": "2", "keyFire": 0, "firehouseDist": 2, "pop": 8195}