{"buildingID": 28584, "county": "\u666e\u9640", "town": "\u957f\u98ce\u65b0\u6751\u8857\u9053", "circleNum": 1, "builtYear": "pre1978", "builtHeight": 10, "storeNum": 3, "floorArea": 515.202217318, "buildArea": 1545.60665195, "seiFort": "1", "keyFire": 0, "firehouseDist": 3, "pop": 61}