{"buildingID": 10477, "county": "\u666e\u9640", "town": "\u7518\u6cc9\u8def\u8857\u9053", "circleNum": 1, "builtYear": "1991", "builtHeight": 19, "storeNum": 6, "floorArea": 328.515651213, "buildArea": 1971.09390728, "seiFort": "2", "keyFire": 0, "firehouseDist": 2, "pop": 394}