{"buildingID": 20297, "county": "\u666e\u9640", "town": "\u957f\u5f81\u9547", "circleNum": 2, "builtYear": "2000", "builtHeight": 21, "storeNum": 7, "floorArea": 839.424451624, "buildArea": 5875.97116137, "seiFort": "3", "keyFire": 0, "firehouseDist": 1, "pop": 1175}