{"buildingID": 25545, "county": "\u666e\u9640", "town": "\u957f\u5bff\u8def\u8857\u9053", "circleNum": 0, "builtYear": "pre1978", "builtHeight": 101, "storeNum": 33, "floorArea": 1826.30341369, "buildArea": 60268.0126519, "seiFort": "1", "keyFire": 1, "firehouseDist": 1, "pop": 12053}