{"buildingID": 17365, "county": "\u666e\u9640", "town": "\u957f\u5f81\u9547", "circleNum": 2, "builtYear": "1997", "builtHeight": 90, "storeNum": 30, "floorArea": 882.716880103, "buildArea": 26481.5064031, "seiFort": "2", "keyFire": 1, "firehouseDist": 1, "pop": 5296}