{"buildingID": 18549, "county": "\u666e\u9640", "town": "\u957f\u5f81\u9547", "circleNum": 2, "builtYear": "1990", "builtHeight": 55, "storeNum": 18, "floorArea": 1856.71221353, "buildArea": 33420.8198435, "seiFort": "2", "keyFire": 1, "firehouseDist": 2, "pop": 6684}