{"buildingID": 9072, "county": "\u666e\u9640", "town": "\u7518\u6cc9\u8def\u8857\u9053", "circleNum": 1, "builtYear": "1988", "builtHeight": 16, "storeNum": 5, "floorArea": 333.941153357, "buildArea": 1669.70576679, "seiFort": "2", "keyFire": 0, "firehouseDist": 3, "pop": 333}