{"buildingID": 5428, "county": "\u666e\u9640", "town": "\u6843\u6d66\u9547", "circleNum": 2, "builtYear": "2000", "builtHeight": 44, "storeNum": 14, "floorArea": 85.0153622422, "buildArea": 1190.21507139, "seiFort": "3", "keyFire": 0, "firehouseDist": 1, "pop": 39}