{"buildingID": 21344, "county": "\u666e\u9640", "town": "\u957f\u5f81\u9547", "circleNum": 1, "builtYear": "1979-1985", "builtHeight": 35, "storeNum": 11, "floorArea": 96.2184412855, "buildArea": 1058.40285414, "seiFort": "2", "keyFire": 0, "firehouseDist": 2, "pop": 42}