{"buildingID": 27545, "county": "\u666e\u9640", "town": "\u957f\u98ce\u65b0\u6751\u8857\u9053", "circleNum": 1, "builtYear": "1996", "builtHeight": 20, "storeNum": 6, "floorArea": 402.067813209, "buildArea": 2412.40687926, "seiFort": "2", "keyFire": 0, "firehouseDist": 3, "pop": 482}