{"buildingID": 1183, "county": "\u666e\u9640", "town": "\u6843\u6d66\u9547", "circleNum": 3, "builtYear": "1996", "builtHeight": 18, "storeNum": 6, "floorArea": 309.744893162, "buildArea": 1858.46935897, "seiFort": "2", "keyFire": 0, "firehouseDist": 4, "pop": 371}