{"buildingID": 26254, "county": "\u666e\u9640", "town": "\u957f\u98ce\u65b0\u6751\u8857\u9053", "circleNum": 0, "builtYear": "pre1978", "builtHeight": 24, "storeNum": 8, "floorArea": 1611.84850656, "buildArea": 12894.7880525, "seiFort": "1", "keyFire": 0, "firehouseDist": 1, "pop": 644}