{"buildingID": 15242, "county": "\u666e\u9640", "town": "\u77f3\u6cc9\u8def\u8857\u9053", "circleNum": 1, "builtYear": "1979-1985", "builtHeight": 17, "storeNum": 5, "floorArea": 660.449101089, "buildArea": 3302.24550545, "seiFort": "2", "keyFire": 0, "firehouseDist": 2, "pop": 660}