{"buildingID": 542, "county": "\u666e\u9640", "town": "\u6843\u6d66\u9547", "circleNum": 3, "builtYear": "2009", "builtHeight": 54, "storeNum": 18, "floorArea": 838.037851758, "buildArea": 15084.6813316, "seiFort": "3", "keyFire": 0, "firehouseDist": 4, "pop": 3016}