{"buildingID": 5287, "county": "\u666e\u9640", "town": "\u6843\u6d66\u9547", "circleNum": 2, "builtYear": "2010", "builtHeight": 8, "storeNum": 2, "floorArea": 12375.4218596, "buildArea": 24750.8437193, "seiFort": "3", "keyFire": 0, "firehouseDist": 1, "pop": 4950}