{"buildingID": 14387, "county": "\u666e\u9640", "town": "\u7518\u6cc9\u8def\u8857\u9053", "circleNum": 1, "builtYear": "1979-1985", "builtHeight": 60, "storeNum": 20, "floorArea": 465.259279548, "buildArea": 9305.18559096, "seiFort": "2", "keyFire": 0, "firehouseDist": 2, "pop": 1861}