{"buildingID": 27034, "county": "\u666e\u9640", "town": "\u957f\u98ce\u65b0\u6751\u8857\u9053", "circleNum": 0, "builtYear": "pre1978", "builtHeight": 9, "storeNum": 3, "floorArea": 1206.43615391, "buildArea": 3619.30846173, "seiFort": "1", "keyFire": 0, "firehouseDist": 1, "pop": 180}