{"buildingID": 5578, "county": "\u666e\u9640", "town": "\u6843\u6d66\u9547", "circleNum": 2, "builtYear": "pre1978", "builtHeight": 105, "storeNum": 35, "floorArea": 375.234485459, "buildArea": 13133.206991, "seiFort": "1", "keyFire": 0, "firehouseDist": 2, "pop": 2626}