{"buildingID": 4620, "county": "\u666e\u9640", "town": "\u6843\u6d66\u9547", "circleNum": 2, "builtYear": "1989", "builtHeight": 74, "storeNum": 24, "floorArea": 85.1903939926, "buildArea": 2044.56945582, "seiFort": "2", "keyFire": 0, "firehouseDist": 2, "pop": 68}