{"buildingID": 4159, "county": "\u666e\u9640", "town": "\u6843\u6d66\u9547", "circleNum": 2, "builtYear": "2003", "builtHeight": 22, "storeNum": 7, "floorArea": 1361.27981956, "buildArea": 9528.95873694, "seiFort": "3", "keyFire": 0, "firehouseDist": 2, "pop": 1905}