{"buildingID": 10085, "county": "\u666e\u9640", "town": "\u771f\u5982\u9547", "circleNum": 2, "builtYear": "2006", "builtHeight": 3, "storeNum": 1, "floorArea": 794.132874872, "buildArea": 794.132874872, "seiFort": "3", "keyFire": 0, "firehouseDist": 2, "pop": 158}