{"buildingID": 15083, "county": "\u666e\u9640", "town": "\u771f\u5982\u9547", "circleNum": 2, "builtYear": "pre1978", "builtHeight": 31, "storeNum": 10, "floorArea": 208.330844493, "buildArea": 2083.30844493, "seiFort": "1", "keyFire": 0, "firehouseDist": 2, "pop": 69}