{"buildingID": 7615, "county": "\u666e\u9640", "town": "\u7518\u6cc9\u8def\u8857\u9053", "circleNum": 1, "builtYear": "1979-1985", "builtHeight": 17, "storeNum": 5, "floorArea": 1122.20311772, "buildArea": 5611.01558859, "seiFort": "2", "keyFire": 0, "firehouseDist": 2, "pop": 1122}