{"buildingID": 27775, "county": "\u666e\u9640", "town": "\u957f\u98ce\u65b0\u6751\u8857\u9053", "circleNum": 1, "builtYear": "1990", "builtHeight": 6, "storeNum": 2, "floorArea": 21.0640048905, "buildArea": 42.1280097809, "seiFort": "2", "keyFire": 0, "firehouseDist": 2, "pop": 1}