{"buildingID": 17788, "county": "\u666e\u9640", "town": "\u957f\u5f81\u9547", "circleNum": 2, "builtYear": "1979-1985", "builtHeight": 3, "storeNum": 1, "floorArea": 536.376561583, "buildArea": 536.376561583, "seiFort": "2", "keyFire": 0, "firehouseDist": 3, "pop": 107}