{"buildingID": 23900, "county": "\u666e\u9640", "town": "\u66f9\u6768\u65b0\u6751\u8857\u9053", "circleNum": 1, "builtYear": "1988", "builtHeight": 3, "storeNum": 1, "floorArea": 103.527139791, "buildArea": 103.527139791, "seiFort": "2", "keyFire": 0, "firehouseDist": 2, "pop": 4}