{"buildingID": 29043, "county": "\u666e\u9640", "town": "\u957f\u98ce\u65b0\u6751\u8857\u9053", "circleNum": 1, "builtYear": "pre1978", "builtHeight": 40, "storeNum": 13, "floorArea": 897.604077058, "buildArea": 11668.8530017, "seiFort": "1", "keyFire": 0, "firehouseDist": 3, "pop": 466}