{"buildingID": 12465, "county": "\u666e\u9640", "town": "\u771f\u5982\u9547", "circleNum": 1, "builtYear": "1979-1985", "builtHeight": 63, "storeNum": 21, "floorArea": 187.389757499, "buildArea": 3935.18490748, "seiFort": "2", "keyFire": 0, "firehouseDist": 2, "pop": 787}