{"buildingID": 14588, "county": "\u666e\u9640", "town": "\u771f\u5982\u9547", "circleNum": 1, "builtYear": "pre1978", "builtHeight": 75, "storeNum": 25, "floorArea": 60.2536554316, "buildArea": 1506.34138579, "seiFort": "1", "keyFire": 0, "firehouseDist": 2, "pop": 60}