{"buildingID": 16354, "county": "\u666e\u9640", "town": "\u771f\u5982\u9547", "circleNum": 2, "builtYear": "2000", "builtHeight": 46, "storeNum": 15, "floorArea": 479.430230665, "buildArea": 7191.45345997, "seiFort": "3", "keyFire": 0, "firehouseDist": 1, "pop": 1438}