{"buildingID": 18686, "county": "\u666e\u9640", "town": "\u957f\u5f81\u9547", "circleNum": 2, "builtYear": "1979-1985", "builtHeight": 18, "storeNum": 6, "floorArea": 1374.05883137, "buildArea": 8244.35298823, "seiFort": "2", "keyFire": 0, "firehouseDist": 2, "pop": 1648}