{"buildingID": 12039, "county": "\u666e\u9640", "town": "\u771f\u5982\u9547", "circleNum": 1, "builtYear": "1990", "builtHeight": 54, "storeNum": 18, "floorArea": 31.1499671601, "buildArea": 560.699408882, "seiFort": "2", "keyFire": 0, "firehouseDist": 2, "pop": 22}