{"buildingID": 15040, "county": "\u666e\u9640", "town": "\u771f\u5982\u9547", "circleNum": 1, "builtYear": "1999", "builtHeight": 6, "storeNum": 2, "floorArea": 2021.19284988, "buildArea": 4042.38569976, "seiFort": "2", "keyFire": 0, "firehouseDist": 2, "pop": 808}