{"buildingID": 11300, "county": "\u666e\u9640", "town": "\u771f\u5982\u9547", "circleNum": 2, "builtYear": "1979-1985", "builtHeight": 26, "storeNum": 8, "floorArea": 1052.2850868, "buildArea": 8418.28069443, "seiFort": "2", "keyFire": 0, "firehouseDist": 2, "pop": 1683}