{"buildingID": 27519, "county": "\u666e\u9640", "town": "\u957f\u98ce\u65b0\u6751\u8857\u9053", "circleNum": 1, "builtYear": "pre1978", "builtHeight": 7, "storeNum": 2, "floorArea": 311.873472602, "buildArea": 623.746945204, "seiFort": "1", "keyFire": 0, "firehouseDist": 2, "pop": 24}