{"buildingID": 27209, "county": "\u666e\u9640", "town": "\u957f\u98ce\u65b0\u6751\u8857\u9053", "circleNum": 1, "builtYear": "pre1978", "builtHeight": 32, "storeNum": 10, "floorArea": 48.2268140556, "buildArea": 482.268140556, "seiFort": "1", "keyFire": 0, "firehouseDist": 2, "pop": 19}