{"buildingID": 4237, "county": "\u666e\u9640", "town": "\u6843\u6d66\u9547", "circleNum": 2, "builtYear": "2017", "builtHeight": 83, "storeNum": 27, "floorArea": 80.6248370579, "buildArea": 2176.87060056, "seiFort": "3", "keyFire": 0, "firehouseDist": 2, "pop": 72}