{"buildingID": 17927, "county": "\u666e\u9640", "town": "\u957f\u5f81\u9547", "circleNum": 2, "builtYear": "1979-1985", "builtHeight": 17, "storeNum": 5, "floorArea": 1108.87339522, "buildArea": 5544.36697609, "seiFort": "2", "keyFire": 0, "firehouseDist": 2, "pop": 1108}