{"buildingID": 2850, "county": "\u666e\u9640", "town": "\u6843\u6d66\u9547", "circleNum": 2, "builtYear": "2000", "builtHeight": 11, "storeNum": 3, "floorArea": 1683.63622873, "buildArea": 5050.9086862, "seiFort": "3", "keyFire": 0, "firehouseDist": 2, "pop": 1010}