{"buildingID": 4594, "county": "\u666e\u9640", "town": "\u6843\u6d66\u9547", "circleNum": 2, "builtYear": "1994", "builtHeight": 24, "storeNum": 8, "floorArea": 1136.87608296, "buildArea": 9095.00866366, "seiFort": "2", "keyFire": 0, "firehouseDist": 2, "pop": 1819}