{"buildingID": 12783, "county": "\u666e\u9640", "town": "\u771f\u5982\u9547", "circleNum": 1, "builtYear": "1988", "builtHeight": 14, "storeNum": 4, "floorArea": 327.752293586, "buildArea": 1311.00917434, "seiFort": "2", "keyFire": 0, "firehouseDist": 2, "pop": 262}