{"buildingID": 13825, "county": "\u666e\u9640", "town": "\u77f3\u6cc9\u8def\u8857\u9053", "circleNum": 1, "builtYear": "1979-1985", "builtHeight": 97, "storeNum": 32, "floorArea": 313.101488907, "buildArea": 10019.247645, "seiFort": "2", "keyFire": 0, "firehouseDist": 3, "pop": 2003}