{"buildingID": 13896, "county": "\u666e\u9640", "town": "\u771f\u5982\u9547", "circleNum": 1, "builtYear": "pre1978", "builtHeight": 54, "storeNum": 18, "floorArea": 126.463706019, "buildArea": 2276.34670835, "seiFort": "1", "keyFire": 0, "firehouseDist": 2, "pop": 91}