{"buildingID": 15158, "county": "\u666e\u9640", "town": "\u771f\u5982\u9547", "circleNum": 1, "builtYear": "1994", "builtHeight": 79, "storeNum": 26, "floorArea": 122.822113889, "buildArea": 3193.3749611, "seiFort": "2", "keyFire": 0, "firehouseDist": 2, "pop": 127}