{"buildingID": 5030, "county": "\u666e\u9640", "town": "\u6843\u6d66\u9547", "circleNum": 2, "builtYear": "2017", "builtHeight": 18, "storeNum": 6, "floorArea": 299.868940601, "buildArea": 1799.21364361, "seiFort": "3", "keyFire": 0, "firehouseDist": 2, "pop": 359}