{"buildingID": 27198, "county": "\u666e\u9640", "town": "\u957f\u98ce\u65b0\u6751\u8857\u9053", "circleNum": 1, "builtYear": "pre1978", "builtHeight": 19, "storeNum": 6, "floorArea": 27.6336899722, "buildArea": 165.802139833, "seiFort": "1", "keyFire": 0, "firehouseDist": 2, "pop": 6}