{"buildingID": 27296, "county": "\u666e\u9640", "town": "\u957f\u98ce\u65b0\u6751\u8857\u9053", "circleNum": 0, "builtYear": "pre1978", "builtHeight": 99, "storeNum": 33, "floorArea": 898.801075372, "buildArea": 29660.4354873, "seiFort": "1", "keyFire": 0, "firehouseDist": 2, "pop": 1483}