{"buildingID": 14248, "county": "\u666e\u9640", "town": "\u77f3\u6cc9\u8def\u8857\u9053", "circleNum": 1, "builtYear": "1979-1985", "builtHeight": 98, "storeNum": 32, "floorArea": 908.471356548, "buildArea": 29071.0834095, "seiFort": "2", "keyFire": 0, "firehouseDist": 2, "pop": 5814}