{"buildingID": 20052, "county": "\u666e\u9640", "town": "\u66f9\u6768\u65b0\u6751\u8857\u9053", "circleNum": 1, "builtYear": "1989", "builtHeight": 17, "storeNum": 5, "floorArea": 1590.22493013, "buildArea": 7951.12465066, "seiFort": "2", "keyFire": 0, "firehouseDist": 1, "pop": 1590}