{"buildingID": 15459, "county": "\u666e\u9640", "town": "\u77f3\u6cc9\u8def\u8857\u9053", "circleNum": 1, "builtYear": "pre1978", "builtHeight": 15, "storeNum": 5, "floorArea": 728.857334475, "buildArea": 3644.28667237, "seiFort": "1", "keyFire": 0, "firehouseDist": 2, "pop": 145}