{"buildingID": 6185, "county": "\u666e\u9640", "town": "\u6843\u6d66\u9547", "circleNum": 2, "builtYear": "2005", "builtHeight": 47, "storeNum": 15, "floorArea": 58.1631776835, "buildArea": 872.447665252, "seiFort": "3", "keyFire": 0, "firehouseDist": 1, "pop": 29}