{"buildingID": 7262, "county": "\u666e\u9640", "town": "\u6843\u6d66\u9547", "circleNum": 2, "builtYear": "1979-1985", "builtHeight": 5, "storeNum": 1, "floorArea": 420.774614987, "buildArea": 420.774614987, "seiFort": "2", "keyFire": 0, "firehouseDist": 2, "pop": 84}