{"buildingID": 8730, "county": "\u666e\u9640", "town": "\u7518\u6cc9\u8def\u8857\u9053", "circleNum": 1, "builtYear": "1988", "builtHeight": 17, "storeNum": 5, "floorArea": 261.151018751, "buildArea": 1305.75509375, "seiFort": "2", "keyFire": 0, "firehouseDist": 3, "pop": 261}