{"buildingID": 29100, "county": "\u666e\u9640", "town": "\u957f\u98ce\u65b0\u6751\u8857\u9053", "circleNum": 1, "builtYear": "1993", "builtHeight": 8, "storeNum": 2, "floorArea": 848.818059437, "buildArea": 1697.63611887, "seiFort": "2", "keyFire": 0, "firehouseDist": 3, "pop": 339}