{"buildingID": 5550, "county": "\u666e\u9640", "town": "\u6843\u6d66\u9547", "circleNum": 2, "builtYear": "1995", "builtHeight": 14, "storeNum": 4, "floorArea": 756.473316489, "buildArea": 3025.89326596, "seiFort": "2", "keyFire": 0, "firehouseDist": 2, "pop": 605}