{"buildingID": 12590, "county": "\u666e\u9640", "town": "\u771f\u5982\u9547", "circleNum": 2, "builtYear": "1994", "builtHeight": 6, "storeNum": 2, "floorArea": 322.173945473, "buildArea": 644.347890945, "seiFort": "2", "keyFire": 0, "firehouseDist": 2, "pop": 128}