{"buildingID": 27567, "county": "\u666e\u9640", "town": "\u957f\u98ce\u65b0\u6751\u8857\u9053", "circleNum": 1, "builtYear": "pre1978", "builtHeight": 10, "storeNum": 3, "floorArea": 1461.35212048, "buildArea": 4384.05636145, "seiFort": "1", "keyFire": 0, "firehouseDist": 3, "pop": 175}