{"buildingID": 20387, "county": "\u666e\u9640", "town": "\u771f\u5982\u9547", "circleNum": 1, "builtYear": "2017", "builtHeight": 10, "storeNum": 3, "floorArea": 324.167245522, "buildArea": 972.501736566, "seiFort": "3", "keyFire": 0, "firehouseDist": 2, "pop": 194}