{"buildingID": 16077, "county": "\u666e\u9640", "town": "\u771f\u5982\u9547", "circleNum": 1, "builtYear": "1987", "builtHeight": 6, "storeNum": 2, "floorArea": 492.698893028, "buildArea": 985.397786057, "seiFort": "2", "keyFire": 0, "firehouseDist": 1, "pop": 197}