{"buildingID": 26650, "county": "\u666e\u9640", "town": "\u66f9\u6768\u65b0\u6751\u8857\u9053", "circleNum": 1, "builtYear": "1979-1985", "builtHeight": 12, "storeNum": 4, "floorArea": 389.286054602, "buildArea": 1557.14421841, "seiFort": "2", "keyFire": 0, "firehouseDist": 2, "pop": 311}