{"buildingID": 13456, "county": "\u666e\u9640", "town": "\u77f3\u6cc9\u8def\u8857\u9053", "circleNum": 1, "builtYear": "pre1978", "builtHeight": 99, "storeNum": 33, "floorArea": 1342.15913363, "buildArea": 44291.2514099, "seiFort": "1", "keyFire": 0, "firehouseDist": 2, "pop": 1771}