{"buildingID": 6382, "county": "\u666e\u9640", "town": "\u6843\u6d66\u9547", "circleNum": 2, "builtYear": "2007", "builtHeight": 16, "storeNum": 5, "floorArea": 1143.97051437, "buildArea": 5719.85257184, "seiFort": "3", "keyFire": 0, "firehouseDist": 1, "pop": 1143}