{"buildingID": 11682, "county": "\u666e\u9640", "town": "\u771f\u5982\u9547", "circleNum": 2, "builtYear": "2017", "builtHeight": 29, "storeNum": 9, "floorArea": 51.0465233385, "buildArea": 459.418710047, "seiFort": "3", "keyFire": 0, "firehouseDist": 2, "pop": 15}