{"buildingID": 5403, "county": "\u666e\u9640", "town": "\u6843\u6d66\u9547", "circleNum": 2, "builtYear": "1997", "builtHeight": 40, "storeNum": 13, "floorArea": 438.651237062, "buildArea": 5702.4660818, "seiFort": "2", "keyFire": 0, "firehouseDist": 1, "pop": 1140}