{"buildingID": 15701, "county": "\u666e\u9640", "town": "\u771f\u5982\u9547", "circleNum": 2, "builtYear": "1995", "builtHeight": 54, "storeNum": 18, "floorArea": 89.9853446548, "buildArea": 1619.73620379, "seiFort": "2", "keyFire": 0, "firehouseDist": 1, "pop": 53}