{"buildingID": 15730, "county": "\u666e\u9640", "town": "\u771f\u5982\u9547", "circleNum": 2, "builtYear": "1995", "builtHeight": 13, "storeNum": 4, "floorArea": 626.57933597, "buildArea": 2506.31734388, "seiFort": "2", "keyFire": 0, "firehouseDist": 1, "pop": 501}