{"buildingID": 4614, "county": "\u666e\u9640", "town": "\u6843\u6d66\u9547", "circleNum": 2, "builtYear": "2010", "builtHeight": 77, "storeNum": 25, "floorArea": 96.1040900977, "buildArea": 2402.60225244, "seiFort": "3", "keyFire": 0, "firehouseDist": 2, "pop": 80}