{"buildingID": 10446, "county": "\u666e\u9640", "town": "\u7518\u6cc9\u8def\u8857\u9053", "circleNum": 1, "builtYear": "pre1978", "builtHeight": 13, "storeNum": 4, "floorArea": 224.065608072, "buildArea": 896.262432289, "seiFort": "1", "keyFire": 0, "firehouseDist": 2, "pop": 35}