{"buildingID": 10238, "county": "\u666e\u9640", "town": "\u771f\u5982\u9547", "circleNum": 2, "builtYear": "2003", "builtHeight": 12, "storeNum": 4, "floorArea": 871.969083879, "buildArea": 3487.87633552, "seiFort": "3", "keyFire": 0, "firehouseDist": 2, "pop": 697}