{"buildingID": 6188, "county": "\u666e\u9640", "town": "\u6843\u6d66\u9547", "circleNum": 2, "builtYear": "2016", "builtHeight": 54, "storeNum": 18, "floorArea": 346.877063119, "buildArea": 6243.78713614, "seiFort": "3", "keyFire": 0, "firehouseDist": 1, "pop": 1248}