{"buildingID": 19127, "county": "\u666e\u9640", "town": "\u957f\u5f81\u9547", "circleNum": 2, "builtYear": "1986", "builtHeight": 56, "storeNum": 18, "floorArea": 893.441932375, "buildArea": 16081.9547827, "seiFort": "2", "keyFire": 0, "firehouseDist": 3, "pop": 3216}