{"buildingID": 11284, "county": "\u666e\u9640", "town": "\u771f\u5982\u9547", "circleNum": 2, "builtYear": "1998", "builtHeight": 17, "storeNum": 5, "floorArea": 555.852708916, "buildArea": 2779.26354458, "seiFort": "2", "keyFire": 0, "firehouseDist": 2, "pop": 555}