{"buildingID": 11822, "county": "\u666e\u9640", "town": "\u771f\u5982\u9547", "circleNum": 1, "builtYear": "1979-1985", "builtHeight": 3, "storeNum": 1, "floorArea": 975.887808266, "buildArea": 975.887808266, "seiFort": "2", "keyFire": 0, "firehouseDist": 2, "pop": 195}