{"buildingID": 3172, "county": "\u666e\u9640", "town": "\u6843\u6d66\u9547", "circleNum": 3, "builtYear": "1979-1985", "builtHeight": 54, "storeNum": 18, "floorArea": 1059.87058205, "buildArea": 19077.6704769, "seiFort": "2", "keyFire": 0, "firehouseDist": 3, "pop": 3815}