{"buildingID": 27899, "county": "\u666e\u9640", "town": "\u957f\u98ce\u65b0\u6751\u8857\u9053", "circleNum": 1, "builtYear": "pre1978", "builtHeight": 17, "storeNum": 5, "floorArea": 65.8117159893, "buildArea": 329.058579946, "seiFort": "1", "keyFire": 0, "firehouseDist": 2, "pop": 13}