{"buildingID": 8740, "county": "\u666e\u9640", "town": "\u957f\u5f81\u9547", "circleNum": 1, "builtYear": "1979-1985", "builtHeight": 14, "storeNum": 4, "floorArea": 425.031856553, "buildArea": 1700.12742621, "seiFort": "2", "keyFire": 0, "firehouseDist": 3, "pop": 340}