{"buildingID": 26460, "county": "\u666e\u9640", "town": "\u957f\u5bff\u8def\u8857\u9053", "circleNum": 0, "builtYear": "pre1978", "builtHeight": 81, "storeNum": 27, "floorArea": 924.771355207, "buildArea": 24968.8265906, "seiFort": "1", "keyFire": 1, "firehouseDist": 1, "pop": 1248}