{"buildingID": 15993, "county": "\u666e\u9640", "town": "\u77f3\u6cc9\u8def\u8857\u9053", "circleNum": 1, "builtYear": "1979-1985", "builtHeight": 6, "storeNum": 2, "floorArea": 195.47150013, "buildArea": 390.943000261, "seiFort": "2", "keyFire": 0, "firehouseDist": 1, "pop": 78}