{"buildingID": 17432, "county": "\u666e\u9640", "town": "\u957f\u5f81\u9547", "circleNum": 2, "builtYear": "1987", "builtHeight": 18, "storeNum": 6, "floorArea": 1143.35200864, "buildArea": 6860.11205183, "seiFort": "2", "keyFire": 0, "firehouseDist": 2, "pop": 1372}