{"buildingID": 9804, "county": "\u666e\u9640", "town": "\u771f\u5982\u9547", "circleNum": 1, "builtYear": "1988", "builtHeight": 14, "storeNum": 4, "floorArea": 697.107372486, "buildArea": 2788.42948995, "seiFort": "2", "keyFire": 0, "firehouseDist": 2, "pop": 557}