{"buildingID": 23759, "county": "\u666e\u9640", "town": "\u957f\u5f81\u9547", "circleNum": 1, "builtYear": "1979-1985", "builtHeight": 16, "storeNum": 5, "floorArea": 793.466770379, "buildArea": 3967.3338519, "seiFort": "2", "keyFire": 0, "firehouseDist": 2, "pop": 793}