{"buildingID": 10956, "county": "\u666e\u9640", "town": "\u7518\u6cc9\u8def\u8857\u9053", "circleNum": 1, "builtYear": "pre1978", "builtHeight": 12, "storeNum": 4, "floorArea": 593.732912404, "buildArea": 2374.93164962, "seiFort": "1", "keyFire": 0, "firehouseDist": 3, "pop": 94}