{"buildingID": 9157, "county": "\u666e\u9640", "town": "\u7518\u6cc9\u8def\u8857\u9053", "circleNum": 1, "builtYear": "2013", "builtHeight": 11, "storeNum": 3, "floorArea": 233.767620035, "buildArea": 701.302860106, "seiFort": "3", "keyFire": 0, "firehouseDist": 3, "pop": 140}