{"buildingID": 12265, "county": "\u666e\u9640", "town": "\u771f\u5982\u9547", "circleNum": 1, "builtYear": "2001", "builtHeight": 9, "storeNum": 3, "floorArea": 275.864799382, "buildArea": 827.594398145, "seiFort": "3", "keyFire": 0, "firehouseDist": 1, "pop": 165}