{"buildingID": 8780, "county": "\u666e\u9640", "town": "\u6843\u6d66\u9547", "circleNum": 2, "builtYear": "1998", "builtHeight": 21, "storeNum": 7, "floorArea": 419.153363675, "buildArea": 2934.07354573, "seiFort": "2", "keyFire": 0, "firehouseDist": 2, "pop": 586}