{"buildingID": 28319, "county": "\u666e\u9640", "town": "\u957f\u98ce\u65b0\u6751\u8857\u9053", "circleNum": 1, "builtYear": "2015", "builtHeight": 13, "storeNum": 4, "floorArea": 752.924124438, "buildArea": 3011.69649775, "seiFort": "3", "keyFire": 0, "firehouseDist": 2, "pop": 602}