{"buildingID": 29021, "county": "\u666e\u9640", "town": "\u957f\u98ce\u65b0\u6751\u8857\u9053", "circleNum": 1, "builtYear": "1979-1985", "builtHeight": 100, "storeNum": 33, "floorArea": 1845.76499456, "buildArea": 60910.2448206, "seiFort": "2", "keyFire": 0, "firehouseDist": 3, "pop": 12182}