{"buildingID": 18751, "county": "\u666e\u9640", "town": "\u957f\u5f81\u9547", "circleNum": 2, "builtYear": "1986", "builtHeight": 74, "storeNum": 24, "floorArea": 683.481279365, "buildArea": 16403.5507048, "seiFort": "2", "keyFire": 0, "firehouseDist": 2, "pop": 3280}