{"buildingID": 4039, "county": "\u666e\u9640", "town": "\u6843\u6d66\u9547", "circleNum": 2, "builtYear": "2013", "builtHeight": 7, "storeNum": 2, "floorArea": 3495.04466273, "buildArea": 6990.08932547, "seiFort": "3", "keyFire": 0, "firehouseDist": 3, "pop": 1398}