{"buildingID": 9450, "county": "\u666e\u9640", "town": "\u957f\u5f81\u9547", "circleNum": 1, "builtYear": "1989", "builtHeight": 59, "storeNum": 19, "floorArea": 379.362705072, "buildArea": 7207.89139637, "seiFort": "2", "keyFire": 0, "firehouseDist": 2, "pop": 1441}