{"buildingID": 20310, "county": "\u666e\u9640", "town": "\u957f\u5f81\u9547", "circleNum": 2, "builtYear": "1979-1985", "builtHeight": 16, "storeNum": 5, "floorArea": 601.229002351, "buildArea": 3006.14501175, "seiFort": "2", "keyFire": 0, "firehouseDist": 1, "pop": 601}