{"buildingID": 29459, "county": "\u666e\u9640", "town": "\u957f\u98ce\u65b0\u6751\u8857\u9053", "circleNum": 1, "builtYear": "pre1978", "builtHeight": 15, "storeNum": 5, "floorArea": 629.01145182, "buildArea": 3145.0572591, "seiFort": "1", "keyFire": 0, "firehouseDist": 3, "pop": 125}