{"buildingID": 1729, "county": "\u666e\u9640", "town": "\u6843\u6d66\u9547", "circleNum": 2, "builtYear": "1979-1985", "builtHeight": 12, "storeNum": 4, "floorArea": 1449.68550513, "buildArea": 5798.74202051, "seiFort": "2", "keyFire": 0, "firehouseDist": 2, "pop": 1159}