{"buildingID": 4572, "county": "\u666e\u9640", "town": "\u6843\u6d66\u9547", "circleNum": 2, "builtYear": "1990", "builtHeight": 80, "storeNum": 26, "floorArea": 101.536748265, "buildArea": 2639.95545488, "seiFort": "2", "keyFire": 0, "firehouseDist": 2, "pop": 87}