{"buildingID": 15756, "county": "\u666e\u9640", "town": "\u771f\u5982\u9547", "circleNum": 2, "builtYear": "1994", "builtHeight": 39, "storeNum": 13, "floorArea": 846.275411779, "buildArea": 11001.5803531, "seiFort": "2", "keyFire": 0, "firehouseDist": 1, "pop": 2200}