{"buildingID": 4564, "county": "\u666e\u9640", "town": "\u6843\u6d66\u9547", "circleNum": 2, "builtYear": "1996", "builtHeight": 77, "storeNum": 25, "floorArea": 97.5484840289, "buildArea": 2438.71210072, "seiFort": "2", "keyFire": 0, "firehouseDist": 2, "pop": 81}