{"buildingID": 27312, "county": "\u666e\u9640", "town": "\u957f\u98ce\u65b0\u6751\u8857\u9053", "circleNum": 1, "builtYear": "pre1978", "builtHeight": 21, "storeNum": 7, "floorArea": 337.254524791, "buildArea": 2360.78167354, "seiFort": "1", "keyFire": 1, "firehouseDist": 2, "pop": 94}