{"buildingID": 15862, "county": "\u666e\u9640", "town": "\u771f\u5982\u9547", "circleNum": 1, "builtYear": "2012", "builtHeight": 6, "storeNum": 2, "floorArea": 728.093836409, "buildArea": 1456.18767282, "seiFort": "3", "keyFire": 0, "firehouseDist": 2, "pop": 291}