{"buildingID": 12697, "county": "\u666e\u9640", "town": "\u771f\u5982\u9547", "circleNum": 2, "builtYear": "1994", "builtHeight": 14, "storeNum": 4, "floorArea": 599.768215324, "buildArea": 2399.0728613, "seiFort": "2", "keyFire": 1, "firehouseDist": 2, "pop": 479}