{"buildingID": 11280, "county": "\u666e\u9640", "town": "\u771f\u5982\u9547", "circleNum": 2, "builtYear": "1998", "builtHeight": 16, "storeNum": 5, "floorArea": 430.702590199, "buildArea": 2153.51295099, "seiFort": "2", "keyFire": 0, "firehouseDist": 2, "pop": 430}