{"buildingID": 428, "county": "\u666e\u9640", "town": "\u6843\u6d66\u9547", "circleNum": 3, "builtYear": "2004", "builtHeight": 54, "storeNum": 18, "floorArea": 657.492596366, "buildArea": 11834.8667346, "seiFort": "3", "keyFire": 0, "firehouseDist": 3, "pop": 2366}