{"buildingID": 4394, "county": "\u666e\u9640", "town": "\u6843\u6d66\u9547", "circleNum": 2, "builtYear": "1995", "builtHeight": 28, "storeNum": 9, "floorArea": 299.050427898, "buildArea": 2691.45385108, "seiFort": "2", "keyFire": 0, "firehouseDist": 2, "pop": 538}