{"buildingID": 22246, "county": "\u666e\u9640", "town": "\u66f9\u6768\u65b0\u6751\u8857\u9053", "circleNum": 1, "builtYear": "1979-1985", "builtHeight": 14, "storeNum": 4, "floorArea": 361.483132139, "buildArea": 1445.93252856, "seiFort": "2", "keyFire": 0, "firehouseDist": 1, "pop": 289}