{"buildingID": 23884, "county": "\u666e\u9640", "town": "\u957f\u5bff\u8def\u8857\u9053", "circleNum": 0, "builtYear": "1979-1985", "builtHeight": 7, "storeNum": 2, "floorArea": 1087.79750287, "buildArea": 2175.59500573, "seiFort": "2", "keyFire": 0, "firehouseDist": 1, "pop": 435}