{"buildingID": 1747, "county": "\u666e\u9640", "town": "\u6843\u6d66\u9547", "circleNum": 2, "builtYear": "2001", "builtHeight": 20, "storeNum": 6, "floorArea": 468.286679754, "buildArea": 2809.72007852, "seiFort": "3", "keyFire": 0, "firehouseDist": 2, "pop": 561}