{"buildingID": 11719, "county": "\u666e\u9640", "town": "\u7518\u6cc9\u8def\u8857\u9053", "circleNum": 1, "builtYear": "1979-1985", "builtHeight": 8, "storeNum": 2, "floorArea": 467.951922623, "buildArea": 935.903845247, "seiFort": "2", "keyFire": 0, "firehouseDist": 2, "pop": 187}