{"buildingID": 4709, "county": "\u666e\u9640", "town": "\u6843\u6d66\u9547", "circleNum": 2, "builtYear": "1997", "builtHeight": 75, "storeNum": 25, "floorArea": 49.2299935666, "buildArea": 1230.74983917, "seiFort": "2", "keyFire": 0, "firehouseDist": 2, "pop": 41}