{"buildingID": 10745, "county": "\u666e\u9640", "town": "\u771f\u5982\u9547", "circleNum": 1, "builtYear": "pre1978", "builtHeight": 63, "storeNum": 21, "floorArea": 81.7770855651, "buildArea": 1717.31879687, "seiFort": "1", "keyFire": 0, "firehouseDist": 2, "pop": 68}