{"buildingID": 3444, "county": "\u666e\u9640", "town": "\u6843\u6d66\u9547", "circleNum": 3, "builtYear": "1998", "builtHeight": 18, "storeNum": 6, "floorArea": 1001.34311847, "buildArea": 6008.0587108, "seiFort": "2", "keyFire": 0, "firehouseDist": 3, "pop": 1201}