{"buildingID": 24825, "county": "\u666e\u9640", "town": "\u957f\u5bff\u8def\u8857\u9053", "circleNum": 0, "builtYear": "1979-1985", "builtHeight": 12, "storeNum": 4, "floorArea": 363.329820557, "buildArea": 1453.31928223, "seiFort": "2", "keyFire": 0, "firehouseDist": 1, "pop": 290}