{"buildingID": 14517, "county": "\u666e\u9640", "town": "\u771f\u5982\u9547", "circleNum": 2, "builtYear": "1993", "builtHeight": 18, "storeNum": 6, "floorArea": 684.516524532, "buildArea": 4107.09914719, "seiFort": "2", "keyFire": 0, "firehouseDist": 1, "pop": 821}