{"buildingID": 11221, "county": "\u666e\u9640", "town": "\u7518\u6cc9\u8def\u8857\u9053", "circleNum": 1, "builtYear": "pre1978", "builtHeight": 44, "storeNum": 14, "floorArea": 844.570900281, "buildArea": 11823.9926039, "seiFort": "1", "keyFire": 0, "firehouseDist": 2, "pop": 472}