{"buildingID": 11914, "county": "\u666e\u9640", "town": "\u771f\u5982\u9547", "circleNum": 1, "builtYear": "1997", "builtHeight": 43, "storeNum": 14, "floorArea": 26.1304792637, "buildArea": 365.826709692, "seiFort": "2", "keyFire": 0, "firehouseDist": 2, "pop": 14}