{"buildingID": 14808, "county": "\u666e\u9640", "town": "\u77f3\u6cc9\u8def\u8857\u9053", "circleNum": 1, "builtYear": "1979-1985", "builtHeight": 3, "storeNum": 1, "floorArea": 112.540710306, "buildArea": 112.540710306, "seiFort": "2", "keyFire": 0, "firehouseDist": 2, "pop": 4}