{"buildingID": 6283, "county": "\u666e\u9640", "town": "\u6843\u6d66\u9547", "circleNum": 2, "builtYear": "1986", "builtHeight": 19, "storeNum": 6, "floorArea": 286.977331737, "buildArea": 1721.86399042, "seiFort": "2", "keyFire": 0, "firehouseDist": 1, "pop": 344}