{"buildingID": 20456, "county": "\u666e\u9640", "town": "\u771f\u5982\u9547", "circleNum": 1, "builtYear": "1979-1985", "builtHeight": 20, "storeNum": 6, "floorArea": 709.503091782, "buildArea": 4257.01855069, "seiFort": "2", "keyFire": 0, "firehouseDist": 1, "pop": 851}