{"buildingID": 11324, "county": "\u666e\u9640", "town": "\u957f\u5f81\u9547", "circleNum": 1, "builtYear": "1979-1985", "builtHeight": 8, "storeNum": 2, "floorArea": 355.851194052, "buildArea": 711.702388104, "seiFort": "2", "keyFire": 0, "firehouseDist": 3, "pop": 142}