{"buildingID": 22095, "county": "\u666e\u9640", "town": "\u957f\u5bff\u8def\u8857\u9053", "circleNum": 0, "builtYear": "1979-1985", "builtHeight": 14, "storeNum": 4, "floorArea": 631.349909481, "buildArea": 2525.39963792, "seiFort": "2", "keyFire": 0, "firehouseDist": 1, "pop": 505}