{"buildingID": 4490, "county": "\u666e\u9640", "town": "\u6843\u6d66\u9547", "circleNum": 2, "builtYear": "1995", "builtHeight": 7, "storeNum": 2, "floorArea": 10988.6706039, "buildArea": 21977.3412078, "seiFort": "2", "keyFire": 1, "firehouseDist": 2, "pop": 4395}