{"buildingID": 13155, "county": "\u666e\u9640", "town": "\u5b9c\u5ddd\u8def\u8857\u9053", "circleNum": 1, "builtYear": "1979-1985", "builtHeight": 23, "storeNum": 7, "floorArea": 325.717633918, "buildArea": 2280.02343742, "seiFort": "2", "keyFire": 0, "firehouseDist": 2, "pop": 456}