{"buildingID": 2874, "county": "\u666e\u9640", "town": "\u6843\u6d66\u9547", "circleNum": 2, "builtYear": "2008", "builtHeight": 9, "storeNum": 3, "floorArea": 3286.37996176, "buildArea": 9859.13988529, "seiFort": "3", "keyFire": 0, "firehouseDist": 2, "pop": 1971}