{"buildingID": 10118, "county": "\u666e\u9640", "town": "\u771f\u5982\u9547", "circleNum": 2, "builtYear": "2008", "builtHeight": 6, "storeNum": 2, "floorArea": 446.130028756, "buildArea": 892.260057511, "seiFort": "3", "keyFire": 0, "firehouseDist": 2, "pop": 178}