{"buildingID": 9021, "county": "\u666e\u9640", "town": "\u957f\u5f81\u9547", "circleNum": 1, "builtYear": "1998", "builtHeight": 57, "storeNum": 19, "floorArea": 337.655186595, "buildArea": 6415.44854531, "seiFort": "2", "keyFire": 0, "firehouseDist": 2, "pop": 1283}