{"buildingID": 15717, "county": "\u666e\u9640", "town": "\u771f\u5982\u9547", "circleNum": 2, "builtYear": "1993", "builtHeight": 12, "storeNum": 4, "floorArea": 266.093021592, "buildArea": 1064.37208637, "seiFort": "2", "keyFire": 0, "firehouseDist": 1, "pop": 212}