{"buildingID": 5476, "county": "\u666e\u9640", "town": "\u6843\u6d66\u9547", "circleNum": 2, "builtYear": "1995", "builtHeight": 19, "storeNum": 6, "floorArea": 770.411050496, "buildArea": 4622.46630298, "seiFort": "2", "keyFire": 0, "firehouseDist": 1, "pop": 924}