{"buildingID": 15962, "county": "\u666e\u9640", "town": "\u771f\u5982\u9547", "circleNum": 1, "builtYear": "1999", "builtHeight": 35, "storeNum": 11, "floorArea": 513.316204276, "buildArea": 5646.47824703, "seiFort": "2", "keyFire": 0, "firehouseDist": 1, "pop": 1129}