{"buildingID": 24680, "county": "\u666e\u9640", "town": "\u957f\u5f81\u9547", "circleNum": 1, "builtYear": "1979-1985", "builtHeight": 18, "storeNum": 6, "floorArea": 825.86924852, "buildArea": 4955.21549112, "seiFort": "2", "keyFire": 0, "firehouseDist": 2, "pop": 991}