{"buildingID": 306, "county": "\u666e\u9640", "town": "\u6843\u6d66\u9547", "circleNum": 3, "builtYear": "2009", "builtHeight": 18, "storeNum": 6, "floorArea": 2661.97793474, "buildArea": 15971.8676085, "seiFort": "3", "keyFire": 0, "firehouseDist": 3, "pop": 3194}