{"buildingID": 29199, "county": "\u666e\u9640", "town": "\u957f\u98ce\u65b0\u6751\u8857\u9053", "circleNum": 1, "builtYear": "pre1978", "builtHeight": 9, "storeNum": 3, "floorArea": 115.502983963, "buildArea": 346.508951888, "seiFort": "1", "keyFire": 0, "firehouseDist": 3, "pop": 13}