{"buildingID": 24791, "county": "\u666e\u9640", "town": "\u66f9\u6768\u65b0\u6751\u8857\u9053", "circleNum": 1, "builtYear": "pre1978", "builtHeight": 16, "storeNum": 5, "floorArea": 389.784349119, "buildArea": 1948.92174559, "seiFort": "1", "keyFire": 0, "firehouseDist": 1, "pop": 77}