{"buildingID": 10850, "county": "\u666e\u9640", "town": "\u771f\u5982\u9547", "circleNum": 1, "builtYear": "1979-1985", "builtHeight": 8, "storeNum": 2, "floorArea": 87.4166844993, "buildArea": 174.833368999, "seiFort": "2", "keyFire": 0, "firehouseDist": 2, "pop": 6}