{"buildingID": 11160, "county": "\u666e\u9640", "town": "\u771f\u5982\u9547", "circleNum": 2, "builtYear": "1979-1985", "builtHeight": 3, "storeNum": 1, "floorArea": 80.0540705822, "buildArea": 80.0540705822, "seiFort": "2", "keyFire": 0, "firehouseDist": 2, "pop": 2}