{"buildingID": 20282, "county": "\u666e\u9640", "town": "\u771f\u5982\u9547", "circleNum": 1, "builtYear": "pre1978", "builtHeight": 21, "storeNum": 7, "floorArea": 542.378603198, "buildArea": 3796.65022238, "seiFort": "1", "keyFire": 0, "firehouseDist": 1, "pop": 151}