{"buildingID": 2729, "county": "\u666e\u9640", "town": "\u6843\u6d66\u9547", "circleNum": 3, "builtYear": "1979-1985", "builtHeight": 6, "storeNum": 2, "floorArea": 834.065447647, "buildArea": 1668.13089529, "seiFort": "2", "keyFire": 0, "firehouseDist": 3, "pop": 333}