{"buildingID": 2510, "county": "\u666e\u9640", "town": "\u6843\u6d66\u9547", "circleNum": 2, "builtYear": "1998", "builtHeight": 14, "storeNum": 4, "floorArea": 251.948182567, "buildArea": 1007.79273027, "seiFort": "2", "keyFire": 0, "firehouseDist": 2, "pop": 201}