{"buildingID": 9531, "county": "\u666e\u9640", "town": "\u957f\u5f81\u9547", "circleNum": 1, "builtYear": "1979-1985", "builtHeight": 64, "storeNum": 21, "floorArea": 96.4481361643, "buildArea": 2025.41085945, "seiFort": "2", "keyFire": 0, "firehouseDist": 2, "pop": 81}