{"buildingID": 2801, "county": "\u666e\u9640", "town": "\u6843\u6d66\u9547", "circleNum": 2, "builtYear": "2000", "builtHeight": 13, "storeNum": 4, "floorArea": 458.415809665, "buildArea": 1833.66323866, "seiFort": "3", "keyFire": 0, "firehouseDist": 2, "pop": 366}