{"buildingID": 3243, "county": "\u666e\u9640", "town": "\u6843\u6d66\u9547", "circleNum": 2, "builtYear": "1979-1985", "builtHeight": 21, "storeNum": 7, "floorArea": 1027.2772694, "buildArea": 7190.94088579, "seiFort": "2", "keyFire": 0, "firehouseDist": 2, "pop": 1438}