{"buildingID": 28547, "county": "\u666e\u9640", "town": "\u957f\u98ce\u65b0\u6751\u8857\u9053", "circleNum": 1, "builtYear": "pre1978", "builtHeight": 20, "storeNum": 6, "floorArea": 431.949332518, "buildArea": 2591.69599511, "seiFort": "1", "keyFire": 0, "firehouseDist": 3, "pop": 103}