{"buildingID": 7558, "county": "\u666e\u9640", "town": "\u7518\u6cc9\u8def\u8857\u9053", "circleNum": 1, "builtYear": "pre1978", "builtHeight": 21, "storeNum": 7, "floorArea": 909.203996631, "buildArea": 6364.42797642, "seiFort": "1", "keyFire": 0, "firehouseDist": 3, "pop": 254}