{"buildingID": 14298, "county": "\u666e\u9640", "town": "\u77f3\u6cc9\u8def\u8857\u9053", "circleNum": 1, "builtYear": "pre1978", "builtHeight": 77, "storeNum": 25, "floorArea": 1167.13616167, "buildArea": 29178.4040416, "seiFort": "1", "keyFire": 0, "firehouseDist": 2, "pop": 1167}