{"buildingID": 2001, "county": "\u666e\u9640", "town": "\u6843\u6d66\u9547", "circleNum": 2, "builtYear": "1994", "builtHeight": 16, "storeNum": 5, "floorArea": 680.854205643, "buildArea": 3404.27102821, "seiFort": "2", "keyFire": 0, "firehouseDist": 2, "pop": 680}