{"buildingID": 15714, "county": "\u666e\u9640", "town": "\u771f\u5982\u9547", "circleNum": 2, "builtYear": "1995", "builtHeight": 16, "storeNum": 5, "floorArea": 248.572429684, "buildArea": 1242.86214842, "seiFort": "2", "keyFire": 0, "firehouseDist": 1, "pop": 248}