{"buildingID": 19902, "county": "\u666e\u9640", "town": "\u957f\u5bff\u8def\u8857\u9053", "circleNum": 0, "builtYear": "1979-1985", "builtHeight": 21, "storeNum": 7, "floorArea": 1021.73584675, "buildArea": 7152.15092727, "seiFort": "2", "keyFire": 0, "firehouseDist": 1, "pop": 1430}