{"buildingID": 1963, "county": "\u666e\u9640", "town": "\u6843\u6d66\u9547", "circleNum": 3, "builtYear": "1994", "builtHeight": 18, "storeNum": 6, "floorArea": 541.143247164, "buildArea": 3246.85948298, "seiFort": "2", "keyFire": 0, "firehouseDist": 3, "pop": 649}