{"buildingID": 23892, "county": "\u666e\u9640", "town": "\u66f9\u6768\u65b0\u6751\u8857\u9053", "circleNum": 1, "builtYear": "pre1978", "builtHeight": 7, "storeNum": 2, "floorArea": 548.291712222, "buildArea": 1096.58342444, "seiFort": "1", "keyFire": 0, "firehouseDist": 2, "pop": 43}