{"buildingID": 25957, "county": "\u666e\u9640", "town": "\u957f\u5f81\u9547", "circleNum": 1, "builtYear": "1979-1985", "builtHeight": 15, "storeNum": 5, "floorArea": 810.977441947, "buildArea": 4054.88720973, "seiFort": "2", "keyFire": 0, "firehouseDist": 2, "pop": 810}