{"buildingID": 12062, "county": "\u666e\u9640", "town": "\u771f\u5982\u9547", "circleNum": 1, "builtYear": "1979-1985", "builtHeight": 15, "storeNum": 5, "floorArea": 787.738156348, "buildArea": 3938.69078174, "seiFort": "2", "keyFire": 0, "firehouseDist": 2, "pop": 787}