{"buildingID": 13736, "county": "\u666e\u9640", "town": "\u771f\u5982\u9547", "circleNum": 1, "builtYear": "1991", "builtHeight": 16, "storeNum": 5, "floorArea": 267.801045574, "buildArea": 1339.00522787, "seiFort": "2", "keyFire": 0, "firehouseDist": 2, "pop": 267}