{"buildingID": 7320, "county": "\u666e\u9640", "town": "\u6843\u6d66\u9547", "circleNum": 2, "builtYear": "1979-1985", "builtHeight": 4, "storeNum": 1, "floorArea": 70.5758013528, "buildArea": 70.5758013528, "seiFort": "2", "keyFire": 0, "firehouseDist": 1, "pop": 2}