{"buildingID": 11224, "county": "\u666e\u9640", "town": "\u7518\u6cc9\u8def\u8857\u9053", "circleNum": 1, "builtYear": "1993", "builtHeight": 47, "storeNum": 15, "floorArea": 319.776862739, "buildArea": 4796.65294109, "seiFort": "2", "keyFire": 0, "firehouseDist": 2, "pop": 959}