{"buildingID": 6758, "county": "\u666e\u9640", "town": "\u957f\u5f81\u9547", "circleNum": 1, "builtYear": "1993", "builtHeight": 49, "storeNum": 16, "floorArea": 353.875883403, "buildArea": 5662.01413445, "seiFort": "2", "keyFire": 0, "firehouseDist": 1, "pop": 1132}