{"buildingID": 4971, "county": "\u666e\u9640", "town": "\u771f\u5982\u9547", "circleNum": 2, "builtYear": "1994", "builtHeight": 12, "storeNum": 4, "floorArea": 592.898366539, "buildArea": 2371.59346616, "seiFort": "2", "keyFire": 0, "firehouseDist": 1, "pop": 474}