{"buildingID": 27720, "county": "\u666e\u9640", "town": "\u957f\u98ce\u65b0\u6751\u8857\u9053", "circleNum": 1, "builtYear": "1979-1985", "builtHeight": 7, "storeNum": 2, "floorArea": 1410.14691111, "buildArea": 2820.29382223, "seiFort": "2", "keyFire": 0, "firehouseDist": 2, "pop": 564}