{"buildingID": 23151, "county": "\u666e\u9640", "town": "\u957f\u5bff\u8def\u8857\u9053", "circleNum": 0, "builtYear": "pre1978", "builtHeight": 95, "storeNum": 31, "floorArea": 724.336739049, "buildArea": 22454.4389105, "seiFort": "1", "keyFire": 0, "firehouseDist": 2, "pop": 1122}