{"buildingID": 19670, "county": "\u666e\u9640", "town": "\u957f\u5bff\u8def\u8857\u9053", "circleNum": 0, "builtYear": "1979-1985", "builtHeight": 70, "storeNum": 23, "floorArea": 538.653153527, "buildArea": 12389.0225311, "seiFort": "2", "keyFire": 0, "firehouseDist": 1, "pop": 2477}