{"buildingID": 18609, "county": "\u666e\u9640", "town": "\u957f\u5f81\u9547", "circleNum": 2, "builtYear": "2001", "builtHeight": 17, "storeNum": 5, "floorArea": 1095.91067545, "buildArea": 5479.55337724, "seiFort": "3", "keyFire": 0, "firehouseDist": 3, "pop": 1095}