{"buildingID": 4523, "county": "\u666e\u9640", "town": "\u6843\u6d66\u9547", "circleNum": 2, "builtYear": "2003", "builtHeight": 57, "storeNum": 19, "floorArea": 102.409150552, "buildArea": 1945.77386048, "seiFort": "3", "keyFire": 0, "firehouseDist": 2, "pop": 64}