{"buildingID": 4311, "county": "\u666e\u9640", "town": "\u6843\u6d66\u9547", "circleNum": 2, "builtYear": "1979-1985", "builtHeight": 6, "storeNum": 2, "floorArea": 133.891529101, "buildArea": 267.783058203, "seiFort": "2", "keyFire": 1, "firehouseDist": 3, "pop": 8}