{"buildingID": 8145, "county": "\u666e\u9640", "town": "\u957f\u5f81\u9547", "circleNum": 1, "builtYear": "1979-1985", "builtHeight": 6, "storeNum": 2, "floorArea": 312.573766572, "buildArea": 625.147533144, "seiFort": "2", "keyFire": 0, "firehouseDist": 3, "pop": 125}