{"buildingID": 20376, "county": "\u666e\u9640", "town": "\u771f\u5982\u9547", "circleNum": 1, "builtYear": "1979-1985", "builtHeight": 20, "storeNum": 6, "floorArea": 1098.03963446, "buildArea": 6588.23780675, "seiFort": "2", "keyFire": 0, "firehouseDist": 2, "pop": 1317}