{"buildingID": 29037, "county": "\u666e\u9640", "town": "\u957f\u98ce\u65b0\u6751\u8857\u9053", "circleNum": 1, "builtYear": "pre1978", "builtHeight": 67, "storeNum": 22, "floorArea": 385.819845088, "buildArea": 8488.03659194, "seiFort": "1", "keyFire": 0, "firehouseDist": 3, "pop": 339}