{"buildingID": 28618, "county": "\u666e\u9640", "town": "\u957f\u98ce\u65b0\u6751\u8857\u9053", "circleNum": 1, "builtYear": "pre1978", "builtHeight": 4, "storeNum": 1, "floorArea": 979.235642129, "buildArea": 979.235642129, "seiFort": "1", "keyFire": 0, "firehouseDist": 3, "pop": 39}