{"buildingID": 16449, "county": "\u666e\u9640", "town": "\u77f3\u6cc9\u8def\u8857\u9053", "circleNum": 1, "builtYear": "2015", "builtHeight": 7, "storeNum": 2, "floorArea": 952.850959683, "buildArea": 1905.70191937, "seiFort": "3", "keyFire": 0, "firehouseDist": 1, "pop": 381}