{"buildingID": 27887, "county": "\u666e\u9640", "town": "\u957f\u98ce\u65b0\u6751\u8857\u9053", "circleNum": 0, "builtYear": "1979-1985", "builtHeight": 7, "storeNum": 2, "floorArea": 648.200785387, "buildArea": 1296.40157077, "seiFort": "2", "keyFire": 0, "firehouseDist": 2, "pop": 259}