{"buildingID": 16040, "county": "\u666e\u9640", "town": "\u771f\u5982\u9547", "circleNum": 1, "builtYear": "1987", "builtHeight": 6, "storeNum": 2, "floorArea": 647.627718353, "buildArea": 1295.25543671, "seiFort": "2", "keyFire": 0, "firehouseDist": 1, "pop": 259}