{"buildingID": 554, "county": "\u666e\u9640", "town": "\u6843\u6d66\u9547", "circleNum": 3, "builtYear": "1994", "builtHeight": 54, "storeNum": 18, "floorArea": 583.664664447, "buildArea": 10505.9639601, "seiFort": "2", "keyFire": 0, "firehouseDist": 3, "pop": 2101}