{"buildingID": 8188, "county": "\u666e\u9640", "town": "\u7518\u6cc9\u8def\u8857\u9053", "circleNum": 1, "builtYear": "1990", "builtHeight": 18, "storeNum": 6, "floorArea": 437.625964862, "buildArea": 2625.75578917, "seiFort": "2", "keyFire": 0, "firehouseDist": 3, "pop": 525}