{"buildingID": 27916, "county": "\u666e\u9640", "town": "\u957f\u98ce\u65b0\u6751\u8857\u9053", "circleNum": 1, "builtYear": "pre1978", "builtHeight": 18, "storeNum": 6, "floorArea": 548.591247947, "buildArea": 3291.54748768, "seiFort": "1", "keyFire": 0, "firehouseDist": 2, "pop": 131}