{"buildingID": 13939, "county": "\u666e\u9640", "town": "\u771f\u5982\u9547", "circleNum": 1, "builtYear": "1988", "builtHeight": 75, "storeNum": 25, "floorArea": 1396.88802657, "buildArea": 34922.2006642, "seiFort": "2", "keyFire": 0, "firehouseDist": 2, "pop": 6984}