{"buildingID": 25542, "county": "\u666e\u9640", "town": "\u957f\u98ce\u65b0\u6751\u8857\u9053", "circleNum": 0, "builtYear": "pre1978", "builtHeight": 85, "storeNum": 28, "floorArea": 159.780177529, "buildArea": 4473.84497081, "seiFort": "1", "keyFire": 1, "firehouseDist": 1, "pop": 223}