{"buildingID": 18863, "county": "\u666e\u9640", "town": "\u957f\u5f81\u9547", "circleNum": 2, "builtYear": "1989", "builtHeight": 92, "storeNum": 30, "floorArea": 1917.29251584, "buildArea": 57518.7754753, "seiFort": "2", "keyFire": 0, "firehouseDist": 2, "pop": 11503}