{"buildingID": 19276, "county": "\u666e\u9640", "town": "\u957f\u5f81\u9547", "circleNum": 2, "builtYear": "2006", "builtHeight": 37, "storeNum": 12, "floorArea": 1186.71381694, "buildArea": 14240.5658033, "seiFort": "3", "keyFire": 0, "firehouseDist": 3, "pop": 2848}