{"buildingID": 1673, "county": "\u666e\u9640", "town": "\u6843\u6d66\u9547", "circleNum": 3, "builtYear": "2011", "builtHeight": 18, "storeNum": 6, "floorArea": 856.673335213, "buildArea": 5140.04001128, "seiFort": "3", "keyFire": 0, "firehouseDist": 3, "pop": 1028}