{"buildingID": 29042, "county": "\u666e\u9640", "town": "\u957f\u98ce\u65b0\u6751\u8857\u9053", "circleNum": 1, "builtYear": "pre1978", "builtHeight": 54, "storeNum": 18, "floorArea": 1617.45616712, "buildArea": 29114.2110081, "seiFort": "1", "keyFire": 0, "firehouseDist": 3, "pop": 1164}