{"buildingID": 28484, "county": "\u666e\u9640", "town": "\u957f\u98ce\u65b0\u6751\u8857\u9053", "circleNum": 0, "builtYear": "pre1978", "builtHeight": 50, "storeNum": 16, "floorArea": 1259.06681819, "buildArea": 20145.069091, "seiFort": "1", "keyFire": 0, "firehouseDist": 2, "pop": 1007}