{"buildingID": 9758, "county": "\u666e\u9640", "town": "\u7518\u6cc9\u8def\u8857\u9053", "circleNum": 1, "builtYear": "1987", "builtHeight": 18, "storeNum": 6, "floorArea": 412.639442798, "buildArea": 2475.83665679, "seiFort": "2", "keyFire": 0, "firehouseDist": 2, "pop": 495}