{"buildingID": 15702, "county": "\u666e\u9640", "town": "\u771f\u5982\u9547", "circleNum": 2, "builtYear": "1994", "builtHeight": 15, "storeNum": 5, "floorArea": 250.080797314, "buildArea": 1250.40398657, "seiFort": "2", "keyFire": 0, "firehouseDist": 1, "pop": 250}