{"buildingID": 26129, "county": "\u666e\u9640", "town": "\u66f9\u6768\u65b0\u6751\u8857\u9053", "circleNum": 1, "builtYear": "pre1978", "builtHeight": 10, "storeNum": 3, "floorArea": 612.129478891, "buildArea": 1836.38843667, "seiFort": "1", "keyFire": 0, "firehouseDist": 1, "pop": 73}