{"buildingID": 26381, "county": "\u666e\u9640", "town": "\u957f\u5bff\u8def\u8857\u9053", "circleNum": 0, "builtYear": "pre1978", "builtHeight": 36, "storeNum": 12, "floorArea": 1775.80665249, "buildArea": 21309.6798299, "seiFort": "1", "keyFire": 0, "firehouseDist": 1, "pop": 1065}