{"buildingID": 28124, "county": "\u666e\u9640", "town": "\u957f\u98ce\u65b0\u6751\u8857\u9053", "circleNum": 0, "builtYear": "pre1978", "builtHeight": 51, "storeNum": 17, "floorArea": 42.1936628935, "buildArea": 717.292269189, "seiFort": "1", "keyFire": 0, "firehouseDist": 2, "pop": 35}