{"buildingID": 13255, "county": "\u666e\u9640", "town": "\u5b9c\u5ddd\u8def\u8857\u9053", "circleNum": 1, "builtYear": "1979-1985", "builtHeight": 3, "storeNum": 1, "floorArea": 267.160276632, "buildArea": 267.160276632, "seiFort": "2", "keyFire": 0, "firehouseDist": 2, "pop": 53}