{"buildingID": 178, "county": "\u666e\u9640", "town": "\u6843\u6d66\u9547", "circleNum": 2, "builtYear": "2004", "builtHeight": 52, "storeNum": 17, "floorArea": 481.376678718, "buildArea": 8183.4035382, "seiFort": "3", "keyFire": 0, "firehouseDist": 2, "pop": 1636}