{"buildingID": 23318, "county": "\u666e\u9640", "town": "\u957f\u5bff\u8def\u8857\u9053", "circleNum": 0, "builtYear": "1979-1985", "builtHeight": 26, "storeNum": 8, "floorArea": 731.30070698, "buildArea": 5850.40565584, "seiFort": "2", "keyFire": 1, "firehouseDist": 1, "pop": 1170}