{"buildingID": 20206, "county": "\u666e\u9640", "town": "\u66f9\u6768\u65b0\u6751\u8857\u9053", "circleNum": 1, "builtYear": "1992", "builtHeight": 67, "storeNum": 22, "floorArea": 96.4605061328, "buildArea": 2122.13113492, "seiFort": "2", "keyFire": 0, "firehouseDist": 1, "pop": 84}