{"buildingID": 16467, "county": "\u666e\u9640", "town": "\u771f\u5982\u9547", "circleNum": 1, "builtYear": "pre1978", "builtHeight": 16, "storeNum": 5, "floorArea": 1117.60802858, "buildArea": 5588.04014291, "seiFort": "1", "keyFire": 0, "firehouseDist": 1, "pop": 223}