{"buildingID": 4378, "county": "\u666e\u9640", "town": "\u6843\u6d66\u9547", "circleNum": 2, "builtYear": "1991", "builtHeight": 23, "storeNum": 7, "floorArea": 200.760307246, "buildArea": 1405.32215072, "seiFort": "2", "keyFire": 0, "firehouseDist": 2, "pop": 281}