{"buildingID": 11448, "county": "\u666e\u9640", "town": "\u77f3\u6cc9\u8def\u8857\u9053", "circleNum": 1, "builtYear": "pre1978", "builtHeight": 54, "storeNum": 18, "floorArea": 135.111604898, "buildArea": 2432.00888816, "seiFort": "1", "keyFire": 0, "firehouseDist": 2, "pop": 97}