{"buildingID": 7009, "county": "\u666e\u9640", "town": "\u6843\u6d66\u9547", "circleNum": 2, "builtYear": "1996", "builtHeight": 12, "storeNum": 4, "floorArea": 210.201252455, "buildArea": 840.805009819, "seiFort": "2", "keyFire": 0, "firehouseDist": 1, "pop": 168}