{"buildingID": 4529, "county": "\u666e\u9640", "town": "\u6843\u6d66\u9547", "circleNum": 2, "builtYear": "2001", "builtHeight": 12, "storeNum": 4, "floorArea": 603.339043813, "buildArea": 2413.35617525, "seiFort": "3", "keyFire": 0, "firehouseDist": 3, "pop": 482}