{"buildingID": 12921, "county": "\u666e\u9640", "town": "\u77f3\u6cc9\u8def\u8857\u9053", "circleNum": 1, "builtYear": "1979-1985", "builtHeight": 14, "storeNum": 4, "floorArea": 137.215082594, "buildArea": 548.860330376, "seiFort": "2", "keyFire": 0, "firehouseDist": 3, "pop": 21}