{"buildingID": 26921, "county": "\u666e\u9640", "town": "\u957f\u98ce\u65b0\u6751\u8857\u9053", "circleNum": 1, "builtYear": "1991", "builtHeight": 11, "storeNum": 3, "floorArea": 1060.64682863, "buildArea": 3181.94048588, "seiFort": "2", "keyFire": 0, "firehouseDist": 2, "pop": 636}