{"buildingID": 27856, "county": "\u666e\u9640", "town": "\u957f\u98ce\u65b0\u6751\u8857\u9053", "circleNum": 1, "builtYear": "1985", "builtHeight": 8, "storeNum": 2, "floorArea": 182.300647027, "buildArea": 364.601294055, "seiFort": "2", "keyFire": 0, "firehouseDist": 2, "pop": 72}