{"buildingID": 28115, "county": "\u666e\u9640", "town": "\u957f\u98ce\u65b0\u6751\u8857\u9053", "circleNum": 0, "builtYear": "pre1978", "builtHeight": 29, "storeNum": 9, "floorArea": 866.422258835, "buildArea": 7797.80032952, "seiFort": "1", "keyFire": 0, "firehouseDist": 1, "pop": 389}