{"buildingID": 27552, "county": "\u666e\u9640", "town": "\u957f\u98ce\u65b0\u6751\u8857\u9053", "circleNum": 1, "builtYear": "pre1978", "builtHeight": 98, "storeNum": 32, "floorArea": 1156.2539129, "buildArea": 37000.1252127, "seiFort": "1", "keyFire": 0, "firehouseDist": 3, "pop": 1480}