{"buildingID": 17448, "county": "\u666e\u9640", "town": "\u957f\u5f81\u9547", "circleNum": 2, "builtYear": "1997", "builtHeight": 15, "storeNum": 5, "floorArea": 1162.91089133, "buildArea": 5814.55445664, "seiFort": "2", "keyFire": 0, "firehouseDist": 2, "pop": 1162}