{"buildingID": 23812, "county": "\u666e\u9640", "town": "\u957f\u5bff\u8def\u8857\u9053", "circleNum": 0, "builtYear": "1979-1985", "builtHeight": 6, "storeNum": 2, "floorArea": 548.894077322, "buildArea": 1097.78815464, "seiFort": "2", "keyFire": 0, "firehouseDist": 1, "pop": 219}