{"buildingID": 14508, "county": "\u666e\u9640", "town": "\u771f\u5982\u9547", "circleNum": 2, "builtYear": "1997", "builtHeight": 78, "storeNum": 26, "floorArea": 135.576740934, "buildArea": 3524.99526429, "seiFort": "2", "keyFire": 0, "firehouseDist": 1, "pop": 117}