{"buildingID": 19028, "county": "\u666e\u9640", "town": "\u957f\u5f81\u9547", "circleNum": 2, "builtYear": "1979-1985", "builtHeight": 10, "storeNum": 3, "floorArea": 1367.96263972, "buildArea": 4103.88791915, "seiFort": "2", "keyFire": 0, "firehouseDist": 3, "pop": 820}