{"buildingID": 19244, "county": "\u666e\u9640", "town": "\u957f\u5f81\u9547", "circleNum": 2, "builtYear": "2010", "builtHeight": 20, "storeNum": 6, "floorArea": 2454.93667431, "buildArea": 14729.6200458, "seiFort": "3", "keyFire": 1, "firehouseDist": 3, "pop": 2945}