{"buildingID": 7916, "county": "\u666e\u9640", "town": "\u771f\u5982\u9547", "circleNum": 1, "builtYear": "1979-1985", "builtHeight": 40, "storeNum": 13, "floorArea": 191.176591163, "buildArea": 2485.29568512, "seiFort": "2", "keyFire": 0, "firehouseDist": 2, "pop": 497}