{"buildingID": 23341, "county": "\u666e\u9640", "town": "\u957f\u5bff\u8def\u8857\u9053", "circleNum": 0, "builtYear": "1979-1985", "builtHeight": 65, "storeNum": 21, "floorArea": 1296.1079555, "buildArea": 27218.2670655, "seiFort": "2", "keyFire": 0, "firehouseDist": 1, "pop": 5443}