{"buildingID": 16804, "county": "\u666e\u9640", "town": "\u771f\u5982\u9547", "circleNum": 1, "builtYear": "pre1978", "builtHeight": 25, "storeNum": 8, "floorArea": 722.292385041, "buildArea": 5778.33908032, "seiFort": "1", "keyFire": 0, "firehouseDist": 1, "pop": 231}