{"buildingID": 19128, "county": "\u666e\u9640", "town": "\u957f\u5f81\u9547", "circleNum": 2, "builtYear": "1979-1985", "builtHeight": 17, "storeNum": 5, "floorArea": 321.564223306, "buildArea": 1607.82111653, "seiFort": "2", "keyFire": 0, "firehouseDist": 3, "pop": 321}