{"buildingID": 4048, "county": "\u666e\u9640", "town": "\u6843\u6d66\u9547", "circleNum": 2, "builtYear": "1997", "builtHeight": 3, "storeNum": 1, "floorArea": 5483.43533576, "buildArea": 5483.43533576, "seiFort": "2", "keyFire": 0, "firehouseDist": 2, "pop": 1096}