{"buildingID": 13053, "county": "\u666e\u9640", "town": "\u77f3\u6cc9\u8def\u8857\u9053", "circleNum": 1, "builtYear": "1991", "builtHeight": 92, "storeNum": 30, "floorArea": 211.061870413, "buildArea": 6331.8561124, "seiFort": "2", "keyFire": 0, "firehouseDist": 3, "pop": 1266}