{"buildingID": 10153, "county": "\u666e\u9640", "town": "\u771f\u5982\u9547", "circleNum": 2, "builtYear": "1997", "builtHeight": 46, "storeNum": 15, "floorArea": 46.076236073, "buildArea": 691.143541095, "seiFort": "2", "keyFire": 0, "firehouseDist": 2, "pop": 23}