{"buildingID": 9827, "county": "\u666e\u9640", "town": "\u771f\u5982\u9547", "circleNum": 1, "builtYear": "1989", "builtHeight": 15, "storeNum": 5, "floorArea": 244.232521511, "buildArea": 1221.16260756, "seiFort": "2", "keyFire": 0, "firehouseDist": 2, "pop": 244}