{"buildingID": 11420, "county": "\u666e\u9640", "town": "\u771f\u5982\u9547", "circleNum": 1, "builtYear": "1979-1985", "builtHeight": 6, "storeNum": 2, "floorArea": 41.1962017204, "buildArea": 82.3924034409, "seiFort": "2", "keyFire": 0, "firehouseDist": 2, "pop": 3}