{"buildingID": 27522, "county": "\u666e\u9640", "town": "\u66f9\u6768\u65b0\u6751\u8857\u9053", "circleNum": 1, "builtYear": "pre1978", "builtHeight": 15, "storeNum": 5, "floorArea": 912.705778687, "buildArea": 4563.52889344, "seiFort": "1", "keyFire": 0, "firehouseDist": 2, "pop": 182}