{"buildingID": 21724, "county": "\u666e\u9640", "town": "\u77f3\u6cc9\u8def\u8857\u9053", "circleNum": 1, "builtYear": "1979-1985", "builtHeight": 8, "storeNum": 2, "floorArea": 852.785960018, "buildArea": 1705.57192004, "seiFort": "2", "keyFire": 0, "firehouseDist": 1, "pop": 341}