{"buildingID": 27972, "county": "\u666e\u9640", "town": "\u957f\u98ce\u65b0\u6751\u8857\u9053", "circleNum": 1, "builtYear": "1979-1985", "builtHeight": 14, "storeNum": 4, "floorArea": 861.892574991, "buildArea": 3447.57029997, "seiFort": "2", "keyFire": 0, "firehouseDist": 2, "pop": 689}