{"buildingID": 22697, "county": "\u666e\u9640", "town": "\u957f\u98ce\u65b0\u6751\u8857\u9053", "circleNum": 1, "builtYear": "1988", "builtHeight": 5, "storeNum": 1, "floorArea": 57.7091824387, "buildArea": 57.7091824387, "seiFort": "2", "keyFire": 0, "firehouseDist": 2, "pop": 2}