{"buildingID": 19095, "county": "\u666e\u9640", "town": "\u957f\u5f81\u9547", "circleNum": 2, "builtYear": "2001", "builtHeight": 16, "storeNum": 5, "floorArea": 1039.05697511, "buildArea": 5195.28487557, "seiFort": "3", "keyFire": 0, "firehouseDist": 3, "pop": 1039}