{"buildingID": 11818, "county": "\u666e\u9640", "town": "\u771f\u5982\u9547", "circleNum": 1, "builtYear": "1979-1985", "builtHeight": 41, "storeNum": 13, "floorArea": 583.922085587, "buildArea": 7590.98711263, "seiFort": "2", "keyFire": 0, "firehouseDist": 2, "pop": 1518}