{"buildingID": 22840, "county": "\u666e\u9640", "town": "\u66f9\u6768\u65b0\u6751\u8857\u9053", "circleNum": 1, "builtYear": "pre1978", "builtHeight": 56, "storeNum": 18, "floorArea": 537.71503102, "buildArea": 9678.87055836, "seiFort": "1", "keyFire": 0, "firehouseDist": 1, "pop": 387}