{"buildingID": 28109, "county": "\u666e\u9640", "town": "\u957f\u98ce\u65b0\u6751\u8857\u9053", "circleNum": 0, "builtYear": "pre1978", "builtHeight": 31, "storeNum": 10, "floorArea": 867.904331864, "buildArea": 8679.04331864, "seiFort": "1", "keyFire": 0, "firehouseDist": 1, "pop": 433}