{"buildingID": 5010, "county": "\u666e\u9640", "town": "\u6843\u6d66\u9547", "circleNum": 2, "builtYear": "2001", "builtHeight": 157, "storeNum": 52, "floorArea": 935.057623906, "buildArea": 48622.9964431, "seiFort": "3", "keyFire": 0, "firehouseDist": 2, "pop": 9724}