{"buildingID": 5803, "county": "\u666e\u9640", "town": "\u6843\u6d66\u9547", "circleNum": 2, "builtYear": "2000", "builtHeight": 12, "storeNum": 4, "floorArea": 818.078447254, "buildArea": 3272.31378902, "seiFort": "3", "keyFire": 0, "firehouseDist": 2, "pop": 654}