{"buildingID": 15248, "county": "\u666e\u9640", "town": "\u77f3\u6cc9\u8def\u8857\u9053", "circleNum": 1, "builtYear": "1994", "builtHeight": 6, "storeNum": 2, "floorArea": 335.236362158, "buildArea": 670.472724315, "seiFort": "2", "keyFire": 0, "firehouseDist": 2, "pop": 134}