{"buildingID": 15015, "county": "\u666e\u9640", "town": "\u771f\u5982\u9547", "circleNum": 2, "builtYear": "pre1978", "builtHeight": 95, "storeNum": 31, "floorArea": 850.212171691, "buildArea": 26356.5773224, "seiFort": "1", "keyFire": 0, "firehouseDist": 2, "pop": 878}