{"buildingID": 14560, "county": "\u666e\u9640", "town": "\u771f\u5982\u9547", "circleNum": 2, "builtYear": "1999", "builtHeight": 70, "storeNum": 23, "floorArea": 731.240007105, "buildArea": 16818.5201634, "seiFort": "2", "keyFire": 0, "firehouseDist": 1, "pop": 3363}