{"buildingID": 17909, "county": "\u666e\u9640", "town": "\u957f\u5f81\u9547", "circleNum": 2, "builtYear": "2015", "builtHeight": 54, "storeNum": 18, "floorArea": 536.392862337, "buildArea": 9655.07152207, "seiFort": "3", "keyFire": 0, "firehouseDist": 1, "pop": 1931}