{"buildingID": 18969, "county": "\u666e\u9640", "town": "\u957f\u5f81\u9547", "circleNum": 2, "builtYear": "2002", "builtHeight": 19, "storeNum": 6, "floorArea": 879.351630346, "buildArea": 5276.10978208, "seiFort": "3", "keyFire": 0, "firehouseDist": 3, "pop": 1055}