{"buildingID": 13643, "county": "\u666e\u9640", "town": "\u771f\u5982\u9547", "circleNum": 1, "builtYear": "1987", "builtHeight": 22, "storeNum": 7, "floorArea": 837.922246302, "buildArea": 5865.45572411, "seiFort": "2", "keyFire": 0, "firehouseDist": 2, "pop": 1173}