{"buildingID": 5611, "county": "\u666e\u9640", "town": "\u6843\u6d66\u9547", "circleNum": 2, "builtYear": "1986", "builtHeight": 15, "storeNum": 5, "floorArea": 1518.47191181, "buildArea": 7592.35955903, "seiFort": "2", "keyFire": 0, "firehouseDist": 1, "pop": 1518}