{"buildingID": 9631, "county": "\u666e\u9640", "town": "\u7518\u6cc9\u8def\u8857\u9053", "circleNum": 1, "builtYear": "1986", "builtHeight": 11, "storeNum": 3, "floorArea": 98.3899096173, "buildArea": 295.169728852, "seiFort": "2", "keyFire": 0, "firehouseDist": 3, "pop": 11}