{"buildingID": 28727, "county": "\u666e\u9640", "town": "\u957f\u98ce\u65b0\u6751\u8857\u9053", "circleNum": 1, "builtYear": "1979-1985", "builtHeight": 8, "storeNum": 2, "floorArea": 1915.43788077, "buildArea": 3830.87576153, "seiFort": "2", "keyFire": 0, "firehouseDist": 3, "pop": 766}