{"buildingID": 27523, "county": "\u666e\u9640", "town": "\u957f\u98ce\u65b0\u6751\u8857\u9053", "circleNum": 1, "builtYear": "1979-1985", "builtHeight": 50, "storeNum": 16, "floorArea": 1348.14203328, "buildArea": 21570.2725325, "seiFort": "2", "keyFire": 0, "firehouseDist": 2, "pop": 4314}