{"buildingID": 27678, "county": "\u666e\u9640", "town": "\u957f\u98ce\u65b0\u6751\u8857\u9053", "circleNum": 1, "builtYear": "1996", "builtHeight": 4, "storeNum": 1, "floorArea": 449.039750347, "buildArea": 449.039750347, "seiFort": "2", "keyFire": 0, "firehouseDist": 3, "pop": 89}