{"buildingID": 14745, "county": "\u666e\u9640", "town": "\u771f\u5982\u9547", "circleNum": 1, "builtYear": "pre1978", "builtHeight": 29, "storeNum": 9, "floorArea": 417.946320585, "buildArea": 3761.51688526, "seiFort": "1", "keyFire": 0, "firehouseDist": 2, "pop": 150}