{"buildingID": 5545, "county": "\u666e\u9640", "town": "\u6843\u6d66\u9547", "circleNum": 2, "builtYear": "1995", "builtHeight": 17, "storeNum": 5, "floorArea": 291.107258121, "buildArea": 1455.53629061, "seiFort": "2", "keyFire": 0, "firehouseDist": 2, "pop": 291}