{"buildingID": 8372, "county": "\u666e\u9640", "town": "\u771f\u5982\u9547", "circleNum": 1, "builtYear": "1993", "builtHeight": 11, "storeNum": 3, "floorArea": 420.354606985, "buildArea": 1261.06382095, "seiFort": "2", "keyFire": 0, "firehouseDist": 1, "pop": 252}