{"buildingID": 4185, "county": "\u666e\u9640", "town": "\u6843\u6d66\u9547", "circleNum": 2, "builtYear": "2004", "builtHeight": 11, "storeNum": 3, "floorArea": 476.256543156, "buildArea": 1428.76962947, "seiFort": "3", "keyFire": 0, "firehouseDist": 2, "pop": 285}