{"buildingID": 28014, "county": "\u666e\u9640", "town": "\u957f\u98ce\u65b0\u6751\u8857\u9053", "circleNum": 0, "builtYear": "pre1978", "builtHeight": 26, "storeNum": 8, "floorArea": 12.0590387777, "buildArea": 96.4723102216, "seiFort": "1", "keyFire": 0, "firehouseDist": 2, "pop": 4}