{"buildingID": 27795, "county": "\u666e\u9640", "town": "\u957f\u98ce\u65b0\u6751\u8857\u9053", "circleNum": 1, "builtYear": "pre1978", "builtHeight": 13, "storeNum": 4, "floorArea": 597.14046061, "buildArea": 2388.56184244, "seiFort": "1", "keyFire": 0, "firehouseDist": 2, "pop": 95}