{"buildingID": 11681, "county": "\u666e\u9640", "town": "\u771f\u5982\u9547", "circleNum": 2, "builtYear": "1979-1985", "builtHeight": 26, "storeNum": 8, "floorArea": 486.928479843, "buildArea": 3895.42783875, "seiFort": "2", "keyFire": 0, "firehouseDist": 2, "pop": 779}