{"buildingID": 3222, "county": "\u666e\u9640", "town": "\u6843\u6d66\u9547", "circleNum": 2, "builtYear": "1995", "builtHeight": 21, "storeNum": 7, "floorArea": 323.654746681, "buildArea": 2265.58322677, "seiFort": "2", "keyFire": 0, "firehouseDist": 2, "pop": 453}