{"buildingID": 6384, "county": "\u666e\u9640", "town": "\u6843\u6d66\u9547", "circleNum": 2, "builtYear": "2009", "builtHeight": 44, "storeNum": 14, "floorArea": 616.612717981, "buildArea": 8632.57805174, "seiFort": "3", "keyFire": 0, "firehouseDist": 2, "pop": 1726}