{"buildingID": 19092, "county": "\u666e\u9640", "town": "\u957f\u5f81\u9547", "circleNum": 2, "builtYear": "2001", "builtHeight": 19, "storeNum": 6, "floorArea": 865.154297759, "buildArea": 5190.92578655, "seiFort": "3", "keyFire": 0, "firehouseDist": 3, "pop": 1038}