{"buildingID": 21709, "county": "\u666e\u9640", "town": "\u66f9\u6768\u65b0\u6751\u8857\u9053", "circleNum": 1, "builtYear": "pre1978", "builtHeight": 110, "storeNum": 36, "floorArea": 135.685578854, "buildArea": 4884.68083876, "seiFort": "1", "keyFire": 0, "firehouseDist": 1, "pop": 976}