{"buildingID": 4251, "county": "\u666e\u9640", "town": "\u6843\u6d66\u9547", "circleNum": 2, "builtYear": "2004", "builtHeight": 40, "storeNum": 13, "floorArea": 1254.0891507, "buildArea": 16303.1589591, "seiFort": "3", "keyFire": 0, "firehouseDist": 2, "pop": 3260}