{"buildingID": 18211, "county": "\u666e\u9640", "town": "\u957f\u5f81\u9547", "circleNum": 2, "builtYear": "2000", "builtHeight": 20, "storeNum": 6, "floorArea": 994.411646168, "buildArea": 5966.46987701, "seiFort": "3", "keyFire": 0, "firehouseDist": 2, "pop": 1193}