{"buildingID": 4451, "county": "\u666e\u9640", "town": "\u6843\u6d66\u9547", "circleNum": 2, "builtYear": "2001", "builtHeight": 9, "storeNum": 3, "floorArea": 9958.86732598, "buildArea": 29876.6019779, "seiFort": "3", "keyFire": 0, "firehouseDist": 3, "pop": 5975}