{"buildingID": 9436, "county": "\u666e\u9640", "town": "\u957f\u5f81\u9547", "circleNum": 1, "builtYear": "1979-1985", "builtHeight": 55, "storeNum": 18, "floorArea": 359.765475646, "buildArea": 6475.77856163, "seiFort": "2", "keyFire": 0, "firehouseDist": 2, "pop": 1295}