{"buildingID": 6410, "county": "\u666e\u9640", "town": "\u6843\u6d66\u9547", "circleNum": 2, "builtYear": "2001", "builtHeight": 41, "storeNum": 13, "floorArea": 544.244651811, "buildArea": 7075.18047354, "seiFort": "3", "keyFire": 0, "firehouseDist": 1, "pop": 1415}