{"buildingID": 9090, "county": "\u666e\u9640", "town": "\u7518\u6cc9\u8def\u8857\u9053", "circleNum": 1, "builtYear": "pre1978", "builtHeight": 17, "storeNum": 5, "floorArea": 789.100331996, "buildArea": 3945.50165998, "seiFort": "1", "keyFire": 0, "firehouseDist": 3, "pop": 157}