{"buildingID": 6018, "county": "\u666e\u9640", "town": "\u6843\u6d66\u9547", "circleNum": 2, "builtYear": "1979-1985", "builtHeight": 67, "storeNum": 22, "floorArea": 612.91466616, "buildArea": 13484.1226555, "seiFort": "2", "keyFire": 0, "firehouseDist": 2, "pop": 2696}