{"buildingID": 16383, "county": "\u666e\u9640", "town": "\u771f\u5982\u9547", "circleNum": 1, "builtYear": "1987", "builtHeight": 17, "storeNum": 5, "floorArea": 1261.97060015, "buildArea": 6309.85300076, "seiFort": "2", "keyFire": 0, "firehouseDist": 2, "pop": 1261}