{"buildingID": 8747, "county": "\u666e\u9640", "town": "\u957f\u5f81\u9547", "circleNum": 1, "builtYear": "1979-1985", "builtHeight": 10, "storeNum": 3, "floorArea": 105.012126429, "buildArea": 315.036379286, "seiFort": "2", "keyFire": 0, "firehouseDist": 3, "pop": 12}