{"buildingID": 8733, "county": "\u666e\u9640", "town": "\u957f\u5f81\u9547", "circleNum": 1, "builtYear": "1979-1985", "builtHeight": 34, "storeNum": 11, "floorArea": 55.7382501582, "buildArea": 613.12075174, "seiFort": "2", "keyFire": 0, "firehouseDist": 1, "pop": 24}