{"buildingID": 28001, "county": "\u666e\u9640", "town": "\u957f\u98ce\u65b0\u6751\u8857\u9053", "circleNum": 0, "builtYear": "1994", "builtHeight": 19, "storeNum": 6, "floorArea": 844.146189311, "buildArea": 5064.87713586, "seiFort": "2", "keyFire": 0, "firehouseDist": 2, "pop": 1012}