{"buildingID": 5431, "county": "\u666e\u9640", "town": "\u6843\u6d66\u9547", "circleNum": 2, "builtYear": "2017", "builtHeight": 18, "storeNum": 6, "floorArea": 623.379388344, "buildArea": 3740.27633006, "seiFort": "3", "keyFire": 0, "firehouseDist": 1, "pop": 748}