{"buildingID": 15723, "county": "\u666e\u9640", "town": "\u771f\u5982\u9547", "circleNum": 2, "builtYear": "1988", "builtHeight": 13, "storeNum": 4, "floorArea": 666.654333952, "buildArea": 2666.61733581, "seiFort": "2", "keyFire": 0, "firehouseDist": 1, "pop": 533}