{"buildingID": 10408, "county": "\u666e\u9640", "town": "\u7518\u6cc9\u8def\u8857\u9053", "circleNum": 1, "builtYear": "pre1978", "builtHeight": 12, "storeNum": 4, "floorArea": 199.664922054, "buildArea": 798.659688215, "seiFort": "1", "keyFire": 0, "firehouseDist": 2, "pop": 31}