{"buildingID": 6358, "county": "\u666e\u9640", "town": "\u6843\u6d66\u9547", "circleNum": 2, "builtYear": "2011", "builtHeight": 13, "storeNum": 4, "floorArea": 2149.15562336, "buildArea": 8596.62249343, "seiFort": "3", "keyFire": 0, "firehouseDist": 1, "pop": 1719}