{"buildingID": 12414, "county": "\u666e\u9640", "town": "\u7518\u6cc9\u8def\u8857\u9053", "circleNum": 1, "builtYear": "pre1978", "builtHeight": 68, "storeNum": 22, "floorArea": 775.924449697, "buildArea": 17070.3378933, "seiFort": "1", "keyFire": 0, "firehouseDist": 2, "pop": 682}