{"buildingID": 28076, "county": "\u666e\u9640", "town": "\u957f\u98ce\u65b0\u6751\u8857\u9053", "circleNum": 0, "builtYear": "pre1978", "builtHeight": 24, "storeNum": 8, "floorArea": 1586.21955645, "buildArea": 12689.7564516, "seiFort": "1", "keyFire": 1, "firehouseDist": 2, "pop": 634}