{"buildingID": 18797, "county": "\u666e\u9640", "town": "\u957f\u5f81\u9547", "circleNum": 2, "builtYear": "1987", "builtHeight": 20, "storeNum": 6, "floorArea": 1014.24768529, "buildArea": 6085.48611175, "seiFort": "2", "keyFire": 0, "firehouseDist": 3, "pop": 1217}