{"buildingID": 5293, "county": "\u666e\u9640", "town": "\u6843\u6d66\u9547", "circleNum": 2, "builtYear": "2000", "builtHeight": 43, "storeNum": 14, "floorArea": 120.506250282, "buildArea": 1687.08750395, "seiFort": "3", "keyFire": 0, "firehouseDist": 1, "pop": 56}