{"buildingID": 13495, "county": "\u666e\u9640", "town": "\u771f\u5982\u9547", "circleNum": 2, "builtYear": "pre1978", "builtHeight": 69, "storeNum": 23, "floorArea": 114.183791162, "buildArea": 2626.22719672, "seiFort": "1", "keyFire": 0, "firehouseDist": 2, "pop": 87}