{"buildingID": 26589, "county": "\u666e\u9640", "town": "\u957f\u5f81\u9547", "circleNum": 1, "builtYear": "1979-1985", "builtHeight": 16, "storeNum": 5, "floorArea": 76.5772369732, "buildArea": 382.886184866, "seiFort": "2", "keyFire": 0, "firehouseDist": 2, "pop": 15}