{"buildingID": 11877, "county": "\u666e\u9640", "town": "\u771f\u5982\u9547", "circleNum": 1, "builtYear": "pre1978", "builtHeight": 21, "storeNum": 7, "floorArea": 570.054444499, "buildArea": 3990.38111149, "seiFort": "1", "keyFire": 0, "firehouseDist": 2, "pop": 159}