{"buildingID": 28892, "county": "\u666e\u9640", "town": "\u957f\u98ce\u65b0\u6751\u8857\u9053", "circleNum": 1, "builtYear": "pre1978", "builtHeight": 45, "storeNum": 15, "floorArea": 643.519593625, "buildArea": 9652.79390437, "seiFort": "1", "keyFire": 0, "firehouseDist": 3, "pop": 386}