{"buildingID": 26550, "county": "\u666e\u9640", "town": "\u957f\u98ce\u65b0\u6751\u8857\u9053", "circleNum": 0, "builtYear": "pre1978", "builtHeight": 14, "storeNum": 4, "floorArea": 436.664329078, "buildArea": 1746.65731631, "seiFort": "1", "keyFire": 0, "firehouseDist": 1, "pop": 87}