{"buildingID": 4574, "county": "\u666e\u9640", "town": "\u6843\u6d66\u9547", "circleNum": 2, "builtYear": "2003", "builtHeight": 63, "storeNum": 21, "floorArea": 109.006276635, "buildArea": 2289.13180934, "seiFort": "3", "keyFire": 0, "firehouseDist": 2, "pop": 76}