{"buildingID": 14666, "county": "\u666e\u9640", "town": "\u77f3\u6cc9\u8def\u8857\u9053", "circleNum": 1, "builtYear": "1986", "builtHeight": 17, "storeNum": 5, "floorArea": 1002.1172029, "buildArea": 5010.58601448, "seiFort": "2", "keyFire": 0, "firehouseDist": 2, "pop": 1002}