{"buildingID": 15754, "county": "\u666e\u9640", "town": "\u771f\u5982\u9547", "circleNum": 2, "builtYear": "2010", "builtHeight": 35, "storeNum": 11, "floorArea": 827.85345245, "buildArea": 9106.38797695, "seiFort": "3", "keyFire": 0, "firehouseDist": 1, "pop": 1821}