{"buildingID": 24831, "county": "\u666e\u9640", "town": "\u957f\u5bff\u8def\u8857\u9053", "circleNum": 0, "builtYear": "1979-1985", "builtHeight": 18, "storeNum": 6, "floorArea": 76.3840191192, "buildArea": 458.304114715, "seiFort": "2", "keyFire": 0, "firehouseDist": 1, "pop": 22}