{"buildingID": 28574, "county": "\u666e\u9640", "town": "\u957f\u98ce\u65b0\u6751\u8857\u9053", "circleNum": 1, "builtYear": "pre1978", "builtHeight": 25, "storeNum": 8, "floorArea": 1088.23760588, "buildArea": 8705.90084702, "seiFort": "1", "keyFire": 0, "firehouseDist": 3, "pop": 348}