{"buildingID": 8729, "county": "\u666e\u9640", "town": "\u7518\u6cc9\u8def\u8857\u9053", "circleNum": 1, "builtYear": "1992", "builtHeight": 19, "storeNum": 6, "floorArea": 338.429059794, "buildArea": 2030.57435876, "seiFort": "2", "keyFire": 0, "firehouseDist": 3, "pop": 406}