{"buildingID": 16112, "county": "\u666e\u9640", "town": "\u77f3\u6cc9\u8def\u8857\u9053", "circleNum": 1, "builtYear": "pre1978", "builtHeight": 61, "storeNum": 20, "floorArea": 525.891787981, "buildArea": 10517.8357596, "seiFort": "1", "keyFire": 0, "firehouseDist": 1, "pop": 420}