{"buildingID": 5646, "county": "\u666e\u9640", "town": "\u6843\u6d66\u9547", "circleNum": 2, "builtYear": "1996", "builtHeight": 30, "storeNum": 10, "floorArea": 1750.84160789, "buildArea": 17508.4160789, "seiFort": "2", "keyFire": 0, "firehouseDist": 1, "pop": 3501}