{"buildingID": 6794, "county": "\u666e\u9640", "town": "\u957f\u5f81\u9547", "circleNum": 1, "builtYear": "1996", "builtHeight": 44, "storeNum": 14, "floorArea": 522.300645311, "buildArea": 7312.20903436, "seiFort": "2", "keyFire": 0, "firehouseDist": 1, "pop": 1462}