{"buildingID": 15654, "county": "\u666e\u9640", "town": "\u5b9c\u5ddd\u8def\u8857\u9053", "circleNum": 0, "builtYear": "1979-1985", "builtHeight": 109, "storeNum": 36, "floorArea": 36.0193589302, "buildArea": 1296.69692149, "seiFort": "2", "keyFire": 0, "firehouseDist": 1, "pop": 259}