{"buildingID": 10478, "county": "\u666e\u9640", "town": "\u7518\u6cc9\u8def\u8857\u9053", "circleNum": 1, "builtYear": "1992", "builtHeight": 9, "storeNum": 3, "floorArea": 342.142216201, "buildArea": 1026.4266486, "seiFort": "2", "keyFire": 0, "firehouseDist": 2, "pop": 205}