{"buildingID": 25818, "county": "\u666e\u9640", "town": "\u66f9\u6768\u65b0\u6751\u8857\u9053", "circleNum": 1, "builtYear": "1987", "builtHeight": 9, "storeNum": 3, "floorArea": 1385.57001556, "buildArea": 4156.71004668, "seiFort": "2", "keyFire": 0, "firehouseDist": 2, "pop": 831}