{"buildingID": 10702, "county": "\u666e\u9640", "town": "\u771f\u5982\u9547", "circleNum": 2, "builtYear": "2017", "builtHeight": 46, "storeNum": 15, "floorArea": 55.5756384918, "buildArea": 833.634577377, "seiFort": "3", "keyFire": 0, "firehouseDist": 2, "pop": 27}