{"buildingID": 6532, "county": "\u666e\u9640", "town": "\u6843\u6d66\u9547", "circleNum": 2, "builtYear": "2005", "builtHeight": 39, "storeNum": 13, "floorArea": 703.598278695, "buildArea": 9146.77762303, "seiFort": "3", "keyFire": 0, "firehouseDist": 1, "pop": 1829}