{"buildingID": 10618, "county": "\u666e\u9640", "town": "\u7518\u6cc9\u8def\u8857\u9053", "circleNum": 1, "builtYear": "pre1978", "builtHeight": 18, "storeNum": 6, "floorArea": 230.569985145, "buildArea": 1383.41991087, "seiFort": "1", "keyFire": 0, "firehouseDist": 2, "pop": 55}