{"buildingID": 8756, "county": "\u666e\u9640", "town": "\u7518\u6cc9\u8def\u8857\u9053", "circleNum": 1, "builtYear": "2017", "builtHeight": 9, "storeNum": 3, "floorArea": 194.259593576, "buildArea": 582.778780729, "seiFort": "3", "keyFire": 0, "firehouseDist": 3, "pop": 116}