{"buildingID": 18272, "county": "\u666e\u9640", "town": "\u957f\u5f81\u9547", "circleNum": 2, "builtYear": "1996", "builtHeight": 15, "storeNum": 5, "floorArea": 1190.26426595, "buildArea": 5951.32132977, "seiFort": "2", "keyFire": 0, "firehouseDist": 3, "pop": 1190}