{"buildingID": 26744, "county": "\u666e\u9640", "town": "\u66f9\u6768\u65b0\u6751\u8857\u9053", "circleNum": 1, "builtYear": "pre1978", "builtHeight": 68, "storeNum": 22, "floorArea": 777.849496555, "buildArea": 17112.6889242, "seiFort": "1", "keyFire": 0, "firehouseDist": 2, "pop": 684}