{"buildingID": 2131, "county": "\u666e\u9640", "town": "\u6843\u6d66\u9547", "circleNum": 2, "builtYear": "1979-1985", "builtHeight": 7, "storeNum": 2, "floorArea": 2108.46718283, "buildArea": 4216.93436567, "seiFort": "2", "keyFire": 0, "firehouseDist": 1, "pop": 843}