{"buildingID": 16850, "county": "\u666e\u9640", "town": "\u77f3\u6cc9\u8def\u8857\u9053", "circleNum": 1, "builtYear": "1993", "builtHeight": 6, "storeNum": 2, "floorArea": 544.838143342, "buildArea": 1089.67628668, "seiFort": "2", "keyFire": 0, "firehouseDist": 2, "pop": 217}