{"buildingID": 15466, "county": "\u666e\u9640", "town": "\u77f3\u6cc9\u8def\u8857\u9053", "circleNum": 1, "builtYear": "1986", "builtHeight": 17, "storeNum": 5, "floorArea": 711.304219047, "buildArea": 3556.52109524, "seiFort": "2", "keyFire": 0, "firehouseDist": 2, "pop": 711}