{"buildingID": 23680, "county": "\u666e\u9640", "town": "\u66f9\u6768\u65b0\u6751\u8857\u9053", "circleNum": 1, "builtYear": "1979-1985", "builtHeight": 20, "storeNum": 6, "floorArea": 1479.62302406, "buildArea": 8877.73814437, "seiFort": "2", "keyFire": 0, "firehouseDist": 1, "pop": 1775}