{"buildingID": 19006, "county": "\u666e\u9640", "town": "\u957f\u5f81\u9547", "circleNum": 2, "builtYear": "1979-1985", "builtHeight": 10, "storeNum": 3, "floorArea": 642.637823555, "buildArea": 1927.91347066, "seiFort": "2", "keyFire": 0, "firehouseDist": 3, "pop": 385}