{"buildingID": 2839, "county": "\u666e\u9640", "town": "\u6843\u6d66\u9547", "circleNum": 2, "builtYear": "1992", "builtHeight": 22, "storeNum": 7, "floorArea": 1073.02815184, "buildArea": 7511.19706286, "seiFort": "2", "keyFire": 0, "firehouseDist": 2, "pop": 1502}