{"buildingID": 7688, "county": "\u666e\u9640", "town": "\u957f\u5f81\u9547", "circleNum": 1, "builtYear": "2004", "builtHeight": 82, "storeNum": 27, "floorArea": 1601.99651056, "buildArea": 43253.9057851, "seiFort": "3", "keyFire": 0, "firehouseDist": 2, "pop": 8650}