{"buildingID": 21494, "county": "\u666e\u9640", "town": "\u771f\u5982\u9547", "circleNum": 1, "builtYear": "pre1978", "builtHeight": 11, "storeNum": 3, "floorArea": 1141.86914927, "buildArea": 3425.60744781, "seiFort": "1", "keyFire": 0, "firehouseDist": 1, "pop": 137}