{"buildingID": 6871, "county": "\u666e\u9640", "town": "\u6843\u6d66\u9547", "circleNum": 2, "builtYear": "1979-1985", "builtHeight": 16, "storeNum": 5, "floorArea": 3013.26378187, "buildArea": 15066.3189093, "seiFort": "2", "keyFire": 0, "firehouseDist": 2, "pop": 3013}