{"buildingID": 12804, "county": "\u666e\u9640", "town": "\u7518\u6cc9\u8def\u8857\u9053", "circleNum": 1, "builtYear": "1986", "builtHeight": 27, "storeNum": 9, "floorArea": 107.798941683, "buildArea": 970.190475151, "seiFort": "2", "keyFire": 0, "firehouseDist": 2, "pop": 38}