{"buildingID": 10266, "county": "\u666e\u9640", "town": "\u957f\u5f81\u9547", "circleNum": 1, "builtYear": "2003", "builtHeight": 59, "storeNum": 19, "floorArea": 863.248591678, "buildArea": 16401.7232419, "seiFort": "3", "keyFire": 0, "firehouseDist": 2, "pop": 3280}