{"buildingID": 22130, "county": "\u666e\u9640", "town": "\u957f\u5f81\u9547", "circleNum": 2, "builtYear": "1998", "builtHeight": 16, "storeNum": 5, "floorArea": 1802.31796304, "buildArea": 9011.58981521, "seiFort": "2", "keyFire": 0, "firehouseDist": 1, "pop": 1802}