{"buildingID": 19467, "county": "\u666e\u9640", "town": "\u957f\u5f81\u9547", "circleNum": 2, "builtYear": "1979-1985", "builtHeight": 56, "storeNum": 18, "floorArea": 703.528864691, "buildArea": 12663.5195644, "seiFort": "2", "keyFire": 0, "firehouseDist": 3, "pop": 2532}