{"buildingID": 5031, "county": "\u666e\u9640", "town": "\u6843\u6d66\u9547", "circleNum": 2, "builtYear": "1999", "builtHeight": 18, "storeNum": 6, "floorArea": 889.40916827, "buildArea": 5336.45500962, "seiFort": "2", "keyFire": 0, "firehouseDist": 2, "pop": 1067}