{"buildingID": 11011, "county": "\u666e\u9640", "town": "\u771f\u5982\u9547", "circleNum": 1, "builtYear": "pre1978", "builtHeight": 63, "storeNum": 21, "floorArea": 404.663331957, "buildArea": 8497.9299711, "seiFort": "1", "keyFire": 0, "firehouseDist": 2, "pop": 339}