{"buildingID": 4708, "county": "\u666e\u9640", "town": "\u6843\u6d66\u9547", "circleNum": 2, "builtYear": "2004", "builtHeight": 53, "storeNum": 17, "floorArea": 706.662773974, "buildArea": 12013.2671576, "seiFort": "3", "keyFire": 0, "firehouseDist": 2, "pop": 2402}