{"buildingID": 20483, "county": "\u666e\u9640", "town": "\u771f\u5982\u9547", "circleNum": 1, "builtYear": "1979-1985", "builtHeight": 14, "storeNum": 4, "floorArea": 1045.34989814, "buildArea": 4181.39959257, "seiFort": "2", "keyFire": 0, "firehouseDist": 1, "pop": 836}