{"buildingID": 26753, "county": "\u666e\u9640", "town": "\u66f9\u6768\u65b0\u6751\u8857\u9053", "circleNum": 1, "builtYear": "1979-1985", "builtHeight": 63, "storeNum": 21, "floorArea": 167.320055099, "buildArea": 3513.72115708, "seiFort": "2", "keyFire": 0, "firehouseDist": 2, "pop": 140}