{"buildingID": 16337, "county": "\u666e\u9640", "town": "\u771f\u5982\u9547", "circleNum": 2, "builtYear": "2000", "builtHeight": 49, "storeNum": 16, "floorArea": 250.926223821, "buildArea": 4014.81958113, "seiFort": "3", "keyFire": 0, "firehouseDist": 1, "pop": 802}