{"buildingID": 12682, "county": "\u666e\u9640", "town": "\u771f\u5982\u9547", "circleNum": 2, "builtYear": "1994", "builtHeight": 14, "storeNum": 4, "floorArea": 1428.41675258, "buildArea": 5713.66701032, "seiFort": "2", "keyFire": 0, "firehouseDist": 2, "pop": 1142}