{"buildingID": 10816, "county": "\u666e\u9640", "town": "\u957f\u5f81\u9547", "circleNum": 1, "builtYear": "1988", "builtHeight": 54, "storeNum": 18, "floorArea": 629.591650298, "buildArea": 11332.6497054, "seiFort": "2", "keyFire": 0, "firehouseDist": 2, "pop": 2266}