{"buildingID": 24697, "county": "\u666e\u9640", "town": "\u957f\u5f81\u9547", "circleNum": 1, "builtYear": "1979-1985", "builtHeight": 19, "storeNum": 6, "floorArea": 824.844326287, "buildArea": 4949.06595772, "seiFort": "2", "keyFire": 0, "firehouseDist": 2, "pop": 989}