{"buildingID": 17015, "county": "\u666e\u9640", "town": "\u77f3\u6cc9\u8def\u8857\u9053", "circleNum": 1, "builtYear": "pre1978", "builtHeight": 14, "storeNum": 4, "floorArea": 1390.97120358, "buildArea": 5563.88481431, "seiFort": "1", "keyFire": 0, "firehouseDist": 2, "pop": 222}