{"buildingID": 28809, "county": "\u666e\u9640", "town": "\u957f\u98ce\u65b0\u6751\u8857\u9053", "circleNum": 1, "builtYear": "1990", "builtHeight": 6, "storeNum": 2, "floorArea": 216.097669875, "buildArea": 432.19533975, "seiFort": "2", "keyFire": 0, "firehouseDist": 3, "pop": 86}