{"buildingID": 10046, "county": "\u666e\u9640", "town": "\u7518\u6cc9\u8def\u8857\u9053", "circleNum": 1, "builtYear": "1992", "builtHeight": 17, "storeNum": 5, "floorArea": 826.852936495, "buildArea": 4134.26468248, "seiFort": "2", "keyFire": 1, "firehouseDist": 3, "pop": 826}