{"buildingID": 13354, "county": "\u666e\u9640", "town": "\u771f\u5982\u9547", "circleNum": 1, "builtYear": "1994", "builtHeight": 54, "storeNum": 18, "floorArea": 225.344014867, "buildArea": 4056.1922676, "seiFort": "2", "keyFire": 0, "firehouseDist": 2, "pop": 811}