{"buildingID": 10088, "county": "\u666e\u9640", "town": "\u771f\u5982\u9547", "circleNum": 2, "builtYear": "1997", "builtHeight": 18, "storeNum": 6, "floorArea": 62.9744788655, "buildArea": 377.846873193, "seiFort": "2", "keyFire": 0, "firehouseDist": 2, "pop": 12}