{"buildingID": 28063, "county": "\u666e\u9640", "town": "\u957f\u98ce\u65b0\u6751\u8857\u9053", "circleNum": 0, "builtYear": "pre1978", "builtHeight": 6, "storeNum": 2, "floorArea": 169.817969791, "buildArea": 339.635939582, "seiFort": "1", "keyFire": 0, "firehouseDist": 2, "pop": 16}