{"buildingID": 27685, "county": "\u666e\u9640", "town": "\u957f\u98ce\u65b0\u6751\u8857\u9053", "circleNum": 1, "builtYear": "1979-1985", "builtHeight": 54, "storeNum": 18, "floorArea": 1426.50385641, "buildArea": 25677.0694154, "seiFort": "2", "keyFire": 0, "firehouseDist": 3, "pop": 5135}