{"buildingID": 25772, "county": "\u666e\u9640", "town": "\u66f9\u6768\u65b0\u6751\u8857\u9053", "circleNum": 1, "builtYear": "pre1978", "builtHeight": 59, "storeNum": 19, "floorArea": 1108.61624281, "buildArea": 21063.7086133, "seiFort": "1", "keyFire": 0, "firehouseDist": 2, "pop": 842}