{"buildingID": 4161, "county": "\u666e\u9640", "town": "\u6843\u6d66\u9547", "circleNum": 2, "builtYear": "1994", "builtHeight": 18, "storeNum": 6, "floorArea": 12005.330973, "buildArea": 72031.9858381, "seiFort": "2", "keyFire": 0, "firehouseDist": 2, "pop": 14406}