{"buildingID": 12900, "county": "\u666e\u9640", "town": "\u77f3\u6cc9\u8def\u8857\u9053", "circleNum": 1, "builtYear": "1992", "builtHeight": 8, "storeNum": 2, "floorArea": 540.836448163, "buildArea": 1081.67289633, "seiFort": "2", "keyFire": 0, "firehouseDist": 3, "pop": 216}