{"buildingID": 28681, "county": "\u666e\u9640", "town": "\u957f\u98ce\u65b0\u6751\u8857\u9053", "circleNum": 1, "builtYear": "2001", "builtHeight": 43, "storeNum": 14, "floorArea": 164.748094807, "buildArea": 2306.4733273, "seiFort": "3", "keyFire": 0, "firehouseDist": 3, "pop": 92}