{"buildingID": 14493, "county": "\u666e\u9640", "town": "\u771f\u5982\u9547", "circleNum": 2, "builtYear": "1996", "builtHeight": 15, "storeNum": 5, "floorArea": 641.762098131, "buildArea": 3208.81049065, "seiFort": "2", "keyFire": 0, "firehouseDist": 1, "pop": 641}