{"buildingID": 9138, "county": "\u666e\u9640", "town": "\u7518\u6cc9\u8def\u8857\u9053", "circleNum": 1, "builtYear": "1979-1985", "builtHeight": 6, "storeNum": 2, "floorArea": 2083.38544725, "buildArea": 4166.77089449, "seiFort": "2", "keyFire": 0, "firehouseDist": 3, "pop": 833}