{"buildingID": 16400, "county": "\u666e\u9640", "town": "\u771f\u5982\u9547", "circleNum": 1, "builtYear": "pre1978", "builtHeight": 15, "storeNum": 5, "floorArea": 880.462486424, "buildArea": 4402.31243212, "seiFort": "1", "keyFire": 0, "firehouseDist": 1, "pop": 176}