{"buildingID": 16818, "county": "\u666e\u9640", "town": "\u771f\u5982\u9547", "circleNum": 1, "builtYear": "pre1978", "builtHeight": 31, "storeNum": 10, "floorArea": 43.1926892851, "buildArea": 431.926892851, "seiFort": "1", "keyFire": 0, "firehouseDist": 1, "pop": 17}