{"buildingID": 16388, "county": "\u666e\u9640", "town": "\u771f\u5982\u9547", "circleNum": 1, "builtYear": "1994", "builtHeight": 12, "storeNum": 4, "floorArea": 162.850765276, "buildArea": 651.403061103, "seiFort": "2", "keyFire": 0, "firehouseDist": 2, "pop": 26}