{"buildingID": 18779, "county": "\u666e\u9640", "town": "\u957f\u5f81\u9547", "circleNum": 2, "builtYear": "2001", "builtHeight": 24, "storeNum": 8, "floorArea": 776.580138561, "buildArea": 6212.64110849, "seiFort": "3", "keyFire": 0, "firehouseDist": 3, "pop": 1242}