{"buildingID": 5953, "county": "\u666e\u9640", "town": "\u6843\u6d66\u9547", "circleNum": 2, "builtYear": "1979-1985", "builtHeight": 12, "storeNum": 4, "floorArea": 152.13093982, "buildArea": 608.52375928, "seiFort": "2", "keyFire": 0, "firehouseDist": 1, "pop": 20}