{"buildingID": 5609, "county": "\u666e\u9640", "town": "\u6843\u6d66\u9547", "circleNum": 2, "builtYear": "1979-1985", "builtHeight": 11, "storeNum": 3, "floorArea": 960.400175997, "buildArea": 2881.20052799, "seiFort": "2", "keyFire": 0, "firehouseDist": 1, "pop": 576}