{"buildingID": 27169, "county": "\u666e\u9640", "town": "\u957f\u98ce\u65b0\u6751\u8857\u9053", "circleNum": 1, "builtYear": "pre1978", "builtHeight": 14, "storeNum": 4, "floorArea": 487.578007413, "buildArea": 1950.31202965, "seiFort": "1", "keyFire": 0, "firehouseDist": 2, "pop": 78}