{"buildingID": 18870, "county": "\u666e\u9640", "town": "\u957f\u5f81\u9547", "circleNum": 2, "builtYear": "1979-1985", "builtHeight": 14, "storeNum": 4, "floorArea": 759.280847765, "buildArea": 3037.12339106, "seiFort": "2", "keyFire": 0, "firehouseDist": 2, "pop": 607}