{"buildingID": 16424, "county": "\u666e\u9640", "town": "\u771f\u5982\u9547", "circleNum": 1, "builtYear": "pre1978", "builtHeight": 22, "storeNum": 7, "floorArea": 859.419762461, "buildArea": 6015.93833722, "seiFort": "1", "keyFire": 0, "firehouseDist": 1, "pop": 240}