{"buildingID": 3463, "county": "\u666e\u9640", "town": "\u6843\u6d66\u9547", "circleNum": 3, "builtYear": "2002", "builtHeight": 18, "storeNum": 6, "floorArea": 817.004763035, "buildArea": 4902.02857821, "seiFort": "3", "keyFire": 0, "firehouseDist": 3, "pop": 980}