{"buildingID": 11357, "county": "\u666e\u9640", "town": "\u5b9c\u5ddd\u8def\u8857\u9053", "circleNum": 1, "builtYear": "1979-1985", "builtHeight": 20, "storeNum": 6, "floorArea": 285.321003697, "buildArea": 1711.92602218, "seiFort": "2", "keyFire": 0, "firehouseDist": 2, "pop": 342}