{"buildingID": 20424, "county": "\u666e\u9640", "town": "\u771f\u5982\u9547", "circleNum": 1, "builtYear": "1988", "builtHeight": 6, "storeNum": 2, "floorArea": 576.769844824, "buildArea": 1153.53968965, "seiFort": "2", "keyFire": 0, "firehouseDist": 1, "pop": 230}