{"buildingID": 14507, "county": "\u666e\u9640", "town": "\u771f\u5982\u9547", "circleNum": 2, "builtYear": "1993", "builtHeight": 16, "storeNum": 5, "floorArea": 947.809829736, "buildArea": 4739.04914868, "seiFort": "2", "keyFire": 0, "firehouseDist": 1, "pop": 947}