{"buildingID": 22907, "county": "\u666e\u9640", "town": "\u957f\u5bff\u8def\u8857\u9053", "circleNum": 0, "builtYear": "1990", "builtHeight": 64, "storeNum": 21, "floorArea": 178.042870844, "buildArea": 3738.90028771, "seiFort": "2", "keyFire": 0, "firehouseDist": 1, "pop": 186}