{"buildingID": 28264, "county": "\u666e\u9640", "town": "\u957f\u98ce\u65b0\u6751\u8857\u9053", "circleNum": 1, "builtYear": "pre1978", "builtHeight": 17, "storeNum": 5, "floorArea": 656.830632636, "buildArea": 3284.15316318, "seiFort": "1", "keyFire": 0, "firehouseDist": 3, "pop": 131}