{"buildingID": 4688, "county": "\u666e\u9640", "town": "\u6843\u6d66\u9547", "circleNum": 2, "builtYear": "2008", "builtHeight": 28, "storeNum": 9, "floorArea": 1493.36559611, "buildArea": 13440.290365, "seiFort": "3", "keyFire": 0, "firehouseDist": 2, "pop": 2688}