{"buildingID": 27379, "county": "\u666e\u9640", "town": "\u957f\u98ce\u65b0\u6751\u8857\u9053", "circleNum": 0, "builtYear": "1979-1985", "builtHeight": 3, "storeNum": 1, "floorArea": 93.9649131716, "buildArea": 93.9649131716, "seiFort": "2", "keyFire": 0, "firehouseDist": 2, "pop": 4}