{"buildingID": 24452, "county": "\u666e\u9640", "town": "\u957f\u5bff\u8def\u8857\u9053", "circleNum": 0, "builtYear": "1979-1985", "builtHeight": 70, "storeNum": 23, "floorArea": 87.4050166106, "buildArea": 2010.31538204, "seiFort": "2", "keyFire": 0, "firehouseDist": 1, "pop": 100}