{"buildingID": 23999, "county": "\u666e\u9640", "town": "\u957f\u5bff\u8def\u8857\u9053", "circleNum": 0, "builtYear": "1979-1985", "builtHeight": 6, "storeNum": 2, "floorArea": 389.67210793, "buildArea": 779.344215861, "seiFort": "2", "keyFire": 0, "firehouseDist": 1, "pop": 155}