{"buildingID": 3465, "county": "\u666e\u9640", "town": "\u6843\u6d66\u9547", "circleNum": 3, "builtYear": "1999", "builtHeight": 18, "storeNum": 6, "floorArea": 868.164094649, "buildArea": 5208.98456789, "seiFort": "2", "keyFire": 0, "firehouseDist": 3, "pop": 1041}