{"buildingID": 16165, "county": "\u666e\u9640", "town": "\u77f3\u6cc9\u8def\u8857\u9053", "circleNum": 1, "builtYear": "pre1978", "builtHeight": 26, "storeNum": 8, "floorArea": 736.675105741, "buildArea": 5893.40084593, "seiFort": "1", "keyFire": 0, "firehouseDist": 2, "pop": 235}