{"buildingID": 2559, "county": "\u666e\u9640", "town": "\u6843\u6d66\u9547", "circleNum": 2, "builtYear": "1994", "builtHeight": 23, "storeNum": 7, "floorArea": 3776.3294708, "buildArea": 26434.3062956, "seiFort": "2", "keyFire": 0, "firehouseDist": 2, "pop": 5286}