{"buildingID": 15808, "county": "\u666e\u9640", "town": "\u77f3\u6cc9\u8def\u8857\u9053", "circleNum": 1, "builtYear": "pre1978", "builtHeight": 81, "storeNum": 27, "floorArea": 343.332897262, "buildArea": 9269.98822606, "seiFort": "1", "keyFire": 0, "firehouseDist": 1, "pop": 370}