{"buildingID": 14021, "county": "\u666e\u9640", "town": "\u5b9c\u5ddd\u8def\u8857\u9053", "circleNum": 0, "builtYear": "pre1978", "builtHeight": 104, "storeNum": 34, "floorArea": 172.817665305, "buildArea": 5875.80062038, "seiFort": "1", "keyFire": 0, "firehouseDist": 1, "pop": 1175}