{"buildingID": 5279, "county": "\u666e\u9640", "town": "\u6843\u6d66\u9547", "circleNum": 2, "builtYear": "2002", "builtHeight": 25, "storeNum": 8, "floorArea": 637.197424157, "buildArea": 5097.57939326, "seiFort": "3", "keyFire": 0, "firehouseDist": 2, "pop": 1019}