{"buildingID": 7863, "county": "\u666e\u9640", "town": "\u771f\u5982\u9547", "circleNum": 2, "builtYear": "1992", "builtHeight": 17, "storeNum": 5, "floorArea": 312.812393831, "buildArea": 1564.06196916, "seiFort": "2", "keyFire": 0, "firehouseDist": 2, "pop": 312}