{"buildingID": 28710, "county": "\u666e\u9640", "town": "\u957f\u98ce\u65b0\u6751\u8857\u9053", "circleNum": 1, "builtYear": "pre1978", "builtHeight": 44, "storeNum": 14, "floorArea": 2292.85312082, "buildArea": 32099.9436915, "seiFort": "1", "keyFire": 0, "firehouseDist": 4, "pop": 1283}