{"buildingID": 27465, "county": "\u666e\u9640", "town": "\u957f\u98ce\u65b0\u6751\u8857\u9053", "circleNum": 1, "builtYear": "1992", "builtHeight": 6, "storeNum": 2, "floorArea": 38.5974363147, "buildArea": 77.1948726293, "seiFort": "2", "keyFire": 0, "firehouseDist": 2, "pop": 3}