{"buildingID": 19159, "county": "\u666e\u9640", "town": "\u957f\u5f81\u9547", "circleNum": 2, "builtYear": "1991", "builtHeight": 20, "storeNum": 6, "floorArea": 1360.38742888, "buildArea": 8162.32457327, "seiFort": "2", "keyFire": 0, "firehouseDist": 3, "pop": 1632}