{"buildingID": 19384, "county": "\u666e\u9640", "town": "\u957f\u5f81\u9547", "circleNum": 2, "builtYear": "1992", "builtHeight": 37, "storeNum": 12, "floorArea": 814.137400929, "buildArea": 9769.64881115, "seiFort": "2", "keyFire": 0, "firehouseDist": 3, "pop": 1953}