{"buildingID": 12613, "county": "\u666e\u9640", "town": "\u771f\u5982\u9547", "circleNum": 2, "builtYear": "1995", "builtHeight": 14, "storeNum": 4, "floorArea": 295.402899287, "buildArea": 1181.61159715, "seiFort": "2", "keyFire": 0, "firehouseDist": 2, "pop": 236}