{"buildingID": 27419, "county": "\u666e\u9640", "town": "\u957f\u98ce\u65b0\u6751\u8857\u9053", "circleNum": 0, "builtYear": "pre1978", "builtHeight": 101, "storeNum": 33, "floorArea": 411.849611754, "buildArea": 13591.0371879, "seiFort": "1", "keyFire": 0, "firehouseDist": 1, "pop": 2718}