{"buildingID": 27992, "county": "\u666e\u9640", "town": "\u957f\u98ce\u65b0\u6751\u8857\u9053", "circleNum": 1, "builtYear": "1988", "builtHeight": 16, "storeNum": 5, "floorArea": 1005.73384782, "buildArea": 5028.66923909, "seiFort": "2", "keyFire": 0, "firehouseDist": 2, "pop": 1005}