{"buildingID": 11922, "county": "\u666e\u9640", "town": "\u771f\u5982\u9547", "circleNum": 1, "builtYear": "2002", "builtHeight": 54, "storeNum": 18, "floorArea": 78.8938862968, "buildArea": 1420.08995334, "seiFort": "3", "keyFire": 0, "firehouseDist": 2, "pop": 56}