{"buildingID": 2028, "county": "\u666e\u9640", "town": "\u6843\u6d66\u9547", "circleNum": 2, "builtYear": "1992", "builtHeight": 19, "storeNum": 6, "floorArea": 266.590127012, "buildArea": 1599.54076207, "seiFort": "2", "keyFire": 0, "firehouseDist": 2, "pop": 319}