{"buildingID": 21861, "county": "\u666e\u9640", "town": "\u957f\u5bff\u8def\u8857\u9053", "circleNum": 0, "builtYear": "pre1978", "builtHeight": 100, "storeNum": 33, "floorArea": 1079.60284575, "buildArea": 35626.8939097, "seiFort": "1", "keyFire": 0, "firehouseDist": 1, "pop": 7125}