{"buildingID": 22373, "county": "\u666e\u9640", "town": "\u66f9\u6768\u65b0\u6751\u8857\u9053", "circleNum": 1, "builtYear": "1994", "builtHeight": 11, "storeNum": 3, "floorArea": 804.556902934, "buildArea": 2413.6707088, "seiFort": "2", "keyFire": 0, "firehouseDist": 2, "pop": 482}