{"buildingID": 15527, "county": "\u666e\u9640", "town": "\u77f3\u6cc9\u8def\u8857\u9053", "circleNum": 1, "builtYear": "pre1978", "builtHeight": 99, "storeNum": 33, "floorArea": 1443.57201905, "buildArea": 47637.8766287, "seiFort": "1", "keyFire": 0, "firehouseDist": 1, "pop": 1905}