{"buildingID": 4521, "county": "\u666e\u9640", "town": "\u6843\u6d66\u9547", "circleNum": 2, "builtYear": "2003", "builtHeight": 66, "storeNum": 22, "floorArea": 68.1002403248, "buildArea": 1498.20528715, "seiFort": "3", "keyFire": 0, "firehouseDist": 2, "pop": 49}