{"buildingID": 10067, "county": "\u666e\u9640", "town": "\u771f\u5982\u9547", "circleNum": 2, "builtYear": "2009", "builtHeight": 17, "storeNum": 5, "floorArea": 1270.12522001, "buildArea": 6350.62610007, "seiFort": "3", "keyFire": 0, "firehouseDist": 2, "pop": 1270}