{"buildingID": 28450, "county": "\u666e\u9640", "town": "\u957f\u98ce\u65b0\u6751\u8857\u9053", "circleNum": 0, "builtYear": "pre1978", "builtHeight": 46, "storeNum": 15, "floorArea": 788.148777857, "buildArea": 11822.2316679, "seiFort": "1", "keyFire": 0, "firehouseDist": 2, "pop": 591}