{"buildingID": 1456, "county": "\u666e\u9640", "town": "\u6843\u6d66\u9547", "circleNum": 3, "builtYear": "2004", "builtHeight": 18, "storeNum": 6, "floorArea": 1197.88680582, "buildArea": 7187.32083492, "seiFort": "3", "keyFire": 0, "firehouseDist": 5, "pop": 1437}