{"buildingID": 9055, "county": "\u666e\u9640", "town": "\u957f\u5f81\u9547", "circleNum": 1, "builtYear": "1994", "builtHeight": 71, "storeNum": 23, "floorArea": 603.613548685, "buildArea": 13883.1116198, "seiFort": "2", "keyFire": 0, "firehouseDist": 2, "pop": 2776}