{"buildingID": 29412, "county": "\u666e\u9640", "town": "\u957f\u98ce\u65b0\u6751\u8857\u9053", "circleNum": 1, "builtYear": "pre1978", "builtHeight": 9, "storeNum": 3, "floorArea": 64.057834533, "buildArea": 192.173503599, "seiFort": "1", "keyFire": 0, "firehouseDist": 3, "pop": 7}