{"buildingID": 12404, "county": "\u666e\u9640", "town": "\u7518\u6cc9\u8def\u8857\u9053", "circleNum": 1, "builtYear": "pre1978", "builtHeight": 19, "storeNum": 6, "floorArea": 669.851052469, "buildArea": 4019.10631482, "seiFort": "1", "keyFire": 0, "firehouseDist": 2, "pop": 160}