{"buildingID": 9060, "county": "\u666e\u9640", "town": "\u957f\u5f81\u9547", "circleNum": 1, "builtYear": "1991", "builtHeight": 79, "storeNum": 26, "floorArea": 972.547608743, "buildArea": 25286.2378273, "seiFort": "2", "keyFire": 0, "firehouseDist": 2, "pop": 5057}