{"buildingID": 20481, "county": "\u666e\u9640", "town": "\u771f\u5982\u9547", "circleNum": 1, "builtYear": "1989", "builtHeight": 12, "storeNum": 4, "floorArea": 209.759507025, "buildArea": 839.038028098, "seiFort": "2", "keyFire": 0, "firehouseDist": 1, "pop": 167}