{"buildingID": 21442, "county": "\u666e\u9640", "town": "\u771f\u5982\u9547", "circleNum": 1, "builtYear": "1996", "builtHeight": 20, "storeNum": 6, "floorArea": 750.213482009, "buildArea": 4501.28089205, "seiFort": "2", "keyFire": 0, "firehouseDist": 1, "pop": 900}