{"buildingID": 18412, "county": "\u666e\u9640", "town": "\u957f\u5f81\u9547", "circleNum": 2, "builtYear": "1979-1985", "builtHeight": 52, "storeNum": 17, "floorArea": 961.73033769, "buildArea": 16349.4157407, "seiFort": "2", "keyFire": 0, "firehouseDist": 3, "pop": 3269}