{"buildingID": 22756, "county": "\u666e\u9640", "town": "\u957f\u5bff\u8def\u8857\u9053", "circleNum": 0, "builtYear": "pre1978", "builtHeight": 102, "storeNum": 34, "floorArea": 1428.43587367, "buildArea": 48566.8197046, "seiFort": "1", "keyFire": 0, "firehouseDist": 1, "pop": 9713}