{"buildingID": 81, "county": "\u666e\u9640", "town": "\u6843\u6d66\u9547", "circleNum": 2, "builtYear": "1979-1985", "builtHeight": 15, "storeNum": 5, "floorArea": 663.657806281, "buildArea": 3318.28903141, "seiFort": "2", "keyFire": 0, "firehouseDist": 1, "pop": 663}