{"buildingID": 14677, "county": "\u666e\u9640", "town": "\u77f3\u6cc9\u8def\u8857\u9053", "circleNum": 1, "builtYear": "1991", "builtHeight": 21, "storeNum": 7, "floorArea": 937.291251775, "buildArea": 6561.03876242, "seiFort": "2", "keyFire": 0, "firehouseDist": 2, "pop": 1312}