{"buildingID": 13916, "county": "\u666e\u9640", "town": "\u771f\u5982\u9547", "circleNum": 1, "builtYear": "1987", "builtHeight": 11, "storeNum": 3, "floorArea": 437.174346627, "buildArea": 1311.52303988, "seiFort": "2", "keyFire": 0, "firehouseDist": 2, "pop": 262}