{"buildingID": 4905, "county": "\u666e\u9640", "town": "\u6843\u6d66\u9547", "circleNum": 2, "builtYear": "1997", "builtHeight": 81, "storeNum": 27, "floorArea": 73.7260242796, "buildArea": 1990.60265555, "seiFort": "2", "keyFire": 0, "firehouseDist": 2, "pop": 66}