{"buildingID": 10544, "county": "\u666e\u9640", "town": "\u7518\u6cc9\u8def\u8857\u9053", "circleNum": 1, "builtYear": "pre1978", "builtHeight": 17, "storeNum": 5, "floorArea": 786.693021365, "buildArea": 3933.46510682, "seiFort": "1", "keyFire": 0, "firehouseDist": 3, "pop": 157}