{"buildingID": 7086, "county": "\u666e\u9640", "town": "\u957f\u5f81\u9547", "circleNum": 1, "builtYear": "1992", "builtHeight": 41, "storeNum": 13, "floorArea": 524.082675149, "buildArea": 6813.07477694, "seiFort": "2", "keyFire": 0, "firehouseDist": 1, "pop": 1362}