{"buildingID": 19674, "county": "\u666e\u9640", "town": "\u957f\u5bff\u8def\u8857\u9053", "circleNum": 0, "builtYear": "1979-1985", "builtHeight": 51, "storeNum": 17, "floorArea": 220.522048138, "buildArea": 3748.87481834, "seiFort": "2", "keyFire": 0, "firehouseDist": 1, "pop": 749}