{"buildingID": 14223, "county": "\u666e\u9640", "town": "\u77f3\u6cc9\u8def\u8857\u9053", "circleNum": 1, "builtYear": "1988", "builtHeight": 22, "storeNum": 7, "floorArea": 213.096733705, "buildArea": 1491.67713594, "seiFort": "2", "keyFire": 0, "firehouseDist": 2, "pop": 298}