{"buildingID": 19486, "county": "\u666e\u9640", "town": "\u957f\u5f81\u9547", "circleNum": 2, "builtYear": "1979-1985", "builtHeight": 60, "storeNum": 20, "floorArea": 1301.58237259, "buildArea": 26031.6474519, "seiFort": "2", "keyFire": 0, "firehouseDist": 3, "pop": 5206}