{"buildingID": 27535, "county": "\u666e\u9640", "town": "\u957f\u98ce\u65b0\u6751\u8857\u9053", "circleNum": 1, "builtYear": "2015", "builtHeight": 13, "storeNum": 4, "floorArea": 2298.01828564, "buildArea": 9192.07314258, "seiFort": "3", "keyFire": 0, "firehouseDist": 2, "pop": 1838}