{"buildingID": 26191, "county": "\u666e\u9640", "town": "\u66f9\u6768\u65b0\u6751\u8857\u9053", "circleNum": 1, "builtYear": "pre1978", "builtHeight": 9, "storeNum": 3, "floorArea": 273.328813713, "buildArea": 819.986441139, "seiFort": "1", "keyFire": 0, "firehouseDist": 2, "pop": 32}