{"buildingID": 1554, "county": "\u666e\u9640", "town": "\u6843\u6d66\u9547", "circleNum": 2, "builtYear": "1987", "builtHeight": 10, "storeNum": 3, "floorArea": 2055.34722322, "buildArea": 6166.04166966, "seiFort": "2", "keyFire": 0, "firehouseDist": 2, "pop": 1233}