{"buildingID": 6435, "county": "\u666e\u9640", "town": "\u6843\u6d66\u9547", "circleNum": 2, "builtYear": "pre1978", "builtHeight": 54, "storeNum": 18, "floorArea": 5565.57164865, "buildArea": 100180.289676, "seiFort": "1", "keyFire": 0, "firehouseDist": 1, "pop": 3339}