{"buildingID": 5586, "county": "\u666e\u9640", "town": "\u6843\u6d66\u9547", "circleNum": 2, "builtYear": "1996", "builtHeight": 18, "storeNum": 6, "floorArea": 498.790882548, "buildArea": 2992.74529529, "seiFort": "2", "keyFire": 0, "firehouseDist": 2, "pop": 598}