{"buildingID": 3277, "county": "\u666e\u9640", "town": "\u6843\u6d66\u9547", "circleNum": 2, "builtYear": "1989", "builtHeight": 20, "storeNum": 6, "floorArea": 258.540702541, "buildArea": 1551.24421524, "seiFort": "2", "keyFire": 0, "firehouseDist": 1, "pop": 310}