{"buildingID": 7903, "county": "\u666e\u9640", "town": "\u771f\u5982\u9547", "circleNum": 1, "builtYear": "1979-1985", "builtHeight": 24, "storeNum": 8, "floorArea": 1125.74251247, "buildArea": 9005.94009978, "seiFort": "2", "keyFire": 0, "firehouseDist": 2, "pop": 1801}