{"buildingID": 13474, "county": "\u666e\u9640", "town": "\u771f\u5982\u9547", "circleNum": 1, "builtYear": "1979-1985", "builtHeight": 14, "storeNum": 4, "floorArea": 229.54038252, "buildArea": 918.161530078, "seiFort": "2", "keyFire": 0, "firehouseDist": 2, "pop": 183}