{"buildingID": 12725, "county": "\u666e\u9640", "town": "\u771f\u5982\u9547", "circleNum": 1, "builtYear": "pre1978", "builtHeight": 22, "storeNum": 7, "floorArea": 417.913812199, "buildArea": 2925.39668539, "seiFort": "1", "keyFire": 0, "firehouseDist": 2, "pop": 117}