{"buildingID": 11863, "county": "\u666e\u9640", "town": "\u771f\u5982\u9547", "circleNum": 1, "builtYear": "1987", "builtHeight": 16, "storeNum": 5, "floorArea": 611.584364751, "buildArea": 3057.92182376, "seiFort": "2", "keyFire": 0, "firehouseDist": 2, "pop": 611}