{"buildingID": 16423, "county": "\u666e\u9640", "town": "\u771f\u5982\u9547", "circleNum": 1, "builtYear": "pre1978", "builtHeight": 20, "storeNum": 6, "floorArea": 936.222220429, "buildArea": 5617.33332258, "seiFort": "1", "keyFire": 0, "firehouseDist": 1, "pop": 224}