{"buildingID": 27030, "county": "\u666e\u9640", "town": "\u957f\u98ce\u65b0\u6751\u8857\u9053", "circleNum": 0, "builtYear": "pre1978", "builtHeight": 42, "storeNum": 14, "floorArea": 1361.59719486, "buildArea": 19062.3607281, "seiFort": "1", "keyFire": 0, "firehouseDist": 1, "pop": 953}