{"buildingID": 22389, "county": "\u666e\u9640", "town": "\u66f9\u6768\u65b0\u6751\u8857\u9053", "circleNum": 1, "builtYear": "pre1978", "builtHeight": 12, "storeNum": 4, "floorArea": 454.72204635, "buildArea": 1818.8881854, "seiFort": "1", "keyFire": 0, "firehouseDist": 1, "pop": 72}