{"buildingID": 3494, "county": "\u666e\u9640", "town": "\u6843\u6d66\u9547", "circleNum": 2, "builtYear": "1979-1985", "builtHeight": 10, "storeNum": 3, "floorArea": 1515.2058961, "buildArea": 4545.6176883, "seiFort": "2", "keyFire": 0, "firehouseDist": 2, "pop": 909}