{"buildingID": 15263, "county": "\u666e\u9640", "town": "\u771f\u5982\u9547", "circleNum": 1, "builtYear": "1990", "builtHeight": 6, "storeNum": 2, "floorArea": 523.765044009, "buildArea": 1047.53008802, "seiFort": "2", "keyFire": 0, "firehouseDist": 2, "pop": 209}