{"buildingID": 27287, "county": "\u666e\u9640", "town": "\u957f\u98ce\u65b0\u6751\u8857\u9053", "circleNum": 0, "builtYear": "pre1978", "builtHeight": 49, "storeNum": 16, "floorArea": 486.289269927, "buildArea": 7780.62831883, "seiFort": "1", "keyFire": 0, "firehouseDist": 1, "pop": 389}