{"buildingID": 19453, "county": "\u666e\u9640", "town": "\u957f\u5f81\u9547", "circleNum": 2, "builtYear": "1979-1985", "builtHeight": 24, "storeNum": 8, "floorArea": 119.249388918, "buildArea": 953.995111345, "seiFort": "2", "keyFire": 0, "firehouseDist": 4, "pop": 31}