{"buildingID": 13799, "county": "\u666e\u9640", "town": "\u771f\u5982\u9547", "circleNum": 1, "builtYear": "1989", "builtHeight": 75, "storeNum": 25, "floorArea": 2030.41125872, "buildArea": 50760.2814681, "seiFort": "2", "keyFire": 0, "firehouseDist": 2, "pop": 10152}