{"buildingID": 13334, "county": "\u666e\u9640", "town": "\u771f\u5982\u9547", "circleNum": 1, "builtYear": "1995", "builtHeight": 9, "storeNum": 3, "floorArea": 1250.26751551, "buildArea": 3750.80254654, "seiFort": "2", "keyFire": 0, "firehouseDist": 2, "pop": 750}