{"buildingID": 13374, "county": "\u666e\u9640", "town": "\u771f\u5982\u9547", "circleNum": 1, "builtYear": "1996", "builtHeight": 17, "storeNum": 5, "floorArea": 176.672604953, "buildArea": 883.363024767, "seiFort": "2", "keyFire": 0, "firehouseDist": 2, "pop": 35}