{"buildingID": 14322, "county": "\u666e\u9640", "town": "\u77f3\u6cc9\u8def\u8857\u9053", "circleNum": 1, "builtYear": "pre1978", "builtHeight": 11, "storeNum": 3, "floorArea": 1080.03729037, "buildArea": 3240.11187112, "seiFort": "1", "keyFire": 0, "firehouseDist": 2, "pop": 129}