{"buildingID": 4775, "county": "\u666e\u9640", "town": "\u6843\u6d66\u9547", "circleNum": 2, "builtYear": "1994", "builtHeight": 20, "storeNum": 6, "floorArea": 649.087895648, "buildArea": 3894.52737389, "seiFort": "2", "keyFire": 0, "firehouseDist": 1, "pop": 778}