{"buildingID": 29110, "county": "\u666e\u9640", "town": "\u957f\u98ce\u65b0\u6751\u8857\u9053", "circleNum": 1, "builtYear": "pre1978", "builtHeight": 17, "storeNum": 5, "floorArea": 754.113424482, "buildArea": 3770.56712241, "seiFort": "1", "keyFire": 0, "firehouseDist": 3, "pop": 150}