{"buildingID": 23775, "county": "\u666e\u9640", "town": "\u957f\u5f81\u9547", "circleNum": 1, "builtYear": "1979-1985", "builtHeight": 18, "storeNum": 6, "floorArea": 257.190750631, "buildArea": 1543.14450378, "seiFort": "2", "keyFire": 0, "firehouseDist": 1, "pop": 308}