{"buildingID": 28979, "county": "\u666e\u9640", "town": "\u957f\u98ce\u65b0\u6751\u8857\u9053", "circleNum": 1, "builtYear": "pre1978", "builtHeight": 10, "storeNum": 3, "floorArea": 287.364974487, "buildArea": 862.094923462, "seiFort": "1", "keyFire": 1, "firehouseDist": 3, "pop": 34}