{"buildingID": 21300, "county": "\u666e\u9640", "town": "\u957f\u5f81\u9547", "circleNum": 2, "builtYear": "1979-1985", "builtHeight": 9, "storeNum": 3, "floorArea": 321.224192671, "buildArea": 963.672578012, "seiFort": "2", "keyFire": 0, "firehouseDist": 1, "pop": 192}