{"buildingID": 14556, "county": "\u666e\u9640", "town": "\u771f\u5982\u9547", "circleNum": 2, "builtYear": "2010", "builtHeight": 31, "storeNum": 10, "floorArea": 130.486635389, "buildArea": 1304.86635389, "seiFort": "3", "keyFire": 0, "firehouseDist": 1, "pop": 43}