{"buildingID": 736, "county": "\u666e\u9640", "town": "\u771f\u5982\u9547", "circleNum": 2, "builtYear": "1997", "builtHeight": 21, "storeNum": 7, "floorArea": 787.299799542, "buildArea": 5511.09859679, "seiFort": "2", "keyFire": 0, "firehouseDist": 1, "pop": 1102}