{"buildingID": 13717, "county": "\u666e\u9640", "town": "\u771f\u5982\u9547", "circleNum": 1, "builtYear": "1989", "builtHeight": 16, "storeNum": 5, "floorArea": 308.533947843, "buildArea": 1542.66973922, "seiFort": "2", "keyFire": 0, "firehouseDist": 2, "pop": 308}