{"buildingID": 9690, "county": "\u666e\u9640", "town": "\u7518\u6cc9\u8def\u8857\u9053", "circleNum": 1, "builtYear": "1979-1985", "builtHeight": 10, "storeNum": 3, "floorArea": 284.487505032, "buildArea": 853.462515095, "seiFort": "2", "keyFire": 0, "firehouseDist": 2, "pop": 170}