{"buildingID": 4715, "county": "\u666e\u9640", "town": "\u6843\u6d66\u9547", "circleNum": 2, "builtYear": "1997", "builtHeight": 72, "storeNum": 24, "floorArea": 392.344445006, "buildArea": 9416.26668013, "seiFort": "2", "keyFire": 0, "firehouseDist": 2, "pop": 1883}