{"buildingID": 8591, "county": "\u666e\u9640", "town": "\u957f\u5f81\u9547", "circleNum": 1, "builtYear": "1987", "builtHeight": 47, "storeNum": 15, "floorArea": 742.893601323, "buildArea": 11143.4040198, "seiFort": "2", "keyFire": 0, "firehouseDist": 1, "pop": 2228}