{"buildingID": 20633, "county": "\u666e\u9640", "town": "\u771f\u5982\u9547", "circleNum": 1, "builtYear": "1986", "builtHeight": 10, "storeNum": 3, "floorArea": 326.421047254, "buildArea": 979.263141761, "seiFort": "2", "keyFire": 0, "firehouseDist": 1, "pop": 195}