{"buildingID": 1830, "county": "\u666e\u9640", "town": "\u6843\u6d66\u9547", "circleNum": 2, "builtYear": "1989", "builtHeight": 9, "storeNum": 3, "floorArea": 1759.72281523, "buildArea": 5279.16844568, "seiFort": "2", "keyFire": 0, "firehouseDist": 1, "pop": 1055}