{"buildingID": 17885, "county": "\u666e\u9640", "town": "\u957f\u5bff\u8def\u8857\u9053", "circleNum": 0, "builtYear": "1992", "builtHeight": 99, "storeNum": 33, "floorArea": 196.312053788, "buildArea": 6478.29777499, "seiFort": "2", "keyFire": 0, "firehouseDist": 1, "pop": 1295}