{"buildingID": 4401, "county": "\u666e\u9640", "town": "\u6843\u6d66\u9547", "circleNum": 2, "builtYear": "1991", "builtHeight": 45, "storeNum": 15, "floorArea": 364.902155652, "buildArea": 5473.53233478, "seiFort": "2", "keyFire": 0, "firehouseDist": 2, "pop": 1094}