{"buildingID": 3386, "county": "\u666e\u9640", "town": "\u6843\u6d66\u9547", "circleNum": 2, "builtYear": "1979-1985", "builtHeight": 9, "storeNum": 3, "floorArea": 454.341152733, "buildArea": 1363.0234582, "seiFort": "2", "keyFire": 0, "firehouseDist": 1, "pop": 272}