{"buildingID": 12937, "county": "\u666e\u9640", "town": "\u771f\u5982\u9547", "circleNum": 1, "builtYear": "pre1978", "builtHeight": 52, "storeNum": 17, "floorArea": 126.626142377, "buildArea": 2152.64442041, "seiFort": "1", "keyFire": 0, "firehouseDist": 2, "pop": 86}