{"buildingID": 8778, "county": "\u666e\u9640", "town": "\u6843\u6d66\u9547", "circleNum": 2, "builtYear": "1979-1985", "builtHeight": 57, "storeNum": 19, "floorArea": 62.9487163648, "buildArea": 1196.02561093, "seiFort": "2", "keyFire": 0, "firehouseDist": 2, "pop": 39}