{"buildingID": 25032, "county": "\u666e\u9640", "town": "\u957f\u5bff\u8def\u8857\u9053", "circleNum": 0, "builtYear": "1979-1985", "builtHeight": 8, "storeNum": 2, "floorArea": 1328.08786889, "buildArea": 2656.17573777, "seiFort": "2", "keyFire": 0, "firehouseDist": 2, "pop": 531}