{"buildingID": 15133, "county": "\u666e\u9640", "town": "\u771f\u5982\u9547", "circleNum": 2, "builtYear": "1994", "builtHeight": 22, "storeNum": 7, "floorArea": 624.54066373, "buildArea": 4371.78464611, "seiFort": "2", "keyFire": 0, "firehouseDist": 1, "pop": 874}