{"buildingID": 18377, "county": "\u666e\u9640", "town": "\u957f\u5f81\u9547", "circleNum": 2, "builtYear": "2017", "builtHeight": 52, "storeNum": 17, "floorArea": 835.515513561, "buildArea": 14203.7637305, "seiFort": "3", "keyFire": 0, "firehouseDist": 3, "pop": 2840}