{"buildingID": 10749, "county": "\u666e\u9640", "town": "\u771f\u5982\u9547", "circleNum": 1, "builtYear": "pre1978", "builtHeight": 80, "storeNum": 26, "floorArea": 162.544954742, "buildArea": 4226.16882329, "seiFort": "1", "keyFire": 0, "firehouseDist": 2, "pop": 169}