{"buildingID": 13834, "county": "\u666e\u9640", "town": "\u77f3\u6cc9\u8def\u8857\u9053", "circleNum": 1, "builtYear": "1979-1985", "builtHeight": 100, "storeNum": 33, "floorArea": 654.851005077, "buildArea": 21610.0831675, "seiFort": "2", "keyFire": 0, "firehouseDist": 3, "pop": 4322}