{"buildingID": 27248, "county": "\u666e\u9640", "town": "\u957f\u98ce\u65b0\u6751\u8857\u9053", "circleNum": 0, "builtYear": "pre1978", "builtHeight": 45, "storeNum": 15, "floorArea": 115.572847964, "buildArea": 1733.59271945, "seiFort": "1", "keyFire": 0, "firehouseDist": 2, "pop": 86}