{"buildingID": 20407, "county": "\u666e\u9640", "town": "\u771f\u5982\u9547", "circleNum": 1, "builtYear": "1987", "builtHeight": 17, "storeNum": 5, "floorArea": 1840.41920096, "buildArea": 9202.09600479, "seiFort": "2", "keyFire": 0, "firehouseDist": 1, "pop": 1840}