{"buildingID": 28811, "county": "\u666e\u9640", "town": "\u957f\u98ce\u65b0\u6751\u8857\u9053", "circleNum": 1, "builtYear": "1985", "builtHeight": 6, "storeNum": 2, "floorArea": 241.197820965, "buildArea": 482.39564193, "seiFort": "2", "keyFire": 0, "firehouseDist": 3, "pop": 96}