{"buildingID": 28075, "county": "\u666e\u9640", "town": "\u957f\u98ce\u65b0\u6751\u8857\u9053", "circleNum": 0, "builtYear": "pre1978", "builtHeight": 30, "storeNum": 10, "floorArea": 1190.29583078, "buildArea": 11902.9583078, "seiFort": "1", "keyFire": 1, "firehouseDist": 2, "pop": 595}