{"buildingID": 16063, "county": "\u666e\u9640", "town": "\u771f\u5982\u9547", "circleNum": 1, "builtYear": "1999", "builtHeight": 6, "storeNum": 2, "floorArea": 411.913029728, "buildArea": 823.826059455, "seiFort": "2", "keyFire": 0, "firehouseDist": 1, "pop": 164}