{"buildingID": 21067, "county": "\u666e\u9640", "town": "\u77f3\u6cc9\u8def\u8857\u9053", "circleNum": 1, "builtYear": "pre1978", "builtHeight": 19, "storeNum": 6, "floorArea": 847.959956414, "buildArea": 5087.75973848, "seiFort": "1", "keyFire": 0, "firehouseDist": 2, "pop": 203}