{"buildingID": 22671, "county": "\u666e\u9640", "town": "\u957f\u5bff\u8def\u8857\u9053", "circleNum": 0, "builtYear": "1979-1985", "builtHeight": 96, "storeNum": 32, "floorArea": 367.530076431, "buildArea": 11760.9624458, "seiFort": "2", "keyFire": 0, "firehouseDist": 1, "pop": 2352}