{"buildingID": 23635, "county": "\u666e\u9640", "town": "\u66f9\u6768\u65b0\u6751\u8857\u9053", "circleNum": 1, "builtYear": "pre1978", "builtHeight": 15, "storeNum": 5, "floorArea": 540.537237143, "buildArea": 2702.68618572, "seiFort": "1", "keyFire": 0, "firehouseDist": 1, "pop": 108}