{"buildingID": 26853, "county": "\u666e\u9640", "town": "\u957f\u5f81\u9547", "circleNum": 1, "builtYear": "1979-1985", "builtHeight": 3, "storeNum": 1, "floorArea": 1665.24617125, "buildArea": 1665.24617125, "seiFort": "2", "keyFire": 0, "firehouseDist": 2, "pop": 333}