{"buildingID": 1766, "county": "\u666e\u9640", "town": "\u6843\u6d66\u9547", "circleNum": 2, "builtYear": "2000", "builtHeight": 16, "storeNum": 5, "floorArea": 947.417646446, "buildArea": 4737.08823223, "seiFort": "3", "keyFire": 0, "firehouseDist": 3, "pop": 947}