{"buildingID": 10658, "county": "\u666e\u9640", "town": "\u771f\u5982\u9547", "circleNum": 2, "builtYear": "1996", "builtHeight": 20, "storeNum": 6, "floorArea": 61.4997639391, "buildArea": 368.998583634, "seiFort": "2", "keyFire": 0, "firehouseDist": 2, "pop": 12}