{"buildingID": 12245, "county": "\u666e\u9640", "town": "\u77f3\u6cc9\u8def\u8857\u9053", "circleNum": 1, "builtYear": "1993", "builtHeight": 6, "storeNum": 2, "floorArea": 302.571996191, "buildArea": 605.143992382, "seiFort": "2", "keyFire": 0, "firehouseDist": 2, "pop": 121}