{"buildingID": 12349, "county": "\u666e\u9640", "town": "\u7518\u6cc9\u8def\u8857\u9053", "circleNum": 1, "builtYear": "pre1978", "builtHeight": 22, "storeNum": 7, "floorArea": 391.278480297, "buildArea": 2738.94936208, "seiFort": "1", "keyFire": 0, "firehouseDist": 2, "pop": 109}