{"buildingID": 10110, "county": "\u666e\u9640", "town": "\u771f\u5982\u9547", "circleNum": 2, "builtYear": "2003", "builtHeight": 20, "storeNum": 6, "floorArea": 1559.03963894, "buildArea": 9354.23783364, "seiFort": "3", "keyFire": 0, "firehouseDist": 2, "pop": 1870}