{"buildingID": 26478, "county": "\u666e\u9640", "town": "\u957f\u5bff\u8def\u8857\u9053", "circleNum": 0, "builtYear": "1979-1985", "builtHeight": 24, "storeNum": 8, "floorArea": 562.641320268, "buildArea": 4501.13056214, "seiFort": "2", "keyFire": 0, "firehouseDist": 1, "pop": 900}