{"buildingID": 11773, "county": "\u666e\u9640", "town": "\u771f\u5982\u9547", "circleNum": 2, "builtYear": "1994", "builtHeight": 22, "storeNum": 7, "floorArea": 314.991713816, "buildArea": 2204.94199671, "seiFort": "2", "keyFire": 0, "firehouseDist": 2, "pop": 440}