{"buildingID": 14543, "county": "\u666e\u9640", "town": "\u771f\u5982\u9547", "circleNum": 2, "builtYear": "1991", "builtHeight": 14, "storeNum": 4, "floorArea": 659.798523638, "buildArea": 2639.19409455, "seiFort": "2", "keyFire": 0, "firehouseDist": 1, "pop": 527}