{"buildingID": 24797, "county": "\u666e\u9640", "town": "\u66f9\u6768\u65b0\u6751\u8857\u9053", "circleNum": 1, "builtYear": "pre1978", "builtHeight": 90, "storeNum": 30, "floorArea": 237.559824273, "buildArea": 7126.79472818, "seiFort": "1", "keyFire": 0, "firehouseDist": 1, "pop": 285}