{"buildingID": 1663, "county": "\u666e\u9640", "town": "\u6843\u6d66\u9547", "circleNum": 3, "builtYear": "1996", "builtHeight": 18, "storeNum": 6, "floorArea": 1401.91217027, "buildArea": 8411.47302162, "seiFort": "2", "keyFire": 0, "firehouseDist": 3, "pop": 1682}