{"buildingID": 15061, "county": "\u666e\u9640", "town": "\u771f\u5982\u9547", "circleNum": 2, "builtYear": "1993", "builtHeight": 26, "storeNum": 8, "floorArea": 327.600010401, "buildArea": 2620.80008321, "seiFort": "2", "keyFire": 0, "firehouseDist": 1, "pop": 524}