{"buildingID": 6683, "county": "\u666e\u9640", "town": "\u6843\u6d66\u9547", "circleNum": 2, "builtYear": "1991", "builtHeight": 12, "storeNum": 4, "floorArea": 342.654073335, "buildArea": 1370.61629334, "seiFort": "2", "keyFire": 0, "firehouseDist": 1, "pop": 274}