{"buildingID": 23463, "county": "\u666e\u9640", "town": "\u957f\u5f81\u9547", "circleNum": 1, "builtYear": "1979-1985", "builtHeight": 24, "storeNum": 8, "floorArea": 857.710075069, "buildArea": 6861.68060055, "seiFort": "2", "keyFire": 0, "firehouseDist": 2, "pop": 1372}