{"buildingID": 10527, "county": "\u666e\u9640", "town": "\u7518\u6cc9\u8def\u8857\u9053", "circleNum": 1, "builtYear": "pre1978", "builtHeight": 12, "storeNum": 4, "floorArea": 430.243392022, "buildArea": 1720.97356809, "seiFort": "1", "keyFire": 0, "firehouseDist": 3, "pop": 68}