{"buildingID": 13789, "county": "\u666e\u9640", "town": "\u771f\u5982\u9547", "circleNum": 1, "builtYear": "pre1978", "builtHeight": 14, "storeNum": 4, "floorArea": 806.072251355, "buildArea": 3224.28900542, "seiFort": "1", "keyFire": 0, "firehouseDist": 2, "pop": 128}