{"buildingID": 6090, "county": "\u666e\u9640", "town": "\u6843\u6d66\u9547", "circleNum": 2, "builtYear": "2017", "builtHeight": 10, "storeNum": 3, "floorArea": 639.588458457, "buildArea": 1918.76537537, "seiFort": "3", "keyFire": 0, "firehouseDist": 1, "pop": 383}