{"buildingID": 17540, "county": "\u666e\u9640", "town": "\u771f\u5982\u9547", "circleNum": 1, "builtYear": "1986", "builtHeight": 6, "storeNum": 2, "floorArea": 815.713323241, "buildArea": 1631.42664648, "seiFort": "2", "keyFire": 0, "firehouseDist": 1, "pop": 326}