{"buildingID": 21532, "county": "\u666e\u9640", "town": "\u957f\u5bff\u8def\u8857\u9053", "circleNum": 0, "builtYear": "1979-1985", "builtHeight": 20, "storeNum": 6, "floorArea": 838.273157564, "buildArea": 5029.63894538, "seiFort": "2", "keyFire": 0, "firehouseDist": 1, "pop": 1005}