{"buildingID": 13169, "county": "\u666e\u9640", "town": "\u5b9c\u5ddd\u8def\u8857\u9053", "circleNum": 1, "builtYear": "1979-1985", "builtHeight": 21, "storeNum": 7, "floorArea": 506.322250373, "buildArea": 3544.25575261, "seiFort": "2", "keyFire": 0, "firehouseDist": 2, "pop": 708}