{"buildingID": 1168, "county": "\u666e\u9640", "town": "\u6843\u6d66\u9547", "circleNum": 3, "builtYear": "1999", "builtHeight": 18, "storeNum": 6, "floorArea": 209.970373313, "buildArea": 1259.82223988, "seiFort": "2", "keyFire": 0, "firehouseDist": 4, "pop": 251}