{"buildingID": 16924, "county": "\u666e\u9640", "town": "\u77f3\u6cc9\u8def\u8857\u9053", "circleNum": 1, "builtYear": "pre1978", "builtHeight": 19, "storeNum": 6, "floorArea": 612.860163751, "buildArea": 3677.16098251, "seiFort": "1", "keyFire": 0, "firehouseDist": 2, "pop": 147}