{"buildingID": 2558, "county": "\u666e\u9640", "town": "\u6843\u6d66\u9547", "circleNum": 2, "builtYear": "1994", "builtHeight": 6, "storeNum": 2, "floorArea": 2707.94362726, "buildArea": 5415.88725451, "seiFort": "2", "keyFire": 0, "firehouseDist": 2, "pop": 1083}