{"buildingID": 27178, "county": "\u666e\u9640", "town": "\u957f\u98ce\u65b0\u6751\u8857\u9053", "circleNum": 1, "builtYear": "2013", "builtHeight": 6, "storeNum": 2, "floorArea": 110.966541519, "buildArea": 221.933083037, "seiFort": "3", "keyFire": 0, "firehouseDist": 2, "pop": 8}