{"buildingID": 6062, "county": "\u666e\u9640", "town": "\u6843\u6d66\u9547", "circleNum": 2, "builtYear": "1979-1985", "builtHeight": 9, "storeNum": 3, "floorArea": 371.428082434, "buildArea": 1114.2842473, "seiFort": "2", "keyFire": 0, "firehouseDist": 2, "pop": 222}