{"buildingID": 9471, "county": "\u666e\u9640", "town": "\u957f\u5f81\u9547", "circleNum": 1, "builtYear": "1979-1985", "builtHeight": 3, "storeNum": 1, "floorArea": 349.828224173, "buildArea": 349.828224173, "seiFort": "2", "keyFire": 0, "firehouseDist": 2, "pop": 69}