{"buildingID": 14380, "county": "\u666e\u9640", "town": "\u77f3\u6cc9\u8def\u8857\u9053", "circleNum": 1, "builtYear": "1979-1985", "builtHeight": 3, "storeNum": 1, "floorArea": 535.810163039, "buildArea": 535.810163039, "seiFort": "2", "keyFire": 0, "firehouseDist": 2, "pop": 107}