{"buildingID": 26639, "county": "\u666e\u9640", "town": "\u957f\u98ce\u65b0\u6751\u8857\u9053", "circleNum": 1, "builtYear": "pre1978", "builtHeight": 14, "storeNum": 4, "floorArea": 730.267817497, "buildArea": 2921.07126999, "seiFort": "1", "keyFire": 0, "firehouseDist": 2, "pop": 116}