{"buildingID": 26175, "county": "\u666e\u9640", "town": "\u66f9\u6768\u65b0\u6751\u8857\u9053", "circleNum": 1, "builtYear": "pre1978", "builtHeight": 11, "storeNum": 3, "floorArea": 127.127528662, "buildArea": 381.382585985, "seiFort": "1", "keyFire": 0, "firehouseDist": 2, "pop": 15}