{"buildingID": 22619, "county": "\u666e\u9640", "town": "\u66f9\u6768\u65b0\u6751\u8857\u9053", "circleNum": 1, "builtYear": "2009", "builtHeight": 7, "storeNum": 2, "floorArea": 428.538057434, "buildArea": 857.076114869, "seiFort": "3", "keyFire": 0, "firehouseDist": 1, "pop": 171}