{"buildingID": 8122, "county": "\u666e\u9640", "town": "\u771f\u5982\u9547", "circleNum": 2, "builtYear": "1999", "builtHeight": 17, "storeNum": 5, "floorArea": 903.241190498, "buildArea": 4516.20595249, "seiFort": "2", "keyFire": 0, "firehouseDist": 2, "pop": 903}