{"buildingID": 5127, "county": "\u666e\u9640", "town": "\u6843\u6d66\u9547", "circleNum": 2, "builtYear": "2005", "builtHeight": 157, "storeNum": 52, "floorArea": 866.255830011, "buildArea": 45045.3031606, "seiFort": "3", "keyFire": 0, "firehouseDist": 2, "pop": 9009}