{"buildingID": 29028, "county": "\u666e\u9640", "town": "\u957f\u98ce\u65b0\u6751\u8857\u9053", "circleNum": 1, "builtYear": "1979-1985", "builtHeight": 8, "storeNum": 2, "floorArea": 244.382091292, "buildArea": 488.764182584, "seiFort": "2", "keyFire": 0, "firehouseDist": 3, "pop": 97}