{"buildingID": 15227, "county": "\u666e\u9640", "town": "\u771f\u5982\u9547", "circleNum": 1, "builtYear": "2017", "builtHeight": 7, "storeNum": 2, "floorArea": 367.907492862, "buildArea": 735.814985725, "seiFort": "3", "keyFire": 0, "firehouseDist": 2, "pop": 147}