{"buildingID": 184, "county": "\u666e\u9640", "town": "\u6843\u6d66\u9547", "circleNum": 2, "builtYear": "2003", "builtHeight": 63, "storeNum": 21, "floorArea": 494.610585628, "buildArea": 10386.8222982, "seiFort": "3", "keyFire": 0, "firehouseDist": 2, "pop": 2077}