{"buildingID": 5877, "county": "\u666e\u9640", "town": "\u6843\u6d66\u9547", "circleNum": 2, "builtYear": "1988", "builtHeight": 18, "storeNum": 6, "floorArea": 658.542716001, "buildArea": 3951.25629601, "seiFort": "2", "keyFire": 0, "firehouseDist": 1, "pop": 790}