{"buildingID": 2625, "county": "\u666e\u9640", "town": "\u6843\u6d66\u9547", "circleNum": 2, "builtYear": "2000", "builtHeight": 22, "storeNum": 7, "floorArea": 777.517856558, "buildArea": 5442.62499591, "seiFort": "3", "keyFire": 0, "firehouseDist": 1, "pop": 1088}