{"buildingID": 23750, "county": "\u666e\u9640", "town": "\u957f\u5f81\u9547", "circleNum": 2, "builtYear": "1992", "builtHeight": 25, "storeNum": 8, "floorArea": 709.032434362, "buildArea": 5672.25947489, "seiFort": "2", "keyFire": 1, "firehouseDist": 1, "pop": 1134}