{"buildingID": 5735, "county": "\u666e\u9640", "town": "\u6843\u6d66\u9547", "circleNum": 2, "builtYear": "1979-1985", "builtHeight": 57, "storeNum": 19, "floorArea": 119.347655362, "buildArea": 2267.60545187, "seiFort": "2", "keyFire": 0, "firehouseDist": 2, "pop": 75}