{"buildingID": 16562, "county": "\u666e\u9640", "town": "\u77f3\u6cc9\u8def\u8857\u9053", "circleNum": 1, "builtYear": "1979-1985", "builtHeight": 18, "storeNum": 6, "floorArea": 881.904927697, "buildArea": 5291.42956618, "seiFort": "2", "keyFire": 0, "firehouseDist": 1, "pop": 1058}