{"buildingID": 10791, "county": "\u666e\u9640", "town": "\u771f\u5982\u9547", "circleNum": 1, "builtYear": "2011", "builtHeight": 6, "storeNum": 2, "floorArea": 273.126292139, "buildArea": 546.252584279, "seiFort": "3", "keyFire": 0, "firehouseDist": 2, "pop": 109}