{"buildingID": 26344, "county": "\u666e\u9640", "town": "\u957f\u5f81\u9547", "circleNum": 1, "builtYear": "1979-1985", "builtHeight": 28, "storeNum": 9, "floorArea": 958.906636675, "buildArea": 8630.15973007, "seiFort": "2", "keyFire": 0, "firehouseDist": 2, "pop": 1726}