{"buildingID": 4493, "county": "\u666e\u9640", "town": "\u6843\u6d66\u9547", "circleNum": 2, "builtYear": "2017", "builtHeight": 12, "storeNum": 4, "floorArea": 9973.61833901, "buildArea": 39894.4733561, "seiFort": "3", "keyFire": 0, "firehouseDist": 2, "pop": 7978}