{"buildingID": 13688, "county": "\u666e\u9640", "town": "\u771f\u5982\u9547", "circleNum": 2, "builtYear": "1988", "builtHeight": 13, "storeNum": 4, "floorArea": 579.78779554, "buildArea": 2319.15118216, "seiFort": "2", "keyFire": 0, "firehouseDist": 2, "pop": 463}