{"buildingID": 18936, "county": "\u666e\u9640", "town": "\u957f\u5f81\u9547", "circleNum": 2, "builtYear": "1994", "builtHeight": 15, "storeNum": 5, "floorArea": 1004.76111547, "buildArea": 5023.80557733, "seiFort": "2", "keyFire": 0, "firehouseDist": 3, "pop": 1004}