{"buildingID": 2102, "county": "\u666e\u9640", "town": "\u6843\u6d66\u9547", "circleNum": 3, "builtYear": "1994", "builtHeight": 18, "storeNum": 6, "floorArea": 616.183416839, "buildArea": 3697.10050103, "seiFort": "2", "keyFire": 0, "firehouseDist": 3, "pop": 739}