{"buildingID": 10680, "county": "\u666e\u9640", "town": "\u771f\u5982\u9547", "circleNum": 2, "builtYear": "1979-1985", "builtHeight": 20, "storeNum": 6, "floorArea": 930.826164155, "buildArea": 5584.95698493, "seiFort": "2", "keyFire": 0, "firehouseDist": 2, "pop": 1116}