{"buildingID": 5798, "county": "\u666e\u9640", "town": "\u6843\u6d66\u9547", "circleNum": 2, "builtYear": "2001", "builtHeight": 12, "storeNum": 4, "floorArea": 714.540119843, "buildArea": 2858.16047937, "seiFort": "3", "keyFire": 0, "firehouseDist": 2, "pop": 571}