{"buildingID": 1130, "county": "\u666e\u9640", "town": "\u6843\u6d66\u9547", "circleNum": 3, "builtYear": "2008", "builtHeight": 6, "storeNum": 2, "floorArea": 8056.02065032, "buildArea": 16112.0413006, "seiFort": "3", "keyFire": 0, "firehouseDist": 5, "pop": 3222}