{"buildingID": 1141, "county": "\u666e\u9640", "town": "\u6843\u6d66\u9547", "circleNum": 3, "builtYear": "2007", "builtHeight": 6, "storeNum": 2, "floorArea": 4822.86945646, "buildArea": 9645.73891292, "seiFort": "3", "keyFire": 0, "firehouseDist": 4, "pop": 1929}