{"buildingID": 4790, "county": "\u666e\u9640", "town": "\u6843\u6d66\u9547", "circleNum": 2, "builtYear": "2000", "builtHeight": 56, "storeNum": 18, "floorArea": 70.0286265731, "buildArea": 1260.51527832, "seiFort": "3", "keyFire": 0, "firehouseDist": 1, "pop": 42}