{"buildingID": 1333, "county": "\u666e\u9640", "town": "\u6843\u6d66\u9547", "circleNum": 3, "builtYear": "1998", "builtHeight": 18, "storeNum": 6, "floorArea": 304.250332962, "buildArea": 1825.50199777, "seiFort": "2", "keyFire": 0, "firehouseDist": 3, "pop": 365}