{"buildingID": 13347, "county": "\u666e\u9640", "town": "\u771f\u5982\u9547", "circleNum": 1, "builtYear": "pre1978", "builtHeight": 54, "storeNum": 18, "floorArea": 119.437123971, "buildArea": 2149.86823148, "seiFort": "1", "keyFire": 1, "firehouseDist": 2, "pop": 85}