{"buildingID": 4524, "county": "\u666e\u9640", "town": "\u6843\u6d66\u9547", "circleNum": 2, "builtYear": "2004", "builtHeight": 51, "storeNum": 17, "floorArea": 309.69544803, "buildArea": 5264.82261652, "seiFort": "3", "keyFire": 0, "firehouseDist": 3, "pop": 1052}