{"buildingID": 21385, "county": "\u666e\u9640", "town": "\u771f\u5982\u9547", "circleNum": 1, "builtYear": "1979-1985", "builtHeight": 15, "storeNum": 5, "floorArea": 572.510218007, "buildArea": 2862.55109004, "seiFort": "2", "keyFire": 0, "firehouseDist": 1, "pop": 572}