{"buildingID": 5469, "county": "\u666e\u9640", "town": "\u6843\u6d66\u9547", "circleNum": 2, "builtYear": "1979-1985", "builtHeight": 84, "storeNum": 28, "floorArea": 850.062099479, "buildArea": 23801.7387854, "seiFort": "2", "keyFire": 0, "firehouseDist": 2, "pop": 4760}