{"buildingID": 23180, "county": "\u666e\u9640", "town": "\u957f\u5bff\u8def\u8857\u9053", "circleNum": 0, "builtYear": "pre1978", "builtHeight": 72, "storeNum": 24, "floorArea": 904.343262689, "buildArea": 21704.2383045, "seiFort": "1", "keyFire": 0, "firehouseDist": 1, "pop": 1085}