{"buildingID": 10748, "county": "\u666e\u9640", "town": "\u771f\u5982\u9547", "circleNum": 1, "builtYear": "pre1978", "builtHeight": 59, "storeNum": 19, "floorArea": 737.482341196, "buildArea": 14012.1644827, "seiFort": "1", "keyFire": 0, "firehouseDist": 2, "pop": 560}