{"buildingID": 15107, "county": "\u666e\u9640", "town": "\u771f\u5982\u9547", "circleNum": 2, "builtYear": "1988", "builtHeight": 14, "storeNum": 4, "floorArea": 678.245658486, "buildArea": 2712.98263395, "seiFort": "2", "keyFire": 0, "firehouseDist": 2, "pop": 542}