{"buildingID": 662, "county": "\u666e\u9640", "town": "\u6843\u6d66\u9547", "circleNum": 2, "builtYear": "1998", "builtHeight": 22, "storeNum": 7, "floorArea": 1910.46035581, "buildArea": 13373.2224907, "seiFort": "2", "keyFire": 0, "firehouseDist": 2, "pop": 2674}