{"buildingID": 16393, "county": "\u666e\u9640", "town": "\u771f\u5982\u9547", "circleNum": 1, "builtYear": "1994", "builtHeight": 9, "storeNum": 3, "floorArea": 298.160070039, "buildArea": 894.480210118, "seiFort": "2", "keyFire": 0, "firehouseDist": 2, "pop": 178}