{"buildingID": 19866, "county": "\u666e\u9640", "town": "\u957f\u5f81\u9547", "circleNum": 2, "builtYear": "1979-1985", "builtHeight": 4, "storeNum": 1, "floorArea": 400.660524236, "buildArea": 400.660524236, "seiFort": "2", "keyFire": 0, "firehouseDist": 4, "pop": 80}