{"buildingID": 10641, "county": "\u666e\u9640", "town": "\u6843\u6d66\u9547", "circleNum": 2, "builtYear": "2002", "builtHeight": 10, "storeNum": 3, "floorArea": 531.916602183, "buildArea": 1595.74980655, "seiFort": "3", "keyFire": 0, "firehouseDist": 2, "pop": 319}