{"buildingID": 12464, "county": "\u666e\u9640", "town": "\u771f\u5982\u9547", "circleNum": 1, "builtYear": "1997", "builtHeight": 63, "storeNum": 21, "floorArea": 188.891364358, "buildArea": 3966.71865152, "seiFort": "2", "keyFire": 0, "firehouseDist": 2, "pop": 793}