{"buildingID": 1378, "county": "\u666e\u9640", "town": "\u6843\u6d66\u9547", "circleNum": 2, "builtYear": "1997", "builtHeight": 13, "storeNum": 4, "floorArea": 6620.67067064, "buildArea": 26482.6826826, "seiFort": "2", "keyFire": 0, "firehouseDist": 1, "pop": 5296}