{"buildingID": 4382, "county": "\u666e\u9640", "town": "\u6843\u6d66\u9547", "circleNum": 2, "builtYear": "1996", "builtHeight": 22, "storeNum": 7, "floorArea": 817.805359075, "buildArea": 5724.63751353, "seiFort": "2", "keyFire": 0, "firehouseDist": 2, "pop": 1144}