{"buildingID": 16475, "county": "\u666e\u9640", "town": "\u771f\u5982\u9547", "circleNum": 1, "builtYear": "1987", "builtHeight": 18, "storeNum": 6, "floorArea": 78.2720879721, "buildArea": 469.632527833, "seiFort": "2", "keyFire": 0, "firehouseDist": 1, "pop": 18}