{"buildingID": 28823, "county": "\u666e\u9640", "town": "\u957f\u98ce\u65b0\u6751\u8857\u9053", "circleNum": 1, "builtYear": "2004", "builtHeight": 3, "storeNum": 1, "floorArea": 789.941700253, "buildArea": 789.941700253, "seiFort": "3", "keyFire": 0, "firehouseDist": 3, "pop": 157}