{"buildingID": 17966, "county": "\u666e\u9640", "town": "\u957f\u5f81\u9547", "circleNum": 2, "builtYear": "1979-1985", "builtHeight": 16, "storeNum": 5, "floorArea": 916.23151056, "buildArea": 4581.1575528, "seiFort": "2", "keyFire": 0, "firehouseDist": 2, "pop": 916}