{"buildingID": 27062, "county": "\u666e\u9640", "town": "\u957f\u98ce\u65b0\u6751\u8857\u9053", "circleNum": 0, "builtYear": "pre1978", "builtHeight": 18, "storeNum": 6, "floorArea": 55.2532201688, "buildArea": 331.519321013, "seiFort": "1", "keyFire": 0, "firehouseDist": 1, "pop": 16}