{"buildingID": 13697, "county": "\u666e\u9640", "town": "\u771f\u5982\u9547", "circleNum": 2, "builtYear": "1979-1985", "builtHeight": 18, "storeNum": 6, "floorArea": 183.713306988, "buildArea": 1102.27984193, "seiFort": "2", "keyFire": 0, "firehouseDist": 2, "pop": 220}