{"buildingID": 23380, "county": "\u666e\u9640", "town": "\u957f\u5f81\u9547", "circleNum": 1, "builtYear": "2000", "builtHeight": 28, "storeNum": 9, "floorArea": 736.121339423, "buildArea": 6625.09205481, "seiFort": "3", "keyFire": 0, "firehouseDist": 2, "pop": 1325}