{"buildingID": 10055, "county": "\u666e\u9640", "town": "\u6843\u6d66\u9547", "circleNum": 2, "builtYear": "2001", "builtHeight": 8, "storeNum": 2, "floorArea": 463.543005399, "buildArea": 927.086010798, "seiFort": "3", "keyFire": 0, "firehouseDist": 2, "pop": 185}