{"buildingID": 15047, "county": "\u666e\u9640", "town": "\u771f\u5982\u9547", "circleNum": 2, "builtYear": "2010", "builtHeight": 30, "storeNum": 10, "floorArea": 199.978390736, "buildArea": 1999.78390736, "seiFort": "3", "keyFire": 0, "firehouseDist": 1, "pop": 399}