{"buildingID": 7603, "county": "\u666e\u9640", "town": "\u957f\u5f81\u9547", "circleNum": 1, "builtYear": "1979-1985", "builtHeight": 16, "storeNum": 5, "floorArea": 1302.52442359, "buildArea": 6512.62211796, "seiFort": "2", "keyFire": 0, "firehouseDist": 3, "pop": 1302}