{"buildingID": 11748, "county": "\u666e\u9640", "town": "\u6843\u6d66\u9547", "circleNum": 2, "builtYear": "1992", "builtHeight": 8, "storeNum": 2, "floorArea": 576.227961671, "buildArea": 1152.45592334, "seiFort": "2", "keyFire": 0, "firehouseDist": 2, "pop": 230}