{"buildingID": 1792, "county": "\u666e\u9640", "town": "\u6843\u6d66\u9547", "circleNum": 2, "builtYear": "2004", "builtHeight": 11, "storeNum": 3, "floorArea": 513.047876118, "buildArea": 1539.14362835, "seiFort": "3", "keyFire": 0, "firehouseDist": 3, "pop": 307}