{"buildingID": 18368, "county": "\u666e\u9640", "town": "\u957f\u5f81\u9547", "circleNum": 2, "builtYear": "2001", "builtHeight": 11, "storeNum": 3, "floorArea": 1851.88638829, "buildArea": 5555.65916487, "seiFort": "3", "keyFire": 0, "firehouseDist": 3, "pop": 1111}