{"buildingID": 4533, "county": "\u666e\u9640", "town": "\u6843\u6d66\u9547", "circleNum": 2, "builtYear": "1979-1985", "builtHeight": 75, "storeNum": 25, "floorArea": 92.0336827476, "buildArea": 2300.84206869, "seiFort": "2", "keyFire": 0, "firehouseDist": 2, "pop": 76}