{"buildingID": 15258, "county": "\u666e\u9640", "town": "\u771f\u5982\u9547", "circleNum": 1, "builtYear": "pre1978", "builtHeight": 16, "storeNum": 5, "floorArea": 1068.36217093, "buildArea": 5341.81085463, "seiFort": "1", "keyFire": 0, "firehouseDist": 2, "pop": 213}