{"buildingID": 3493, "county": "\u666e\u9640", "town": "\u6843\u6d66\u9547", "circleNum": 2, "builtYear": "1979-1985", "builtHeight": 3, "storeNum": 1, "floorArea": 178.137775201, "buildArea": 178.137775201, "seiFort": "2", "keyFire": 0, "firehouseDist": 2, "pop": 5}