{"buildingID": 15153, "county": "\u666e\u9640", "town": "\u771f\u5982\u9547", "circleNum": 2, "builtYear": "1999", "builtHeight": 17, "storeNum": 5, "floorArea": 952.993518743, "buildArea": 4764.96759371, "seiFort": "2", "keyFire": 0, "firehouseDist": 1, "pop": 952}