{"buildingID": 15907, "county": "\u666e\u9640", "town": "\u771f\u5982\u9547", "circleNum": 1, "builtYear": "1990", "builtHeight": 59, "storeNum": 19, "floorArea": 90.3300708305, "buildArea": 1716.27134578, "seiFort": "2", "keyFire": 0, "firehouseDist": 1, "pop": 68}