{"buildingID": 1001, "county": "\u666e\u9640", "town": "\u6843\u6d66\u9547", "circleNum": 2, "builtYear": "2007", "builtHeight": 44, "storeNum": 14, "floorArea": 1269.66849762, "buildArea": 17775.3589667, "seiFort": "3", "keyFire": 0, "firehouseDist": 2, "pop": 3555}