{"buildingID": 20216, "county": "\u666e\u9640", "town": "\u771f\u5982\u9547", "circleNum": 1, "builtYear": "pre1978", "builtHeight": 13, "storeNum": 4, "floorArea": 821.939646236, "buildArea": 3287.75858494, "seiFort": "1", "keyFire": 0, "firehouseDist": 1, "pop": 131}