{"buildingID": 3354, "county": "\u666e\u9640", "town": "\u6843\u6d66\u9547", "circleNum": 2, "builtYear": "1979-1985", "builtHeight": 7, "storeNum": 2, "floorArea": 557.562564087, "buildArea": 1115.12512817, "seiFort": "2", "keyFire": 0, "firehouseDist": 1, "pop": 223}