{"buildingID": 4372, "county": "\u666e\u9640", "town": "\u6843\u6d66\u9547", "circleNum": 2, "builtYear": "1994", "builtHeight": 17, "storeNum": 5, "floorArea": 552.966436896, "buildArea": 2764.83218448, "seiFort": "2", "keyFire": 0, "firehouseDist": 2, "pop": 552}