{"buildingID": 12615, "county": "\u666e\u9640", "town": "\u771f\u5982\u9547", "circleNum": 2, "builtYear": "1997", "builtHeight": 11, "storeNum": 3, "floorArea": 189.304672757, "buildArea": 567.914018271, "seiFort": "2", "keyFire": 0, "firehouseDist": 2, "pop": 113}