{"buildingID": 4247, "county": "\u666e\u9640", "town": "\u6843\u6d66\u9547", "circleNum": 2, "builtYear": "2004", "builtHeight": 43, "storeNum": 14, "floorArea": 1054.37823227, "buildArea": 14761.2952518, "seiFort": "3", "keyFire": 0, "firehouseDist": 2, "pop": 2952}