{"buildingID": 5296, "county": "\u666e\u9640", "town": "\u6843\u6d66\u9547", "circleNum": 2, "builtYear": "2000", "builtHeight": 40, "storeNum": 13, "floorArea": 411.561555689, "buildArea": 5350.30022396, "seiFort": "3", "keyFire": 0, "firehouseDist": 1, "pop": 1070}