{"buildingID": 11308, "county": "\u666e\u9640", "town": "\u771f\u5982\u9547", "circleNum": 2, "builtYear": "1986", "builtHeight": 15, "storeNum": 5, "floorArea": 667.294397873, "buildArea": 3336.47198936, "seiFort": "2", "keyFire": 1, "firehouseDist": 2, "pop": 667}