{"buildingID": 11178, "county": "\u666e\u9640", "town": "\u771f\u5982\u9547", "circleNum": 2, "builtYear": "1998", "builtHeight": 3, "storeNum": 1, "floorArea": 1508.38983081, "buildArea": 1508.38983081, "seiFort": "2", "keyFire": 0, "firehouseDist": 2, "pop": 301}