{"buildingID": 25173, "county": "\u666e\u9640", "town": "\u957f\u5bff\u8def\u8857\u9053", "circleNum": 0, "builtYear": "1987", "builtHeight": 73, "storeNum": 24, "floorArea": 380.369626021, "buildArea": 9128.8710245, "seiFort": "2", "keyFire": 0, "firehouseDist": 2, "pop": 1825}