{"buildingID": 16743, "county": "\u666e\u9640", "town": "\u77f3\u6cc9\u8def\u8857\u9053", "circleNum": 1, "builtYear": "pre1978", "builtHeight": 18, "storeNum": 6, "floorArea": 452.140162695, "buildArea": 2712.84097617, "seiFort": "1", "keyFire": 0, "firehouseDist": 2, "pop": 108}