{"buildingID": 18953, "county": "\u666e\u9640", "town": "\u957f\u5f81\u9547", "circleNum": 2, "builtYear": "1979-1985", "builtHeight": 11, "storeNum": 3, "floorArea": 553.194351377, "buildArea": 1659.58305413, "seiFort": "2", "keyFire": 0, "firehouseDist": 3, "pop": 331}