{"buildingID": 19547, "county": "\u666e\u9640", "town": "\u957f\u5f81\u9547", "circleNum": 2, "builtYear": "1979-1985", "builtHeight": 5, "storeNum": 1, "floorArea": 2543.02562058, "buildArea": 2543.02562058, "seiFort": "2", "keyFire": 1, "firehouseDist": 4, "pop": 508}