{"buildingID": 23361, "county": "\u666e\u9640", "town": "\u957f\u5f81\u9547", "circleNum": 2, "builtYear": "1998", "builtHeight": 22, "storeNum": 7, "floorArea": 1006.67212357, "buildArea": 7046.70486498, "seiFort": "2", "keyFire": 0, "firehouseDist": 2, "pop": 1409}