{"buildingID": 10087, "county": "\u666e\u9640", "town": "\u6843\u6d66\u9547", "circleNum": 2, "builtYear": "2004", "builtHeight": 3, "storeNum": 1, "floorArea": 2356.93601655, "buildArea": 2356.93601655, "seiFort": "3", "keyFire": 0, "firehouseDist": 2, "pop": 471}