{"buildingID": 19051, "county": "\u666e\u9640", "town": "\u957f\u5f81\u9547", "circleNum": 2, "builtYear": "1994", "builtHeight": 14, "storeNum": 4, "floorArea": 1530.93077253, "buildArea": 6123.72309011, "seiFort": "2", "keyFire": 0, "firehouseDist": 3, "pop": 1224}