{"buildingID": 4263, "county": "\u666e\u9640", "town": "\u6843\u6d66\u9547", "circleNum": 2, "builtYear": "1999", "builtHeight": 83, "storeNum": 27, "floorArea": 102.652638101, "buildArea": 2771.62122873, "seiFort": "2", "keyFire": 0, "firehouseDist": 2, "pop": 92}