{"buildingID": 6753, "county": "\u666e\u9640", "town": "\u6843\u6d66\u9547", "circleNum": 2, "builtYear": "2015", "builtHeight": 16, "storeNum": 5, "floorArea": 1944.15603648, "buildArea": 9720.78018238, "seiFort": "3", "keyFire": 0, "firehouseDist": 1, "pop": 1944}