{"buildingID": 14235, "county": "\u666e\u9640", "town": "\u77f3\u6cc9\u8def\u8857\u9053", "circleNum": 1, "builtYear": "1988", "builtHeight": 16, "storeNum": 5, "floorArea": 227.671097498, "buildArea": 1138.35548749, "seiFort": "2", "keyFire": 0, "firehouseDist": 2, "pop": 227}