{"buildingID": 12687, "county": "\u666e\u9640", "town": "\u771f\u5982\u9547", "circleNum": 2, "builtYear": "1995", "builtHeight": 13, "storeNum": 4, "floorArea": 248.076405134, "buildArea": 992.305620538, "seiFort": "2", "keyFire": 0, "firehouseDist": 2, "pop": 198}