{"buildingID": 15970, "county": "\u666e\u9640", "town": "\u771f\u5982\u9547", "circleNum": 1, "builtYear": "1994", "builtHeight": 38, "storeNum": 12, "floorArea": 105.420901576, "buildArea": 1265.05081891, "seiFort": "2", "keyFire": 0, "firehouseDist": 1, "pop": 50}