{"buildingID": 8685, "county": "\u666e\u9640", "town": "\u7518\u6cc9\u8def\u8857\u9053", "circleNum": 1, "builtYear": "pre1978", "builtHeight": 21, "storeNum": 7, "floorArea": 940.608570551, "buildArea": 6584.25999386, "seiFort": "1", "keyFire": 0, "firehouseDist": 3, "pop": 263}