{"buildingID": 9550, "county": "\u666e\u9640", "town": "\u957f\u5f81\u9547", "circleNum": 1, "builtYear": "1979-1985", "builtHeight": 20, "storeNum": 6, "floorArea": 348.823845214, "buildArea": 2092.94307129, "seiFort": "2", "keyFire": 0, "firehouseDist": 2, "pop": 418}