{"buildingID": 20194, "county": "\u666e\u9640", "town": "\u66f9\u6768\u65b0\u6751\u8857\u9053", "circleNum": 1, "builtYear": "1995", "builtHeight": 7, "storeNum": 2, "floorArea": 102.509739539, "buildArea": 205.019479077, "seiFort": "2", "keyFire": 0, "firehouseDist": 2, "pop": 8}