{"buildingID": 11301, "county": "\u666e\u9640", "town": "\u771f\u5982\u9547", "circleNum": 2, "builtYear": "1994", "builtHeight": 34, "storeNum": 11, "floorArea": 1382.98782081, "buildArea": 15212.8660289, "seiFort": "2", "keyFire": 0, "firehouseDist": 2, "pop": 3042}