{"buildingID": 15504, "county": "\u666e\u9640", "town": "\u77f3\u6cc9\u8def\u8857\u9053", "circleNum": 1, "builtYear": "1979-1985", "builtHeight": 20, "storeNum": 6, "floorArea": 982.792525928, "buildArea": 5896.75515557, "seiFort": "2", "keyFire": 0, "firehouseDist": 2, "pop": 1179}