{"buildingID": 28449, "county": "\u666e\u9640", "town": "\u957f\u98ce\u65b0\u6751\u8857\u9053", "circleNum": 0, "builtYear": "pre1978", "builtHeight": 52, "storeNum": 17, "floorArea": 768.087383891, "buildArea": 13057.4855261, "seiFort": "1", "keyFire": 0, "firehouseDist": 2, "pop": 652}