{"buildingID": 16310, "county": "\u666e\u9640", "town": "\u5b9c\u5ddd\u8def\u8857\u9053", "circleNum": 0, "builtYear": "pre1978", "builtHeight": 105, "storeNum": 35, "floorArea": 3070.12801412, "buildArea": 107454.480494, "seiFort": "1", "keyFire": 0, "firehouseDist": 1, "pop": 21490}