{"buildingID": 9689, "county": "\u666e\u9640", "town": "\u7518\u6cc9\u8def\u8857\u9053", "circleNum": 1, "builtYear": "1979-1985", "builtHeight": 7, "storeNum": 2, "floorArea": 173.328247104, "buildArea": 346.656494209, "seiFort": "2", "keyFire": 0, "firehouseDist": 3, "pop": 13}