{"buildingID": 2663, "county": "\u666e\u9640", "town": "\u6843\u6d66\u9547", "circleNum": 2, "builtYear": "2001", "builtHeight": 23, "storeNum": 7, "floorArea": 1273.13811632, "buildArea": 8911.96681425, "seiFort": "3", "keyFire": 0, "firehouseDist": 1, "pop": 1782}