{"buildingID": 24228, "county": "\u666e\u9640", "town": "\u66f9\u6768\u65b0\u6751\u8857\u9053", "circleNum": 1, "builtYear": "pre1978", "builtHeight": 14, "storeNum": 4, "floorArea": 36.1830567787, "buildArea": 144.732227115, "seiFort": "1", "keyFire": 0, "firehouseDist": 2, "pop": 5}