{"buildingID": 11202, "county": "\u666e\u9640", "town": "\u771f\u5982\u9547", "circleNum": 2, "builtYear": "1992", "builtHeight": 18, "storeNum": 6, "floorArea": 778.147860236, "buildArea": 4668.88716141, "seiFort": "2", "keyFire": 0, "firehouseDist": 2, "pop": 933}