{"buildingID": 21866, "county": "\u666e\u9640", "town": "\u957f\u5bff\u8def\u8857\u9053", "circleNum": 0, "builtYear": "pre1978", "builtHeight": 103, "storeNum": 34, "floorArea": 102.703469519, "buildArea": 3491.91796364, "seiFort": "1", "keyFire": 0, "firehouseDist": 1, "pop": 698}