{"buildingID": 28708, "county": "\u666e\u9640", "town": "\u957f\u98ce\u65b0\u6751\u8857\u9053", "circleNum": 1, "builtYear": "1989", "builtHeight": 57, "storeNum": 19, "floorArea": 398.755520391, "buildArea": 7576.35488743, "seiFort": "2", "keyFire": 0, "firehouseDist": 3, "pop": 1515}