{"buildingID": 7314, "county": "\u666e\u9640", "town": "\u6843\u6d66\u9547", "circleNum": 2, "builtYear": "1988", "builtHeight": 18, "storeNum": 6, "floorArea": 429.428965584, "buildArea": 2576.57379351, "seiFort": "2", "keyFire": 0, "firehouseDist": 1, "pop": 515}