{"buildingID": 15060, "county": "\u666e\u9640", "town": "\u771f\u5982\u9547", "circleNum": 2, "builtYear": "1995", "builtHeight": 26, "storeNum": 8, "floorArea": 1061.25115104, "buildArea": 8490.00920833, "seiFort": "2", "keyFire": 0, "firehouseDist": 1, "pop": 1698}