{"buildingID": 5471, "county": "\u666e\u9640", "town": "\u6843\u6d66\u9547", "circleNum": 2, "builtYear": "pre1978", "builtHeight": 84, "storeNum": 28, "floorArea": 376.725714767, "buildArea": 10548.3200135, "seiFort": "1", "keyFire": 0, "firehouseDist": 2, "pop": 351}