{"buildingID": 20055, "county": "\u666e\u9640", "town": "\u66f9\u6768\u65b0\u6751\u8857\u9053", "circleNum": 1, "builtYear": "pre1978", "builtHeight": 74, "storeNum": 24, "floorArea": 229.905638851, "buildArea": 5517.73533242, "seiFort": "1", "keyFire": 1, "firehouseDist": 1, "pop": 220}