{"buildingID": 21248, "county": "\u666e\u9640", "town": "\u957f\u5f81\u9547", "circleNum": 2, "builtYear": "1979-1985", "builtHeight": 18, "storeNum": 6, "floorArea": 715.706581352, "buildArea": 4294.23948811, "seiFort": "2", "keyFire": 0, "firehouseDist": 1, "pop": 858}