{"buildingID": 10717, "county": "\u666e\u9640", "town": "\u771f\u5982\u9547", "circleNum": 2, "builtYear": "pre1978", "builtHeight": 25, "storeNum": 8, "floorArea": 616.411296719, "buildArea": 4931.29037375, "seiFort": "1", "keyFire": 0, "firehouseDist": 2, "pop": 164}