{"buildingID": 28610, "county": "\u666e\u9640", "town": "\u957f\u98ce\u65b0\u6751\u8857\u9053", "circleNum": 1, "builtYear": "pre1978", "builtHeight": 95, "storeNum": 31, "floorArea": 1364.35771855, "buildArea": 42295.0892749, "seiFort": "1", "keyFire": 1, "firehouseDist": 3, "pop": 1691}