{"buildingID": 1005, "county": "\u666e\u9640", "town": "\u6843\u6d66\u9547", "circleNum": 2, "builtYear": "2001", "builtHeight": 42, "storeNum": 14, "floorArea": 79.1716243157, "buildArea": 1108.40274042, "seiFort": "3", "keyFire": 0, "firehouseDist": 2, "pop": 36}