{"buildingID": 14503, "county": "\u666e\u9640", "town": "\u771f\u5982\u9547", "circleNum": 2, "builtYear": "1995", "builtHeight": 14, "storeNum": 4, "floorArea": 308.22599721, "buildArea": 1232.90398884, "seiFort": "2", "keyFire": 0, "firehouseDist": 1, "pop": 246}