{"buildingID": 3055, "county": "\u666e\u9640", "town": "\u6843\u6d66\u9547", "circleNum": 3, "builtYear": "2008", "builtHeight": 6, "storeNum": 2, "floorArea": 5619.38938487, "buildArea": 11238.7787697, "seiFort": "3", "keyFire": 0, "firehouseDist": 5, "pop": 2247}