{"buildingID": 27544, "county": "\u666e\u9640", "town": "\u957f\u98ce\u65b0\u6751\u8857\u9053", "circleNum": 1, "builtYear": "pre1978", "builtHeight": 20, "storeNum": 6, "floorArea": 410.575902423, "buildArea": 2463.45541454, "seiFort": "1", "keyFire": 0, "firehouseDist": 3, "pop": 98}