{"buildingID": 28923, "county": "\u666e\u9640", "town": "\u957f\u98ce\u65b0\u6751\u8857\u9053", "circleNum": 1, "builtYear": "pre1978", "builtHeight": 26, "storeNum": 8, "floorArea": 174.850958727, "buildArea": 1398.80766982, "seiFort": "1", "keyFire": 1, "firehouseDist": 4, "pop": 55}