{"buildingID": 16617, "county": "\u666e\u9640", "town": "\u771f\u5982\u9547", "circleNum": 2, "builtYear": "1988", "builtHeight": 76, "storeNum": 25, "floorArea": 1318.9308978, "buildArea": 32973.2724451, "seiFort": "2", "keyFire": 0, "firehouseDist": 1, "pop": 6594}