{"buildingID": 11329, "county": "\u666e\u9640", "town": "\u7518\u6cc9\u8def\u8857\u9053", "circleNum": 1, "builtYear": "pre1978", "builtHeight": 14, "storeNum": 4, "floorArea": 889.012720344, "buildArea": 3556.05088138, "seiFort": "1", "keyFire": 0, "firehouseDist": 2, "pop": 142}