{"buildingID": 9921, "county": "\u666e\u9640", "town": "\u77f3\u6cc9\u8def\u8857\u9053", "circleNum": 1, "builtYear": "pre1978", "builtHeight": 53, "storeNum": 17, "floorArea": 663.651665585, "buildArea": 11282.0783149, "seiFort": "1", "keyFire": 0, "firehouseDist": 2, "pop": 451}