{"buildingID": 13714, "county": "\u666e\u9640", "town": "\u771f\u5982\u9547", "circleNum": 1, "builtYear": "1988", "builtHeight": 6, "storeNum": 2, "floorArea": 291.492757869, "buildArea": 582.985515739, "seiFort": "2", "keyFire": 0, "firehouseDist": 2, "pop": 116}