{"buildingID": 15157, "county": "\u666e\u9640", "town": "\u771f\u5982\u9547", "circleNum": 2, "builtYear": "1994", "builtHeight": 3, "storeNum": 1, "floorArea": 774.617488819, "buildArea": 774.617488819, "seiFort": "2", "keyFire": 0, "firehouseDist": 1, "pop": 154}