{"buildingID": 1665, "county": "\u666e\u9640", "town": "\u6843\u6d66\u9547", "circleNum": 3, "builtYear": "1998", "builtHeight": 18, "storeNum": 6, "floorArea": 1052.9684759, "buildArea": 6317.81085541, "seiFort": "2", "keyFire": 0, "firehouseDist": 3, "pop": 1263}