{"buildingID": 25714, "county": "\u666e\u9640", "town": "\u957f\u5bff\u8def\u8857\u9053", "circleNum": 0, "builtYear": "1987", "builtHeight": 106, "storeNum": 35, "floorArea": 140.414134251, "buildArea": 4914.49469878, "seiFort": "2", "keyFire": 0, "firehouseDist": 1, "pop": 982}