{"buildingID": 11767, "county": "\u666e\u9640", "town": "\u771f\u5982\u9547", "circleNum": 2, "builtYear": "1998", "builtHeight": 11, "storeNum": 3, "floorArea": 175.590790886, "buildArea": 526.772372659, "seiFort": "2", "keyFire": 0, "firehouseDist": 2, "pop": 17}