{"buildingID": 21710, "county": "\u666e\u9640", "town": "\u77f3\u6cc9\u8def\u8857\u9053", "circleNum": 1, "builtYear": "pre1978", "builtHeight": 25, "storeNum": 8, "floorArea": 1393.08134598, "buildArea": 11144.6507678, "seiFort": "1", "keyFire": 0, "firehouseDist": 1, "pop": 445}