{"buildingID": 5416, "county": "\u666e\u9640", "town": "\u6843\u6d66\u9547", "circleNum": 2, "builtYear": "1993", "builtHeight": 40, "storeNum": 13, "floorArea": 347.542220889, "buildArea": 4518.04887156, "seiFort": "2", "keyFire": 0, "firehouseDist": 1, "pop": 903}