{"buildingID": 2853, "county": "\u666e\u9640", "town": "\u6843\u6d66\u9547", "circleNum": 2, "builtYear": "1993", "builtHeight": 10, "storeNum": 3, "floorArea": 705.982335126, "buildArea": 2117.94700538, "seiFort": "2", "keyFire": 0, "firehouseDist": 2, "pop": 423}