{"buildingID": 26769, "county": "\u666e\u9640", "town": "\u66f9\u6768\u65b0\u6751\u8857\u9053", "circleNum": 1, "builtYear": "pre1978", "builtHeight": 15, "storeNum": 5, "floorArea": 438.639344536, "buildArea": 2193.19672268, "seiFort": "1", "keyFire": 0, "firehouseDist": 2, "pop": 87}