{"buildingID": 9063, "county": "\u666e\u9640", "town": "\u7518\u6cc9\u8def\u8857\u9053", "circleNum": 1, "builtYear": "1997", "builtHeight": 53, "storeNum": 17, "floorArea": 1081.99313536, "buildArea": 18393.8833012, "seiFort": "2", "keyFire": 0, "firehouseDist": 3, "pop": 3678}