{"buildingID": 5421, "county": "\u666e\u9640", "town": "\u6843\u6d66\u9547", "circleNum": 2, "builtYear": "1996", "builtHeight": 41, "storeNum": 13, "floorArea": 587.115478113, "buildArea": 7632.50121547, "seiFort": "2", "keyFire": 0, "firehouseDist": 1, "pop": 1526}