{"buildingID": 9598, "county": "\u666e\u9640", "town": "\u7518\u6cc9\u8def\u8857\u9053", "circleNum": 1, "builtYear": "2000", "builtHeight": 15, "storeNum": 5, "floorArea": 2970.84691985, "buildArea": 14854.2345993, "seiFort": "3", "keyFire": 1, "firehouseDist": 3, "pop": 2970}