{"buildingID": 15232, "county": "\u666e\u9640", "town": "\u77f3\u6cc9\u8def\u8857\u9053", "circleNum": 1, "builtYear": "pre1978", "builtHeight": 45, "storeNum": 15, "floorArea": 900.682952709, "buildArea": 13510.2442906, "seiFort": "1", "keyFire": 0, "firehouseDist": 2, "pop": 540}