{"buildingID": 8028, "county": "\u666e\u9640", "town": "\u7518\u6cc9\u8def\u8857\u9053", "circleNum": 1, "builtYear": "1979-1985", "builtHeight": 17, "storeNum": 5, "floorArea": 708.892409642, "buildArea": 3544.46204821, "seiFort": "2", "keyFire": 1, "firehouseDist": 3, "pop": 708}