{"buildingID": 10665, "county": "\u666e\u9640", "town": "\u771f\u5982\u9547", "circleNum": 2, "builtYear": "1999", "builtHeight": 21, "storeNum": 7, "floorArea": 294.513268001, "buildArea": 2061.59287601, "seiFort": "2", "keyFire": 0, "firehouseDist": 2, "pop": 412}