{"buildingID": 2901, "county": "\u666e\u9640", "town": "\u6843\u6d66\u9547", "circleNum": 2, "builtYear": "1997", "builtHeight": 10, "storeNum": 3, "floorArea": 265.760150459, "buildArea": 797.280451378, "seiFort": "2", "keyFire": 0, "firehouseDist": 2, "pop": 159}