{"buildingID": 27529, "county": "\u666e\u9640", "town": "\u957f\u98ce\u65b0\u6751\u8857\u9053", "circleNum": 1, "builtYear": "1979-1985", "builtHeight": 26, "storeNum": 8, "floorArea": 249.138306897, "buildArea": 1993.10645517, "seiFort": "2", "keyFire": 0, "firehouseDist": 2, "pop": 398}