{"buildingID": 12417, "county": "\u666e\u9640", "town": "\u7518\u6cc9\u8def\u8857\u9053", "circleNum": 1, "builtYear": "pre1978", "builtHeight": 18, "storeNum": 6, "floorArea": 203.702822653, "buildArea": 1222.21693592, "seiFort": "1", "keyFire": 0, "firehouseDist": 2, "pop": 48}