{"buildingID": 14349, "county": "\u666e\u9640", "town": "\u77f3\u6cc9\u8def\u8857\u9053", "circleNum": 1, "builtYear": "2015", "builtHeight": 52, "storeNum": 17, "floorArea": 136.612090898, "buildArea": 2322.40554527, "seiFort": "3", "keyFire": 0, "firehouseDist": 2, "pop": 92}