{"buildingID": 16333, "county": "\u666e\u9640", "town": "\u771f\u5982\u9547", "circleNum": 2, "builtYear": "1993", "builtHeight": 10, "storeNum": 3, "floorArea": 262.613936048, "buildArea": 787.841808143, "seiFort": "2", "keyFire": 0, "firehouseDist": 1, "pop": 157}