{"buildingID": 27155, "county": "\u666e\u9640", "town": "\u957f\u98ce\u65b0\u6751\u8857\u9053", "circleNum": 1, "builtYear": "pre1978", "builtHeight": 86, "storeNum": 28, "floorArea": 682.020062406, "buildArea": 19096.5617474, "seiFort": "1", "keyFire": 0, "firehouseDist": 3, "pop": 763}