{"buildingID": 29427, "county": "\u666e\u9640", "town": "\u957f\u98ce\u65b0\u6751\u8857\u9053", "circleNum": 1, "builtYear": "pre1978", "builtHeight": 23, "storeNum": 7, "floorArea": 1217.63304599, "buildArea": 8523.43132194, "seiFort": "1", "keyFire": 0, "firehouseDist": 3, "pop": 340}