{"buildingID": 28826, "county": "\u666e\u9640", "town": "\u957f\u98ce\u65b0\u6751\u8857\u9053", "circleNum": 1, "builtYear": "2004", "builtHeight": 11, "storeNum": 3, "floorArea": 3358.20238775, "buildArea": 10074.6071632, "seiFort": "3", "keyFire": 0, "firehouseDist": 3, "pop": 2014}