{"buildingID": 23608, "county": "\u666e\u9640", "town": "\u66f9\u6768\u65b0\u6751\u8857\u9053", "circleNum": 1, "builtYear": "1985", "builtHeight": 7, "storeNum": 2, "floorArea": 100.491160746, "buildArea": 200.982321493, "seiFort": "2", "keyFire": 0, "firehouseDist": 1, "pop": 8}