{"buildingID": 4944, "county": "\u666e\u9640", "town": "\u771f\u5982\u9547", "circleNum": 2, "builtYear": "1994", "builtHeight": 22, "storeNum": 7, "floorArea": 815.95508368, "buildArea": 5711.68558576, "seiFort": "2", "keyFire": 0, "firehouseDist": 1, "pop": 1142}