{"buildingID": 13019, "county": "\u666e\u9640", "town": "\u77f3\u6cc9\u8def\u8857\u9053", "circleNum": 1, "builtYear": "1979-1985", "builtHeight": 53, "storeNum": 17, "floorArea": 470.325546805, "buildArea": 7995.53429569, "seiFort": "2", "keyFire": 0, "firehouseDist": 2, "pop": 1599}