{"buildingID": 14640, "county": "\u666e\u9640", "town": "\u77f3\u6cc9\u8def\u8857\u9053", "circleNum": 1, "builtYear": "pre1978", "builtHeight": 45, "storeNum": 15, "floorArea": 714.720080256, "buildArea": 10720.8012038, "seiFort": "1", "keyFire": 0, "firehouseDist": 2, "pop": 428}