{"buildingID": 2518, "county": "\u666e\u9640", "town": "\u6843\u6d66\u9547", "circleNum": 2, "builtYear": "1996", "builtHeight": 14, "storeNum": 4, "floorArea": 353.199074193, "buildArea": 1412.79629677, "seiFort": "2", "keyFire": 0, "firehouseDist": 2, "pop": 282}