{"buildingID": 6764, "county": "\u666e\u9640", "town": "\u957f\u5f81\u9547", "circleNum": 1, "builtYear": "2004", "builtHeight": 37, "storeNum": 12, "floorArea": 1050.40245475, "buildArea": 12604.8294569, "seiFort": "3", "keyFire": 0, "firehouseDist": 1, "pop": 2520}