{"buildingID": 8203, "county": "\u666e\u9640", "town": "\u6843\u6d66\u9547", "circleNum": 2, "builtYear": "1987", "builtHeight": 11, "storeNum": 3, "floorArea": 230.883776074, "buildArea": 692.651328221, "seiFort": "2", "keyFire": 0, "firehouseDist": 2, "pop": 138}