{"buildingID": 13985, "county": "\u666e\u9640", "town": "\u771f\u5982\u9547", "circleNum": 2, "builtYear": "1993", "builtHeight": 15, "storeNum": 5, "floorArea": 726.359724638, "buildArea": 3631.79862319, "seiFort": "2", "keyFire": 0, "firehouseDist": 1, "pop": 726}