{"buildingID": 16319, "county": "\u666e\u9640", "town": "\u957f\u5f81\u9547", "circleNum": 2, "builtYear": "1979-1985", "builtHeight": 17, "storeNum": 5, "floorArea": 609.780751872, "buildArea": 3048.90375936, "seiFort": "2", "keyFire": 0, "firehouseDist": 1, "pop": 609}