{"buildingID": 10958, "county": "\u666e\u9640", "town": "\u7518\u6cc9\u8def\u8857\u9053", "circleNum": 1, "builtYear": "pre1978", "builtHeight": 61, "storeNum": 20, "floorArea": 209.482561546, "buildArea": 4189.65123092, "seiFort": "1", "keyFire": 0, "firehouseDist": 3, "pop": 167}