{"buildingID": 17295, "county": "\u666e\u9640", "town": "\u957f\u5f81\u9547", "circleNum": 2, "builtYear": "1998", "builtHeight": 19, "storeNum": 6, "floorArea": 2163.94176335, "buildArea": 12983.6505801, "seiFort": "2", "keyFire": 0, "firehouseDist": 1, "pop": 2596}