{"buildingID": 5135, "county": "\u666e\u9640", "town": "\u6843\u6d66\u9547", "circleNum": 2, "builtYear": "2009", "builtHeight": 157, "storeNum": 52, "floorArea": 812.910647027, "buildArea": 42271.3536454, "seiFort": "3", "keyFire": 0, "firehouseDist": 2, "pop": 8454}