{"buildingID": 7467, "county": "\u666e\u9640", "town": "\u7518\u6cc9\u8def\u8857\u9053", "circleNum": 1, "builtYear": "1989", "builtHeight": 7, "storeNum": 2, "floorArea": 456.595068831, "buildArea": 913.190137662, "seiFort": "2", "keyFire": 0, "firehouseDist": 3, "pop": 182}