{"buildingID": 22298, "county": "\u666e\u9640", "town": "\u66f9\u6768\u65b0\u6751\u8857\u9053", "circleNum": 1, "builtYear": "pre1978", "builtHeight": 27, "storeNum": 9, "floorArea": 528.26440915, "buildArea": 4754.37968235, "seiFort": "1", "keyFire": 0, "firehouseDist": 1, "pop": 190}