{"buildingID": 29288, "county": "\u666e\u9640", "town": "\u957f\u98ce\u65b0\u6751\u8857\u9053", "circleNum": 1, "builtYear": "1979-1985", "builtHeight": 13, "storeNum": 4, "floorArea": 882.920829602, "buildArea": 3531.68331841, "seiFort": "2", "keyFire": 0, "firehouseDist": 3, "pop": 706}