{"buildingID": 22653, "county": "\u666e\u9640", "town": "\u66f9\u6768\u65b0\u6751\u8857\u9053", "circleNum": 1, "builtYear": "pre1978", "builtHeight": 62, "storeNum": 20, "floorArea": 96.4565139864, "buildArea": 1929.13027973, "seiFort": "1", "keyFire": 0, "firehouseDist": 1, "pop": 77}