{"buildingID": 15887, "county": "\u666e\u9640", "town": "\u771f\u5982\u9547", "circleNum": 1, "builtYear": "1999", "builtHeight": 16, "storeNum": 5, "floorArea": 444.363788666, "buildArea": 2221.81894333, "seiFort": "2", "keyFire": 0, "firehouseDist": 2, "pop": 444}