{"buildingID": 10285, "county": "\u666e\u9640", "town": "\u957f\u5f81\u9547", "circleNum": 1, "builtYear": "1979-1985", "builtHeight": 18, "storeNum": 6, "floorArea": 816.943873945, "buildArea": 4901.66324367, "seiFort": "2", "keyFire": 0, "firehouseDist": 3, "pop": 980}