{"buildingID": 7451, "county": "\u666e\u9640", "town": "\u957f\u5f81\u9547", "circleNum": 1, "builtYear": "1979-1985", "builtHeight": 15, "storeNum": 5, "floorArea": 1058.45889781, "buildArea": 5292.29448906, "seiFort": "2", "keyFire": 0, "firehouseDist": 1, "pop": 1058}