{"buildingID": 23448, "county": "\u666e\u9640", "town": "\u957f\u5f81\u9547", "circleNum": 1, "builtYear": "1991", "builtHeight": 14, "storeNum": 4, "floorArea": 1265.72212168, "buildArea": 5062.88848673, "seiFort": "2", "keyFire": 1, "firehouseDist": 1, "pop": 1012}