{"buildingID": 14216, "county": "\u666e\u9640", "town": "\u77f3\u6cc9\u8def\u8857\u9053", "circleNum": 1, "builtYear": "1987", "builtHeight": 9, "storeNum": 3, "floorArea": 1588.23323142, "buildArea": 4764.69969427, "seiFort": "2", "keyFire": 0, "firehouseDist": 2, "pop": 952}