{"buildingID": 16350, "county": "\u666e\u9640", "town": "\u771f\u5982\u9547", "circleNum": 2, "builtYear": "1979-1985", "builtHeight": 46, "storeNum": 15, "floorArea": 513.537331611, "buildArea": 7703.05997416, "seiFort": "2", "keyFire": 0, "firehouseDist": 1, "pop": 1540}