{"buildingID": 5172, "county": "\u666e\u9640", "town": "\u6843\u6d66\u9547", "circleNum": 2, "builtYear": "2009", "builtHeight": 35, "storeNum": 11, "floorArea": 124.583563326, "buildArea": 1370.41919658, "seiFort": "3", "keyFire": 0, "firehouseDist": 2, "pop": 45}