{"buildingID": 4578, "county": "\u666e\u9640", "town": "\u6843\u6d66\u9547", "circleNum": 2, "builtYear": "1996", "builtHeight": 74, "storeNum": 24, "floorArea": 475.301645311, "buildArea": 11407.2394875, "seiFort": "2", "keyFire": 0, "firehouseDist": 2, "pop": 2281}