{"buildingID": 15129, "county": "\u666e\u9640", "town": "\u771f\u5982\u9547", "circleNum": 2, "builtYear": "1997", "builtHeight": 17, "storeNum": 5, "floorArea": 819.861468647, "buildArea": 4099.30734323, "seiFort": "2", "keyFire": 0, "firehouseDist": 1, "pop": 819}