{"buildingID": 23819, "county": "\u666e\u9640", "town": "\u957f\u5f81\u9547", "circleNum": 1, "builtYear": "1988", "builtHeight": 13, "storeNum": 4, "floorArea": 1341.34305449, "buildArea": 5365.37221795, "seiFort": "2", "keyFire": 0, "firehouseDist": 2, "pop": 1073}