{"buildingID": 19189, "county": "\u666e\u9640", "town": "\u957f\u5f81\u9547", "circleNum": 2, "builtYear": "1979-1985", "builtHeight": 16, "storeNum": 5, "floorArea": 1131.9755169, "buildArea": 5659.8775845, "seiFort": "2", "keyFire": 0, "firehouseDist": 3, "pop": 1131}