{"buildingID": 26785, "county": "\u666e\u9640", "town": "\u957f\u98ce\u65b0\u6751\u8857\u9053", "circleNum": 0, "builtYear": "pre1978", "builtHeight": 23, "storeNum": 7, "floorArea": 778.879944373, "buildArea": 5452.15961061, "seiFort": "1", "keyFire": 0, "firehouseDist": 2, "pop": 272}