{"buildingID": 6920, "county": "\u666e\u9640", "town": "\u6843\u6d66\u9547", "circleNum": 2, "builtYear": "1995", "builtHeight": 89, "storeNum": 29, "floorArea": 774.967446736, "buildArea": 22474.0559554, "seiFort": "2", "keyFire": 0, "firehouseDist": 1, "pop": 4494}