{"buildingID": 14688, "county": "\u666e\u9640", "town": "\u77f3\u6cc9\u8def\u8857\u9053", "circleNum": 1, "builtYear": "1994", "builtHeight": 12, "storeNum": 4, "floorArea": 601.108331516, "buildArea": 2404.43332606, "seiFort": "2", "keyFire": 0, "firehouseDist": 2, "pop": 480}