{"buildingID": 5446, "county": "\u666e\u9640", "town": "\u6843\u6d66\u9547", "circleNum": 2, "builtYear": "2007", "builtHeight": 104, "storeNum": 34, "floorArea": 1994.60463151, "buildArea": 67816.5574715, "seiFort": "3", "keyFire": 0, "firehouseDist": 2, "pop": 13563}