{"buildingID": 5502, "county": "\u666e\u9640", "town": "\u6843\u6d66\u9547", "circleNum": 2, "builtYear": "2006", "builtHeight": 18, "storeNum": 6, "floorArea": 578.791224079, "buildArea": 3472.74734447, "seiFort": "3", "keyFire": 0, "firehouseDist": 1, "pop": 694}