{"buildingID": 10366, "county": "\u666e\u9640", "town": "\u7518\u6cc9\u8def\u8857\u9053", "circleNum": 1, "builtYear": "pre1978", "builtHeight": 22, "storeNum": 7, "floorArea": 609.201945317, "buildArea": 4264.41361722, "seiFort": "1", "keyFire": 0, "firehouseDist": 3, "pop": 170}