{"buildingID": 28920, "county": "\u666e\u9640", "town": "\u957f\u98ce\u65b0\u6751\u8857\u9053", "circleNum": 1, "builtYear": "pre1978", "builtHeight": 48, "storeNum": 16, "floorArea": 214.857298704, "buildArea": 3437.71677927, "seiFort": "1", "keyFire": 0, "firehouseDist": 4, "pop": 137}