{"buildingID": 13623, "county": "\u666e\u9640", "town": "\u771f\u5982\u9547", "circleNum": 1, "builtYear": "1987", "builtHeight": 17, "storeNum": 5, "floorArea": 861.699013633, "buildArea": 4308.49506816, "seiFort": "2", "keyFire": 0, "firehouseDist": 2, "pop": 861}