{"buildingID": 1964, "county": "\u666e\u9640", "town": "\u6843\u6d66\u9547", "circleNum": 3, "builtYear": "1996", "builtHeight": 18, "storeNum": 6, "floorArea": 1701.35096866, "buildArea": 10208.105812, "seiFort": "2", "keyFire": 0, "firehouseDist": 3, "pop": 2041}