{"buildingID": 6676, "county": "\u666e\u9640", "town": "\u6843\u6d66\u9547", "circleNum": 2, "builtYear": "1979-1985", "builtHeight": 37, "storeNum": 12, "floorArea": 550.506181846, "buildArea": 6606.07418215, "seiFort": "2", "keyFire": 0, "firehouseDist": 1, "pop": 1321}