{"buildingID": 8243, "county": "\u666e\u9640", "town": "\u6843\u6d66\u9547", "circleNum": 2, "builtYear": "1979-1985", "builtHeight": 9, "storeNum": 3, "floorArea": 118.645807414, "buildArea": 355.937422243, "seiFort": "2", "keyFire": 0, "firehouseDist": 1, "pop": 11}