{"buildingID": 19451, "county": "\u666e\u9640", "town": "\u957f\u5f81\u9547", "circleNum": 2, "builtYear": "1979-1985", "builtHeight": 7, "storeNum": 2, "floorArea": 1481.36800251, "buildArea": 2962.73600502, "seiFort": "2", "keyFire": 0, "firehouseDist": 3, "pop": 592}