{"buildingID": 15055, "county": "\u666e\u9640", "town": "\u771f\u5982\u9547", "circleNum": 2, "builtYear": "1995", "builtHeight": 34, "storeNum": 11, "floorArea": 124.499604971, "buildArea": 1369.49565468, "seiFort": "2", "keyFire": 0, "firehouseDist": 1, "pop": 45}