{"buildingID": 27285, "county": "\u666e\u9640", "town": "\u957f\u98ce\u65b0\u6751\u8857\u9053", "circleNum": 0, "builtYear": "pre1978", "builtHeight": 50, "storeNum": 16, "floorArea": 688.734644385, "buildArea": 11019.7543102, "seiFort": "1", "keyFire": 0, "firehouseDist": 1, "pop": 550}