{"buildingID": 24207, "county": "\u666e\u9640", "town": "\u66f9\u6768\u65b0\u6751\u8857\u9053", "circleNum": 1, "builtYear": "1979-1985", "builtHeight": 12, "storeNum": 4, "floorArea": 552.762069581, "buildArea": 2211.04827832, "seiFort": "2", "keyFire": 0, "firehouseDist": 1, "pop": 442}