{"buildingID": 28617, "county": "\u666e\u9640", "town": "\u957f\u98ce\u65b0\u6751\u8857\u9053", "circleNum": 1, "builtYear": "1986", "builtHeight": 9, "storeNum": 3, "floorArea": 189.074315635, "buildArea": 567.222946905, "seiFort": "2", "keyFire": 0, "firehouseDist": 3, "pop": 113}