{"buildingID": 1454, "county": "\u666e\u9640", "town": "\u6843\u6d66\u9547", "circleNum": 3, "builtYear": "2004", "builtHeight": 18, "storeNum": 6, "floorArea": 539.315690921, "buildArea": 3235.89414552, "seiFort": "3", "keyFire": 0, "firehouseDist": 5, "pop": 647}