{"buildingID": 12509, "county": "\u666e\u9640", "town": "\u77f3\u6cc9\u8def\u8857\u9053", "circleNum": 1, "builtYear": "1979-1985", "builtHeight": 19, "storeNum": 6, "floorArea": 546.867900388, "buildArea": 3281.20740233, "seiFort": "2", "keyFire": 0, "firehouseDist": 3, "pop": 656}