{"buildingID": 12250, "county": "\u666e\u9640", "town": "\u771f\u5982\u9547", "circleNum": 1, "builtYear": "1991", "builtHeight": 27, "storeNum": 9, "floorArea": 797.638596562, "buildArea": 7178.74736905, "seiFort": "2", "keyFire": 0, "firehouseDist": 1, "pop": 1435}