{"buildingID": 22644, "county": "\u666e\u9640", "town": "\u66f9\u6768\u65b0\u6751\u8857\u9053", "circleNum": 1, "builtYear": "pre1978", "builtHeight": 66, "storeNum": 22, "floorArea": 100.476313614, "buildArea": 2210.4788995, "seiFort": "1", "keyFire": 0, "firehouseDist": 1, "pop": 88}