{"buildingID": 28316, "county": "\u666e\u9640", "town": "\u957f\u98ce\u65b0\u6751\u8857\u9053", "circleNum": 1, "builtYear": "1985", "builtHeight": 7, "storeNum": 2, "floorArea": 73.329082109, "buildArea": 146.658164218, "seiFort": "2", "keyFire": 0, "firehouseDist": 2, "pop": 5}