{"buildingID": 27879, "county": "\u666e\u9640", "town": "\u957f\u98ce\u65b0\u6751\u8857\u9053", "circleNum": 0, "builtYear": "pre1978", "builtHeight": 18, "storeNum": 6, "floorArea": 24.1189935947, "buildArea": 144.713961568, "seiFort": "1", "keyFire": 0, "firehouseDist": 2, "pop": 7}