{"buildingID": 3646, "county": "\u666e\u9640", "town": "\u6843\u6d66\u9547", "circleNum": 2, "builtYear": "1979-1985", "builtHeight": 13, "storeNum": 4, "floorArea": 857.446927426, "buildArea": 3429.7877097, "seiFort": "2", "keyFire": 0, "firehouseDist": 2, "pop": 685}