{"buildingID": 24881, "county": "\u666e\u9640", "town": "\u66f9\u6768\u65b0\u6751\u8857\u9053", "circleNum": 1, "builtYear": "1990", "builtHeight": 7, "storeNum": 2, "floorArea": 414.987917373, "buildArea": 829.975834746, "seiFort": "2", "keyFire": 0, "firehouseDist": 1, "pop": 165}