{"buildingID": 12262, "county": "\u666e\u9640", "town": "\u771f\u5982\u9547", "circleNum": 1, "builtYear": "1990", "builtHeight": 33, "storeNum": 11, "floorArea": 436.838105807, "buildArea": 4805.21916387, "seiFort": "2", "keyFire": 0, "firehouseDist": 1, "pop": 961}