{"buildingID": 1645, "county": "\u666e\u9640", "town": "\u6843\u6d66\u9547", "circleNum": 3, "builtYear": "1993", "builtHeight": 18, "storeNum": 6, "floorArea": 1285.12666226, "buildArea": 7710.75997354, "seiFort": "2", "keyFire": 0, "firehouseDist": 4, "pop": 1542}