{"buildingID": 14269, "county": "\u666e\u9640", "town": "\u77f3\u6cc9\u8def\u8857\u9053", "circleNum": 1, "builtYear": "1990", "builtHeight": 17, "storeNum": 5, "floorArea": 825.774742674, "buildArea": 4128.87371337, "seiFort": "2", "keyFire": 0, "firehouseDist": 2, "pop": 825}