{"buildingID": 12663, "county": "\u666e\u9640", "town": "\u771f\u5982\u9547", "circleNum": 2, "builtYear": "1988", "builtHeight": 17, "storeNum": 5, "floorArea": 846.321803149, "buildArea": 4231.60901574, "seiFort": "2", "keyFire": 0, "firehouseDist": 2, "pop": 846}