{"buildingID": 16453, "county": "\u666e\u9640", "town": "\u77f3\u6cc9\u8def\u8857\u9053", "circleNum": 1, "builtYear": "1995", "builtHeight": 10, "storeNum": 3, "floorArea": 403.561147232, "buildArea": 1210.6834417, "seiFort": "2", "keyFire": 0, "firehouseDist": 1, "pop": 242}