{"buildingID": 5726, "county": "\u666e\u9640", "town": "\u6843\u6d66\u9547", "circleNum": 2, "builtYear": "1979-1985", "builtHeight": 104, "storeNum": 34, "floorArea": 2169.71218304, "buildArea": 73770.2142233, "seiFort": "2", "keyFire": 0, "firehouseDist": 2, "pop": 14754}