{"buildingID": 29418, "county": "\u666e\u9640", "town": "\u957f\u98ce\u65b0\u6751\u8857\u9053", "circleNum": 1, "builtYear": "1979-1985", "builtHeight": 3, "storeNum": 1, "floorArea": 444.41595098, "buildArea": 444.41595098, "seiFort": "2", "keyFire": 0, "firehouseDist": 3, "pop": 88}