{"buildingID": 5022, "county": "\u666e\u9640", "town": "\u6843\u6d66\u9547", "circleNum": 2, "builtYear": "2010", "builtHeight": 35, "storeNum": 11, "floorArea": 76.6535336077, "buildArea": 843.188869684, "seiFort": "3", "keyFire": 0, "firehouseDist": 2, "pop": 28}