{"buildingID": 10272, "county": "\u666e\u9640", "town": "\u957f\u5f81\u9547", "circleNum": 1, "builtYear": "1979-1985", "builtHeight": 19, "storeNum": 6, "floorArea": 1560.92326493, "buildArea": 9365.53958959, "seiFort": "2", "keyFire": 0, "firehouseDist": 2, "pop": 1873}