{"buildingID": 9880, "county": "\u666e\u9640", "town": "\u77f3\u6cc9\u8def\u8857\u9053", "circleNum": 1, "builtYear": "1986", "builtHeight": 10, "storeNum": 3, "floorArea": 295.383694633, "buildArea": 886.151083898, "seiFort": "2", "keyFire": 0, "firehouseDist": 2, "pop": 177}