{"buildingID": 3403, "county": "\u666e\u9640", "town": "\u6843\u6d66\u9547", "circleNum": 3, "builtYear": "2003", "builtHeight": 6, "storeNum": 2, "floorArea": 12271.2785634, "buildArea": 24542.5571268, "seiFort": "3", "keyFire": 0, "firehouseDist": 4, "pop": 4908}