{"buildingID": 27504, "county": "\u666e\u9640", "town": "\u957f\u98ce\u65b0\u6751\u8857\u9053", "circleNum": 0, "builtYear": "pre1978", "builtHeight": 6, "storeNum": 2, "floorArea": 44.2012495481, "buildArea": 88.4024990962, "seiFort": "1", "keyFire": 0, "firehouseDist": 1, "pop": 4}