{"buildingID": 16986, "county": "\u666e\u9640", "town": "\u77f3\u6cc9\u8def\u8857\u9053", "circleNum": 1, "builtYear": "pre1978", "builtHeight": 19, "storeNum": 6, "floorArea": 761.146490437, "buildArea": 4566.87894262, "seiFort": "1", "keyFire": 0, "firehouseDist": 2, "pop": 182}