{"buildingID": 9183, "county": "\u666e\u9640", "town": "\u957f\u5f81\u9547", "circleNum": 1, "builtYear": "1979-1985", "builtHeight": 54, "storeNum": 18, "floorArea": 175.610772687, "buildArea": 3160.99390836, "seiFort": "2", "keyFire": 0, "firehouseDist": 1, "pop": 126}