{"buildingID": 23894, "county": "\u666e\u9640", "town": "\u66f9\u6768\u65b0\u6751\u8857\u9053", "circleNum": 1, "builtYear": "pre1978", "builtHeight": 120, "storeNum": 40, "floorArea": 851.325204321, "buildArea": 34053.0081728, "seiFort": "1", "keyFire": 0, "firehouseDist": 2, "pop": 6810}