{"buildingID": 18832, "county": "\u666e\u9640", "town": "\u957f\u5f81\u9547", "circleNum": 2, "builtYear": "1979-1985", "builtHeight": 5, "storeNum": 1, "floorArea": 660.892746903, "buildArea": 660.892746903, "seiFort": "2", "keyFire": 0, "firehouseDist": 2, "pop": 132}