{"buildingID": 15652, "county": "\u666e\u9640", "town": "\u5b9c\u5ddd\u8def\u8857\u9053", "circleNum": 0, "builtYear": "pre1978", "builtHeight": 102, "storeNum": 34, "floorArea": 2986.21969477, "buildArea": 101531.469622, "seiFort": "1", "keyFire": 0, "firehouseDist": 2, "pop": 20306}