{"buildingID": 25548, "county": "\u666e\u9640", "town": "\u957f\u98ce\u65b0\u6751\u8857\u9053", "circleNum": 0, "builtYear": "pre1978", "builtHeight": 82, "storeNum": 27, "floorArea": 593.396921005, "buildArea": 16021.7168671, "seiFort": "1", "keyFire": 1, "firehouseDist": 1, "pop": 801}