{"buildingID": 23736, "county": "\u666e\u9640", "town": "\u66f9\u6768\u65b0\u6751\u8857\u9053", "circleNum": 1, "builtYear": "pre1978", "builtHeight": 6, "storeNum": 2, "floorArea": 688.507670395, "buildArea": 1377.01534079, "seiFort": "1", "keyFire": 0, "firehouseDist": 1, "pop": 55}