{"buildingID": 18448, "county": "\u666e\u9640", "town": "\u957f\u5f81\u9547", "circleNum": 2, "builtYear": "1993", "builtHeight": 22, "storeNum": 7, "floorArea": 1413.48348146, "buildArea": 9894.38437022, "seiFort": "2", "keyFire": 0, "firehouseDist": 3, "pop": 1978}