{"buildingID": 15165, "county": "\u666e\u9640", "town": "\u771f\u5982\u9547", "circleNum": 1, "builtYear": "1994", "builtHeight": 66, "storeNum": 22, "floorArea": 1077.37183866, "buildArea": 23702.1804506, "seiFort": "2", "keyFire": 0, "firehouseDist": 2, "pop": 4740}