{"buildingID": 11802, "county": "\u666e\u9640", "town": "\u7518\u6cc9\u8def\u8857\u9053", "circleNum": 1, "builtYear": "pre1978", "builtHeight": 19, "storeNum": 6, "floorArea": 718.810996931, "buildArea": 4312.86598159, "seiFort": "1", "keyFire": 0, "firehouseDist": 2, "pop": 172}