{"buildingID": 7939, "county": "\u666e\u9640", "town": "\u7518\u6cc9\u8def\u8857\u9053", "circleNum": 1, "builtYear": "1979-1985", "builtHeight": 20, "storeNum": 6, "floorArea": 421.414978736, "buildArea": 2528.48987241, "seiFort": "2", "keyFire": 0, "firehouseDist": 3, "pop": 505}