{"buildingID": 12810, "county": "\u666e\u9640", "town": "\u5b9c\u5ddd\u8def\u8857\u9053", "circleNum": 1, "builtYear": "1979-1985", "builtHeight": 26, "storeNum": 8, "floorArea": 327.834517861, "buildArea": 2622.67614289, "seiFort": "2", "keyFire": 0, "firehouseDist": 2, "pop": 524}