{"buildingID": 14056, "county": "\u666e\u9640", "town": "\u771f\u5982\u9547", "circleNum": 1, "builtYear": "pre1978", "builtHeight": 54, "storeNum": 18, "floorArea": 819.051194818, "buildArea": 14742.9215067, "seiFort": "1", "keyFire": 0, "firehouseDist": 2, "pop": 589}