{"buildingID": 26987, "county": "\u666e\u9640", "town": "\u957f\u5bff\u8def\u8857\u9053", "circleNum": 0, "builtYear": "1979-1985", "builtHeight": 6, "storeNum": 2, "floorArea": 143.620817877, "buildArea": 287.241635754, "seiFort": "2", "keyFire": 0, "firehouseDist": 1, "pop": 14}