{"buildingID": 16321, "county": "\u666e\u9640", "town": "\u771f\u5982\u9547", "circleNum": 2, "builtYear": "1979-1985", "builtHeight": 20, "storeNum": 6, "floorArea": 374.969711222, "buildArea": 2249.81826733, "seiFort": "2", "keyFire": 0, "firehouseDist": 1, "pop": 449}