{"buildingID": 309, "county": "\u666e\u9640", "town": "\u6843\u6d66\u9547", "circleNum": 3, "builtYear": "2003", "builtHeight": 18, "storeNum": 6, "floorArea": 15385.2752257, "buildArea": 92311.6513541, "seiFort": "3", "keyFire": 0, "firehouseDist": 4, "pop": 18462}