{"buildingID": 6248, "county": "\u666e\u9640", "town": "\u6843\u6d66\u9547", "circleNum": 2, "builtYear": "1997", "builtHeight": 19, "storeNum": 6, "floorArea": 778.117672935, "buildArea": 4668.70603761, "seiFort": "2", "keyFire": 0, "firehouseDist": 1, "pop": 933}