{"buildingID": 2862, "county": "\u666e\u9640", "town": "\u6843\u6d66\u9547", "circleNum": 2, "builtYear": "1979-1985", "builtHeight": 15, "storeNum": 5, "floorArea": 539.784919915, "buildArea": 2698.92459957, "seiFort": "2", "keyFire": 0, "firehouseDist": 2, "pop": 539}