{"buildingID": 15874, "county": "\u666e\u9640", "town": "\u771f\u5982\u9547", "circleNum": 1, "builtYear": "2005", "builtHeight": 13, "storeNum": 4, "floorArea": 228.696428755, "buildArea": 914.785715018, "seiFort": "3", "keyFire": 0, "firehouseDist": 2, "pop": 182}