{"buildingID": 21482, "county": "\u666e\u9640", "town": "\u66f9\u6768\u65b0\u6751\u8857\u9053", "circleNum": 1, "builtYear": "pre1978", "builtHeight": 85, "storeNum": 28, "floorArea": 743.806475055, "buildArea": 20826.5813015, "seiFort": "1", "keyFire": 0, "firehouseDist": 1, "pop": 833}