{"buildingID": 13709, "county": "\u666e\u9640", "town": "\u771f\u5982\u9547", "circleNum": 2, "builtYear": "1991", "builtHeight": 16, "storeNum": 5, "floorArea": 1254.60621059, "buildArea": 6273.03105294, "seiFort": "2", "keyFire": 0, "firehouseDist": 2, "pop": 1254}