{"buildingID": 11001, "county": "\u666e\u9640", "town": "\u771f\u5982\u9547", "circleNum": 1, "builtYear": "pre1978", "builtHeight": 42, "storeNum": 14, "floorArea": 666.934590897, "buildArea": 9337.08427256, "seiFort": "1", "keyFire": 0, "firehouseDist": 2, "pop": 373}