{"buildingID": 24244, "county": "\u666e\u9640", "town": "\u66f9\u6768\u65b0\u6751\u8857\u9053", "circleNum": 1, "builtYear": "1986", "builtHeight": 119, "storeNum": 39, "floorArea": 698.035966219, "buildArea": 27223.4026825, "seiFort": "2", "keyFire": 0, "firehouseDist": 2, "pop": 5444}