{"buildingID": 13459, "county": "\u666e\u9640", "town": "\u771f\u5982\u9547", "circleNum": 2, "builtYear": "1994", "builtHeight": 12, "storeNum": 4, "floorArea": 1078.85931914, "buildArea": 4315.43727657, "seiFort": "2", "keyFire": 0, "firehouseDist": 1, "pop": 863}