{"buildingID": 13748, "county": "\u666e\u9640", "town": "\u771f\u5982\u9547", "circleNum": 1, "builtYear": "1990", "builtHeight": 20, "storeNum": 6, "floorArea": 478.380672995, "buildArea": 2870.28403797, "seiFort": "2", "keyFire": 0, "firehouseDist": 2, "pop": 574}