{"buildingID": 26765, "county": "\u666e\u9640", "town": "\u66f9\u6768\u65b0\u6751\u8857\u9053", "circleNum": 1, "builtYear": "pre1978", "builtHeight": 12, "storeNum": 4, "floorArea": 652.163048711, "buildArea": 2608.65219484, "seiFort": "1", "keyFire": 0, "firehouseDist": 2, "pop": 104}