{"buildingID": 10102, "county": "\u666e\u9640", "town": "\u771f\u5982\u9547", "circleNum": 2, "builtYear": "2001", "builtHeight": 23, "storeNum": 7, "floorArea": 115.499091512, "buildArea": 808.493640583, "seiFort": "3", "keyFire": 0, "firehouseDist": 2, "pop": 26}