{"buildingID": 3876, "county": "\u666e\u9640", "town": "\u6843\u6d66\u9547", "circleNum": 2, "builtYear": "2012", "builtHeight": 11, "storeNum": 3, "floorArea": 687.299124242, "buildArea": 2061.89737272, "seiFort": "3", "keyFire": 0, "firehouseDist": 2, "pop": 412}