{"buildingID": 8917, "county": "\u666e\u9640", "town": "\u957f\u5f81\u9547", "circleNum": 1, "builtYear": "1979-1985", "builtHeight": 51, "storeNum": 17, "floorArea": 177.102334527, "buildArea": 3010.73968696, "seiFort": "2", "keyFire": 0, "firehouseDist": 1, "pop": 120}