{"buildingID": 23610, "county": "\u666e\u9640", "town": "\u66f9\u6768\u65b0\u6751\u8857\u9053", "circleNum": 1, "builtYear": "1989", "builtHeight": 9, "storeNum": 3, "floorArea": 170.82913099, "buildArea": 512.487392969, "seiFort": "2", "keyFire": 0, "firehouseDist": 1, "pop": 20}