{"buildingID": 7945, "county": "\u666e\u9640", "town": "\u7518\u6cc9\u8def\u8857\u9053", "circleNum": 1, "builtYear": "pre1978", "builtHeight": 37, "storeNum": 12, "floorArea": 399.788894909, "buildArea": 4797.46673891, "seiFort": "1", "keyFire": 0, "firehouseDist": 3, "pop": 191}