{"buildingID": 16594, "county": "\u666e\u9640", "town": "\u77f3\u6cc9\u8def\u8857\u9053", "circleNum": 1, "builtYear": "1979-1985", "builtHeight": 54, "storeNum": 18, "floorArea": 928.248432122, "buildArea": 16708.4717782, "seiFort": "2", "keyFire": 0, "firehouseDist": 2, "pop": 3341}