{"buildingID": 7140, "county": "\u666e\u9640", "town": "\u957f\u5f81\u9547", "circleNum": 1, "builtYear": "2010", "builtHeight": 37, "storeNum": 12, "floorArea": 416.836859488, "buildArea": 5002.04231386, "seiFort": "3", "keyFire": 0, "firehouseDist": 1, "pop": 1000}