{"buildingID": 16066, "county": "\u666e\u9640", "town": "\u771f\u5982\u9547", "circleNum": 1, "builtYear": "1999", "builtHeight": 6, "storeNum": 2, "floorArea": 928.385434926, "buildArea": 1856.77086985, "seiFort": "2", "keyFire": 0, "firehouseDist": 1, "pop": 371}