{"buildingID": 10639, "county": "\u666e\u9640", "town": "\u6843\u6d66\u9547", "circleNum": 2, "builtYear": "1999", "builtHeight": 21, "storeNum": 7, "floorArea": 2811.73829697, "buildArea": 19682.1680788, "seiFort": "2", "keyFire": 0, "firehouseDist": 2, "pop": 3936}