{"buildingID": 20128, "county": "\u666e\u9640", "town": "\u957f\u5bff\u8def\u8857\u9053", "circleNum": 0, "builtYear": "1979-1985", "builtHeight": 11, "storeNum": 3, "floorArea": 324.468961766, "buildArea": 973.406885298, "seiFort": "2", "keyFire": 0, "firehouseDist": 2, "pop": 194}