{"buildingID": 20479, "county": "\u666e\u9640", "town": "\u771f\u5982\u9547", "circleNum": 1, "builtYear": "1979-1985", "builtHeight": 18, "storeNum": 6, "floorArea": 40.1460681561, "buildArea": 240.876408936, "seiFort": "2", "keyFire": 0, "firehouseDist": 1, "pop": 9}