{"buildingID": 24400, "county": "\u666e\u9640", "town": "\u957f\u5f81\u9547", "circleNum": 2, "builtYear": "1996", "builtHeight": 23, "storeNum": 7, "floorArea": 815.126363416, "buildArea": 5705.88454391, "seiFort": "2", "keyFire": 0, "firehouseDist": 2, "pop": 1141}