{"buildingID": 12266, "county": "\u666e\u9640", "town": "\u771f\u5982\u9547", "circleNum": 1, "builtYear": "1987", "builtHeight": 12, "storeNum": 4, "floorArea": 1116.83588294, "buildArea": 4467.34353174, "seiFort": "2", "keyFire": 0, "firehouseDist": 2, "pop": 893}