{"buildingID": 12641, "county": "\u666e\u9640", "town": "\u6843\u6d66\u9547", "circleNum": 2, "builtYear": "2017", "builtHeight": 10, "storeNum": 3, "floorArea": 113.405011704, "buildArea": 340.215035111, "seiFort": "3", "keyFire": 0, "firehouseDist": 2, "pop": 11}