{"buildingID": 29040, "county": "\u666e\u9640", "town": "\u957f\u98ce\u65b0\u6751\u8857\u9053", "circleNum": 1, "builtYear": "pre1978", "builtHeight": 78, "storeNum": 26, "floorArea": 465.023237456, "buildArea": 12090.6041738, "seiFort": "1", "keyFire": 1, "firehouseDist": 3, "pop": 483}