{"buildingID": 13301, "county": "\u666e\u9640", "town": "\u771f\u5982\u9547", "circleNum": 2, "builtYear": "1995", "builtHeight": 6, "storeNum": 2, "floorArea": 569.955972378, "buildArea": 1139.91194476, "seiFort": "2", "keyFire": 0, "firehouseDist": 2, "pop": 227}