{"buildingID": 22694, "county": "\u666e\u9640", "town": "\u66f9\u6768\u65b0\u6751\u8857\u9053", "circleNum": 1, "builtYear": "1979-1985", "builtHeight": 11, "storeNum": 3, "floorArea": 674.513232639, "buildArea": 2023.53969792, "seiFort": "2", "keyFire": 0, "firehouseDist": 1, "pop": 404}