{"buildingID": 4691, "county": "\u666e\u9640", "town": "\u6843\u6d66\u9547", "circleNum": 2, "builtYear": "1979-1985", "builtHeight": 25, "storeNum": 8, "floorArea": 707.687381316, "buildArea": 5661.49905052, "seiFort": "2", "keyFire": 0, "firehouseDist": 2, "pop": 1132}