{"buildingID": 11853, "county": "\u666e\u9640", "town": "\u771f\u5982\u9547", "circleNum": 1, "builtYear": "pre1978", "builtHeight": 19, "storeNum": 6, "floorArea": 627.683496036, "buildArea": 3766.10097621, "seiFort": "1", "keyFire": 0, "firehouseDist": 2, "pop": 150}