{"buildingID": 27319, "county": "\u666e\u9640", "town": "\u957f\u98ce\u65b0\u6751\u8857\u9053", "circleNum": 1, "builtYear": "pre1978", "builtHeight": 16, "storeNum": 5, "floorArea": 650.393929676, "buildArea": 3251.96964838, "seiFort": "1", "keyFire": 0, "firehouseDist": 2, "pop": 130}