{"buildingID": 24419, "county": "\u666e\u9640", "town": "\u957f\u5bff\u8def\u8857\u9053", "circleNum": 0, "builtYear": "pre1978", "builtHeight": 105, "storeNum": 35, "floorArea": 60.1255413757, "buildArea": 2104.39394815, "seiFort": "1", "keyFire": 0, "firehouseDist": 1, "pop": 420}