{"buildingID": 12635, "county": "\u666e\u9640", "town": "\u771f\u5982\u9547", "circleNum": 2, "builtYear": "1993", "builtHeight": 13, "storeNum": 4, "floorArea": 614.586089244, "buildArea": 2458.34435698, "seiFort": "2", "keyFire": 0, "firehouseDist": 2, "pop": 491}