{"buildingID": 3981, "county": "\u666e\u9640", "town": "\u6843\u6d66\u9547", "circleNum": 2, "builtYear": "pre1978", "builtHeight": 15, "storeNum": 5, "floorArea": 6355.69629185, "buildArea": 31778.4814593, "seiFort": "1", "keyFire": 0, "firehouseDist": 2, "pop": 1059}