{"buildingID": 12260, "county": "\u666e\u9640", "town": "\u771f\u5982\u9547", "circleNum": 1, "builtYear": "1991", "builtHeight": 32, "storeNum": 10, "floorArea": 177.571175027, "buildArea": 1775.71175027, "seiFort": "2", "keyFire": 0, "firehouseDist": 1, "pop": 71}