{"buildingID": 2097, "county": "\u666e\u9640", "town": "\u6843\u6d66\u9547", "circleNum": 3, "builtYear": "1994", "builtHeight": 18, "storeNum": 6, "floorArea": 426.013704593, "buildArea": 2556.08222756, "seiFort": "2", "keyFire": 0, "firehouseDist": 3, "pop": 511}