{"buildingID": 10546, "county": "\u666e\u9640", "town": "\u7518\u6cc9\u8def\u8857\u9053", "circleNum": 1, "builtYear": "pre1978", "builtHeight": 14, "storeNum": 4, "floorArea": 403.387886222, "buildArea": 1613.55154489, "seiFort": "1", "keyFire": 0, "firehouseDist": 3, "pop": 64}