{"buildingID": 14304, "county": "\u666e\u9640", "town": "\u77f3\u6cc9\u8def\u8857\u9053", "circleNum": 1, "builtYear": "pre1978", "builtHeight": 80, "storeNum": 26, "floorArea": 90.3584239534, "buildArea": 2349.31902279, "seiFort": "1", "keyFire": 0, "firehouseDist": 2, "pop": 93}