{"buildingID": 15240, "county": "\u666e\u9640", "town": "\u77f3\u6cc9\u8def\u8857\u9053", "circleNum": 1, "builtYear": "1979-1985", "builtHeight": 18, "storeNum": 6, "floorArea": 3316.41723873, "buildArea": 19898.5034324, "seiFort": "2", "keyFire": 0, "firehouseDist": 2, "pop": 3979}