{"buildingID": 25783, "county": "\u666e\u9640", "town": "\u66f9\u6768\u65b0\u6751\u8857\u9053", "circleNum": 1, "builtYear": "pre1978", "builtHeight": 18, "storeNum": 6, "floorArea": 650.890548264, "buildArea": 3905.34328959, "seiFort": "1", "keyFire": 0, "firehouseDist": 2, "pop": 156}