{"buildingID": 13647, "county": "\u666e\u9640", "town": "\u771f\u5982\u9547", "circleNum": 2, "builtYear": "1995", "builtHeight": 13, "storeNum": 4, "floorArea": 572.824681014, "buildArea": 2291.29872406, "seiFort": "2", "keyFire": 0, "firehouseDist": 1, "pop": 458}