{"buildingID": 6402, "county": "\u666e\u9640", "town": "\u6843\u6d66\u9547", "circleNum": 2, "builtYear": "1998", "builtHeight": 41, "storeNum": 13, "floorArea": 523.224553786, "buildArea": 6801.91919922, "seiFort": "2", "keyFire": 0, "firehouseDist": 1, "pop": 1360}