{"buildingID": 12025, "county": "\u666e\u9640", "town": "\u771f\u5982\u9547", "circleNum": 1, "builtYear": "pre1978", "builtHeight": 39, "storeNum": 13, "floorArea": 81.8805110888, "buildArea": 1064.44664415, "seiFort": "1", "keyFire": 0, "firehouseDist": 2, "pop": 42}