{"buildingID": 28796, "county": "\u666e\u9640", "town": "\u957f\u98ce\u65b0\u6751\u8857\u9053", "circleNum": 1, "builtYear": "1979-1985", "builtHeight": 93, "storeNum": 31, "floorArea": 2009.54980795, "buildArea": 62296.0440465, "seiFort": "2", "keyFire": 1, "firehouseDist": 3, "pop": 12459}