{"buildingID": 11800, "county": "\u666e\u9640", "town": "\u7518\u6cc9\u8def\u8857\u9053", "circleNum": 1, "builtYear": "pre1978", "builtHeight": 12, "storeNum": 4, "floorArea": 344.451184946, "buildArea": 1377.80473979, "seiFort": "1", "keyFire": 0, "firehouseDist": 2, "pop": 55}