{"buildingID": 10692, "county": "\u666e\u9640", "town": "\u771f\u5982\u9547", "circleNum": 2, "builtYear": "1994", "builtHeight": 20, "storeNum": 6, "floorArea": 677.763367391, "buildArea": 4066.58020435, "seiFort": "2", "keyFire": 0, "firehouseDist": 2, "pop": 813}