{"buildingID": 10604, "county": "\u666e\u9640", "town": "\u7518\u6cc9\u8def\u8857\u9053", "circleNum": 1, "builtYear": "pre1978", "builtHeight": 17, "storeNum": 5, "floorArea": 348.864430108, "buildArea": 1744.32215054, "seiFort": "1", "keyFire": 0, "firehouseDist": 2, "pop": 69}