{"buildingID": 12683, "county": "\u666e\u9640", "town": "\u771f\u5982\u9547", "circleNum": 2, "builtYear": "1994", "builtHeight": 13, "storeNum": 4, "floorArea": 287.471001417, "buildArea": 1149.88400567, "seiFort": "2", "keyFire": 0, "firehouseDist": 2, "pop": 229}