{"buildingID": 4653, "county": "\u666e\u9640", "town": "\u6843\u6d66\u9547", "circleNum": 2, "builtYear": "1996", "builtHeight": 18, "storeNum": 6, "floorArea": 1919.34892823, "buildArea": 11516.0935694, "seiFort": "2", "keyFire": 0, "firehouseDist": 2, "pop": 2303}