{"buildingID": 10532, "county": "\u666e\u9640", "town": "\u7518\u6cc9\u8def\u8857\u9053", "circleNum": 1, "builtYear": "pre1978", "builtHeight": 56, "storeNum": 18, "floorArea": 277.258568894, "buildArea": 4990.65424009, "seiFort": "1", "keyFire": 0, "firehouseDist": 3, "pop": 199}