{"buildingID": 27083, "county": "\u666e\u9640", "town": "\u957f\u5bff\u8def\u8857\u9053", "circleNum": 0, "builtYear": "1979-1985", "builtHeight": 16, "storeNum": 5, "floorArea": 1198.57633025, "buildArea": 5992.88165124, "seiFort": "2", "keyFire": 0, "firehouseDist": 1, "pop": 1198}