{"buildingID": 999, "county": "\u666e\u9640", "town": "\u6843\u6d66\u9547", "circleNum": 2, "builtYear": "1998", "builtHeight": 16, "storeNum": 5, "floorArea": 1047.91679826, "buildArea": 5239.58399128, "seiFort": "2", "keyFire": 0, "firehouseDist": 2, "pop": 1047}