{"buildingID": 19015, "county": "\u666e\u9640", "town": "\u957f\u5f81\u9547", "circleNum": 2, "builtYear": "1997", "builtHeight": 13, "storeNum": 4, "floorArea": 1830.54693606, "buildArea": 7322.18774423, "seiFort": "2", "keyFire": 0, "firehouseDist": 3, "pop": 1464}