{"buildingID": 5275, "county": "\u666e\u9640", "town": "\u6843\u6d66\u9547", "circleNum": 2, "builtYear": "2017", "builtHeight": 18, "storeNum": 6, "floorArea": 578.899754223, "buildArea": 3473.39852534, "seiFort": "3", "keyFire": 0, "firehouseDist": 2, "pop": 694}