{"buildingID": 18294, "county": "\u666e\u9640", "town": "\u957f\u5f81\u9547", "circleNum": 2, "builtYear": "2002", "builtHeight": 18, "storeNum": 6, "floorArea": 1027.79459866, "buildArea": 6166.76759197, "seiFort": "3", "keyFire": 0, "firehouseDist": 2, "pop": 1233}