{"buildingID": 20964, "county": "\u666e\u9640", "town": "\u957f\u5bff\u8def\u8857\u9053", "circleNum": 0, "builtYear": "1979-1985", "builtHeight": 87, "storeNum": 29, "floorArea": 1358.46712773, "buildArea": 39395.5467042, "seiFort": "2", "keyFire": 0, "firehouseDist": 1, "pop": 7879}