{"buildingID": 5888, "county": "\u666e\u9640", "town": "\u6843\u6d66\u9547", "circleNum": 2, "builtYear": "1979-1985", "builtHeight": 10, "storeNum": 3, "floorArea": 135.136500497, "buildArea": 405.409501491, "seiFort": "2", "keyFire": 0, "firehouseDist": 1, "pop": 13}