{"buildingID": 4808, "county": "\u666e\u9640", "town": "\u6843\u6d66\u9547", "circleNum": 2, "builtYear": "1995", "builtHeight": 83, "storeNum": 27, "floorArea": 164.145435606, "buildArea": 4431.92676135, "seiFort": "2", "keyFire": 0, "firehouseDist": 2, "pop": 147}