{"buildingID": 8120, "county": "\u666e\u9640", "town": "\u771f\u5982\u9547", "circleNum": 2, "builtYear": "1998", "builtHeight": 21, "storeNum": 7, "floorArea": 247.327596468, "buildArea": 1731.29317528, "seiFort": "2", "keyFire": 0, "firehouseDist": 2, "pop": 346}