{"buildingID": 7563, "county": "\u666e\u9640", "town": "\u7518\u6cc9\u8def\u8857\u9053", "circleNum": 1, "builtYear": "1979-1985", "builtHeight": 7, "storeNum": 2, "floorArea": 1285.07686934, "buildArea": 2570.15373867, "seiFort": "2", "keyFire": 0, "firehouseDist": 3, "pop": 514}