{"buildingID": 2495, "county": "\u666e\u9640", "town": "\u6843\u6d66\u9547", "circleNum": 3, "builtYear": "1979-1985", "builtHeight": 18, "storeNum": 6, "floorArea": 638.820927013, "buildArea": 3832.92556208, "seiFort": "2", "keyFire": 0, "firehouseDist": 4, "pop": 766}