{"buildingID": 17914, "county": "\u666e\u9640", "town": "\u957f\u5f81\u9547", "circleNum": 2, "builtYear": "1994", "builtHeight": 54, "storeNum": 18, "floorArea": 457.606924663, "buildArea": 8236.92464393, "seiFort": "2", "keyFire": 0, "firehouseDist": 1, "pop": 1647}