{"buildingID": 11376, "county": "\u666e\u9640", "town": "\u771f\u5982\u9547", "circleNum": 1, "builtYear": "1989", "builtHeight": 17, "storeNum": 5, "floorArea": 1141.01639702, "buildArea": 5705.08198512, "seiFort": "2", "keyFire": 0, "firehouseDist": 2, "pop": 1141}