{"buildingID": 28532, "county": "\u666e\u9640", "town": "\u957f\u98ce\u65b0\u6751\u8857\u9053", "circleNum": 0, "builtYear": "1991", "builtHeight": 36, "storeNum": 12, "floorArea": 1627.96255889, "buildArea": 19535.5507067, "seiFort": "2", "keyFire": 0, "firehouseDist": 2, "pop": 3907}