{"buildingID": 11757, "county": "\u666e\u9640", "town": "\u771f\u5982\u9547", "circleNum": 2, "builtYear": "1994", "builtHeight": 16, "storeNum": 5, "floorArea": 271.527704792, "buildArea": 1357.63852396, "seiFort": "2", "keyFire": 0, "firehouseDist": 2, "pop": 271}