{"buildingID": 1406, "county": "\u666e\u9640", "town": "\u6843\u6d66\u9547", "circleNum": 2, "builtYear": "2006", "builtHeight": 23, "storeNum": 7, "floorArea": 279.380590507, "buildArea": 1955.66413355, "seiFort": "3", "keyFire": 0, "firehouseDist": 1, "pop": 391}