{"buildingID": 7544, "county": "\u666e\u9640", "town": "\u7518\u6cc9\u8def\u8857\u9053", "circleNum": 1, "builtYear": "1979-1985", "builtHeight": 19, "storeNum": 6, "floorArea": 462.071809998, "buildArea": 2772.43085999, "seiFort": "2", "keyFire": 0, "firehouseDist": 3, "pop": 554}