{"buildingID": 13316, "county": "\u666e\u9640", "town": "\u771f\u5982\u9547", "circleNum": 2, "builtYear": "1994", "builtHeight": 7, "storeNum": 2, "floorArea": 1773.04671442, "buildArea": 3546.09342885, "seiFort": "2", "keyFire": 0, "firehouseDist": 2, "pop": 709}