{"buildingID": 4525, "county": "\u666e\u9640", "town": "\u6843\u6d66\u9547", "circleNum": 2, "builtYear": "2001", "builtHeight": 16, "storeNum": 5, "floorArea": 685.850198295, "buildArea": 3429.25099147, "seiFort": "3", "keyFire": 0, "firehouseDist": 3, "pop": 685}