{"buildingID": 14628, "county": "\u666e\u9640", "town": "\u771f\u5982\u9547", "circleNum": 1, "builtYear": "1979-1985", "builtHeight": 15, "storeNum": 5, "floorArea": 95.4848664104, "buildArea": 477.424332052, "seiFort": "2", "keyFire": 0, "firehouseDist": 2, "pop": 19}