{"buildingID": 21213, "county": "\u666e\u9640", "town": "\u66f9\u6768\u65b0\u6751\u8857\u9053", "circleNum": 1, "builtYear": "1979-1985", "builtHeight": 16, "storeNum": 5, "floorArea": 1159.95733891, "buildArea": 5799.78669457, "seiFort": "2", "keyFire": 0, "firehouseDist": 2, "pop": 1159}