{"buildingID": 12136, "county": "\u666e\u9640", "town": "\u771f\u5982\u9547", "circleNum": 1, "builtYear": "1988", "builtHeight": 18, "storeNum": 6, "floorArea": 496.848301709, "buildArea": 2981.08981025, "seiFort": "2", "keyFire": 0, "firehouseDist": 2, "pop": 596}