{"buildingID": 12497, "county": "\u666e\u9640", "town": "\u77f3\u6cc9\u8def\u8857\u9053", "circleNum": 1, "builtYear": "1996", "builtHeight": 13, "storeNum": 4, "floorArea": 608.674428785, "buildArea": 2434.69771514, "seiFort": "2", "keyFire": 0, "firehouseDist": 2, "pop": 486}