{"buildingID": 16362, "county": "\u666e\u9640", "town": "\u771f\u5982\u9547", "circleNum": 2, "builtYear": "1989", "builtHeight": 9, "storeNum": 3, "floorArea": 1036.49548522, "buildArea": 3109.48645565, "seiFort": "2", "keyFire": 0, "firehouseDist": 2, "pop": 621}