{"buildingID": 21830, "county": "\u666e\u9640", "town": "\u957f\u5bff\u8def\u8857\u9053", "circleNum": 0, "builtYear": "1987", "builtHeight": 46, "storeNum": 15, "floorArea": 513.696803319, "buildArea": 7705.45204978, "seiFort": "2", "keyFire": 0, "firehouseDist": 1, "pop": 1541}