{"buildingID": 4232, "county": "\u666e\u9640", "town": "\u6843\u6d66\u9547", "circleNum": 2, "builtYear": "2002", "builtHeight": 16, "storeNum": 5, "floorArea": 366.739439151, "buildArea": 1833.69719576, "seiFort": "3", "keyFire": 0, "firehouseDist": 3, "pop": 366}