{"buildingID": 7309, "county": "\u666e\u9640", "town": "\u6843\u6d66\u9547", "circleNum": 2, "builtYear": "1979-1985", "builtHeight": 18, "storeNum": 6, "floorArea": 698.438583491, "buildArea": 4190.63150095, "seiFort": "2", "keyFire": 0, "firehouseDist": 1, "pop": 838}