{"buildingID": 10107, "county": "\u666e\u9640", "town": "\u771f\u5982\u9547", "circleNum": 2, "builtYear": "2003", "builtHeight": 23, "storeNum": 7, "floorArea": 119.995309654, "buildArea": 839.967167575, "seiFort": "3", "keyFire": 0, "firehouseDist": 2, "pop": 27}