{"buildingID": 11237, "county": "\u666e\u9640", "town": "\u7518\u6cc9\u8def\u8857\u9053", "circleNum": 1, "builtYear": "pre1978", "builtHeight": 75, "storeNum": 25, "floorArea": 304.694000069, "buildArea": 7617.35000172, "seiFort": "1", "keyFire": 0, "firehouseDist": 2, "pop": 304}