{"buildingID": 13232, "county": "\u666e\u9640", "town": "\u5b9c\u5ddd\u8def\u8857\u9053", "circleNum": 1, "builtYear": "1979-1985", "builtHeight": 22, "storeNum": 7, "floorArea": 416.222399045, "buildArea": 2913.55679332, "seiFort": "2", "keyFire": 0, "firehouseDist": 2, "pop": 582}