{"buildingID": 26148, "county": "\u666e\u9640", "town": "\u957f\u98ce\u65b0\u6751\u8857\u9053", "circleNum": 1, "builtYear": "1995", "builtHeight": 18, "storeNum": 6, "floorArea": 45.1845931523, "buildArea": 271.107558914, "seiFort": "2", "keyFire": 0, "firehouseDist": 1, "pop": 10}