{"buildingID": 4607, "county": "\u666e\u9640", "town": "\u6843\u6d66\u9547", "circleNum": 2, "builtYear": "2009", "builtHeight": 22, "storeNum": 7, "floorArea": 365.505249352, "buildArea": 2558.53674546, "seiFort": "3", "keyFire": 0, "firehouseDist": 2, "pop": 511}