{"buildingID": 18140, "county": "\u666e\u9640", "town": "\u957f\u5f81\u9547", "circleNum": 2, "builtYear": "1994", "builtHeight": 18, "storeNum": 6, "floorArea": 1019.90180331, "buildArea": 6119.41081987, "seiFort": "2", "keyFire": 0, "firehouseDist": 2, "pop": 1223}