{"buildingID": 3937, "county": "\u666e\u9640", "town": "\u6843\u6d66\u9547", "circleNum": 2, "builtYear": "1995", "builtHeight": 6, "storeNum": 2, "floorArea": 5528.20529787, "buildArea": 11056.4105957, "seiFort": "2", "keyFire": 0, "firehouseDist": 2, "pop": 2211}