{"buildingID": 22774, "county": "\u666e\u9640", "town": "\u957f\u98ce\u65b0\u6751\u8857\u9053", "circleNum": 1, "builtYear": "pre1978", "builtHeight": 13, "storeNum": 4, "floorArea": 498.68940932, "buildArea": 1994.75763728, "seiFort": "1", "keyFire": 0, "firehouseDist": 2, "pop": 79}