{"buildingID": 7128, "county": "\u666e\u9640", "town": "\u957f\u5f81\u9547", "circleNum": 1, "builtYear": "2010", "builtHeight": 38, "storeNum": 12, "floorArea": 430.404060665, "buildArea": 5164.84872798, "seiFort": "3", "keyFire": 0, "firehouseDist": 1, "pop": 1032}