{"buildingID": 11031, "county": "\u666e\u9640", "town": "\u957f\u5f81\u9547", "circleNum": 1, "builtYear": "1990", "builtHeight": 65, "storeNum": 21, "floorArea": 794.104683971, "buildArea": 16676.1983634, "seiFort": "2", "keyFire": 0, "firehouseDist": 3, "pop": 3335}