{"buildingID": 5371, "county": "\u666e\u9640", "town": "\u6843\u6d66\u9547", "circleNum": 2, "builtYear": "2015", "builtHeight": 12, "storeNum": 4, "floorArea": 484.870324809, "buildArea": 1939.48129924, "seiFort": "3", "keyFire": 0, "firehouseDist": 2, "pop": 387}