{"buildingID": 5024, "county": "\u666e\u9640", "town": "\u6843\u6d66\u9547", "circleNum": 2, "builtYear": "2012", "builtHeight": 38, "storeNum": 12, "floorArea": 610.196338276, "buildArea": 7322.35605931, "seiFort": "3", "keyFire": 0, "firehouseDist": 2, "pop": 1464}