{"buildingID": 11919, "county": "\u666e\u9640", "town": "\u771f\u5982\u9547", "circleNum": 1, "builtYear": "1979-1985", "builtHeight": 51, "storeNum": 17, "floorArea": 523.581548423, "buildArea": 8900.88632319, "seiFort": "2", "keyFire": 0, "firehouseDist": 2, "pop": 1780}