{"buildingID": 29219, "county": "\u666e\u9640", "town": "\u957f\u98ce\u65b0\u6751\u8857\u9053", "circleNum": 1, "builtYear": "pre1978", "builtHeight": 11, "storeNum": 3, "floorArea": 383.344100009, "buildArea": 1150.03230003, "seiFort": "1", "keyFire": 1, "firehouseDist": 3, "pop": 46}