{"buildingID": 4229, "county": "\u666e\u9640", "town": "\u6843\u6d66\u9547", "circleNum": 2, "builtYear": "2001", "builtHeight": 15, "storeNum": 5, "floorArea": 594.468287693, "buildArea": 2972.34143847, "seiFort": "3", "keyFire": 0, "firehouseDist": 3, "pop": 594}