{"buildingID": 13921, "county": "\u666e\u9640", "town": "\u771f\u5982\u9547", "circleNum": 1, "builtYear": "1988", "builtHeight": 9, "storeNum": 3, "floorArea": 416.608250768, "buildArea": 1249.82475231, "seiFort": "2", "keyFire": 0, "firehouseDist": 2, "pop": 249}