{"buildingID": 5021, "county": "\u666e\u9640", "town": "\u6843\u6d66\u9547", "circleNum": 2, "builtYear": "2010", "builtHeight": 38, "storeNum": 12, "floorArea": 768.644197873, "buildArea": 9223.73037448, "seiFort": "3", "keyFire": 0, "firehouseDist": 2, "pop": 1844}