{"buildingID": 16618, "county": "\u666e\u9640", "town": "\u771f\u5982\u9547", "circleNum": 2, "builtYear": "2010", "builtHeight": 39, "storeNum": 13, "floorArea": 359.331748978, "buildArea": 4671.31273671, "seiFort": "3", "keyFire": 0, "firehouseDist": 1, "pop": 934}