{"buildingID": 15883, "county": "\u666e\u9640", "town": "\u771f\u5982\u9547", "circleNum": 1, "builtYear": "1990", "builtHeight": 26, "storeNum": 8, "floorArea": 1765.79448965, "buildArea": 14126.3559172, "seiFort": "2", "keyFire": 0, "firehouseDist": 2, "pop": 2825}