{"buildingID": 11709, "county": "\u666e\u9640", "town": "\u7518\u6cc9\u8def\u8857\u9053", "circleNum": 1, "builtYear": "pre1978", "builtHeight": 26, "storeNum": 8, "floorArea": 306.759898046, "buildArea": 2454.07918437, "seiFort": "1", "keyFire": 0, "firehouseDist": 2, "pop": 98}