{"buildingID": 2895, "county": "\u666e\u9640", "town": "\u6843\u6d66\u9547", "circleNum": 2, "builtYear": "1998", "builtHeight": 17, "storeNum": 5, "floorArea": 712.390092546, "buildArea": 3561.95046273, "seiFort": "2", "keyFire": 0, "firehouseDist": 1, "pop": 712}