{"buildingID": 12913, "county": "\u666e\u9640", "town": "\u77f3\u6cc9\u8def\u8857\u9053", "circleNum": 1, "builtYear": "1987", "builtHeight": 12, "storeNum": 4, "floorArea": 347.310124978, "buildArea": 1389.24049991, "seiFort": "2", "keyFire": 0, "firehouseDist": 3, "pop": 277}