{"buildingID": 10104, "county": "\u666e\u9640", "town": "\u771f\u5982\u9547", "circleNum": 2, "builtYear": "1999", "builtHeight": 17, "storeNum": 5, "floorArea": 719.512949243, "buildArea": 3597.56474621, "seiFort": "2", "keyFire": 0, "firehouseDist": 2, "pop": 719}