{"buildingID": 1678, "county": "\u666e\u9640", "town": "\u6843\u6d66\u9547", "circleNum": 3, "builtYear": "2003", "builtHeight": 18, "storeNum": 6, "floorArea": 636.131486555, "buildArea": 3816.78891933, "seiFort": "3", "keyFire": 0, "firehouseDist": 3, "pop": 763}