{"buildingID": 29174, "county": "\u666e\u9640", "town": "\u957f\u98ce\u65b0\u6751\u8857\u9053", "circleNum": 1, "builtYear": "pre1978", "builtHeight": 19, "storeNum": 6, "floorArea": 585.613938636, "buildArea": 3513.68363182, "seiFort": "1", "keyFire": 0, "firehouseDist": 3, "pop": 140}