{"buildingID": 29019, "county": "\u666e\u9640", "town": "\u957f\u98ce\u65b0\u6751\u8857\u9053", "circleNum": 1, "builtYear": "pre1978", "builtHeight": 20, "storeNum": 6, "floorArea": 2840.43827572, "buildArea": 17042.6296543, "seiFort": "1", "keyFire": 0, "firehouseDist": 3, "pop": 681}