{"buildingID": 11835, "county": "\u666e\u9640", "town": "\u771f\u5982\u9547", "circleNum": 1, "builtYear": "1979-1985", "builtHeight": 59, "storeNum": 19, "floorArea": 113.054519343, "buildArea": 2148.03586752, "seiFort": "2", "keyFire": 0, "firehouseDist": 2, "pop": 85}