{"buildingID": 15098, "county": "\u666e\u9640", "town": "\u771f\u5982\u9547", "circleNum": 2, "builtYear": "pre1978", "builtHeight": 19, "storeNum": 6, "floorArea": 1055.31939763, "buildArea": 6331.91638579, "seiFort": "1", "keyFire": 0, "firehouseDist": 2, "pop": 211}