{"buildingID": 10718, "county": "\u666e\u9640", "town": "\u771f\u5982\u9547", "circleNum": 2, "builtYear": "2010", "builtHeight": 39, "storeNum": 13, "floorArea": 58.5850243617, "buildArea": 761.605316702, "seiFort": "3", "keyFire": 0, "firehouseDist": 2, "pop": 25}