{"buildingID": 4898, "county": "\u666e\u9640", "town": "\u6843\u6d66\u9547", "circleNum": 2, "builtYear": "1996", "builtHeight": 11, "storeNum": 3, "floorArea": 1079.66384355, "buildArea": 3238.99153066, "seiFort": "2", "keyFire": 0, "firehouseDist": 2, "pop": 647}