{"buildingID": 13533, "county": "\u666e\u9640", "town": "\u771f\u5982\u9547", "circleNum": 1, "builtYear": "1995", "builtHeight": 22, "storeNum": 7, "floorArea": 127.868488797, "buildArea": 895.079421582, "seiFort": "2", "keyFire": 0, "firehouseDist": 2, "pop": 35}