{"buildingID": 20267, "county": "\u666e\u9640", "town": "\u771f\u5982\u9547", "circleNum": 1, "builtYear": "pre1978", "builtHeight": 15, "storeNum": 5, "floorArea": 702.154391091, "buildArea": 3510.77195545, "seiFort": "1", "keyFire": 0, "firehouseDist": 1, "pop": 140}