{"buildingID": 27990, "county": "\u666e\u9640", "town": "\u957f\u98ce\u65b0\u6751\u8857\u9053", "circleNum": 1, "builtYear": "1987", "builtHeight": 16, "storeNum": 5, "floorArea": 272.874202001, "buildArea": 1364.37101, "seiFort": "2", "keyFire": 0, "firehouseDist": 2, "pop": 272}