{"buildingID": 15810, "county": "\u666e\u9640", "town": "\u77f3\u6cc9\u8def\u8857\u9053", "circleNum": 1, "builtYear": "pre1978", "builtHeight": 81, "storeNum": 27, "floorArea": 263.025610015, "buildArea": 7101.69147041, "seiFort": "1", "keyFire": 0, "firehouseDist": 1, "pop": 284}