{"buildingID": 19118, "county": "\u666e\u9640", "town": "\u957f\u5f81\u9547", "circleNum": 2, "builtYear": "1997", "builtHeight": 41, "storeNum": 13, "floorArea": 606.365684176, "buildArea": 7882.75389429, "seiFort": "2", "keyFire": 0, "firehouseDist": 3, "pop": 1576}