{"buildingID": 1765, "county": "\u666e\u9640", "town": "\u6843\u6d66\u9547", "circleNum": 2, "builtYear": "1997", "builtHeight": 13, "storeNum": 4, "floorArea": 561.831229132, "buildArea": 2247.32491653, "seiFort": "2", "keyFire": 0, "firehouseDist": 3, "pop": 449}