{"buildingID": 8234, "county": "\u666e\u9640", "town": "\u6843\u6d66\u9547", "circleNum": 2, "builtYear": "1979-1985", "builtHeight": 13, "storeNum": 4, "floorArea": 1742.03360536, "buildArea": 6968.13442144, "seiFort": "2", "keyFire": 0, "firehouseDist": 1, "pop": 1393}