{"buildingID": 4805, "county": "\u666e\u9640", "town": "\u6843\u6d66\u9547", "circleNum": 2, "builtYear": "2001", "builtHeight": 99, "storeNum": 33, "floorArea": 158.181402755, "buildArea": 5219.98629091, "seiFort": "3", "keyFire": 0, "firehouseDist": 2, "pop": 1043}