{"buildingID": 20347, "county": "\u666e\u9640", "town": "\u771f\u5982\u9547", "circleNum": 2, "builtYear": "pre1978", "builtHeight": 13, "storeNum": 4, "floorArea": 1312.30939099, "buildArea": 5249.23756398, "seiFort": "1", "keyFire": 0, "firehouseDist": 1, "pop": 174}