{"buildingID": 21210, "county": "\u666e\u9640", "town": "\u66f9\u6768\u65b0\u6751\u8857\u9053", "circleNum": 1, "builtYear": "1979-1985", "builtHeight": 25, "storeNum": 8, "floorArea": 913.192207676, "buildArea": 7305.5376614, "seiFort": "2", "keyFire": 1, "firehouseDist": 2, "pop": 1461}