{"buildingID": 28896, "county": "\u666e\u9640", "town": "\u957f\u98ce\u65b0\u6751\u8857\u9053", "circleNum": 1, "builtYear": "pre1978", "builtHeight": 10, "storeNum": 3, "floorArea": 652.584470749, "buildArea": 1957.75341225, "seiFort": "1", "keyFire": 0, "firehouseDist": 3, "pop": 78}