{"buildingID": 17523, "county": "\u666e\u9640", "town": "\u957f\u5f81\u9547", "circleNum": 2, "builtYear": "1979-1985", "builtHeight": 5, "storeNum": 1, "floorArea": 362.134838094, "buildArea": 362.134838094, "seiFort": "2", "keyFire": 0, "firehouseDist": 3, "pop": 72}