{"buildingID": 23859, "county": "\u666e\u9640", "town": "\u957f\u5f81\u9547", "circleNum": 2, "builtYear": "1979-1985", "builtHeight": 13, "storeNum": 4, "floorArea": 85.9484102119, "buildArea": 343.793640847, "seiFort": "2", "keyFire": 0, "firehouseDist": 2, "pop": 11}