{"buildingID": 6409, "county": "\u666e\u9640", "town": "\u6843\u6d66\u9547", "circleNum": 2, "builtYear": "1992", "builtHeight": 41, "storeNum": 13, "floorArea": 402.077698531, "buildArea": 5227.0100809, "seiFort": "2", "keyFire": 0, "firehouseDist": 1, "pop": 1045}