{"buildingID": 27017, "county": "\u666e\u9640", "town": "\u957f\u98ce\u65b0\u6751\u8857\u9053", "circleNum": 0, "builtYear": "pre1978", "builtHeight": 48, "storeNum": 16, "floorArea": 607.877830648, "buildArea": 9726.04529037, "seiFort": "1", "keyFire": 0, "firehouseDist": 1, "pop": 486}