{"buildingID": 12095, "county": "\u666e\u9640", "town": "\u77f3\u6cc9\u8def\u8857\u9053", "circleNum": 1, "builtYear": "2010", "builtHeight": 10, "storeNum": 3, "floorArea": 309.615890026, "buildArea": 928.847670077, "seiFort": "3", "keyFire": 0, "firehouseDist": 2, "pop": 185}