{"buildingID": 28286, "county": "\u666e\u9640", "town": "\u957f\u98ce\u65b0\u6751\u8857\u9053", "circleNum": 1, "builtYear": "1986", "builtHeight": 21, "storeNum": 7, "floorArea": 825.328716344, "buildArea": 5777.30101441, "seiFort": "2", "keyFire": 0, "firehouseDist": 2, "pop": 1155}