{"buildingID": 26448, "county": "\u666e\u9640", "town": "\u957f\u98ce\u65b0\u6751\u8857\u9053", "circleNum": 1, "builtYear": "1986", "builtHeight": 140, "storeNum": 46, "floorArea": 1745.29981652, "buildArea": 80283.7915601, "seiFort": "2", "keyFire": 0, "firehouseDist": 2, "pop": 16056}