{"buildingID": 25554, "county": "\u666e\u9640", "town": "\u957f\u98ce\u65b0\u6751\u8857\u9053", "circleNum": 0, "builtYear": "pre1978", "builtHeight": 56, "storeNum": 18, "floorArea": 632.103315368, "buildArea": 11377.8596766, "seiFort": "1", "keyFire": 0, "firehouseDist": 1, "pop": 568}