{"buildingID": 4901, "county": "\u666e\u9640", "town": "\u6843\u6d66\u9547", "circleNum": 2, "builtYear": "1993", "builtHeight": 78, "storeNum": 26, "floorArea": 1156.2431763, "buildArea": 30062.3225839, "seiFort": "2", "keyFire": 0, "firehouseDist": 2, "pop": 6012}