{"buildingID": 13288, "county": "\u666e\u9640", "town": "\u771f\u5982\u9547", "circleNum": 2, "builtYear": "1994", "builtHeight": 4, "storeNum": 1, "floorArea": 1832.60818316, "buildArea": 1832.60818316, "seiFort": "2", "keyFire": 0, "firehouseDist": 2, "pop": 366}