{"buildingID": 20765, "county": "\u666e\u9640", "town": "\u77f3\u6cc9\u8def\u8857\u9053", "circleNum": 1, "builtYear": "pre1978", "builtHeight": 16, "storeNum": 5, "floorArea": 864.455112959, "buildArea": 4322.27556479, "seiFort": "1", "keyFire": 0, "firehouseDist": 2, "pop": 172}