{"buildingID": 19264, "county": "\u666e\u9640", "town": "\u957f\u5f81\u9547", "circleNum": 2, "builtYear": "1979-1985", "builtHeight": 7, "storeNum": 2, "floorArea": 569.026129459, "buildArea": 1138.05225892, "seiFort": "2", "keyFire": 0, "firehouseDist": 3, "pop": 227}