{"buildingID": 27256, "county": "\u666e\u9640", "town": "\u957f\u98ce\u65b0\u6751\u8857\u9053", "circleNum": 0, "builtYear": "pre1978", "builtHeight": 12, "storeNum": 4, "floorArea": 589.39686666, "buildArea": 2357.58746664, "seiFort": "1", "keyFire": 0, "firehouseDist": 2, "pop": 117}