{"buildingID": 9640, "county": "\u666e\u9640", "town": "\u7518\u6cc9\u8def\u8857\u9053", "circleNum": 1, "builtYear": "pre1978", "builtHeight": 21, "storeNum": 7, "floorArea": 522.393838996, "buildArea": 3656.75687297, "seiFort": "1", "keyFire": 0, "firehouseDist": 3, "pop": 146}