{"buildingID": 10485, "county": "\u666e\u9640", "town": "\u7518\u6cc9\u8def\u8857\u9053", "circleNum": 1, "builtYear": "1991", "builtHeight": 7, "storeNum": 2, "floorArea": 201.338893441, "buildArea": 402.677786882, "seiFort": "2", "keyFire": 0, "firehouseDist": 2, "pop": 80}