{"buildingID": 11295, "county": "\u666e\u9640", "town": "\u771f\u5982\u9547", "circleNum": 2, "builtYear": "1999", "builtHeight": 14, "storeNum": 4, "floorArea": 430.70278958, "buildArea": 1722.81115832, "seiFort": "2", "keyFire": 0, "firehouseDist": 2, "pop": 344}