{"buildingID": 26597, "county": "\u666e\u9640", "town": "\u957f\u5f81\u9547", "circleNum": 1, "builtYear": "1979-1985", "builtHeight": 11, "storeNum": 3, "floorArea": 88.1297081043, "buildArea": 264.389124313, "seiFort": "2", "keyFire": 0, "firehouseDist": 2, "pop": 10}