{"buildingID": 24231, "county": "\u666e\u9640", "town": "\u66f9\u6768\u65b0\u6751\u8857\u9053", "circleNum": 1, "builtYear": "1979-1985", "builtHeight": 18, "storeNum": 6, "floorArea": 377.403859135, "buildArea": 2264.42315481, "seiFort": "2", "keyFire": 0, "firehouseDist": 1, "pop": 452}