{"buildingID": 6386, "county": "\u666e\u9640", "town": "\u6843\u6d66\u9547", "circleNum": 2, "builtYear": "2010", "builtHeight": 40, "storeNum": 13, "floorArea": 359.253976369, "buildArea": 4670.30169279, "seiFort": "3", "keyFire": 0, "firehouseDist": 1, "pop": 934}