{"buildingID": 20585, "county": "\u666e\u9640", "town": "\u771f\u5982\u9547", "circleNum": 1, "builtYear": "1979-1985", "builtHeight": 18, "storeNum": 6, "floorArea": 598.890265385, "buildArea": 3593.34159231, "seiFort": "2", "keyFire": 0, "firehouseDist": 1, "pop": 718}