{"buildingID": 15909, "county": "\u666e\u9640", "town": "\u771f\u5982\u9547", "circleNum": 1, "builtYear": "1994", "builtHeight": 55, "storeNum": 18, "floorArea": 813.967881464, "buildArea": 14651.4218663, "seiFort": "2", "keyFire": 0, "firehouseDist": 2, "pop": 2930}