{"buildingID": 26453, "county": "\u666e\u9640", "town": "\u957f\u5f81\u9547", "circleNum": 1, "builtYear": "2004", "builtHeight": 11, "storeNum": 3, "floorArea": 1811.12239708, "buildArea": 5433.36719124, "seiFort": "3", "keyFire": 0, "firehouseDist": 2, "pop": 1086}