{"buildingID": 22799, "county": "\u666e\u9640", "town": "\u66f9\u6768\u65b0\u6751\u8857\u9053", "circleNum": 1, "builtYear": "pre1978", "builtHeight": 45, "storeNum": 15, "floorArea": 295.511752357, "buildArea": 4432.67628536, "seiFort": "1", "keyFire": 0, "firehouseDist": 1, "pop": 177}