{"buildingID": 17374, "county": "\u666e\u9640", "town": "\u957f\u5f81\u9547", "circleNum": 2, "builtYear": "2017", "builtHeight": 47, "storeNum": 15, "floorArea": 519.862411303, "buildArea": 7797.93616954, "seiFort": "3", "keyFire": 0, "firehouseDist": 1, "pop": 1559}