{"buildingID": 13613, "county": "\u666e\u9640", "town": "\u77f3\u6cc9\u8def\u8857\u9053", "circleNum": 1, "builtYear": "1999", "builtHeight": 3, "storeNum": 1, "floorArea": 617.203814753, "buildArea": 617.203814753, "seiFort": "2", "keyFire": 0, "firehouseDist": 2, "pop": 123}