{"buildingID": 15597, "county": "\u666e\u9640", "town": "\u5b9c\u5ddd\u8def\u8857\u9053", "circleNum": 0, "builtYear": "pre1978", "builtHeight": 108, "storeNum": 36, "floorArea": 711.970621035, "buildArea": 25630.9423573, "seiFort": "1", "keyFire": 0, "firehouseDist": 1, "pop": 5126}