{"buildingID": 15136, "county": "\u666e\u9640", "town": "\u771f\u5982\u9547", "circleNum": 2, "builtYear": "1995", "builtHeight": 36, "storeNum": 12, "floorArea": 112.464162226, "buildArea": 1349.56994671, "seiFort": "2", "keyFire": 0, "firehouseDist": 1, "pop": 44}