{"buildingID": 10716, "county": "\u666e\u9640", "town": "\u771f\u5982\u9547", "circleNum": 2, "builtYear": "pre1978", "builtHeight": 19, "storeNum": 6, "floorArea": 607.046188055, "buildArea": 3642.27712833, "seiFort": "1", "keyFire": 0, "firehouseDist": 2, "pop": 121}