{"buildingID": 22974, "county": "\u666e\u9640", "town": "\u957f\u5bff\u8def\u8857\u9053", "circleNum": 0, "builtYear": "pre1978", "builtHeight": 101, "storeNum": 33, "floorArea": 233.931287358, "buildArea": 7719.73248283, "seiFort": "1", "keyFire": 0, "firehouseDist": 1, "pop": 1543}