{"buildingID": 6632, "county": "\u666e\u9640", "town": "\u6843\u6d66\u9547", "circleNum": 2, "builtYear": "2010", "builtHeight": 39, "storeNum": 13, "floorArea": 549.026136412, "buildArea": 7137.33977336, "seiFort": "3", "keyFire": 0, "firehouseDist": 2, "pop": 1427}