{"buildingID": 2577, "county": "\u666e\u9640", "town": "\u6843\u6d66\u9547", "circleNum": 2, "builtYear": "2001", "builtHeight": 23, "storeNum": 7, "floorArea": 1167.61733747, "buildArea": 8173.32136227, "seiFort": "3", "keyFire": 0, "firehouseDist": 1, "pop": 1634}