{"buildingID": 4842, "county": "\u666e\u9640", "town": "\u6843\u6d66\u9547", "circleNum": 2, "builtYear": "1994", "builtHeight": 49, "storeNum": 16, "floorArea": 537.344222826, "buildArea": 8597.50756521, "seiFort": "2", "keyFire": 0, "firehouseDist": 2, "pop": 1719}