{"buildingID": 20239, "county": "\u666e\u9640", "town": "\u77f3\u6cc9\u8def\u8857\u9053", "circleNum": 1, "builtYear": "1988", "builtHeight": 46, "storeNum": 15, "floorArea": 563.355754215, "buildArea": 8450.33631323, "seiFort": "2", "keyFire": 0, "firehouseDist": 1, "pop": 1690}