{"buildingID": 24755, "county": "\u666e\u9640", "town": "\u66f9\u6768\u65b0\u6751\u8857\u9053", "circleNum": 1, "builtYear": "pre1978", "builtHeight": 11, "storeNum": 3, "floorArea": 530.636203794, "buildArea": 1591.90861138, "seiFort": "1", "keyFire": 0, "firehouseDist": 1, "pop": 63}