{"buildingID": 22839, "county": "\u666e\u9640", "town": "\u66f9\u6768\u65b0\u6751\u8857\u9053", "circleNum": 1, "builtYear": "pre1978", "builtHeight": 33, "storeNum": 11, "floorArea": 641.248570064, "buildArea": 7053.7342707, "seiFort": "1", "keyFire": 0, "firehouseDist": 1, "pop": 282}