{"buildingID": 12803, "county": "\u666e\u9640", "town": "\u7518\u6cc9\u8def\u8857\u9053", "circleNum": 1, "builtYear": "1987", "builtHeight": 24, "storeNum": 8, "floorArea": 864.868498489, "buildArea": 6918.94798791, "seiFort": "2", "keyFire": 0, "firehouseDist": 2, "pop": 1383}