{"buildingID": 29321, "county": "\u666e\u9640", "town": "\u957f\u98ce\u65b0\u6751\u8857\u9053", "circleNum": 1, "builtYear": "pre1978", "builtHeight": 9, "storeNum": 3, "floorArea": 881.713204657, "buildArea": 2645.13961397, "seiFort": "1", "keyFire": 0, "firehouseDist": 3, "pop": 105}