{"buildingID": 20960, "county": "\u666e\u9640", "town": "\u957f\u5bff\u8def\u8857\u9053", "circleNum": 0, "builtYear": "1979-1985", "builtHeight": 12, "storeNum": 4, "floorArea": 1576.66136344, "buildArea": 6306.64545378, "seiFort": "2", "keyFire": 0, "firehouseDist": 1, "pop": 1261}