{"buildingID": 5701, "county": "\u666e\u9640", "town": "\u6843\u6d66\u9547", "circleNum": 2, "builtYear": "1993", "builtHeight": 46, "storeNum": 15, "floorArea": 1522.67476126, "buildArea": 22840.1214189, "seiFort": "2", "keyFire": 0, "firehouseDist": 2, "pop": 4568}