{"buildingID": 28077, "county": "\u666e\u9640", "town": "\u957f\u98ce\u65b0\u6751\u8857\u9053", "circleNum": 0, "builtYear": "1998", "builtHeight": 79, "storeNum": 26, "floorArea": 302.970899653, "buildArea": 7877.24339097, "seiFort": "2", "keyFire": 1, "firehouseDist": 2, "pop": 1575}