{"buildingID": 15154, "county": "\u666e\u9640", "town": "\u771f\u5982\u9547", "circleNum": 2, "builtYear": "1993", "builtHeight": 12, "storeNum": 4, "floorArea": 267.331102272, "buildArea": 1069.32440909, "seiFort": "2", "keyFire": 0, "firehouseDist": 1, "pop": 213}