{"buildingID": 25174, "county": "\u666e\u9640", "town": "\u957f\u5bff\u8def\u8857\u9053", "circleNum": 0, "builtYear": "1979-1985", "builtHeight": 10, "storeNum": 3, "floorArea": 319.73252832, "buildArea": 959.197584961, "seiFort": "2", "keyFire": 0, "firehouseDist": 2, "pop": 191}