{"buildingID": 2113, "county": "\u666e\u9640", "town": "\u6843\u6d66\u9547", "circleNum": 3, "builtYear": "1995", "builtHeight": 18, "storeNum": 6, "floorArea": 1770.84573853, "buildArea": 10625.0744312, "seiFort": "2", "keyFire": 0, "firehouseDist": 3, "pop": 2125}