{"buildingID": 24493, "county": "\u666e\u9640", "town": "\u957f\u5bff\u8def\u8857\u9053", "circleNum": 0, "builtYear": "1979-1985", "builtHeight": 18, "storeNum": 6, "floorArea": 545.48493533, "buildArea": 3272.90961198, "seiFort": "2", "keyFire": 0, "firehouseDist": 1, "pop": 654}