{"buildingID": 5468, "county": "\u666e\u9640", "town": "\u6843\u6d66\u9547", "circleNum": 2, "builtYear": "pre1978", "builtHeight": 104, "storeNum": 34, "floorArea": 590.838663596, "buildArea": 20088.5145623, "seiFort": "1", "keyFire": 0, "firehouseDist": 2, "pop": 4017}