{"buildingID": 3944, "county": "\u666e\u9640", "town": "\u6843\u6d66\u9547", "circleNum": 2, "builtYear": "2004", "builtHeight": 10, "storeNum": 3, "floorArea": 10040.4716164, "buildArea": 30121.4148493, "seiFort": "3", "keyFire": 0, "firehouseDist": 2, "pop": 6024}