{"buildingID": 10824, "county": "\u666e\u9640", "town": "\u957f\u5f81\u9547", "circleNum": 1, "builtYear": "1979-1985", "builtHeight": 6, "storeNum": 2, "floorArea": 193.962357432, "buildArea": 387.924714865, "seiFort": "2", "keyFire": 0, "firehouseDist": 2, "pop": 77}