{"buildingID": 15344, "county": "\u666e\u9640", "town": "\u771f\u5982\u9547", "circleNum": 1, "builtYear": "1979-1985", "builtHeight": 27, "storeNum": 9, "floorArea": 68.3260072331, "buildArea": 614.934065098, "seiFort": "2", "keyFire": 0, "firehouseDist": 1, "pop": 24}