{"buildingID": 20383, "county": "\u666e\u9640", "town": "\u771f\u5982\u9547", "circleNum": 1, "builtYear": "1993", "builtHeight": 12, "storeNum": 4, "floorArea": 428.996763033, "buildArea": 1715.98705213, "seiFort": "2", "keyFire": 0, "firehouseDist": 2, "pop": 343}