{"buildingID": 15841, "county": "\u666e\u9640", "town": "\u77f3\u6cc9\u8def\u8857\u9053", "circleNum": 1, "builtYear": "pre1978", "builtHeight": 12, "storeNum": 4, "floorArea": 828.873651421, "buildArea": 3315.49460568, "seiFort": "1", "keyFire": 0, "firehouseDist": 2, "pop": 132}