{"buildingID": 11044, "county": "\u666e\u9640", "town": "\u7518\u6cc9\u8def\u8857\u9053", "circleNum": 1, "builtYear": "1979-1985", "builtHeight": 21, "storeNum": 7, "floorArea": 855.620011756, "buildArea": 5989.34008229, "seiFort": "2", "keyFire": 0, "firehouseDist": 2, "pop": 1197}