{"buildingID": 26256, "county": "\u666e\u9640", "town": "\u957f\u98ce\u65b0\u6751\u8857\u9053", "circleNum": 0, "builtYear": "pre1978", "builtHeight": 24, "storeNum": 8, "floorArea": 1724.83055851, "buildArea": 13798.6444681, "seiFort": "1", "keyFire": 0, "firehouseDist": 1, "pop": 689}