{"buildingID": 22414, "county": "\u666e\u9640", "town": "\u66f9\u6768\u65b0\u6751\u8857\u9053", "circleNum": 1, "builtYear": "pre1978", "builtHeight": 16, "storeNum": 5, "floorArea": 575.766855055, "buildArea": 2878.83427527, "seiFort": "1", "keyFire": 0, "firehouseDist": 1, "pop": 115}