{"buildingID": 26016, "county": "\u666e\u9640", "town": "\u957f\u5f81\u9547", "circleNum": 1, "builtYear": "1979-1985", "builtHeight": 9, "storeNum": 3, "floorArea": 465.490263995, "buildArea": 1396.47079199, "seiFort": "2", "keyFire": 0, "firehouseDist": 2, "pop": 279}