{"buildingID": 4810, "county": "\u666e\u9640", "town": "\u6843\u6d66\u9547", "circleNum": 2, "builtYear": "1991", "builtHeight": 80, "storeNum": 26, "floorArea": 1050.13130408, "buildArea": 27303.413906, "seiFort": "2", "keyFire": 0, "firehouseDist": 2, "pop": 5460}