{"buildingID": 15161, "county": "\u666e\u9640", "town": "\u771f\u5982\u9547", "circleNum": 1, "builtYear": "1993", "builtHeight": 72, "storeNum": 24, "floorArea": 1017.36951561, "buildArea": 24416.8683747, "seiFort": "2", "keyFire": 0, "firehouseDist": 2, "pop": 4883}