{"buildingID": 13730, "county": "\u666e\u9640", "town": "\u771f\u5982\u9547", "circleNum": 1, "builtYear": "1987", "builtHeight": 11, "storeNum": 3, "floorArea": 1236.73734737, "buildArea": 3710.2120421, "seiFort": "2", "keyFire": 0, "firehouseDist": 2, "pop": 742}