{"buildingID": 14002, "county": "\u666e\u9640", "town": "\u77f3\u6cc9\u8def\u8857\u9053", "circleNum": 1, "builtYear": "pre1978", "builtHeight": 17, "storeNum": 5, "floorArea": 581.278054296, "buildArea": 2906.39027148, "seiFort": "1", "keyFire": 1, "firehouseDist": 1, "pop": 116}