{"buildingID": 24180, "county": "\u666e\u9640", "town": "\u957f\u5bff\u8def\u8857\u9053", "circleNum": 0, "builtYear": "1989", "builtHeight": 42, "storeNum": 14, "floorArea": 1411.31139427, "buildArea": 19758.3595197, "seiFort": "2", "keyFire": 0, "firehouseDist": 1, "pop": 3951}