{"buildingID": 1682, "county": "\u666e\u9640", "town": "\u6843\u6d66\u9547", "circleNum": 3, "builtYear": "1998", "builtHeight": 18, "storeNum": 6, "floorArea": 391.752857676, "buildArea": 2350.51714605, "seiFort": "2", "keyFire": 0, "firehouseDist": 3, "pop": 470}