{"buildingID": 8159, "county": "\u666e\u9640", "town": "\u957f\u5f81\u9547", "circleNum": 1, "builtYear": "1979-1985", "builtHeight": 20, "storeNum": 6, "floorArea": 1001.40312983, "buildArea": 6008.41877896, "seiFort": "2", "keyFire": 0, "firehouseDist": 3, "pop": 1201}