{"buildingID": 23684, "county": "\u666e\u9640", "town": "\u66f9\u6768\u65b0\u6751\u8857\u9053", "circleNum": 1, "builtYear": "1979-1985", "builtHeight": 62, "storeNum": 20, "floorArea": 915.520216268, "buildArea": 18310.4043254, "seiFort": "2", "keyFire": 0, "firehouseDist": 1, "pop": 3662}