{"buildingID": 10898, "county": "\u666e\u9640", "town": "\u957f\u5f81\u9547", "circleNum": 1, "builtYear": "1979-1985", "builtHeight": 22, "storeNum": 7, "floorArea": 1497.99059556, "buildArea": 10485.9341689, "seiFort": "2", "keyFire": 0, "firehouseDist": 3, "pop": 2097}