{"buildingID": 16606, "county": "\u666e\u9640", "town": "\u771f\u5982\u9547", "circleNum": 2, "builtYear": "1992", "builtHeight": 9, "storeNum": 3, "floorArea": 259.246758394, "buildArea": 777.740275182, "seiFort": "2", "keyFire": 0, "firehouseDist": 1, "pop": 155}