{"buildingID": 5647, "county": "\u666e\u9640", "town": "\u6843\u6d66\u9547", "circleNum": 2, "builtYear": "pre1978", "builtHeight": 52, "storeNum": 17, "floorArea": 1340.21326505, "buildArea": 22783.6255058, "seiFort": "1", "keyFire": 0, "firehouseDist": 1, "pop": 759}