{"buildingID": 21419, "county": "\u666e\u9640", "town": "\u957f\u5f81\u9547", "circleNum": 1, "builtYear": "1979-1985", "builtHeight": 8, "storeNum": 2, "floorArea": 416.056344077, "buildArea": 832.112688155, "seiFort": "2", "keyFire": 0, "firehouseDist": 1, "pop": 166}