{"buildingID": 6129, "county": "\u666e\u9640", "town": "\u6843\u6d66\u9547", "circleNum": 2, "builtYear": "2006", "builtHeight": 16, "storeNum": 5, "floorArea": 728.577616489, "buildArea": 3642.88808244, "seiFort": "3", "keyFire": 0, "firehouseDist": 1, "pop": 728}