{"buildingID": 3976, "county": "\u666e\u9640", "town": "\u6843\u6d66\u9547", "circleNum": 2, "builtYear": "pre1978", "builtHeight": 99, "storeNum": 33, "floorArea": 1765.8498722, "buildArea": 58273.0457828, "seiFort": "1", "keyFire": 0, "firehouseDist": 2, "pop": 1942}