{"buildingID": 393, "county": "\u666e\u9640", "town": "\u6843\u6d66\u9547", "circleNum": 3, "builtYear": "2009", "builtHeight": 18, "storeNum": 6, "floorArea": 5557.72275169, "buildArea": 33346.3365102, "seiFort": "3", "keyFire": 0, "firehouseDist": 3, "pop": 6669}