{"buildingID": 27801, "county": "\u666e\u9640", "town": "\u957f\u98ce\u65b0\u6751\u8857\u9053", "circleNum": 1, "builtYear": "pre1978", "builtHeight": 10, "storeNum": 3, "floorArea": 417.114842277, "buildArea": 1251.34452683, "seiFort": "1", "keyFire": 0, "firehouseDist": 2, "pop": 50}