{"buildingID": 28133, "county": "\u666e\u9640", "town": "\u957f\u98ce\u65b0\u6751\u8857\u9053", "circleNum": 0, "builtYear": "pre1978", "builtHeight": 6, "storeNum": 2, "floorArea": 2.51121559457, "buildArea": 5.02243118915, "seiFort": "1", "keyFire": 0, "firehouseDist": 2, "pop": 1}