{"buildingID": 24861, "county": "\u666e\u9640", "town": "\u66f9\u6768\u65b0\u6751\u8857\u9053", "circleNum": 1, "builtYear": "1995", "builtHeight": 17, "storeNum": 5, "floorArea": 507.438942228, "buildArea": 2537.19471114, "seiFort": "2", "keyFire": 0, "firehouseDist": 1, "pop": 507}