{"buildingID": 23260, "county": "\u666e\u9640", "town": "\u957f\u5f81\u9547", "circleNum": 2, "builtYear": "2000", "builtHeight": 24, "storeNum": 8, "floorArea": 657.075632195, "buildArea": 5256.60505756, "seiFort": "3", "keyFire": 0, "firehouseDist": 2, "pop": 1051}