{"buildingID": 14246, "county": "\u666e\u9640", "town": "\u77f3\u6cc9\u8def\u8857\u9053", "circleNum": 1, "builtYear": "1988", "builtHeight": 15, "storeNum": 5, "floorArea": 433.652021732, "buildArea": 2168.26010866, "seiFort": "2", "keyFire": 1, "firehouseDist": 2, "pop": 433}