{"buildingID": 15097, "county": "\u666e\u9640", "town": "\u771f\u5982\u9547", "circleNum": 2, "builtYear": "1987", "builtHeight": 13, "storeNum": 4, "floorArea": 570.93256162, "buildArea": 2283.73024648, "seiFort": "2", "keyFire": 0, "firehouseDist": 2, "pop": 456}