{"buildingID": 23134, "county": "\u666e\u9640", "town": "\u66f9\u6768\u65b0\u6751\u8857\u9053", "circleNum": 1, "builtYear": "pre1978", "builtHeight": 75, "storeNum": 25, "floorArea": 560.358481298, "buildArea": 14008.9620325, "seiFort": "1", "keyFire": 0, "firehouseDist": 2, "pop": 560}