{"buildingID": 12629, "county": "\u666e\u9640", "town": "\u771f\u5982\u9547", "circleNum": 2, "builtYear": "1995", "builtHeight": 13, "storeNum": 4, "floorArea": 520.159592176, "buildArea": 2080.63836871, "seiFort": "2", "keyFire": 0, "firehouseDist": 2, "pop": 416}