{"buildingID": 1951, "county": "\u666e\u9640", "town": "\u6843\u6d66\u9547", "circleNum": 3, "builtYear": "1996", "builtHeight": 18, "storeNum": 6, "floorArea": 778.841032108, "buildArea": 4673.04619265, "seiFort": "2", "keyFire": 0, "firehouseDist": 4, "pop": 934}