{"buildingID": 21823, "county": "\u666e\u9640", "town": "\u957f\u5bff\u8def\u8857\u9053", "circleNum": 0, "builtYear": "1979-1985", "builtHeight": 21, "storeNum": 7, "floorArea": 358.049828975, "buildArea": 2506.34880282, "seiFort": "2", "keyFire": 0, "firehouseDist": 1, "pop": 501}