{"buildingID": 13890, "county": "\u666e\u9640", "town": "\u771f\u5982\u9547", "circleNum": 1, "builtYear": "1990", "builtHeight": 59, "storeNum": 19, "floorArea": 83.3165368052, "buildArea": 1583.0141993, "seiFort": "2", "keyFire": 0, "firehouseDist": 2, "pop": 63}