{"buildingID": 21290, "county": "\u666e\u9640", "town": "\u957f\u5f81\u9547", "circleNum": 2, "builtYear": "1979-1985", "builtHeight": 98, "storeNum": 32, "floorArea": 2458.55381937, "buildArea": 78673.7222199, "seiFort": "2", "keyFire": 0, "firehouseDist": 1, "pop": 15734}