{"buildingID": 4113, "county": "\u666e\u9640", "town": "\u6843\u6d66\u9547", "circleNum": 2, "builtYear": "2007", "builtHeight": 21, "storeNum": 7, "floorArea": 893.647334252, "buildArea": 6255.53133977, "seiFort": "3", "keyFire": 0, "firehouseDist": 2, "pop": 1251}