{"buildingID": 23570, "county": "\u666e\u9640", "town": "\u66f9\u6768\u65b0\u6751\u8857\u9053", "circleNum": 1, "builtYear": "1990", "builtHeight": 16, "storeNum": 5, "floorArea": 784.737934181, "buildArea": 3923.68967091, "seiFort": "2", "keyFire": 0, "firehouseDist": 1, "pop": 784}