{"buildingID": 5134, "county": "\u666e\u9640", "town": "\u6843\u6d66\u9547", "circleNum": 2, "builtYear": "2010", "builtHeight": 156, "storeNum": 52, "floorArea": 618.379520042, "buildArea": 32155.7350422, "seiFort": "3", "keyFire": 0, "firehouseDist": 2, "pop": 6431}