{"buildingID": 20590, "county": "\u666e\u9640", "town": "\u771f\u5982\u9547", "circleNum": 1, "builtYear": "pre1978", "builtHeight": 18, "storeNum": 6, "floorArea": 722.974184156, "buildArea": 4337.84510494, "seiFort": "1", "keyFire": 0, "firehouseDist": 1, "pop": 173}