{"buildingID": 3706, "county": "\u666e\u9640", "town": "\u6843\u6d66\u9547", "circleNum": 2, "builtYear": "1999", "builtHeight": 13, "storeNum": 4, "floorArea": 4858.69580295, "buildArea": 19434.7832118, "seiFort": "2", "keyFire": 0, "firehouseDist": 1, "pop": 3886}