{"buildingID": 28321, "county": "\u666e\u9640", "town": "\u957f\u98ce\u65b0\u6751\u8857\u9053", "circleNum": 1, "builtYear": "pre1978", "builtHeight": 6, "storeNum": 2, "floorArea": 320.398218314, "buildArea": 640.796436629, "seiFort": "1", "keyFire": 0, "firehouseDist": 2, "pop": 25}