{"buildingID": 10146, "county": "\u666e\u9640", "town": "\u771f\u5982\u9547", "circleNum": 2, "builtYear": "2004", "builtHeight": 52, "storeNum": 17, "floorArea": 280.879291578, "buildArea": 4774.94795682, "seiFort": "3", "keyFire": 0, "firehouseDist": 2, "pop": 954}