{"buildingID": 4827, "county": "\u666e\u9640", "town": "\u6843\u6d66\u9547", "circleNum": 2, "builtYear": "1994", "builtHeight": 15, "storeNum": 5, "floorArea": 746.758179129, "buildArea": 3733.79089564, "seiFort": "2", "keyFire": 0, "firehouseDist": 2, "pop": 746}