{"buildingID": 19337, "county": "\u666e\u9640", "town": "\u957f\u5f81\u9547", "circleNum": 2, "builtYear": "1979-1985", "builtHeight": 14, "storeNum": 4, "floorArea": 12672.3158521, "buildArea": 50689.2634085, "seiFort": "2", "keyFire": 0, "firehouseDist": 3, "pop": 10137}