{"buildingID": 14175, "county": "\u666e\u9640", "town": "\u5b9c\u5ddd\u8def\u8857\u9053", "circleNum": 0, "builtYear": "1979-1985", "builtHeight": 19, "storeNum": 6, "floorArea": 673.427205726, "buildArea": 4040.56323436, "seiFort": "2", "keyFire": 0, "firehouseDist": 2, "pop": 808}