{"buildingID": 10126, "county": "\u666e\u9640", "town": "\u771f\u5982\u9547", "circleNum": 2, "builtYear": "2001", "builtHeight": 19, "storeNum": 6, "floorArea": 260.103983467, "buildArea": 1560.6239008, "seiFort": "3", "keyFire": 0, "firehouseDist": 2, "pop": 312}