{"buildingID": 28763, "county": "\u666e\u9640", "town": "\u957f\u98ce\u65b0\u6751\u8857\u9053", "circleNum": 1, "builtYear": "pre1978", "builtHeight": 7, "storeNum": 2, "floorArea": 312.312886315, "buildArea": 624.625772629, "seiFort": "1", "keyFire": 0, "firehouseDist": 3, "pop": 24}