{"buildingID": 24868, "county": "\u666e\u9640", "town": "\u66f9\u6768\u65b0\u6751\u8857\u9053", "circleNum": 1, "builtYear": "2017", "builtHeight": 9, "storeNum": 3, "floorArea": 518.99885357, "buildArea": 1556.99656071, "seiFort": "3", "keyFire": 0, "firehouseDist": 1, "pop": 311}