{"buildingID": 28614, "county": "\u666e\u9640", "town": "\u957f\u98ce\u65b0\u6751\u8857\u9053", "circleNum": 1, "builtYear": "pre1978", "builtHeight": 17, "storeNum": 5, "floorArea": 572.694567627, "buildArea": 2863.47283814, "seiFort": "1", "keyFire": 0, "firehouseDist": 3, "pop": 114}