{"buildingID": 5764, "county": "\u666e\u9640", "town": "\u6843\u6d66\u9547", "circleNum": 2, "builtYear": "1993", "builtHeight": 12, "storeNum": 4, "floorArea": 591.406927113, "buildArea": 2365.62770845, "seiFort": "2", "keyFire": 0, "firehouseDist": 2, "pop": 473}