{"buildingID": 10689, "county": "\u666e\u9640", "town": "\u771f\u5982\u9547", "circleNum": 2, "builtYear": "2001", "builtHeight": 15, "storeNum": 5, "floorArea": 706.397439147, "buildArea": 3531.98719574, "seiFort": "3", "keyFire": 0, "firehouseDist": 2, "pop": 706}