{"buildingID": 10556, "county": "\u666e\u9640", "town": "\u7518\u6cc9\u8def\u8857\u9053", "circleNum": 1, "builtYear": "pre1978", "builtHeight": 17, "storeNum": 5, "floorArea": 529.465385341, "buildArea": 2647.3269267, "seiFort": "1", "keyFire": 0, "firehouseDist": 3, "pop": 105}