{"buildingID": 13815, "county": "\u666e\u9640", "town": "\u77f3\u6cc9\u8def\u8857\u9053", "circleNum": 1, "builtYear": "pre1978", "builtHeight": 104, "storeNum": 34, "floorArea": 38.1950361415, "buildArea": 1298.63122881, "seiFort": "1", "keyFire": 0, "firehouseDist": 3, "pop": 259}