{"buildingID": 8801, "county": "\u666e\u9640", "town": "\u6843\u6d66\u9547", "circleNum": 2, "builtYear": "1993", "builtHeight": 39, "storeNum": 13, "floorArea": 4453.84818072, "buildArea": 57900.0263493, "seiFort": "2", "keyFire": 0, "firehouseDist": 2, "pop": 11580}