{"buildingID": 5654, "county": "\u666e\u9640", "town": "\u6843\u6d66\u9547", "circleNum": 2, "builtYear": "1991", "builtHeight": 18, "storeNum": 6, "floorArea": 300.184774565, "buildArea": 1801.10864739, "seiFort": "2", "keyFire": 0, "firehouseDist": 1, "pop": 360}