{"buildingID": 16052, "county": "\u666e\u9640", "town": "\u771f\u5982\u9547", "circleNum": 1, "builtYear": "1994", "builtHeight": 6, "storeNum": 2, "floorArea": 281.344891538, "buildArea": 562.689783076, "seiFort": "2", "keyFire": 0, "firehouseDist": 1, "pop": 112}