{"buildingID": 16603, "county": "\u666e\u9640", "town": "\u771f\u5982\u9547", "circleNum": 2, "builtYear": "1993", "builtHeight": 9, "storeNum": 3, "floorArea": 564.313667339, "buildArea": 1692.94100202, "seiFort": "2", "keyFire": 0, "firehouseDist": 1, "pop": 338}