{"buildingID": 21939, "county": "\u666e\u9640", "town": "\u77f3\u6cc9\u8def\u8857\u9053", "circleNum": 1, "builtYear": "pre1978", "builtHeight": 18, "storeNum": 6, "floorArea": 742.202935602, "buildArea": 4453.21761361, "seiFort": "1", "keyFire": 1, "firehouseDist": 1, "pop": 178}