{"buildingID": 8113, "county": "\u666e\u9640", "town": "\u771f\u5982\u9547", "circleNum": 2, "builtYear": "1988", "builtHeight": 10, "storeNum": 3, "floorArea": 453.179839521, "buildArea": 1359.53951856, "seiFort": "2", "keyFire": 0, "firehouseDist": 2, "pop": 271}