{"buildingID": 4233, "county": "\u666e\u9640", "town": "\u6843\u6d66\u9547", "circleNum": 2, "builtYear": "2001", "builtHeight": 18, "storeNum": 6, "floorArea": 382.703073045, "buildArea": 2296.21843827, "seiFort": "3", "keyFire": 0, "firehouseDist": 3, "pop": 459}