{"buildingID": 15771, "county": "\u666e\u9640", "town": "\u771f\u5982\u9547", "circleNum": 2, "builtYear": "2000", "builtHeight": 9, "storeNum": 3, "floorArea": 2163.09856925, "buildArea": 6489.29570775, "seiFort": "3", "keyFire": 0, "firehouseDist": 1, "pop": 1297}