{"buildingID": 22178, "county": "\u666e\u9640", "town": "\u957f\u5f81\u9547", "circleNum": 1, "builtYear": "1997", "builtHeight": 12, "storeNum": 4, "floorArea": 1848.06516863, "buildArea": 7392.26067453, "seiFort": "2", "keyFire": 0, "firehouseDist": 2, "pop": 1478}