{"buildingID": 6265, "county": "\u666e\u9640", "town": "\u6843\u6d66\u9547", "circleNum": 2, "builtYear": "1992", "builtHeight": 50, "storeNum": 16, "floorArea": 188.168853075, "buildArea": 3010.70164921, "seiFort": "2", "keyFire": 0, "firehouseDist": 2, "pop": 602}