{"buildingID": 16461, "county": "\u666e\u9640", "town": "\u771f\u5982\u9547", "circleNum": 1, "builtYear": "pre1978", "builtHeight": 17, "storeNum": 5, "floorArea": 608.177409443, "buildArea": 3040.88704721, "seiFort": "1", "keyFire": 0, "firehouseDist": 1, "pop": 121}