{"buildingID": 11171, "county": "\u666e\u9640", "town": "\u771f\u5982\u9547", "circleNum": 2, "builtYear": "1997", "builtHeight": 3, "storeNum": 1, "floorArea": 1810.17649162, "buildArea": 1810.17649162, "seiFort": "2", "keyFire": 0, "firehouseDist": 2, "pop": 362}