{"buildingID": 14655, "county": "\u666e\u9640", "town": "\u77f3\u6cc9\u8def\u8857\u9053", "circleNum": 1, "builtYear": "1979-1985", "builtHeight": 6, "storeNum": 2, "floorArea": 2927.22492784, "buildArea": 5854.44985568, "seiFort": "2", "keyFire": 0, "firehouseDist": 2, "pop": 1170}