{"buildingID": 26634, "county": "\u666e\u9640", "town": "\u957f\u98ce\u65b0\u6751\u8857\u9053", "circleNum": 1, "builtYear": "1979-1985", "builtHeight": 12, "storeNum": 4, "floorArea": 182.563223196, "buildArea": 730.252892782, "seiFort": "2", "keyFire": 0, "firehouseDist": 2, "pop": 146}