{"buildingID": 4779, "county": "\u666e\u9640", "town": "\u6843\u6d66\u9547", "circleNum": 2, "builtYear": "2002", "builtHeight": 22, "storeNum": 7, "floorArea": 491.636600011, "buildArea": 3441.45620008, "seiFort": "3", "keyFire": 0, "firehouseDist": 1, "pop": 688}