{"buildingID": 15329, "county": "\u666e\u9640", "town": "\u771f\u5982\u9547", "circleNum": 1, "builtYear": "1993", "builtHeight": 6, "storeNum": 2, "floorArea": 1018.67398654, "buildArea": 2037.34797308, "seiFort": "2", "keyFire": 0, "firehouseDist": 2, "pop": 407}