{"buildingID": 5970, "county": "\u666e\u9640", "town": "\u6843\u6d66\u9547", "circleNum": 2, "builtYear": "1979-1985", "builtHeight": 6, "storeNum": 2, "floorArea": 119.111851607, "buildArea": 238.223703215, "seiFort": "2", "keyFire": 0, "firehouseDist": 1, "pop": 7}