{"buildingID": 12699, "county": "\u666e\u9640", "town": "\u771f\u5982\u9547", "circleNum": 1, "builtYear": "1979-1985", "builtHeight": 3, "storeNum": 1, "floorArea": 238.689416758, "buildArea": 238.689416758, "seiFort": "2", "keyFire": 1, "firehouseDist": 2, "pop": 47}