{"buildingID": 10065, "county": "\u666e\u9640", "town": "\u771f\u5982\u9547", "circleNum": 2, "builtYear": "2000", "builtHeight": 23, "storeNum": 7, "floorArea": 142.450806454, "buildArea": 997.155645178, "seiFort": "3", "keyFire": 0, "firehouseDist": 2, "pop": 33}