{"buildingID": 24699, "county": "\u666e\u9640", "town": "\u957f\u5f81\u9547", "circleNum": 1, "builtYear": "2001", "builtHeight": 15, "storeNum": 5, "floorArea": 11826.3454617, "buildArea": 59131.7273086, "seiFort": "3", "keyFire": 1, "firehouseDist": 2, "pop": 11826}