{"buildingID": 18960, "county": "\u666e\u9640", "town": "\u957f\u5f81\u9547", "circleNum": 2, "builtYear": "1979-1985", "builtHeight": 4, "storeNum": 1, "floorArea": 518.776561112, "buildArea": 518.776561112, "seiFort": "2", "keyFire": 0, "firehouseDist": 3, "pop": 103}