{"buildingID": 5702, "county": "\u666e\u9640", "town": "\u6843\u6d66\u9547", "circleNum": 2, "builtYear": "1993", "builtHeight": 51, "storeNum": 17, "floorArea": 71.0896326033, "buildArea": 1208.52375426, "seiFort": "2", "keyFire": 0, "firehouseDist": 1, "pop": 40}