{"buildingID": 2537, "county": "\u666e\u9640", "town": "\u6843\u6d66\u9547", "circleNum": 2, "builtYear": "1999", "builtHeight": 11, "storeNum": 3, "floorArea": 354.223214398, "buildArea": 1062.66964319, "seiFort": "2", "keyFire": 0, "firehouseDist": 2, "pop": 212}