{"buildingID": 27473, "county": "\u666e\u9640", "town": "\u957f\u98ce\u65b0\u6751\u8857\u9053", "circleNum": 1, "builtYear": "1995", "builtHeight": 55, "storeNum": 18, "floorArea": 269.404398017, "buildArea": 4849.27916431, "seiFort": "2", "keyFire": 0, "firehouseDist": 2, "pop": 969}