{"buildingID": 10363, "county": "\u666e\u9640", "town": "\u7518\u6cc9\u8def\u8857\u9053", "circleNum": 1, "builtYear": "pre1978", "builtHeight": 20, "storeNum": 6, "floorArea": 553.051313236, "buildArea": 3318.30787942, "seiFort": "1", "keyFire": 0, "firehouseDist": 2, "pop": 132}