{"buildingID": 10540, "county": "\u666e\u9640", "town": "\u7518\u6cc9\u8def\u8857\u9053", "circleNum": 1, "builtYear": "pre1978", "builtHeight": 23, "storeNum": 7, "floorArea": 1024.35649785, "buildArea": 7170.49548495, "seiFort": "1", "keyFire": 0, "firehouseDist": 3, "pop": 286}