{"buildingID": 9031, "county": "\u666e\u9640", "town": "\u957f\u5f81\u9547", "circleNum": 1, "builtYear": "1993", "builtHeight": 52, "storeNum": 17, "floorArea": 571.310079807, "buildArea": 9712.27135672, "seiFort": "2", "keyFire": 0, "firehouseDist": 2, "pop": 1942}