{"buildingID": 13107, "county": "\u666e\u9640", "town": "\u7518\u6cc9\u8def\u8857\u9053", "circleNum": 1, "builtYear": "1979-1985", "builtHeight": 24, "storeNum": 8, "floorArea": 545.711838662, "buildArea": 4365.6947093, "seiFort": "2", "keyFire": 0, "firehouseDist": 2, "pop": 873}