{"buildingID": 14675, "county": "\u666e\u9640", "town": "\u77f3\u6cc9\u8def\u8857\u9053", "circleNum": 1, "builtYear": "1995", "builtHeight": 36, "storeNum": 12, "floorArea": 488.008001837, "buildArea": 5856.09602204, "seiFort": "2", "keyFire": 0, "firehouseDist": 2, "pop": 1171}