{"buildingID": 27790, "county": "\u666e\u9640", "town": "\u957f\u98ce\u65b0\u6751\u8857\u9053", "circleNum": 1, "builtYear": "1988", "builtHeight": 3, "storeNum": 1, "floorArea": 356.599000613, "buildArea": 356.599000613, "seiFort": "2", "keyFire": 0, "firehouseDist": 2, "pop": 71}