{"buildingID": 12824, "county": "\u666e\u9640", "town": "\u7518\u6cc9\u8def\u8857\u9053", "circleNum": 1, "builtYear": "pre1978", "builtHeight": 66, "storeNum": 22, "floorArea": 981.798854552, "buildArea": 21599.5748001, "seiFort": "1", "keyFire": 0, "firehouseDist": 2, "pop": 863}