{"buildingID": 10471, "county": "\u666e\u9640", "town": "\u7518\u6cc9\u8def\u8857\u9053", "circleNum": 1, "builtYear": "pre1978", "builtHeight": 17, "storeNum": 5, "floorArea": 745.261027618, "buildArea": 3726.30513809, "seiFort": "1", "keyFire": 0, "firehouseDist": 2, "pop": 149}