{"buildingID": 2982, "county": "\u666e\u9640", "town": "\u6843\u6d66\u9547", "circleNum": 2, "builtYear": "1994", "builtHeight": 20, "storeNum": 6, "floorArea": 674.219508153, "buildArea": 4045.31704892, "seiFort": "2", "keyFire": 0, "firehouseDist": 1, "pop": 809}