{"buildingID": 27517, "county": "\u666e\u9640", "town": "\u957f\u98ce\u65b0\u6751\u8857\u9053", "circleNum": 1, "builtYear": "pre1978", "builtHeight": 6, "storeNum": 2, "floorArea": 421.893606926, "buildArea": 843.787213852, "seiFort": "1", "keyFire": 0, "firehouseDist": 2, "pop": 33}