{"buildingID": 8221, "county": "\u666e\u9640", "town": "\u6843\u6d66\u9547", "circleNum": 2, "builtYear": "1979-1985", "builtHeight": 11, "storeNum": 3, "floorArea": 625.834296577, "buildArea": 1877.50288973, "seiFort": "2", "keyFire": 0, "firehouseDist": 2, "pop": 375}