{"buildingID": 14133, "county": "\u666e\u9640", "town": "\u77f3\u6cc9\u8def\u8857\u9053", "circleNum": 1, "builtYear": "1993", "builtHeight": 8, "storeNum": 2, "floorArea": 965.011377036, "buildArea": 1930.02275407, "seiFort": "2", "keyFire": 0, "firehouseDist": 2, "pop": 386}