{"buildingID": 15734, "county": "\u666e\u9640", "town": "\u771f\u5982\u9547", "circleNum": 2, "builtYear": "1994", "builtHeight": 12, "storeNum": 4, "floorArea": 255.730312255, "buildArea": 1022.92124902, "seiFort": "2", "keyFire": 0, "firehouseDist": 1, "pop": 204}