{"buildingID": 28924, "county": "\u666e\u9640", "town": "\u957f\u98ce\u65b0\u6751\u8857\u9053", "circleNum": 1, "builtYear": "pre1978", "builtHeight": 51, "storeNum": 17, "floorArea": 1374.65162317, "buildArea": 23369.0775938, "seiFort": "1", "keyFire": 0, "firehouseDist": 4, "pop": 934}