{"buildingID": 2342, "county": "\u666e\u9640", "town": "\u6843\u6d66\u9547", "circleNum": 2, "builtYear": "1992", "builtHeight": 19, "storeNum": 6, "floorArea": 1258.86571979, "buildArea": 7553.19431873, "seiFort": "2", "keyFire": 0, "firehouseDist": 1, "pop": 1510}