{"buildingID": 12807, "county": "\u666e\u9640", "town": "\u5b9c\u5ddd\u8def\u8857\u9053", "circleNum": 1, "builtYear": "1979-1985", "builtHeight": 25, "storeNum": 8, "floorArea": 468.202140674, "buildArea": 3745.61712539, "seiFort": "2", "keyFire": 0, "firehouseDist": 2, "pop": 749}