{"buildingID": 20455, "county": "\u666e\u9640", "town": "\u771f\u5982\u9547", "circleNum": 1, "builtYear": "1979-1985", "builtHeight": 12, "storeNum": 4, "floorArea": 209.257717589, "buildArea": 837.030870354, "seiFort": "2", "keyFire": 0, "firehouseDist": 1, "pop": 167}