{"buildingID": 12979, "county": "\u666e\u9640", "town": "\u77f3\u6cc9\u8def\u8857\u9053", "circleNum": 1, "builtYear": "1990", "builtHeight": 12, "storeNum": 4, "floorArea": 744.904743889, "buildArea": 2979.61897556, "seiFort": "2", "keyFire": 0, "firehouseDist": 2, "pop": 595}