{"buildingID": 15148, "county": "\u666e\u9640", "town": "\u771f\u5982\u9547", "circleNum": 2, "builtYear": "1995", "builtHeight": 18, "storeNum": 6, "floorArea": 454.292070653, "buildArea": 2725.75242392, "seiFort": "2", "keyFire": 0, "firehouseDist": 1, "pop": 545}