{"buildingID": 13635, "county": "\u666e\u9640", "town": "\u771f\u5982\u9547", "circleNum": 1, "builtYear": "1994", "builtHeight": 22, "storeNum": 7, "floorArea": 449.289016666, "buildArea": 3145.02311666, "seiFort": "2", "keyFire": 0, "firehouseDist": 2, "pop": 629}