{"buildingID": 18805, "county": "\u666e\u9640", "town": "\u957f\u5f81\u9547", "circleNum": 2, "builtYear": "1979-1985", "builtHeight": 17, "storeNum": 5, "floorArea": 692.190064714, "buildArea": 3460.95032357, "seiFort": "2", "keyFire": 0, "firehouseDist": 3, "pop": 692}