{"buildingID": 28276, "county": "\u666e\u9640", "town": "\u957f\u98ce\u65b0\u6751\u8857\u9053", "circleNum": 1, "builtYear": "pre1978", "builtHeight": 53, "storeNum": 17, "floorArea": 702.817416417, "buildArea": 11947.8960791, "seiFort": "1", "keyFire": 0, "firehouseDist": 2, "pop": 477}