{"buildingID": 23692, "county": "\u666e\u9640", "town": "\u66f9\u6768\u65b0\u6751\u8857\u9053", "circleNum": 1, "builtYear": "1990", "builtHeight": 8, "storeNum": 2, "floorArea": 380.110622732, "buildArea": 760.221245465, "seiFort": "2", "keyFire": 0, "firehouseDist": 1, "pop": 152}