{"buildingID": 12211, "county": "\u666e\u9640", "town": "\u77f3\u6cc9\u8def\u8857\u9053", "circleNum": 1, "builtYear": "1990", "builtHeight": 20, "storeNum": 6, "floorArea": 1144.76963258, "buildArea": 6868.61779551, "seiFort": "2", "keyFire": 0, "firehouseDist": 2, "pop": 1373}