{"buildingID": 9493, "county": "\u666e\u9640", "town": "\u957f\u5f81\u9547", "circleNum": 1, "builtYear": "1979-1985", "builtHeight": 30, "storeNum": 10, "floorArea": 277.40884362, "buildArea": 2774.0884362, "seiFort": "2", "keyFire": 0, "firehouseDist": 2, "pop": 554}