{"buildingID": 26397, "county": "\u666e\u9640", "town": "\u957f\u5bff\u8def\u8857\u9053", "circleNum": 0, "builtYear": "1979-1985", "builtHeight": 4, "storeNum": 1, "floorArea": 430.910833465, "buildArea": 430.910833465, "seiFort": "2", "keyFire": 0, "firehouseDist": 1, "pop": 86}