{"buildingID": 2827, "county": "\u666e\u9640", "town": "\u6843\u6d66\u9547", "circleNum": 2, "builtYear": "2000", "builtHeight": 12, "storeNum": 4, "floorArea": 259.735282341, "buildArea": 1038.94112936, "seiFort": "3", "keyFire": 0, "firehouseDist": 2, "pop": 207}