{"buildingID": 12366, "county": "\u666e\u9640", "town": "\u7518\u6cc9\u8def\u8857\u9053", "circleNum": 1, "builtYear": "1987", "builtHeight": 20, "storeNum": 6, "floorArea": 269.808384769, "buildArea": 1618.85030861, "seiFort": "2", "keyFire": 0, "firehouseDist": 2, "pop": 323}