{"buildingID": 4820, "county": "\u666e\u9640", "town": "\u6843\u6d66\u9547", "circleNum": 2, "builtYear": "2005", "builtHeight": 80, "storeNum": 26, "floorArea": 1144.13427875, "buildArea": 29747.4912476, "seiFort": "3", "keyFire": 0, "firehouseDist": 2, "pop": 5949}