{"buildingID": 6482, "county": "\u666e\u9640", "town": "\u6843\u6d66\u9547", "circleNum": 2, "builtYear": "1979-1985", "builtHeight": 6, "storeNum": 2, "floorArea": 196.864958302, "buildArea": 393.729916603, "seiFort": "2", "keyFire": 0, "firehouseDist": 1, "pop": 78}