{"buildingID": 10547, "county": "\u666e\u9640", "town": "\u7518\u6cc9\u8def\u8857\u9053", "circleNum": 1, "builtYear": "1979-1985", "builtHeight": 17, "storeNum": 5, "floorArea": 403.903524016, "buildArea": 2019.51762008, "seiFort": "2", "keyFire": 0, "firehouseDist": 3, "pop": 403}