{"buildingID": 4666, "county": "\u666e\u9640", "town": "\u6843\u6d66\u9547", "circleNum": 2, "builtYear": "2000", "builtHeight": 10, "storeNum": 3, "floorArea": 1308.58382717, "buildArea": 3925.75148151, "seiFort": "3", "keyFire": 0, "firehouseDist": 2, "pop": 785}