{"buildingID": 14899, "county": "\u666e\u9640", "town": "\u5b9c\u5ddd\u8def\u8857\u9053", "circleNum": 0, "builtYear": "pre1978", "builtHeight": 103, "storeNum": 34, "floorArea": 302.848712262, "buildArea": 10296.8562169, "seiFort": "1", "keyFire": 0, "firehouseDist": 1, "pop": 2059}