{"buildingID": 7976, "county": "\u666e\u9640", "town": "\u6843\u6d66\u9547", "circleNum": 2, "builtYear": "1979-1985", "builtHeight": 73, "storeNum": 24, "floorArea": 821.505984098, "buildArea": 19716.1436184, "seiFort": "2", "keyFire": 0, "firehouseDist": 1, "pop": 3943}