{"buildingID": 11179, "county": "\u666e\u9640", "town": "\u771f\u5982\u9547", "circleNum": 2, "builtYear": "pre1978", "builtHeight": 74, "storeNum": 24, "floorArea": 163.116012153, "buildArea": 3914.78429167, "seiFort": "1", "keyFire": 0, "firehouseDist": 2, "pop": 130}