{"buildingID": 28352, "county": "\u666e\u9640", "town": "\u957f\u98ce\u65b0\u6751\u8857\u9053", "circleNum": 0, "builtYear": "pre1978", "builtHeight": 6, "storeNum": 2, "floorArea": 159.769563897, "buildArea": 319.539127794, "seiFort": "1", "keyFire": 0, "firehouseDist": 2, "pop": 15}