{"buildingID": 6249, "county": "\u666e\u9640", "town": "\u6843\u6d66\u9547", "circleNum": 2, "builtYear": "2017", "builtHeight": 10, "storeNum": 3, "floorArea": 535.640370687, "buildArea": 1606.92111206, "seiFort": "3", "keyFire": 0, "firehouseDist": 1, "pop": 321}