{"buildingID": 9460, "county": "\u666e\u9640", "town": "\u957f\u5f81\u9547", "circleNum": 1, "builtYear": "1979-1985", "builtHeight": 34, "storeNum": 11, "floorArea": 564.437499034, "buildArea": 6208.81248937, "seiFort": "2", "keyFire": 0, "firehouseDist": 2, "pop": 1241}