{"buildingID": 12909, "county": "\u666e\u9640", "town": "\u77f3\u6cc9\u8def\u8857\u9053", "circleNum": 1, "builtYear": "1997", "builtHeight": 9, "storeNum": 3, "floorArea": 211.093869905, "buildArea": 633.281609714, "seiFort": "2", "keyFire": 0, "firehouseDist": 3, "pop": 126}