{"buildingID": 16210, "county": "\u666e\u9640", "town": "\u5b9c\u5ddd\u8def\u8857\u9053", "circleNum": 0, "builtYear": "pre1978", "builtHeight": 102, "storeNum": 34, "floorArea": 345.391588986, "buildArea": 11743.3140255, "seiFort": "1", "keyFire": 0, "firehouseDist": 1, "pop": 2348}