{"buildingID": 21257, "county": "\u666e\u9640", "town": "\u957f\u5f81\u9547", "circleNum": 2, "builtYear": "1997", "builtHeight": 16, "storeNum": 5, "floorArea": 2311.24156654, "buildArea": 11556.2078327, "seiFort": "2", "keyFire": 0, "firehouseDist": 1, "pop": 2311}