{"buildingID": 27751, "county": "\u666e\u9640", "town": "\u957f\u98ce\u65b0\u6751\u8857\u9053", "circleNum": 1, "builtYear": "1987", "builtHeight": 26, "storeNum": 8, "floorArea": 210.523160962, "buildArea": 1684.18528769, "seiFort": "2", "keyFire": 0, "firehouseDist": 2, "pop": 336}