{"buildingID": 8796, "county": "\u666e\u9640", "town": "\u6843\u6d66\u9547", "circleNum": 2, "builtYear": "1994", "builtHeight": 12, "storeNum": 4, "floorArea": 255.812374055, "buildArea": 1023.24949622, "seiFort": "2", "keyFire": 0, "firehouseDist": 2, "pop": 204}