{"buildingID": 29048, "county": "\u666e\u9640", "town": "\u957f\u98ce\u65b0\u6751\u8857\u9053", "circleNum": 1, "builtYear": "pre1978", "builtHeight": 68, "storeNum": 22, "floorArea": 1796.55294934, "buildArea": 39524.1648856, "seiFort": "1", "keyFire": 1, "firehouseDist": 3, "pop": 1580}