{"buildingID": 25940, "county": "\u666e\u9640", "town": "\u957f\u98ce\u65b0\u6751\u8857\u9053", "circleNum": 0, "builtYear": "pre1978", "builtHeight": 46, "storeNum": 15, "floorArea": 1145.23284992, "buildArea": 17178.4927489, "seiFort": "1", "keyFire": 0, "firehouseDist": 2, "pop": 858}