{"buildingID": 20967, "county": "\u666e\u9640", "town": "\u957f\u5bff\u8def\u8857\u9053", "circleNum": 0, "builtYear": "pre1978", "builtHeight": 61, "storeNum": 20, "floorArea": 1126.48757063, "buildArea": 22529.7514125, "seiFort": "1", "keyFire": 0, "firehouseDist": 1, "pop": 1126}