{"buildingID": 23560, "county": "\u666e\u9640", "town": "\u66f9\u6768\u65b0\u6751\u8857\u9053", "circleNum": 1, "builtYear": "1985", "builtHeight": 6, "storeNum": 2, "floorArea": 51.2472707397, "buildArea": 102.494541479, "seiFort": "2", "keyFire": 0, "firehouseDist": 1, "pop": 4}