{"buildingID": 25475, "county": "\u666e\u9640", "town": "\u957f\u5bff\u8def\u8857\u9053", "circleNum": 0, "builtYear": "1979-1985", "builtHeight": 18, "storeNum": 6, "floorArea": 518.217923745, "buildArea": 3109.30754247, "seiFort": "2", "keyFire": 0, "firehouseDist": 2, "pop": 621}