{"buildingID": 14268, "county": "\u666e\u9640", "town": "\u77f3\u6cc9\u8def\u8857\u9053", "circleNum": 1, "builtYear": "1979-1985", "builtHeight": 57, "storeNum": 19, "floorArea": 169.267151301, "buildArea": 3216.07587471, "seiFort": "2", "keyFire": 0, "firehouseDist": 2, "pop": 128}