{"buildingID": 24200, "county": "\u666e\u9640", "town": "\u66f9\u6768\u65b0\u6751\u8857\u9053", "circleNum": 1, "builtYear": "pre1978", "builtHeight": 23, "storeNum": 7, "floorArea": 1378.34042601, "buildArea": 9648.3829821, "seiFort": "1", "keyFire": 0, "firehouseDist": 1, "pop": 385}