{"buildingID": 14386, "county": "\u666e\u9640", "town": "\u77f3\u6cc9\u8def\u8857\u9053", "circleNum": 1, "builtYear": "1979-1985", "builtHeight": 12, "storeNum": 4, "floorArea": 578.570559393, "buildArea": 2314.28223757, "seiFort": "2", "keyFire": 0, "firehouseDist": 2, "pop": 462}