{"buildingID": 10245, "county": "\u666e\u9640", "town": "\u771f\u5982\u9547", "circleNum": 2, "builtYear": "2004", "builtHeight": 44, "storeNum": 14, "floorArea": 1392.12799237, "buildArea": 19489.7918932, "seiFort": "3", "keyFire": 0, "firehouseDist": 2, "pop": 3897}