{"buildingID": 9946, "county": "\u666e\u9640", "town": "\u957f\u5f81\u9547", "circleNum": 1, "builtYear": "1979-1985", "builtHeight": 50, "storeNum": 16, "floorArea": 638.296727626, "buildArea": 10212.747642, "seiFort": "2", "keyFire": 0, "firehouseDist": 3, "pop": 2042}