{"buildingID": 6243, "county": "\u666e\u9640", "town": "\u6843\u6d66\u9547", "circleNum": 2, "builtYear": "2005", "builtHeight": 39, "storeNum": 13, "floorArea": 710.232634562, "buildArea": 9233.02424931, "seiFort": "3", "keyFire": 0, "firehouseDist": 1, "pop": 1846}