{"buildingID": 10416, "county": "\u666e\u9640", "town": "\u7518\u6cc9\u8def\u8857\u9053", "circleNum": 1, "builtYear": "pre1978", "builtHeight": 18, "storeNum": 6, "floorArea": 261.784866745, "buildArea": 1570.70920047, "seiFort": "1", "keyFire": 0, "firehouseDist": 2, "pop": 62}