{"buildingID": 25729, "county": "\u666e\u9640", "town": "\u957f\u5bff\u8def\u8857\u9053", "circleNum": 0, "builtYear": "1979-1985", "builtHeight": 26, "storeNum": 8, "floorArea": 1227.50595439, "buildArea": 9820.04763512, "seiFort": "2", "keyFire": 0, "firehouseDist": 1, "pop": 1964}