{"buildingID": 11689, "county": "\u666e\u9640", "town": "\u771f\u5982\u9547", "circleNum": 2, "builtYear": "2010", "builtHeight": 47, "storeNum": 15, "floorArea": 524.066897579, "buildArea": 7861.00346368, "seiFort": "3", "keyFire": 0, "firehouseDist": 2, "pop": 1572}