{"buildingID": 29441, "county": "\u666e\u9640", "town": "\u957f\u98ce\u65b0\u6751\u8857\u9053", "circleNum": 1, "builtYear": "pre1978", "builtHeight": 3, "storeNum": 1, "floorArea": 198.555940718, "buildArea": 198.555940718, "seiFort": "1", "keyFire": 0, "firehouseDist": 3, "pop": 7}