{"buildingID": 19335, "county": "\u666e\u9640", "town": "\u957f\u5f81\u9547", "circleNum": 2, "builtYear": "1979-1985", "builtHeight": 28, "storeNum": 9, "floorArea": 1079.09377019, "buildArea": 9711.84393167, "seiFort": "2", "keyFire": 0, "firehouseDist": 3, "pop": 1942}