{"buildingID": 1438, "county": "\u666e\u9640", "town": "\u6843\u6d66\u9547", "circleNum": 3, "builtYear": "2003", "builtHeight": 18, "storeNum": 6, "floorArea": 225.377054232, "buildArea": 1352.26232539, "seiFort": "3", "keyFire": 0, "firehouseDist": 5, "pop": 270}