{"buildingID": 22570, "county": "\u666e\u9640", "town": "\u957f\u5f81\u9547", "circleNum": 2, "builtYear": "1998", "builtHeight": 19, "storeNum": 6, "floorArea": 946.317304648, "buildArea": 5677.90382789, "seiFort": "2", "keyFire": 0, "firehouseDist": 2, "pop": 1135}