{"buildingID": 14642, "county": "\u666e\u9640", "town": "\u77f3\u6cc9\u8def\u8857\u9053", "circleNum": 1, "builtYear": "pre1978", "builtHeight": 17, "storeNum": 5, "floorArea": 574.497047599, "buildArea": 2872.48523799, "seiFort": "1", "keyFire": 1, "firehouseDist": 2, "pop": 114}