{"buildingID": 11733, "county": "\u666e\u9640", "town": "\u6843\u6d66\u9547", "circleNum": 2, "builtYear": "1994", "builtHeight": 21, "storeNum": 7, "floorArea": 570.355496321, "buildArea": 3992.48847424, "seiFort": "2", "keyFire": 0, "firehouseDist": 2, "pop": 798}