{"buildingID": 8030, "county": "\u666e\u9640", "town": "\u7518\u6cc9\u8def\u8857\u9053", "circleNum": 1, "builtYear": "pre1978", "builtHeight": 32, "storeNum": 10, "floorArea": 150.171499966, "buildArea": 1501.71499966, "seiFort": "1", "keyFire": 0, "firehouseDist": 3, "pop": 60}