{"buildingID": 27313, "county": "\u666e\u9640", "town": "\u957f\u98ce\u65b0\u6751\u8857\u9053", "circleNum": 1, "builtYear": "pre1978", "builtHeight": 10, "storeNum": 3, "floorArea": 674.593187758, "buildArea": 2023.77956327, "seiFort": "1", "keyFire": 0, "firehouseDist": 2, "pop": 80}