{"buildingID": 17348, "county": "\u666e\u9640", "town": "\u957f\u5f81\u9547", "circleNum": 2, "builtYear": "2006", "builtHeight": 39, "storeNum": 13, "floorArea": 684.926294476, "buildArea": 8904.04182819, "seiFort": "3", "keyFire": 0, "firehouseDist": 1, "pop": 1780}