{"buildingID": 14250, "county": "\u666e\u9640", "town": "\u77f3\u6cc9\u8def\u8857\u9053", "circleNum": 1, "builtYear": "pre1978", "builtHeight": 109, "storeNum": 36, "floorArea": 65.3246344482, "buildArea": 2351.68684014, "seiFort": "1", "keyFire": 0, "firehouseDist": 2, "pop": 470}