{"buildingID": 6189, "county": "\u666e\u9640", "town": "\u6843\u6d66\u9547", "circleNum": 2, "builtYear": "1997", "builtHeight": 50, "storeNum": 16, "floorArea": 266.616874789, "buildArea": 4265.86999663, "seiFort": "2", "keyFire": 0, "firehouseDist": 1, "pop": 853}