{"buildingID": 503, "county": "\u666e\u9640", "town": "\u6843\u6d66\u9547", "circleNum": 3, "builtYear": "1994", "builtHeight": 54, "storeNum": 18, "floorArea": 1743.99330526, "buildArea": 31391.8794946, "seiFort": "2", "keyFire": 0, "firehouseDist": 5, "pop": 6278}