{"buildingID": 10842, "county": "\u666e\u9640", "town": "\u957f\u5f81\u9547", "circleNum": 1, "builtYear": "1979-1985", "builtHeight": 9, "storeNum": 3, "floorArea": 1909.43896692, "buildArea": 5728.31690077, "seiFort": "2", "keyFire": 0, "firehouseDist": 2, "pop": 1145}