{"buildingID": 10451, "county": "\u666e\u9640", "town": "\u7518\u6cc9\u8def\u8857\u9053", "circleNum": 1, "builtYear": "pre1978", "builtHeight": 19, "storeNum": 6, "floorArea": 1098.21039853, "buildArea": 6589.26239117, "seiFort": "1", "keyFire": 0, "firehouseDist": 2, "pop": 263}