{"buildingID": 5562, "county": "\u666e\u9640", "town": "\u6843\u6d66\u9547", "circleNum": 2, "builtYear": "2006", "builtHeight": 38, "storeNum": 12, "floorArea": 71.5283716127, "buildArea": 858.340459353, "seiFort": "3", "keyFire": 0, "firehouseDist": 1, "pop": 28}