{"buildingID": 24778, "county": "\u666e\u9640", "town": "\u66f9\u6768\u65b0\u6751\u8857\u9053", "circleNum": 1, "builtYear": "pre1978", "builtHeight": 16, "storeNum": 5, "floorArea": 410.522422315, "buildArea": 2052.61211158, "seiFort": "1", "keyFire": 0, "firehouseDist": 1, "pop": 82}