{"buildingID": 27424, "county": "\u666e\u9640", "town": "\u957f\u98ce\u65b0\u6751\u8857\u9053", "circleNum": 0, "builtYear": "pre1978", "builtHeight": 40, "storeNum": 13, "floorArea": 730.374085026, "buildArea": 9494.86310534, "seiFort": "1", "keyFire": 0, "firehouseDist": 1, "pop": 474}