{"buildingID": 13962, "county": "\u666e\u9640", "town": "\u771f\u5982\u9547", "circleNum": 2, "builtYear": "1994", "builtHeight": 29, "storeNum": 9, "floorArea": 658.382327191, "buildArea": 5925.44094472, "seiFort": "2", "keyFire": 0, "firehouseDist": 1, "pop": 1185}