{"buildingID": 22266, "county": "\u666e\u9640", "town": "\u66f9\u6768\u65b0\u6751\u8857\u9053", "circleNum": 1, "builtYear": "pre1978", "builtHeight": 15, "storeNum": 5, "floorArea": 543.177141705, "buildArea": 2715.88570852, "seiFort": "1", "keyFire": 0, "firehouseDist": 1, "pop": 108}