{"buildingID": 6517, "county": "\u666e\u9640", "town": "\u6843\u6d66\u9547", "circleNum": 2, "builtYear": "2007", "builtHeight": 10, "storeNum": 3, "floorArea": 388.682638396, "buildArea": 1166.04791519, "seiFort": "3", "keyFire": 0, "firehouseDist": 1, "pop": 233}