{"buildingID": 18158, "county": "\u666e\u9640", "town": "\u957f\u5f81\u9547", "circleNum": 2, "builtYear": "1998", "builtHeight": 21, "storeNum": 7, "floorArea": 731.322501049, "buildArea": 5119.25750734, "seiFort": "2", "keyFire": 0, "firehouseDist": 3, "pop": 1023}