{"buildingID": 12267, "county": "\u666e\u9640", "town": "\u771f\u5982\u9547", "circleNum": 1, "builtYear": "1996", "builtHeight": 24, "storeNum": 8, "floorArea": 1100.15247006, "buildArea": 8801.21976051, "seiFort": "2", "keyFire": 0, "firehouseDist": 1, "pop": 1760}