{"buildingID": 7835, "county": "\u666e\u9640", "town": "\u7518\u6cc9\u8def\u8857\u9053", "circleNum": 1, "builtYear": "1994", "builtHeight": 65, "storeNum": 21, "floorArea": 683.851574384, "buildArea": 14360.8830621, "seiFort": "2", "keyFire": 0, "firehouseDist": 3, "pop": 2872}