{"buildingID": 3125, "county": "\u666e\u9640", "town": "\u6843\u6d66\u9547", "circleNum": 3, "builtYear": "2001", "builtHeight": 18, "storeNum": 6, "floorArea": 945.290573893, "buildArea": 5671.74344336, "seiFort": "3", "keyFire": 0, "firehouseDist": 3, "pop": 1134}