{"buildingID": 27547, "county": "\u666e\u9640", "town": "\u957f\u98ce\u65b0\u6751\u8857\u9053", "circleNum": 1, "builtYear": "pre1978", "builtHeight": 20, "storeNum": 6, "floorArea": 430.074560417, "buildArea": 2580.4473625, "seiFort": "1", "keyFire": 0, "firehouseDist": 3, "pop": 103}