{"buildingID": 14055, "county": "\u666e\u9640", "town": "\u771f\u5982\u9547", "circleNum": 1, "builtYear": "pre1978", "builtHeight": 23, "storeNum": 7, "floorArea": 855.017311691, "buildArea": 5985.12118184, "seiFort": "1", "keyFire": 0, "firehouseDist": 2, "pop": 239}