{"buildingID": 11373, "county": "\u666e\u9640", "town": "\u771f\u5982\u9547", "circleNum": 1, "builtYear": "1979-1985", "builtHeight": 13, "storeNum": 4, "floorArea": 43.6599364002, "buildArea": 174.639745601, "seiFort": "2", "keyFire": 0, "firehouseDist": 2, "pop": 6}