{"buildingID": 25622, "county": "\u666e\u9640", "town": "\u66f9\u6768\u65b0\u6751\u8857\u9053", "circleNum": 1, "builtYear": "pre1978", "builtHeight": 36, "storeNum": 12, "floorArea": 1250.2977579, "buildArea": 15003.5730948, "seiFort": "1", "keyFire": 0, "firehouseDist": 2, "pop": 600}