{"buildingID": 14362, "county": "\u666e\u9640", "town": "\u77f3\u6cc9\u8def\u8857\u9053", "circleNum": 1, "builtYear": "1987", "builtHeight": 51, "storeNum": 17, "floorArea": 129.06659054, "buildArea": 2194.13203917, "seiFort": "2", "keyFire": 0, "firehouseDist": 2, "pop": 87}