{"buildingID": 17035, "county": "\u666e\u9640", "town": "\u957f\u5bff\u8def\u8857\u9053", "circleNum": 0, "builtYear": "pre1978", "builtHeight": 109, "storeNum": 36, "floorArea": 1659.80264132, "buildArea": 59752.8950876, "seiFort": "1", "keyFire": 0, "firehouseDist": 1, "pop": 11950}