{"buildingID": 4960, "county": "\u666e\u9640", "town": "\u771f\u5982\u9547", "circleNum": 2, "builtYear": "1979-1985", "builtHeight": 20, "storeNum": 6, "floorArea": 635.978540304, "buildArea": 3815.87124182, "seiFort": "2", "keyFire": 0, "firehouseDist": 1, "pop": 763}