{"buildingID": 24053, "county": "\u666e\u9640", "town": "\u957f\u98ce\u65b0\u6751\u8857\u9053", "circleNum": 1, "builtYear": "pre1978", "builtHeight": 6, "storeNum": 2, "floorArea": 31.0867959372, "buildArea": 62.1735918745, "seiFort": "1", "keyFire": 0, "firehouseDist": 2, "pop": 2}