{"buildingID": 24704, "county": "\u666e\u9640", "town": "\u957f\u5f81\u9547", "circleNum": 1, "builtYear": "1979-1985", "builtHeight": 33, "storeNum": 11, "floorArea": 1529.70838099, "buildArea": 16826.7921909, "seiFort": "2", "keyFire": 0, "firehouseDist": 2, "pop": 3365}