{"buildingID": 4142, "county": "\u666e\u9640", "town": "\u6843\u6d66\u9547", "circleNum": 2, "builtYear": "2006", "builtHeight": 14, "storeNum": 4, "floorArea": 1397.83005584, "buildArea": 5591.32022336, "seiFort": "3", "keyFire": 0, "firehouseDist": 2, "pop": 1118}