{"buildingID": 19965, "county": "\u666e\u9640", "town": "\u957f\u98ce\u65b0\u6751\u8857\u9053", "circleNum": 1, "builtYear": "1979-1985", "builtHeight": 18, "storeNum": 6, "floorArea": 133.512359038, "buildArea": 801.07415423, "seiFort": "2", "keyFire": 0, "firehouseDist": 2, "pop": 32}