{"buildingID": 7867, "county": "\u666e\u9640", "town": "\u771f\u5982\u9547", "circleNum": 2, "builtYear": "1993", "builtHeight": 17, "storeNum": 5, "floorArea": 323.798388085, "buildArea": 1618.99194042, "seiFort": "2", "keyFire": 0, "firehouseDist": 2, "pop": 323}