{"buildingID": 17231, "county": "\u666e\u9640", "town": "\u957f\u5f81\u9547", "circleNum": 2, "builtYear": "1995", "builtHeight": 24, "storeNum": 8, "floorArea": 1175.68760082, "buildArea": 9405.50080658, "seiFort": "2", "keyFire": 0, "firehouseDist": 1, "pop": 1881}