{"buildingID": 4544, "county": "\u666e\u9640", "town": "\u6843\u6d66\u9547", "circleNum": 2, "builtYear": "1988", "builtHeight": 59, "storeNum": 19, "floorArea": 131.330971874, "buildArea": 2495.28846561, "seiFort": "2", "keyFire": 0, "firehouseDist": 2, "pop": 83}