{"buildingID": 8445, "county": "\u666e\u9640", "town": "\u771f\u5982\u9547", "circleNum": 1, "builtYear": "1995", "builtHeight": 13, "storeNum": 4, "floorArea": 264.709891256, "buildArea": 1058.83956502, "seiFort": "2", "keyFire": 0, "firehouseDist": 1, "pop": 211}