{"buildingID": 12936, "county": "\u666e\u9640", "town": "\u771f\u5982\u9547", "circleNum": 1, "builtYear": "1979-1985", "builtHeight": 52, "storeNum": 17, "floorArea": 95.4737878719, "buildArea": 1623.05439382, "seiFort": "2", "keyFire": 0, "firehouseDist": 2, "pop": 64}