{"buildingID": 13966, "county": "\u666e\u9640", "town": "\u771f\u5982\u9547", "circleNum": 2, "builtYear": "1995", "builtHeight": 27, "storeNum": 9, "floorArea": 685.411577046, "buildArea": 6168.70419341, "seiFort": "2", "keyFire": 0, "firehouseDist": 1, "pop": 1233}