{"buildingID": 27405, "county": "\u666e\u9640", "town": "\u957f\u98ce\u65b0\u6751\u8857\u9053", "circleNum": 0, "builtYear": "pre1978", "builtHeight": 99, "storeNum": 33, "floorArea": 34.1568459613, "buildArea": 1127.17591672, "seiFort": "1", "keyFire": 0, "firehouseDist": 1, "pop": 56}