{"buildingID": 23659, "county": "\u666e\u9640", "town": "\u66f9\u6768\u65b0\u6751\u8857\u9053", "circleNum": 1, "builtYear": "pre1978", "builtHeight": 10, "storeNum": 3, "floorArea": 142.670313213, "buildArea": 428.010939638, "seiFort": "1", "keyFire": 0, "firehouseDist": 1, "pop": 17}