{"buildingID": 21890, "county": "\u666e\u9640", "town": "\u957f\u5bff\u8def\u8857\u9053", "circleNum": 0, "builtYear": "pre1978", "builtHeight": 94, "storeNum": 31, "floorArea": 911.587254564, "buildArea": 28259.2048915, "seiFort": "1", "keyFire": 0, "firehouseDist": 1, "pop": 1412}