{"buildingID": 27835, "county": "\u666e\u9640", "town": "\u957f\u98ce\u65b0\u6751\u8857\u9053", "circleNum": 1, "builtYear": "1979-1985", "builtHeight": 18, "storeNum": 6, "floorArea": 108.403768105, "buildArea": 650.42260863, "seiFort": "2", "keyFire": 0, "firehouseDist": 2, "pop": 26}