{"buildingID": 13045, "county": "\u666e\u9640", "town": "\u77f3\u6cc9\u8def\u8857\u9053", "circleNum": 1, "builtYear": "1989", "builtHeight": 92, "storeNum": 30, "floorArea": 161.313668075, "buildArea": 4839.41004225, "seiFort": "2", "keyFire": 0, "firehouseDist": 3, "pop": 967}