{"buildingID": 16088, "county": "\u666e\u9640", "town": "\u771f\u5982\u9547", "circleNum": 1, "builtYear": "2002", "builtHeight": 6, "storeNum": 2, "floorArea": 261.117312206, "buildArea": 522.234624413, "seiFort": "3", "keyFire": 0, "firehouseDist": 1, "pop": 104}