{"buildingID": 23561, "county": "\u666e\u9640", "town": "\u66f9\u6768\u65b0\u6751\u8857\u9053", "circleNum": 1, "builtYear": "pre1978", "builtHeight": 6, "storeNum": 2, "floorArea": 45.2227405091, "buildArea": 90.4454810182, "seiFort": "1", "keyFire": 0, "firehouseDist": 1, "pop": 3}