{"buildingID": 6761, "county": "\u666e\u9640", "town": "\u957f\u5f81\u9547", "circleNum": 1, "builtYear": "1996", "builtHeight": 35, "storeNum": 11, "floorArea": 716.951872924, "buildArea": 7886.47060217, "seiFort": "2", "keyFire": 0, "firehouseDist": 1, "pop": 1577}