{"buildingID": 9693, "county": "\u666e\u9640", "town": "\u7518\u6cc9\u8def\u8857\u9053", "circleNum": 1, "builtYear": "1979-1985", "builtHeight": 21, "storeNum": 7, "floorArea": 406.810861712, "buildArea": 2847.67603198, "seiFort": "2", "keyFire": 0, "firehouseDist": 3, "pop": 569}