{"buildingID": 20175, "county": "\u666e\u9640", "town": "\u66f9\u6768\u65b0\u6751\u8857\u9053", "circleNum": 1, "builtYear": "pre1978", "builtHeight": 14, "storeNum": 4, "floorArea": 1453.21748142, "buildArea": 5812.86992569, "seiFort": "1", "keyFire": 0, "firehouseDist": 2, "pop": 232}