{"buildingID": 24696, "county": "\u666e\u9640", "town": "\u957f\u5f81\u9547", "circleNum": 1, "builtYear": "1997", "builtHeight": 19, "storeNum": 6, "floorArea": 1362.92238162, "buildArea": 8177.53428974, "seiFort": "2", "keyFire": 0, "firehouseDist": 2, "pop": 1635}