{"buildingID": 10249, "county": "\u666e\u9640", "town": "\u771f\u5982\u9547", "circleNum": 2, "builtYear": "2010", "builtHeight": 48, "storeNum": 16, "floorArea": 49.0524219225, "buildArea": 784.838750761, "seiFort": "3", "keyFire": 0, "firehouseDist": 2, "pop": 26}