{"buildingID": 25806, "county": "\u666e\u9640", "town": "\u66f9\u6768\u65b0\u6751\u8857\u9053", "circleNum": 1, "builtYear": "pre1978", "builtHeight": 3, "storeNum": 1, "floorArea": 450.667870743, "buildArea": 450.667870743, "seiFort": "1", "keyFire": 0, "firehouseDist": 2, "pop": 18}