{"buildingID": 13805, "county": "\u666e\u9640", "town": "\u77f3\u6cc9\u8def\u8857\u9053", "circleNum": 1, "builtYear": "1988", "builtHeight": 56, "storeNum": 18, "floorArea": 173.289428836, "buildArea": 3119.20971905, "seiFort": "2", "keyFire": 0, "firehouseDist": 2, "pop": 124}