{"buildingID": 19093, "county": "\u666e\u9640", "town": "\u957f\u5f81\u9547", "circleNum": 2, "builtYear": "1999", "builtHeight": 20, "storeNum": 6, "floorArea": 1784.44247546, "buildArea": 10706.6548528, "seiFort": "2", "keyFire": 0, "firehouseDist": 3, "pop": 2141}