{"buildingID": 21208, "county": "\u666e\u9640", "town": "\u66f9\u6768\u65b0\u6751\u8857\u9053", "circleNum": 1, "builtYear": "pre1978", "builtHeight": 93, "storeNum": 31, "floorArea": 943.852107539, "buildArea": 29259.4153337, "seiFort": "1", "keyFire": 1, "firehouseDist": 2, "pop": 1170}