{"buildingID": 16696, "county": "\u666e\u9640", "town": "\u77f3\u6cc9\u8def\u8857\u9053", "circleNum": 1, "builtYear": "1979-1985", "builtHeight": 6, "storeNum": 2, "floorArea": 60.8137263427, "buildArea": 121.627452685, "seiFort": "2", "keyFire": 0, "firehouseDist": 2, "pop": 4}