{"buildingID": 17665, "county": "\u666e\u9640", "town": "\u66f9\u6768\u65b0\u6751\u8857\u9053", "circleNum": 1, "builtYear": "pre1978", "builtHeight": 73, "storeNum": 24, "floorArea": 60.2711454667, "buildArea": 1446.5074912, "seiFort": "1", "keyFire": 0, "firehouseDist": 1, "pop": 57}