{"buildingID": 28387, "county": "\u666e\u9640", "town": "\u957f\u98ce\u65b0\u6751\u8857\u9053", "circleNum": 0, "builtYear": "1987", "builtHeight": 93, "storeNum": 31, "floorArea": 858.684861084, "buildArea": 26619.2306936, "seiFort": "2", "keyFire": 0, "firehouseDist": 2, "pop": 5323}