{"buildingID": 28687, "county": "\u666e\u9640", "town": "\u957f\u98ce\u65b0\u6751\u8857\u9053", "circleNum": 1, "builtYear": "pre1978", "builtHeight": 13, "storeNum": 4, "floorArea": 311.452336027, "buildArea": 1245.80934411, "seiFort": "1", "keyFire": 0, "firehouseDist": 3, "pop": 49}