{"buildingID": 10491, "county": "\u666e\u9640", "town": "\u7518\u6cc9\u8def\u8857\u9053", "circleNum": 1, "builtYear": "1995", "builtHeight": 3, "storeNum": 1, "floorArea": 358.690551538, "buildArea": 358.690551538, "seiFort": "2", "keyFire": 0, "firehouseDist": 2, "pop": 71}