{"buildingID": 5748, "county": "\u666e\u9640", "town": "\u6843\u6d66\u9547", "circleNum": 2, "builtYear": "1986", "builtHeight": 11, "storeNum": 3, "floorArea": 444.297540236, "buildArea": 1332.89262071, "seiFort": "2", "keyFire": 0, "firehouseDist": 2, "pop": 266}