{"buildingID": 18359, "county": "\u666e\u9640", "town": "\u957f\u5f81\u9547", "circleNum": 2, "builtYear": "1996", "builtHeight": 20, "storeNum": 6, "floorArea": 863.075116904, "buildArea": 5178.45070142, "seiFort": "2", "keyFire": 0, "firehouseDist": 2, "pop": 1035}