{"buildingID": 9995, "county": "\u666e\u9640", "town": "\u957f\u5f81\u9547", "circleNum": 1, "builtYear": "1979-1985", "builtHeight": 19, "storeNum": 6, "floorArea": 1482.89993424, "buildArea": 8897.39960546, "seiFort": "2", "keyFire": 0, "firehouseDist": 3, "pop": 1779}