{"buildingID": 11998, "county": "\u666e\u9640", "town": "\u77f3\u6cc9\u8def\u8857\u9053", "circleNum": 1, "builtYear": "1999", "builtHeight": 14, "storeNum": 4, "floorArea": 552.898833236, "buildArea": 2211.59533294, "seiFort": "2", "keyFire": 0, "firehouseDist": 3, "pop": 442}