{"buildingID": 27432, "county": "\u666e\u9640", "town": "\u957f\u98ce\u65b0\u6751\u8857\u9053", "circleNum": 0, "builtYear": "pre1978", "builtHeight": 59, "storeNum": 19, "floorArea": 764.026688042, "buildArea": 14516.5070728, "seiFort": "1", "keyFire": 0, "firehouseDist": 1, "pop": 725}