{"buildingID": 27797, "county": "\u666e\u9640", "town": "\u957f\u98ce\u65b0\u6751\u8857\u9053", "circleNum": 1, "builtYear": "pre1978", "builtHeight": 18, "storeNum": 6, "floorArea": 4.01229947113, "buildArea": 24.0737968268, "seiFort": "1", "keyFire": 0, "firehouseDist": 2, "pop": 1}