{"buildingID": 12322, "county": "\u666e\u9640", "town": "\u771f\u5982\u9547", "circleNum": 1, "builtYear": "1990", "builtHeight": 84, "storeNum": 28, "floorArea": 164.430267805, "buildArea": 4604.04749854, "seiFort": "2", "keyFire": 0, "firehouseDist": 2, "pop": 184}