{"buildingID": 2029, "county": "\u666e\u9640", "town": "\u6843\u6d66\u9547", "circleNum": 2, "builtYear": "1993", "builtHeight": 13, "storeNum": 4, "floorArea": 781.991823265, "buildArea": 3127.96729306, "seiFort": "2", "keyFire": 0, "firehouseDist": 2, "pop": 625}