{"buildingID": 12142, "county": "\u666e\u9640", "town": "\u771f\u5982\u9547", "circleNum": 1, "builtYear": "1979-1985", "builtHeight": 57, "storeNum": 19, "floorArea": 342.145847734, "buildArea": 6500.77110695, "seiFort": "2", "keyFire": 0, "firehouseDist": 2, "pop": 1300}