{"buildingID": 5411, "county": "\u666e\u9640", "town": "\u6843\u6d66\u9547", "circleNum": 2, "builtYear": "1991", "builtHeight": 41, "storeNum": 13, "floorArea": 388.618217223, "buildArea": 5052.0368239, "seiFort": "2", "keyFire": 0, "firehouseDist": 1, "pop": 1010}