{"buildingID": 11047, "county": "\u666e\u9640", "town": "\u7518\u6cc9\u8def\u8857\u9053", "circleNum": 1, "builtYear": "pre1978", "builtHeight": 73, "storeNum": 24, "floorArea": 66.7280420159, "buildArea": 1601.47300838, "seiFort": "1", "keyFire": 0, "firehouseDist": 2, "pop": 64}