{"buildingID": 19339, "county": "\u666e\u9640", "town": "\u957f\u5f81\u9547", "circleNum": 2, "builtYear": "1979-1985", "builtHeight": 3, "storeNum": 1, "floorArea": 494.839489398, "buildArea": 494.839489398, "seiFort": "2", "keyFire": 0, "firehouseDist": 3, "pop": 98}