{"buildingID": 18789, "county": "\u666e\u9640", "town": "\u957f\u5f81\u9547", "circleNum": 2, "builtYear": "2010", "builtHeight": 34, "storeNum": 11, "floorArea": 826.390778243, "buildArea": 9090.29856067, "seiFort": "3", "keyFire": 0, "firehouseDist": 3, "pop": 1818}