{"buildingID": 13840, "county": "\u666e\u9640", "town": "\u77f3\u6cc9\u8def\u8857\u9053", "circleNum": 1, "builtYear": "pre1978", "builtHeight": 98, "storeNum": 32, "floorArea": 581.439950999, "buildArea": 18606.078432, "seiFort": "1", "keyFire": 0, "firehouseDist": 3, "pop": 744}