{"buildingID": 1733, "county": "\u666e\u9640", "town": "\u6843\u6d66\u9547", "circleNum": 2, "builtYear": "1987", "builtHeight": 15, "storeNum": 5, "floorArea": 280.221708895, "buildArea": 1401.10854447, "seiFort": "2", "keyFire": 0, "firehouseDist": 2, "pop": 280}