{"buildingID": 18519, "county": "\u666e\u9640", "town": "\u957f\u5f81\u9547", "circleNum": 2, "builtYear": "2002", "builtHeight": 30, "storeNum": 10, "floorArea": 473.654947104, "buildArea": 4736.54947104, "seiFort": "3", "keyFire": 0, "firehouseDist": 2, "pop": 947}