{"buildingID": 17371, "county": "\u666e\u9640", "town": "\u957f\u5f81\u9547", "circleNum": 2, "builtYear": "1997", "builtHeight": 55, "storeNum": 18, "floorArea": 812.739724131, "buildArea": 14629.3150343, "seiFort": "2", "keyFire": 0, "firehouseDist": 1, "pop": 2925}