{"buildingID": 15325, "county": "\u666e\u9640", "town": "\u771f\u5982\u9547", "circleNum": 1, "builtYear": "pre1978", "builtHeight": 75, "storeNum": 25, "floorArea": 1440.12373375, "buildArea": 36003.0933437, "seiFort": "1", "keyFire": 0, "firehouseDist": 2, "pop": 1440}