{"buildingID": 13963, "county": "\u666e\u9640", "town": "\u771f\u5982\u9547", "circleNum": 2, "builtYear": "1994", "builtHeight": 23, "storeNum": 7, "floorArea": 512.97526252, "buildArea": 3590.82683764, "seiFort": "2", "keyFire": 0, "firehouseDist": 1, "pop": 718}