{"buildingID": 13861, "county": "\u666e\u9640", "town": "\u771f\u5982\u9547", "circleNum": 1, "builtYear": "1979-1985", "builtHeight": 6, "storeNum": 2, "floorArea": 356.117137711, "buildArea": 712.234275422, "seiFort": "2", "keyFire": 0, "firehouseDist": 2, "pop": 142}