{"buildingID": 24369, "county": "\u666e\u9640", "town": "\u957f\u5f81\u9547", "circleNum": 1, "builtYear": "2000", "builtHeight": 18, "storeNum": 6, "floorArea": 1336.78072851, "buildArea": 8020.68437108, "seiFort": "3", "keyFire": 0, "firehouseDist": 2, "pop": 1604}