{"buildingID": 2774, "county": "\u666e\u9640", "town": "\u6843\u6d66\u9547", "circleNum": 2, "builtYear": "1979-1985", "builtHeight": 7, "storeNum": 2, "floorArea": 1290.5992944, "buildArea": 2581.1985888, "seiFort": "2", "keyFire": 0, "firehouseDist": 2, "pop": 516}