{"buildingID": 9161, "county": "\u666e\u9640", "town": "\u7518\u6cc9\u8def\u8857\u9053", "circleNum": 1, "builtYear": "1979-1985", "builtHeight": 11, "storeNum": 3, "floorArea": 1175.1121855, "buildArea": 3525.33655651, "seiFort": "2", "keyFire": 0, "firehouseDist": 3, "pop": 705}