{"buildingID": 2181, "county": "\u666e\u9640", "town": "\u6843\u6d66\u9547", "circleNum": 2, "builtYear": "1991", "builtHeight": 17, "storeNum": 5, "floorArea": 316.839136152, "buildArea": 1584.19568076, "seiFort": "2", "keyFire": 0, "firehouseDist": 2, "pop": 316}