{"buildingID": 14591, "county": "\u666e\u9640", "town": "\u771f\u5982\u9547", "circleNum": 1, "builtYear": "pre1978", "builtHeight": 75, "storeNum": 25, "floorArea": 62.2653571234, "buildArea": 1556.63392808, "seiFort": "1", "keyFire": 0, "firehouseDist": 2, "pop": 62}