{"buildingID": 10152, "county": "\u666e\u9640", "town": "\u771f\u5982\u9547", "circleNum": 2, "builtYear": "1996", "builtHeight": 52, "storeNum": 17, "floorArea": 198.279717646, "buildArea": 3370.75519998, "seiFort": "2", "keyFire": 0, "firehouseDist": 2, "pop": 674}