{"buildingID": 13065, "county": "\u666e\u9640", "town": "\u5b9c\u5ddd\u8def\u8857\u9053", "circleNum": 1, "builtYear": "1979-1985", "builtHeight": 17, "storeNum": 5, "floorArea": 400.26770319, "buildArea": 2001.33851595, "seiFort": "2", "keyFire": 0, "firehouseDist": 2, "pop": 400}