{"buildingID": 21284, "county": "\u666e\u9640", "town": "\u957f\u5f81\u9547", "circleNum": 2, "builtYear": "1979-1985", "builtHeight": 45, "storeNum": 15, "floorArea": 1626.84527285, "buildArea": 24402.6790928, "seiFort": "2", "keyFire": 0, "firehouseDist": 1, "pop": 4880}