{"buildingID": 2277, "county": "\u666e\u9640", "town": "\u6843\u6d66\u9547", "circleNum": 3, "builtYear": "1994", "builtHeight": 18, "storeNum": 6, "floorArea": 456.713721752, "buildArea": 2740.28233051, "seiFort": "2", "keyFire": 0, "firehouseDist": 3, "pop": 548}