{"buildingID": 22838, "county": "\u666e\u9640", "town": "\u66f9\u6768\u65b0\u6751\u8857\u9053", "circleNum": 1, "builtYear": "pre1978", "builtHeight": 49, "storeNum": 16, "floorArea": 259.310965762, "buildArea": 4148.97545219, "seiFort": "1", "keyFire": 0, "firehouseDist": 1, "pop": 165}