{"buildingID": 16601, "county": "\u666e\u9640", "town": "\u771f\u5982\u9547", "circleNum": 2, "builtYear": "1996", "builtHeight": 10, "storeNum": 3, "floorArea": 379.811171922, "buildArea": 1139.43351577, "seiFort": "2", "keyFire": 0, "firehouseDist": 1, "pop": 227}