{"buildingID": 7986, "county": "\u666e\u9640", "town": "\u771f\u5982\u9547", "circleNum": 2, "builtYear": "1991", "builtHeight": 17, "storeNum": 5, "floorArea": 367.284535045, "buildArea": 1836.42267522, "seiFort": "2", "keyFire": 0, "firehouseDist": 1, "pop": 367}