{"buildingID": 24764, "county": "\u666e\u9640", "town": "\u66f9\u6768\u65b0\u6751\u8857\u9053", "circleNum": 1, "builtYear": "pre1978", "builtHeight": 11, "storeNum": 3, "floorArea": 602.999686468, "buildArea": 1808.9990594, "seiFort": "1", "keyFire": 0, "firehouseDist": 1, "pop": 72}