{"buildingID": 21699, "county": "\u666e\u9640", "town": "\u66f9\u6768\u65b0\u6751\u8857\u9053", "circleNum": 1, "builtYear": "1987", "builtHeight": 110, "storeNum": 36, "floorArea": 135.681059233, "buildArea": 4884.51813239, "seiFort": "2", "keyFire": 0, "firehouseDist": 1, "pop": 976}