{"buildingID": 13357, "county": "\u666e\u9640", "town": "\u771f\u5982\u9547", "circleNum": 1, "builtYear": "pre1978", "builtHeight": 62, "storeNum": 20, "floorArea": 86.8196568747, "buildArea": 1736.39313749, "seiFort": "1", "keyFire": 1, "firehouseDist": 2, "pop": 69}