{"buildingID": 2461, "county": "\u666e\u9640", "town": "\u6843\u6d66\u9547", "circleNum": 3, "builtYear": "1987", "builtHeight": 6, "storeNum": 2, "floorArea": 3480.35112908, "buildArea": 6960.70225815, "seiFort": "2", "keyFire": 0, "firehouseDist": 3, "pop": 1392}