{"buildingID": 9332, "county": "\u666e\u9640", "town": "\u6843\u6d66\u9547", "circleNum": 2, "builtYear": "1996", "builtHeight": 15, "storeNum": 5, "floorArea": 705.232386149, "buildArea": 3526.16193074, "seiFort": "2", "keyFire": 0, "firehouseDist": 1, "pop": 705}