{"buildingID": 10657, "county": "\u666e\u9640", "town": "\u771f\u5982\u9547", "circleNum": 2, "builtYear": "2008", "builtHeight": 17, "storeNum": 5, "floorArea": 76.0228244157, "buildArea": 380.114122078, "seiFort": "3", "keyFire": 0, "firehouseDist": 2, "pop": 12}