{"buildingID": 15643, "county": "\u666e\u9640", "town": "\u5b9c\u5ddd\u8def\u8857\u9053", "circleNum": 0, "builtYear": "pre1978", "builtHeight": 104, "storeNum": 34, "floorArea": 1549.96173141, "buildArea": 52698.6988678, "seiFort": "1", "keyFire": 0, "firehouseDist": 1, "pop": 10539}