{"buildingID": 15359, "county": "\u666e\u9640", "town": "\u771f\u5982\u9547", "circleNum": 1, "builtYear": "1988", "builtHeight": 27, "storeNum": 9, "floorArea": 70.3335628239, "buildArea": 633.002065415, "seiFort": "2", "keyFire": 0, "firehouseDist": 1, "pop": 25}