{"buildingID": 22654, "county": "\u666e\u9640", "town": "\u66f9\u6768\u65b0\u6751\u8857\u9053", "circleNum": 1, "builtYear": "pre1978", "builtHeight": 66, "storeNum": 22, "floorArea": 90.4326311401, "buildArea": 1989.51788508, "seiFort": "1", "keyFire": 0, "firehouseDist": 1, "pop": 79}