{"buildingID": 10113, "county": "\u666e\u9640", "town": "\u771f\u5982\u9547", "circleNum": 2, "builtYear": "1979-1985", "builtHeight": 17, "storeNum": 5, "floorArea": 728.210874789, "buildArea": 3641.05437394, "seiFort": "2", "keyFire": 0, "firehouseDist": 2, "pop": 728}