{"buildingID": 13670, "county": "\u666e\u9640", "town": "\u771f\u5982\u9547", "circleNum": 2, "builtYear": "1994", "builtHeight": 15, "storeNum": 5, "floorArea": 1259.0283409, "buildArea": 6295.1417045, "seiFort": "2", "keyFire": 0, "firehouseDist": 2, "pop": 1259}