{"buildingID": 4745, "county": "\u666e\u9640", "town": "\u6843\u6d66\u9547", "circleNum": 2, "builtYear": "2010", "builtHeight": 36, "storeNum": 12, "floorArea": 194.150032925, "buildArea": 2329.8003951, "seiFort": "3", "keyFire": 0, "firehouseDist": 2, "pop": 465}