{"buildingID": 18753, "county": "\u666e\u9640", "town": "\u957f\u5f81\u9547", "circleNum": 2, "builtYear": "1979-1985", "builtHeight": 67, "storeNum": 22, "floorArea": 1176.10939637, "buildArea": 25874.4067201, "seiFort": "2", "keyFire": 0, "firehouseDist": 2, "pop": 5174}