{"buildingID": 22487, "county": "\u666e\u9640", "town": "\u77f3\u6cc9\u8def\u8857\u9053", "circleNum": 1, "builtYear": "1979-1985", "builtHeight": 12, "storeNum": 4, "floorArea": 526.507537441, "buildArea": 2106.03014976, "seiFort": "2", "keyFire": 0, "firehouseDist": 1, "pop": 421}