{"buildingID": 7980, "county": "\u666e\u9640", "town": "\u771f\u5982\u9547", "circleNum": 2, "builtYear": "1979-1985", "builtHeight": 17, "storeNum": 5, "floorArea": 1319.06702008, "buildArea": 6595.3351004, "seiFort": "2", "keyFire": 0, "firehouseDist": 1, "pop": 1319}