{"buildingID": 18244, "county": "\u666e\u9640", "town": "\u957f\u5f81\u9547", "circleNum": 2, "builtYear": "1987", "builtHeight": 19, "storeNum": 6, "floorArea": 967.128087365, "buildArea": 5802.76852419, "seiFort": "2", "keyFire": 0, "firehouseDist": 2, "pop": 1160}