{"buildingID": 3050, "county": "\u666e\u9640", "town": "\u6843\u6d66\u9547", "circleNum": 2, "builtYear": "1990", "builtHeight": 14, "storeNum": 4, "floorArea": 2581.60787907, "buildArea": 10326.4315163, "seiFort": "2", "keyFire": 0, "firehouseDist": 1, "pop": 2065}