{"buildingID": 4210, "county": "\u666e\u9640", "town": "\u6843\u6d66\u9547", "circleNum": 2, "builtYear": "2003", "builtHeight": 18, "storeNum": 6, "floorArea": 1428.16003678, "buildArea": 8568.96022069, "seiFort": "3", "keyFire": 0, "firehouseDist": 2, "pop": 1713}