{"buildingID": 19447, "county": "\u666e\u9640", "town": "\u957f\u5f81\u9547", "circleNum": 2, "builtYear": "1979-1985", "builtHeight": 18, "storeNum": 6, "floorArea": 3991.08541313, "buildArea": 23946.5124788, "seiFort": "2", "keyFire": 0, "firehouseDist": 3, "pop": 4789}