{"buildingID": 27257, "county": "\u666e\u9640", "town": "\u957f\u98ce\u65b0\u6751\u8857\u9053", "circleNum": 0, "builtYear": "1979-1985", "builtHeight": 3, "storeNum": 1, "floorArea": 215.556613913, "buildArea": 215.556613913, "seiFort": "2", "keyFire": 0, "firehouseDist": 2, "pop": 43}