{"buildingID": 14042, "county": "\u666e\u9640", "town": "\u771f\u5982\u9547", "circleNum": 2, "builtYear": "1991", "builtHeight": 15, "storeNum": 5, "floorArea": 1152.74975903, "buildArea": 5763.74879516, "seiFort": "2", "keyFire": 0, "firehouseDist": 1, "pop": 1152}