{"buildingID": 15533, "county": "\u666e\u9640", "town": "\u77f3\u6cc9\u8def\u8857\u9053", "circleNum": 1, "builtYear": "1996", "builtHeight": 77, "storeNum": 25, "floorArea": 58.2006395648, "buildArea": 1455.01598912, "seiFort": "2", "keyFire": 0, "firehouseDist": 1, "pop": 58}