{"buildingID": 25392, "county": "\u666e\u9640", "town": "\u957f\u5f81\u9547", "circleNum": 1, "builtYear": "1979-1985", "builtHeight": 3, "storeNum": 1, "floorArea": 375.494945135, "buildArea": 375.494945135, "seiFort": "2", "keyFire": 0, "firehouseDist": 2, "pop": 75}