{"buildingID": 4819, "county": "\u666e\u9640", "town": "\u6843\u6d66\u9547", "circleNum": 2, "builtYear": "2001", "builtHeight": 80, "storeNum": 26, "floorArea": 1128.16432006, "buildArea": 29332.2723217, "seiFort": "3", "keyFire": 0, "firehouseDist": 2, "pop": 5866}