{"buildingID": 26881, "county": "\u666e\u9640", "town": "\u957f\u5f81\u9547", "circleNum": 1, "builtYear": "1979-1985", "builtHeight": 9, "storeNum": 3, "floorArea": 53.0436280887, "buildArea": 159.130884266, "seiFort": "2", "keyFire": 0, "firehouseDist": 2, "pop": 6}