{"buildingID": 10264, "county": "\u666e\u9640", "town": "\u771f\u5982\u9547", "circleNum": 2, "builtYear": "2001", "builtHeight": 5, "storeNum": 1, "floorArea": 1308.71720516, "buildArea": 1308.71720516, "seiFort": "3", "keyFire": 0, "firehouseDist": 2, "pop": 261}