{"buildingID": 6377, "county": "\u666e\u9640", "town": "\u6843\u6d66\u9547", "circleNum": 2, "builtYear": "1997", "builtHeight": 13, "storeNum": 4, "floorArea": 910.756125368, "buildArea": 3643.02450147, "seiFort": "2", "keyFire": 0, "firehouseDist": 1, "pop": 728}