{"buildingID": 15755, "county": "\u666e\u9640", "town": "\u771f\u5982\u9547", "circleNum": 2, "builtYear": "1996", "builtHeight": 24, "storeNum": 8, "floorArea": 309.315200141, "buildArea": 2474.52160113, "seiFort": "2", "keyFire": 0, "firehouseDist": 1, "pop": 494}