{"buildingID": 23665, "county": "\u666e\u9640", "town": "\u66f9\u6768\u65b0\u6751\u8857\u9053", "circleNum": 1, "builtYear": "2012", "builtHeight": 3, "storeNum": 1, "floorArea": 215.923034537, "buildArea": 215.923034537, "seiFort": "3", "keyFire": 0, "firehouseDist": 1, "pop": 43}