{"buildingID": 26071, "county": "\u666e\u9640", "town": "\u957f\u5f81\u9547", "circleNum": 1, "builtYear": "1995", "builtHeight": 32, "storeNum": 10, "floorArea": 352.551608962, "buildArea": 3525.51608962, "seiFort": "2", "keyFire": 1, "firehouseDist": 2, "pop": 705}