{"buildingID": 21063, "county": "\u666e\u9640", "town": "\u77f3\u6cc9\u8def\u8857\u9053", "circleNum": 1, "builtYear": "1979-1985", "builtHeight": 9, "storeNum": 3, "floorArea": 159.237290565, "buildArea": 477.711871694, "seiFort": "2", "keyFire": 0, "firehouseDist": 2, "pop": 19}