{"buildingID": 4222, "county": "\u666e\u9640", "town": "\u6843\u6d66\u9547", "circleNum": 2, "builtYear": "2001", "builtHeight": 14, "storeNum": 4, "floorArea": 430.439978286, "buildArea": 1721.75991314, "seiFort": "3", "keyFire": 0, "firehouseDist": 3, "pop": 344}