{"buildingID": 11383, "county": "\u666e\u9640", "town": "\u771f\u5982\u9547", "circleNum": 1, "builtYear": "1988", "builtHeight": 17, "storeNum": 5, "floorArea": 1223.94575114, "buildArea": 6119.72875568, "seiFort": "2", "keyFire": 0, "firehouseDist": 2, "pop": 1223}