{"buildingID": 10396, "county": "\u666e\u9640", "town": "\u7518\u6cc9\u8def\u8857\u9053", "circleNum": 1, "builtYear": "pre1978", "builtHeight": 22, "storeNum": 7, "floorArea": 679.240680856, "buildArea": 4754.68476599, "seiFort": "1", "keyFire": 0, "firehouseDist": 2, "pop": 190}