{"buildingID": 27748, "county": "\u666e\u9640", "town": "\u957f\u98ce\u65b0\u6751\u8857\u9053", "circleNum": 1, "builtYear": "1997", "builtHeight": 10, "storeNum": 3, "floorArea": 348.798253016, "buildArea": 1046.39475905, "seiFort": "2", "keyFire": 0, "firehouseDist": 2, "pop": 209}