{"buildingID": 11770, "county": "\u666e\u9640", "town": "\u771f\u5982\u9547", "circleNum": 2, "builtYear": "1988", "builtHeight": 19, "storeNum": 6, "floorArea": 637.558906947, "buildArea": 3825.35344168, "seiFort": "2", "keyFire": 0, "firehouseDist": 2, "pop": 765}