{"buildingID": 28915, "county": "\u666e\u9640", "town": "\u957f\u98ce\u65b0\u6751\u8857\u9053", "circleNum": 1, "builtYear": "pre1978", "builtHeight": 23, "storeNum": 7, "floorArea": 884.288790343, "buildArea": 6190.0215324, "seiFort": "1", "keyFire": 1, "firehouseDist": 4, "pop": 247}