{"buildingID": 25799, "county": "\u666e\u9640", "town": "\u66f9\u6768\u65b0\u6751\u8857\u9053", "circleNum": 1, "builtYear": "1987", "builtHeight": 11, "storeNum": 3, "floorArea": 227.062307601, "buildArea": 681.186922804, "seiFort": "2", "keyFire": 0, "firehouseDist": 2, "pop": 136}