{"buildingID": 6220, "county": "\u666e\u9640", "town": "\u6843\u6d66\u9547", "circleNum": 2, "builtYear": "1995", "builtHeight": 58, "storeNum": 19, "floorArea": 153.086479754, "buildArea": 2908.64311532, "seiFort": "2", "keyFire": 0, "firehouseDist": 2, "pop": 96}