{"buildingID": 12422, "county": "\u666e\u9640", "town": "\u7518\u6cc9\u8def\u8857\u9053", "circleNum": 1, "builtYear": "pre1978", "builtHeight": 61, "storeNum": 20, "floorArea": 759.782545191, "buildArea": 15195.6509038, "seiFort": "1", "keyFire": 0, "firehouseDist": 2, "pop": 607}