{"buildingID": 12246, "county": "\u666e\u9640", "town": "\u771f\u5982\u9547", "circleNum": 1, "builtYear": "pre1978", "builtHeight": 17, "storeNum": 5, "floorArea": 1074.92427007, "buildArea": 5374.62135036, "seiFort": "1", "keyFire": 0, "firehouseDist": 1, "pop": 214}