{"buildingID": 27855, "county": "\u666e\u9640", "town": "\u957f\u98ce\u65b0\u6751\u8857\u9053", "circleNum": 1, "builtYear": "1987", "builtHeight": 15, "storeNum": 5, "floorArea": 248.949611417, "buildArea": 1244.74805708, "seiFort": "2", "keyFire": 0, "firehouseDist": 2, "pop": 248}