{"buildingID": 12035, "county": "\u666e\u9640", "town": "\u771f\u5982\u9547", "circleNum": 1, "builtYear": "pre1978", "builtHeight": 24, "storeNum": 8, "floorArea": 472.211849429, "buildArea": 3777.69479543, "seiFort": "1", "keyFire": 0, "firehouseDist": 2, "pop": 151}