{"buildingID": 22231, "county": "\u666e\u9640", "town": "\u957f\u5f81\u9547", "circleNum": 1, "builtYear": "1979-1985", "builtHeight": 15, "storeNum": 5, "floorArea": 751.904529105, "buildArea": 3759.52264553, "seiFort": "2", "keyFire": 0, "firehouseDist": 1, "pop": 751}