{"buildingID": 14789, "county": "\u666e\u9640", "town": "\u77f3\u6cc9\u8def\u8857\u9053", "circleNum": 1, "builtYear": "1979-1985", "builtHeight": 18, "storeNum": 6, "floorArea": 514.935070575, "buildArea": 3089.61042345, "seiFort": "2", "keyFire": 0, "firehouseDist": 2, "pop": 617}