{"buildingID": 22469, "county": "\u666e\u9640", "town": "\u77f3\u6cc9\u8def\u8857\u9053", "circleNum": 1, "builtYear": "1979-1985", "builtHeight": 25, "storeNum": 8, "floorArea": 442.587906031, "buildArea": 3540.70324824, "seiFort": "2", "keyFire": 0, "firehouseDist": 1, "pop": 708}