{"buildingID": 25888, "county": "\u666e\u9640", "town": "\u66f9\u6768\u65b0\u6751\u8857\u9053", "circleNum": 1, "builtYear": "1979-1985", "builtHeight": 6, "storeNum": 2, "floorArea": 21.5872003548, "buildArea": 43.1744007096, "seiFort": "2", "keyFire": 0, "firehouseDist": 2, "pop": 1}