{"buildingID": 21502, "county": "\u666e\u9640", "town": "\u77f3\u6cc9\u8def\u8857\u9053", "circleNum": 1, "builtYear": "1996", "builtHeight": 7, "storeNum": 2, "floorArea": 274.374814665, "buildArea": 548.749629329, "seiFort": "2", "keyFire": 0, "firehouseDist": 2, "pop": 109}