{"buildingID": 15323, "county": "\u666e\u9640", "town": "\u77f3\u6cc9\u8def\u8857\u9053", "circleNum": 1, "builtYear": "pre1978", "builtHeight": 15, "storeNum": 5, "floorArea": 925.822842505, "buildArea": 4629.11421252, "seiFort": "1", "keyFire": 0, "firehouseDist": 2, "pop": 185}