{"buildingID": 16972, "county": "\u666e\u9640", "town": "\u77f3\u6cc9\u8def\u8857\u9053", "circleNum": 1, "builtYear": "pre1978", "builtHeight": 15, "storeNum": 5, "floorArea": 1399.47795226, "buildArea": 6997.38976128, "seiFort": "1", "keyFire": 0, "firehouseDist": 2, "pop": 279}