{"buildingID": 20747, "county": "\u666e\u9640", "town": "\u957f\u5bff\u8def\u8857\u9053", "circleNum": 0, "builtYear": "1979-1985", "builtHeight": 89, "storeNum": 29, "floorArea": 1041.36671473, "buildArea": 30199.6347272, "seiFort": "2", "keyFire": 0, "firehouseDist": 1, "pop": 6039}