{"buildingID": 21399, "county": "\u666e\u9640", "town": "\u771f\u5982\u9547", "circleNum": 1, "builtYear": "1979-1985", "builtHeight": 16, "storeNum": 5, "floorArea": 493.74138248, "buildArea": 2468.7069124, "seiFort": "2", "keyFire": 0, "firehouseDist": 1, "pop": 493}