{"buildingID": 2579, "county": "\u666e\u9640", "town": "\u6843\u6d66\u9547", "circleNum": 2, "builtYear": "2009", "builtHeight": 32, "storeNum": 10, "floorArea": 630.359604133, "buildArea": 6303.59604133, "seiFort": "3", "keyFire": 0, "firehouseDist": 1, "pop": 1260}