{"buildingID": 27023, "county": "\u666e\u9640", "town": "\u957f\u98ce\u65b0\u6751\u8857\u9053", "circleNum": 0, "builtYear": "2002", "builtHeight": 104, "storeNum": 34, "floorArea": 466.803870713, "buildArea": 15871.3316043, "seiFort": "3", "keyFire": 0, "firehouseDist": 1, "pop": 3174}