{"buildingID": 14256, "county": "\u666e\u9640", "town": "\u77f3\u6cc9\u8def\u8857\u9053", "circleNum": 1, "builtYear": "1979-1985", "builtHeight": 84, "storeNum": 28, "floorArea": 1490.3229137, "buildArea": 41729.0415836, "seiFort": "2", "keyFire": 0, "firehouseDist": 2, "pop": 8345}