{"buildingID": 25712, "county": "\u666e\u9640", "town": "\u957f\u5bff\u8def\u8857\u9053", "circleNum": 0, "builtYear": "pre1978", "builtHeight": 117, "storeNum": 39, "floorArea": 991.282293299, "buildArea": 38660.0094387, "seiFort": "1", "keyFire": 0, "firehouseDist": 1, "pop": 7732}