{"buildingID": 26281, "county": "\u666e\u9640", "town": "\u957f\u98ce\u65b0\u6751\u8857\u9053", "circleNum": 0, "builtYear": "pre1978", "builtHeight": 8, "storeNum": 2, "floorArea": 139.700944531, "buildArea": 279.401889062, "seiFort": "1", "keyFire": 0, "firehouseDist": 2, "pop": 13}