{"buildingID": 11000, "county": "\u666e\u9640", "town": "\u771f\u5982\u9547", "circleNum": 1, "builtYear": "pre1978", "builtHeight": 79, "storeNum": 26, "floorArea": 114.321774817, "buildArea": 2972.36614524, "seiFort": "1", "keyFire": 0, "firehouseDist": 1, "pop": 118}