{"buildingID": 26429, "county": "\u666e\u9640", "town": "\u957f\u98ce\u65b0\u6751\u8857\u9053", "circleNum": 1, "builtYear": "2012", "builtHeight": 6, "storeNum": 2, "floorArea": 234.984848519, "buildArea": 469.969697038, "seiFort": "3", "keyFire": 0, "firehouseDist": 3, "pop": 93}