{"buildingID": 7941, "county": "\u666e\u9640", "town": "\u7518\u6cc9\u8def\u8857\u9053", "circleNum": 1, "builtYear": "2010", "builtHeight": 46, "storeNum": 15, "floorArea": 99.3100404734, "buildArea": 1489.6506071, "seiFort": "3", "keyFire": 0, "firehouseDist": 3, "pop": 59}