{"buildingID": 27275, "county": "\u666e\u9640", "town": "\u957f\u98ce\u65b0\u6751\u8857\u9053", "circleNum": 0, "builtYear": "pre1978", "builtHeight": 7, "storeNum": 2, "floorArea": 319.56206086, "buildArea": 639.12412172, "seiFort": "1", "keyFire": 0, "firehouseDist": 2, "pop": 31}