{"buildingID": 8239, "county": "\u666e\u9640", "town": "\u6843\u6d66\u9547", "circleNum": 2, "builtYear": "2017", "builtHeight": 12, "storeNum": 4, "floorArea": 427.243309381, "buildArea": 1708.97323752, "seiFort": "3", "keyFire": 0, "firehouseDist": 1, "pop": 341}