{"buildingID": 25852, "county": "\u666e\u9640", "town": "\u66f9\u6768\u65b0\u6751\u8857\u9053", "circleNum": 1, "builtYear": "pre1978", "builtHeight": 14, "storeNum": 4, "floorArea": 522.518406169, "buildArea": 2090.07362467, "seiFort": "1", "keyFire": 0, "firehouseDist": 2, "pop": 83}