{"buildingID": 7885, "county": "\u666e\u9640", "town": "\u771f\u5982\u9547", "circleNum": 1, "builtYear": "1979-1985", "builtHeight": 23, "storeNum": 7, "floorArea": 1090.80449896, "buildArea": 7635.63149275, "seiFort": "2", "keyFire": 0, "firehouseDist": 2, "pop": 1527}