{"buildingID": 28104, "county": "\u666e\u9640", "town": "\u957f\u98ce\u65b0\u6751\u8857\u9053", "circleNum": 0, "builtYear": "pre1978", "builtHeight": 28, "storeNum": 9, "floorArea": 154.695760909, "buildArea": 1392.26184818, "seiFort": "1", "keyFire": 0, "firehouseDist": 1, "pop": 69}