{"buildingID": 4982, "county": "\u666e\u9640", "town": "\u6843\u6d66\u9547", "circleNum": 2, "builtYear": "2006", "builtHeight": 35, "storeNum": 11, "floorArea": 363.144710794, "buildArea": 3994.59181873, "seiFort": "3", "keyFire": 0, "firehouseDist": 1, "pop": 798}