{"buildingID": 13626, "county": "\u666e\u9640", "town": "\u771f\u5982\u9547", "circleNum": 1, "builtYear": "1992", "builtHeight": 16, "storeNum": 5, "floorArea": 470.192926732, "buildArea": 2350.96463366, "seiFort": "2", "keyFire": 0, "firehouseDist": 2, "pop": 470}