{"buildingID": 7256, "county": "\u666e\u9640", "town": "\u6843\u6d66\u9547", "circleNum": 2, "builtYear": "1988", "builtHeight": 18, "storeNum": 6, "floorArea": 1578.14318091, "buildArea": 9468.85908543, "seiFort": "2", "keyFire": 0, "firehouseDist": 2, "pop": 1893}