{"buildingID": 9820, "county": "\u666e\u9640", "town": "\u771f\u5982\u9547", "circleNum": 1, "builtYear": "1989", "builtHeight": 17, "storeNum": 5, "floorArea": 771.996713367, "buildArea": 3859.98356683, "seiFort": "2", "keyFire": 0, "firehouseDist": 2, "pop": 771}