{"buildingID": 24829, "county": "\u666e\u9640", "town": "\u957f\u5bff\u8def\u8857\u9053", "circleNum": 0, "builtYear": "1979-1985", "builtHeight": 16, "storeNum": 5, "floorArea": 9941.05509922, "buildArea": 49705.2754961, "seiFort": "2", "keyFire": 0, "firehouseDist": 1, "pop": 9941}