{"buildingID": 8663, "county": "\u666e\u9640", "town": "\u7518\u6cc9\u8def\u8857\u9053", "circleNum": 1, "builtYear": "1979-1985", "builtHeight": 8, "storeNum": 2, "floorArea": 171.582861367, "buildArea": 343.165722733, "seiFort": "2", "keyFire": 0, "firehouseDist": 3, "pop": 13}