{"buildingID": 26426, "county": "\u666e\u9640", "town": "\u957f\u98ce\u65b0\u6751\u8857\u9053", "circleNum": 1, "builtYear": "2010", "builtHeight": 9, "storeNum": 3, "floorArea": 1152.33680558, "buildArea": 3457.01041674, "seiFort": "3", "keyFire": 0, "firehouseDist": 3, "pop": 691}