{"buildingID": 15363, "county": "\u666e\u9640", "town": "\u771f\u5982\u9547", "circleNum": 1, "builtYear": "1992", "builtHeight": 20, "storeNum": 6, "floorArea": 181.872784819, "buildArea": 1091.23670891, "seiFort": "2", "keyFire": 0, "firehouseDist": 2, "pop": 218}