{"buildingID": 10675, "county": "\u666e\u9640", "town": "\u771f\u5982\u9547", "circleNum": 2, "builtYear": "1994", "builtHeight": 19, "storeNum": 6, "floorArea": 771.428369859, "buildArea": 4628.57021915, "seiFort": "2", "keyFire": 0, "firehouseDist": 2, "pop": 925}