{"buildingID": 12351, "county": "\u666e\u9640", "town": "\u7518\u6cc9\u8def\u8857\u9053", "circleNum": 1, "builtYear": "1987", "builtHeight": 21, "storeNum": 7, "floorArea": 265.796650282, "buildArea": 1860.57655197, "seiFort": "2", "keyFire": 0, "firehouseDist": 2, "pop": 372}