{"buildingID": 19941, "county": "\u666e\u9640", "town": "\u957f\u98ce\u65b0\u6751\u8857\u9053", "circleNum": 0, "builtYear": "pre1978", "builtHeight": 14, "storeNum": 4, "floorArea": 719.023483063, "buildArea": 2876.09393225, "seiFort": "1", "keyFire": 0, "firehouseDist": 1, "pop": 143}