{"buildingID": 28682, "county": "\u666e\u9640", "town": "\u957f\u98ce\u65b0\u6751\u8857\u9053", "circleNum": 1, "builtYear": "pre1978", "builtHeight": 45, "storeNum": 15, "floorArea": 344.57263932, "buildArea": 5168.5895898, "seiFort": "1", "keyFire": 0, "firehouseDist": 3, "pop": 206}