{"buildingID": 12253, "county": "\u666e\u9640", "town": "\u771f\u5982\u9547", "circleNum": 1, "builtYear": "1987", "builtHeight": 33, "storeNum": 11, "floorArea": 412.294084576, "buildArea": 4535.23493034, "seiFort": "2", "keyFire": 0, "firehouseDist": 1, "pop": 907}