{"buildingID": 2533, "county": "\u666e\u9640", "town": "\u6843\u6d66\u9547", "circleNum": 2, "builtYear": "1996", "builtHeight": 13, "storeNum": 4, "floorArea": 277.517897456, "buildArea": 1110.07158983, "seiFort": "2", "keyFire": 0, "firehouseDist": 2, "pop": 222}