{"buildingID": 11286, "county": "\u666e\u9640", "town": "\u771f\u5982\u9547", "circleNum": 2, "builtYear": "1979-1985", "builtHeight": 16, "storeNum": 5, "floorArea": 579.02699596, "buildArea": 2895.1349798, "seiFort": "2", "keyFire": 0, "firehouseDist": 2, "pop": 579}