{"buildingID": 6657, "county": "\u666e\u9640", "town": "\u6843\u6d66\u9547", "circleNum": 2, "builtYear": "2010", "builtHeight": 17, "storeNum": 5, "floorArea": 389.436140186, "buildArea": 1947.18070093, "seiFort": "3", "keyFire": 0, "firehouseDist": 1, "pop": 389}