{"buildingID": 27884, "county": "\u666e\u9640", "town": "\u957f\u98ce\u65b0\u6751\u8857\u9053", "circleNum": 0, "builtYear": "1990", "builtHeight": 9, "storeNum": 3, "floorArea": 836.117960747, "buildArea": 2508.35388224, "seiFort": "2", "keyFire": 0, "firehouseDist": 2, "pop": 501}