{"buildingID": 16827, "county": "\u666e\u9640", "town": "\u771f\u5982\u9547", "circleNum": 1, "builtYear": "pre1978", "builtHeight": 30, "storeNum": 10, "floorArea": 52.7346097694, "buildArea": 527.346097694, "seiFort": "1", "keyFire": 0, "firehouseDist": 1, "pop": 21}