{"buildingID": 9407, "county": "\u666e\u9640", "town": "\u957f\u5f81\u9547", "circleNum": 1, "builtYear": "1994", "builtHeight": 54, "storeNum": 18, "floorArea": 494.961113937, "buildArea": 8909.30005087, "seiFort": "2", "keyFire": 0, "firehouseDist": 1, "pop": 1781}