{"buildingID": 16753, "county": "\u666e\u9640", "town": "\u77f3\u6cc9\u8def\u8857\u9053", "circleNum": 1, "builtYear": "pre1978", "builtHeight": 74, "storeNum": 24, "floorArea": 1085.67237209, "buildArea": 26056.1369301, "seiFort": "1", "keyFire": 0, "firehouseDist": 2, "pop": 1042}