{"buildingID": 10991, "county": "\u666e\u9640", "town": "\u771f\u5982\u9547", "circleNum": 1, "builtYear": "pre1978", "builtHeight": 80, "storeNum": 26, "floorArea": 116.30842558, "buildArea": 3024.01906507, "seiFort": "1", "keyFire": 0, "firehouseDist": 2, "pop": 120}