{"buildingID": 5385, "county": "\u666e\u9640", "town": "\u6843\u6d66\u9547", "circleNum": 2, "builtYear": "1996", "builtHeight": 15, "storeNum": 5, "floorArea": 680.753046921, "buildArea": 3403.76523461, "seiFort": "2", "keyFire": 0, "firehouseDist": 1, "pop": 680}