{"buildingID": 6654, "county": "\u666e\u9640", "town": "\u6843\u6d66\u9547", "circleNum": 2, "builtYear": "1992", "builtHeight": 43, "storeNum": 14, "floorArea": 740.521938578, "buildArea": 10367.3071401, "seiFort": "2", "keyFire": 0, "firehouseDist": 1, "pop": 2073}