{"buildingID": 27822, "county": "\u666e\u9640", "town": "\u957f\u98ce\u65b0\u6751\u8857\u9053", "circleNum": 1, "builtYear": "1979-1985", "builtHeight": 5, "storeNum": 1, "floorArea": 1400.54793587, "buildArea": 1400.54793587, "seiFort": "2", "keyFire": 0, "firehouseDist": 2, "pop": 280}