{"buildingID": 21743, "county": "\u666e\u9640", "town": "\u66f9\u6768\u65b0\u6751\u8857\u9053", "circleNum": 1, "builtYear": "pre1978", "builtHeight": 7, "storeNum": 2, "floorArea": 64.8280049578, "buildArea": 129.656009916, "seiFort": "1", "keyFire": 0, "firehouseDist": 1, "pop": 5}