{"buildingID": 22059, "county": "\u666e\u9640", "town": "\u957f\u5bff\u8def\u8857\u9053", "circleNum": 0, "builtYear": "1979-1985", "builtHeight": 20, "storeNum": 6, "floorArea": 410.071939732, "buildArea": 2460.43163839, "seiFort": "2", "keyFire": 0, "firehouseDist": 1, "pop": 492}