{"buildingID": 18667, "county": "\u666e\u9640", "town": "\u957f\u98ce\u65b0\u6751\u8857\u9053", "circleNum": 1, "builtYear": "pre1978", "builtHeight": 27, "storeNum": 9, "floorArea": 246.624301071, "buildArea": 2219.61870964, "seiFort": "1", "keyFire": 0, "firehouseDist": 3, "pop": 88}