{"buildingID": 10132, "county": "\u666e\u9640", "town": "\u771f\u5982\u9547", "circleNum": 2, "builtYear": "1993", "builtHeight": 16, "storeNum": 5, "floorArea": 1016.24930012, "buildArea": 5081.24650059, "seiFort": "2", "keyFire": 0, "firehouseDist": 2, "pop": 1016}