{"buildingID": 15474, "county": "\u666e\u9640", "town": "\u77f3\u6cc9\u8def\u8857\u9053", "circleNum": 1, "builtYear": "pre1978", "builtHeight": 15, "storeNum": 5, "floorArea": 626.931294068, "buildArea": 3134.65647034, "seiFort": "1", "keyFire": 0, "firehouseDist": 2, "pop": 125}