{"buildingID": 10042, "county": "\u666e\u9640", "town": "\u7518\u6cc9\u8def\u8857\u9053", "circleNum": 1, "builtYear": "1979-1985", "builtHeight": 18, "storeNum": 6, "floorArea": 320.456355163, "buildArea": 1922.73813098, "seiFort": "2", "keyFire": 0, "firehouseDist": 3, "pop": 384}