{"buildingID": 14232, "county": "\u666e\u9640", "town": "\u77f3\u6cc9\u8def\u8857\u9053", "circleNum": 1, "builtYear": "2011", "builtHeight": 8, "storeNum": 2, "floorArea": 372.924599678, "buildArea": 745.849199355, "seiFort": "3", "keyFire": 0, "firehouseDist": 3, "pop": 149}