{"buildingID": 8774, "county": "\u666e\u9640", "town": "\u6843\u6d66\u9547", "circleNum": 2, "builtYear": "1997", "builtHeight": 19, "storeNum": 6, "floorArea": 1224.85928069, "buildArea": 7349.15568412, "seiFort": "2", "keyFire": 0, "firehouseDist": 2, "pop": 1469}