{"buildingID": 1186, "county": "\u666e\u9640", "town": "\u6843\u6d66\u9547", "circleNum": 3, "builtYear": "1996", "builtHeight": 18, "storeNum": 6, "floorArea": 833.988626219, "buildArea": 5003.93175731, "seiFort": "2", "keyFire": 0, "firehouseDist": 4, "pop": 1000}