{"buildingID": 20338, "county": "\u666e\u9640", "town": "\u771f\u5982\u9547", "circleNum": 2, "builtYear": "1989", "builtHeight": 9, "storeNum": 3, "floorArea": 211.752470489, "buildArea": 635.257411468, "seiFort": "2", "keyFire": 0, "firehouseDist": 1, "pop": 127}