{"buildingID": 12488, "county": "\u666e\u9640", "town": "\u77f3\u6cc9\u8def\u8857\u9053", "circleNum": 1, "builtYear": "1979-1985", "builtHeight": 12, "storeNum": 4, "floorArea": 805.21106289, "buildArea": 3220.84425156, "seiFort": "2", "keyFire": 0, "firehouseDist": 3, "pop": 644}