{"buildingID": 12242, "county": "\u666e\u9640", "town": "\u77f3\u6cc9\u8def\u8857\u9053", "circleNum": 1, "builtYear": "1989", "builtHeight": 5, "storeNum": 1, "floorArea": 719.233640873, "buildArea": 719.233640873, "seiFort": "2", "keyFire": 0, "firehouseDist": 2, "pop": 143}