{"buildingID": 1135, "county": "\u666e\u9640", "town": "\u6843\u6d66\u9547", "circleNum": 3, "builtYear": "2007", "builtHeight": 6, "storeNum": 2, "floorArea": 4768.53014252, "buildArea": 9537.06028504, "seiFort": "3", "keyFire": 0, "firehouseDist": 5, "pop": 1907}