{"buildingID": 21280, "county": "\u666e\u9640", "town": "\u957f\u5f81\u9547", "circleNum": 2, "builtYear": "1979-1985", "builtHeight": 21, "storeNum": 7, "floorArea": 973.272984415, "buildArea": 6812.91089091, "seiFort": "2", "keyFire": 0, "firehouseDist": 1, "pop": 1362}