{"buildingID": 3457, "county": "\u666e\u9640", "town": "\u6843\u6d66\u9547", "circleNum": 3, "builtYear": "2002", "builtHeight": 18, "storeNum": 6, "floorArea": 894.467875149, "buildArea": 5366.80725089, "seiFort": "3", "keyFire": 0, "firehouseDist": 3, "pop": 1073}