{"buildingID": 19876, "county": "\u666e\u9640", "town": "\u957f\u5f81\u9547", "circleNum": 2, "builtYear": "1979-1985", "builtHeight": 4, "storeNum": 1, "floorArea": 559.903548252, "buildArea": 559.903548252, "seiFort": "2", "keyFire": 0, "firehouseDist": 4, "pop": 111}