{"buildingID": 19966, "county": "\u666e\u9640", "town": "\u66f9\u6768\u65b0\u6751\u8857\u9053", "circleNum": 1, "builtYear": "1979-1985", "builtHeight": 10, "storeNum": 3, "floorArea": 1074.77003149, "buildArea": 3224.31009447, "seiFort": "2", "keyFire": 0, "firehouseDist": 1, "pop": 644}