{"buildingID": 13979, "county": "\u666e\u9640", "town": "\u771f\u5982\u9547", "circleNum": 2, "builtYear": "1993", "builtHeight": 10, "storeNum": 3, "floorArea": 534.047625927, "buildArea": 1602.14287778, "seiFort": "2", "keyFire": 0, "firehouseDist": 1, "pop": 320}