{"buildingID": 11188, "county": "\u666e\u9640", "town": "\u771f\u5982\u9547", "circleNum": 2, "builtYear": "1996", "builtHeight": 10, "storeNum": 3, "floorArea": 179.109479976, "buildArea": 537.328439927, "seiFort": "2", "keyFire": 0, "firehouseDist": 2, "pop": 17}