{"buildingID": 16271, "county": "\u666e\u9640", "town": "\u5b9c\u5ddd\u8def\u8857\u9053", "circleNum": 0, "builtYear": "pre1978", "builtHeight": 104, "storeNum": 34, "floorArea": 527.275713067, "buildArea": 17927.3742443, "seiFort": "1", "keyFire": 0, "firehouseDist": 1, "pop": 3585}