{"buildingID": 12357, "county": "\u666e\u9640", "town": "\u7518\u6cc9\u8def\u8857\u9053", "circleNum": 1, "builtYear": "1987", "builtHeight": 22, "storeNum": 7, "floorArea": 743.204100885, "buildArea": 5202.42870619, "seiFort": "2", "keyFire": 0, "firehouseDist": 2, "pop": 1040}