{"buildingID": 15476, "county": "\u666e\u9640", "town": "\u77f3\u6cc9\u8def\u8857\u9053", "circleNum": 1, "builtYear": "1979-1985", "builtHeight": 11, "storeNum": 3, "floorArea": 494.217505899, "buildArea": 1482.6525177, "seiFort": "2", "keyFire": 0, "firehouseDist": 2, "pop": 296}