{"buildingID": 13661, "county": "\u666e\u9640", "town": "\u771f\u5982\u9547", "circleNum": 2, "builtYear": "1993", "builtHeight": 13, "storeNum": 4, "floorArea": 824.441614156, "buildArea": 3297.76645662, "seiFort": "2", "keyFire": 0, "firehouseDist": 2, "pop": 659}