{"buildingID": 17048, "county": "\u666e\u9640", "town": "\u957f\u5bff\u8def\u8857\u9053", "circleNum": 0, "builtYear": "1989", "builtHeight": 18, "storeNum": 6, "floorArea": 1294.06147714, "buildArea": 7764.36886286, "seiFort": "2", "keyFire": 0, "firehouseDist": 1, "pop": 1552}