{"buildingID": 4368, "county": "\u666e\u9640", "town": "\u6843\u6d66\u9547", "circleNum": 2, "builtYear": "pre1978", "builtHeight": 66, "storeNum": 22, "floorArea": 878.319520715, "buildArea": 19323.0294557, "seiFort": "1", "keyFire": 0, "firehouseDist": 2, "pop": 644}