{"buildingID": 16123, "county": "\u666e\u9640", "town": "\u77f3\u6cc9\u8def\u8857\u9053", "circleNum": 1, "builtYear": "pre1978", "builtHeight": 65, "storeNum": 21, "floorArea": 63.7351320433, "buildArea": 1338.43777291, "seiFort": "1", "keyFire": 0, "firehouseDist": 1, "pop": 53}