{"buildingID": 25509, "county": "\u666e\u9640", "town": "\u66f9\u6768\u65b0\u6751\u8857\u9053", "circleNum": 1, "builtYear": "1990", "builtHeight": 13, "storeNum": 4, "floorArea": 194.923895315, "buildArea": 779.695581261, "seiFort": "2", "keyFire": 0, "firehouseDist": 1, "pop": 155}