{"buildingID": 8232, "county": "\u666e\u9640", "town": "\u6843\u6d66\u9547", "circleNum": 2, "builtYear": "1979-1985", "builtHeight": 4, "storeNum": 1, "floorArea": 511.102442159, "buildArea": 511.102442159, "seiFort": "2", "keyFire": 0, "firehouseDist": 1, "pop": 102}