{"buildingID": 2064, "county": "\u666e\u9640", "town": "\u6843\u6d66\u9547", "circleNum": 2, "builtYear": "1979-1985", "builtHeight": 6, "storeNum": 2, "floorArea": 243.746830817, "buildArea": 487.493661635, "seiFort": "2", "keyFire": 0, "firehouseDist": 2, "pop": 97}