{"buildingID": 29176, "county": "\u666e\u9640", "town": "\u957f\u98ce\u65b0\u6751\u8857\u9053", "circleNum": 1, "builtYear": "1979-1985", "builtHeight": 15, "storeNum": 5, "floorArea": 856.814392005, "buildArea": 4284.07196003, "seiFort": "2", "keyFire": 0, "firehouseDist": 3, "pop": 856}