{"buildingID": 27980, "county": "\u666e\u9640", "town": "\u957f\u98ce\u65b0\u6751\u8857\u9053", "circleNum": 1, "builtYear": "1989", "builtHeight": 6, "storeNum": 2, "floorArea": 29.5978614523, "buildArea": 59.1957229047, "seiFort": "2", "keyFire": 0, "firehouseDist": 2, "pop": 2}