{"buildingID": 28121, "county": "\u666e\u9640", "town": "\u957f\u98ce\u65b0\u6751\u8857\u9053", "circleNum": 0, "builtYear": "pre1978", "builtHeight": 25, "storeNum": 8, "floorArea": 1030.58820058, "buildArea": 8244.70560467, "seiFort": "1", "keyFire": 0, "firehouseDist": 1, "pop": 412}