{"buildingID": 7010, "county": "\u666e\u9640", "town": "\u6843\u6d66\u9547", "circleNum": 2, "builtYear": "2007", "builtHeight": 12, "storeNum": 4, "floorArea": 210.165131021, "buildArea": 840.660524082, "seiFort": "3", "keyFire": 0, "firehouseDist": 1, "pop": 168}