{"buildingID": 9333, "county": "\u666e\u9640", "town": "\u771f\u5982\u9547", "circleNum": 1, "builtYear": "1994", "builtHeight": 15, "storeNum": 5, "floorArea": 394.013464856, "buildArea": 1970.06732428, "seiFort": "2", "keyFire": 0, "firehouseDist": 1, "pop": 394}