{"buildingID": 8754, "county": "\u666e\u9640", "town": "\u7518\u6cc9\u8def\u8857\u9053", "circleNum": 1, "builtYear": "1994", "builtHeight": 47, "storeNum": 15, "floorArea": 706.744743779, "buildArea": 10601.1711567, "seiFort": "2", "keyFire": 0, "firehouseDist": 3, "pop": 2120}