{"buildingID": 18021, "county": "\u666e\u9640", "town": "\u957f\u5f81\u9547", "circleNum": 2, "builtYear": "2000", "builtHeight": 49, "storeNum": 16, "floorArea": 627.273773468, "buildArea": 10036.3803755, "seiFort": "3", "keyFire": 0, "firehouseDist": 1, "pop": 2007}