{"buildingID": 12610, "county": "\u666e\u9640", "town": "\u771f\u5982\u9547", "circleNum": 2, "builtYear": "1979-1985", "builtHeight": 17, "storeNum": 5, "floorArea": 748.871451079, "buildArea": 3744.3572554, "seiFort": "2", "keyFire": 0, "firehouseDist": 2, "pop": 748}