{"buildingID": 12047, "county": "\u666e\u9640", "town": "\u771f\u5982\u9547", "circleNum": 1, "builtYear": "pre1978", "builtHeight": 44, "storeNum": 14, "floorArea": 257.25469509, "buildArea": 3601.56573126, "seiFort": "1", "keyFire": 0, "firehouseDist": 2, "pop": 144}