{"buildingID": 9618, "county": "\u666e\u9640", "town": "\u7518\u6cc9\u8def\u8857\u9053", "circleNum": 1, "builtYear": "1979-1985", "builtHeight": 18, "storeNum": 6, "floorArea": 161.13790791, "buildArea": 966.827447459, "seiFort": "2", "keyFire": 0, "firehouseDist": 3, "pop": 38}