{"buildingID": 16444, "county": "\u666e\u9640", "town": "\u77f3\u6cc9\u8def\u8857\u9053", "circleNum": 1, "builtYear": "1988", "builtHeight": 9, "storeNum": 3, "floorArea": 455.325485622, "buildArea": 1365.97645687, "seiFort": "2", "keyFire": 0, "firehouseDist": 1, "pop": 273}