{"buildingID": 10663, "county": "\u666e\u9640", "town": "\u771f\u5982\u9547", "circleNum": 2, "builtYear": "1999", "builtHeight": 24, "storeNum": 8, "floorArea": 2939.4023839, "buildArea": 23515.2190712, "seiFort": "2", "keyFire": 0, "firehouseDist": 2, "pop": 4703}