{"buildingID": 3215, "county": "\u666e\u9640", "town": "\u6843\u6d66\u9547", "circleNum": 2, "builtYear": "1988", "builtHeight": 15, "storeNum": 5, "floorArea": 618.712219955, "buildArea": 3093.56109977, "seiFort": "2", "keyFire": 0, "firehouseDist": 2, "pop": 618}