{"buildingID": 4410, "county": "\u666e\u9640", "town": "\u6843\u6d66\u9547", "circleNum": 2, "builtYear": "2017", "builtHeight": 3, "storeNum": 1, "floorArea": 9311.73240839, "buildArea": 9311.73240839, "seiFort": "3", "keyFire": 0, "firehouseDist": 2, "pop": 1862}