{"buildingID": 21448, "county": "\u666e\u9640", "town": "\u771f\u5982\u9547", "circleNum": 1, "builtYear": "1979-1985", "builtHeight": 18, "storeNum": 6, "floorArea": 3647.29938177, "buildArea": 21883.7962906, "seiFort": "2", "keyFire": 0, "firehouseDist": 1, "pop": 4376}