{"buildingID": 2504, "county": "\u666e\u9640", "town": "\u6843\u6d66\u9547", "circleNum": 2, "builtYear": "1995", "builtHeight": 15, "storeNum": 5, "floorArea": 935.914224648, "buildArea": 4679.57112324, "seiFort": "2", "keyFire": 0, "firehouseDist": 2, "pop": 935}