{"buildingID": 628, "county": "\u666e\u9640", "town": "\u6843\u6d66\u9547", "circleNum": 2, "builtYear": "1992", "builtHeight": 15, "storeNum": 5, "floorArea": 1845.49867706, "buildArea": 9227.49338529, "seiFort": "2", "keyFire": 0, "firehouseDist": 1, "pop": 1845}