{"buildingID": 15679, "county": "\u666e\u9640", "town": "\u771f\u5982\u9547", "circleNum": 2, "builtYear": "1996", "builtHeight": 20, "storeNum": 6, "floorArea": 839.538976531, "buildArea": 5037.23385918, "seiFort": "2", "keyFire": 0, "firehouseDist": 1, "pop": 1007}