{"buildingID": 20665, "county": "\u666e\u9640", "town": "\u77f3\u6cc9\u8def\u8857\u9053", "circleNum": 1, "builtYear": "1979-1985", "builtHeight": 6, "storeNum": 2, "floorArea": 410.075252278, "buildArea": 820.150504555, "seiFort": "2", "keyFire": 1, "firehouseDist": 2, "pop": 164}