{"buildingID": 16331, "county": "\u666e\u9640", "town": "\u771f\u5982\u9547", "circleNum": 2, "builtYear": "pre1978", "builtHeight": 12, "storeNum": 4, "floorArea": 830.237168815, "buildArea": 3320.94867526, "seiFort": "1", "keyFire": 0, "firehouseDist": 1, "pop": 110}