{"buildingID": 12619, "county": "\u666e\u9640", "town": "\u771f\u5982\u9547", "circleNum": 2, "builtYear": "1997", "builtHeight": 14, "storeNum": 4, "floorArea": 220.316364827, "buildArea": 881.265459308, "seiFort": "2", "keyFire": 0, "firehouseDist": 2, "pop": 176}