{"buildingID": 7879, "county": "\u666e\u9640", "town": "\u771f\u5982\u9547", "circleNum": 1, "builtYear": "1988", "builtHeight": 48, "storeNum": 16, "floorArea": 53.1774148853, "buildArea": 850.838638166, "seiFort": "2", "keyFire": 0, "firehouseDist": 2, "pop": 34}