{"buildingID": 12954, "county": "\u666e\u9640", "town": "\u771f\u5982\u9547", "circleNum": 1, "builtYear": "1979-1985", "builtHeight": 48, "storeNum": 16, "floorArea": 252.756015823, "buildArea": 4044.09625317, "seiFort": "2", "keyFire": 0, "firehouseDist": 2, "pop": 808}