{"buildingID": 14126, "county": "\u666e\u9640", "town": "\u77f3\u6cc9\u8def\u8857\u9053", "circleNum": 1, "builtYear": "1991", "builtHeight": 6, "storeNum": 2, "floorArea": 555.899203129, "buildArea": 1111.79840626, "seiFort": "2", "keyFire": 0, "firehouseDist": 2, "pop": 222}