{"buildingID": 21358, "county": "\u666e\u9640", "town": "\u771f\u5982\u9547", "circleNum": 1, "builtYear": "1996", "builtHeight": 20, "storeNum": 6, "floorArea": 331.381877783, "buildArea": 1988.2912667, "seiFort": "2", "keyFire": 0, "firehouseDist": 1, "pop": 397}