{"buildingID": 9377, "county": "\u666e\u9640", "town": "\u957f\u5f81\u9547", "circleNum": 1, "builtYear": "1979-1985", "builtHeight": 5, "storeNum": 1, "floorArea": 1196.78329001, "buildArea": 1196.78329001, "seiFort": "2", "keyFire": 0, "firehouseDist": 1, "pop": 239}