{"buildingID": 16340, "county": "\u666e\u9640", "town": "\u771f\u5982\u9547", "circleNum": 2, "builtYear": "1979-1985", "builtHeight": 46, "storeNum": 15, "floorArea": 104.967528121, "buildArea": 1574.51292182, "seiFort": "2", "keyFire": 0, "firehouseDist": 1, "pop": 52}