{"buildingID": 5529, "county": "\u666e\u9640", "town": "\u6843\u6d66\u9547", "circleNum": 2, "builtYear": "1992", "builtHeight": 15, "storeNum": 5, "floorArea": 532.066111913, "buildArea": 2660.33055957, "seiFort": "2", "keyFire": 0, "firehouseDist": 2, "pop": 532}