{"buildingID": 23181, "county": "\u666e\u9640", "town": "\u957f\u5bff\u8def\u8857\u9053", "circleNum": 0, "builtYear": "pre1978", "builtHeight": 117, "storeNum": 39, "floorArea": 1777.89462343, "buildArea": 69337.8903136, "seiFort": "1", "keyFire": 1, "firehouseDist": 1, "pop": 13867}