{"buildingID": 25424, "county": "\u666e\u9640", "town": "\u66f9\u6768\u65b0\u6751\u8857\u9053", "circleNum": 1, "builtYear": "pre1978", "builtHeight": 68, "storeNum": 22, "floorArea": 221.492251972, "buildArea": 4872.82954338, "seiFort": "1", "keyFire": 0, "firehouseDist": 1, "pop": 194}