{"buildingID": 13974, "county": "\u666e\u9640", "town": "\u771f\u5982\u9547", "circleNum": 2, "builtYear": "1992", "builtHeight": 13, "storeNum": 4, "floorArea": 551.461517195, "buildArea": 2205.84606878, "seiFort": "2", "keyFire": 0, "firehouseDist": 1, "pop": 441}