{"buildingID": 17813, "county": "\u666e\u9640", "town": "\u957f\u5bff\u8def\u8857\u9053", "circleNum": 0, "builtYear": "1989", "builtHeight": 18, "storeNum": 6, "floorArea": 5219.06039065, "buildArea": 31314.3623439, "seiFort": "2", "keyFire": 1, "firehouseDist": 1, "pop": 6262}