{"buildingID": 12623, "county": "\u666e\u9640", "town": "\u771f\u5982\u9547", "circleNum": 2, "builtYear": "1992", "builtHeight": 14, "storeNum": 4, "floorArea": 797.451649135, "buildArea": 3189.80659654, "seiFort": "2", "keyFire": 0, "firehouseDist": 2, "pop": 637}