{"buildingID": 18725, "county": "\u666e\u9640", "town": "\u957f\u5f81\u9547", "circleNum": 2, "builtYear": "1979-1985", "builtHeight": 8, "storeNum": 2, "floorArea": 6245.22712612, "buildArea": 12490.4542522, "seiFort": "2", "keyFire": 0, "firehouseDist": 3, "pop": 2498}