{"buildingID": 20046, "county": "\u666e\u9640", "town": "\u66f9\u6768\u65b0\u6751\u8857\u9053", "circleNum": 1, "builtYear": "1987", "builtHeight": 7, "storeNum": 2, "floorArea": 290.158434246, "buildArea": 580.316868492, "seiFort": "2", "keyFire": 0, "firehouseDist": 1, "pop": 116}