{"buildingID": 12943, "county": "\u666e\u9640", "town": "\u771f\u5982\u9547", "circleNum": 1, "builtYear": "1997", "builtHeight": 48, "storeNum": 16, "floorArea": 946.727216939, "buildArea": 15147.635471, "seiFort": "2", "keyFire": 0, "firehouseDist": 2, "pop": 3029}