{"buildingID": 6796, "county": "\u666e\u9640", "town": "\u957f\u5f81\u9547", "circleNum": 1, "builtYear": "1997", "builtHeight": 43, "storeNum": 14, "floorArea": 967.187551008, "buildArea": 13540.6257141, "seiFort": "2", "keyFire": 0, "firehouseDist": 1, "pop": 2708}