{"buildingID": 25441, "county": "\u666e\u9640", "town": "\u66f9\u6768\u65b0\u6751\u8857\u9053", "circleNum": 1, "builtYear": "1979-1985", "builtHeight": 14, "storeNum": 4, "floorArea": 1276.98446712, "buildArea": 5107.93786847, "seiFort": "2", "keyFire": 0, "firehouseDist": 1, "pop": 1021}