{"buildingID": 17082, "county": "\u666e\u9640", "town": "\u77f3\u6cc9\u8def\u8857\u9053", "circleNum": 1, "builtYear": "pre1978", "builtHeight": 18, "storeNum": 6, "floorArea": 686.674784656, "buildArea": 4120.04870793, "seiFort": "1", "keyFire": 0, "firehouseDist": 1, "pop": 164}