{"buildingID": 5570, "county": "\u666e\u9640", "town": "\u6843\u6d66\u9547", "circleNum": 2, "builtYear": "1995", "builtHeight": 16, "storeNum": 5, "floorArea": 1127.15320625, "buildArea": 5635.76603125, "seiFort": "2", "keyFire": 0, "firehouseDist": 2, "pop": 1127}