{"buildingID": 19809, "county": "\u666e\u9640", "town": "\u957f\u5f81\u9547", "circleNum": 2, "builtYear": "1979-1985", "builtHeight": 6, "storeNum": 2, "floorArea": 399.161813856, "buildArea": 798.323627713, "seiFort": "2", "keyFire": 0, "firehouseDist": 4, "pop": 159}