{"buildingID": 8725, "county": "\u666e\u9640", "town": "\u7518\u6cc9\u8def\u8857\u9053", "circleNum": 1, "builtYear": "2017", "builtHeight": 16, "storeNum": 5, "floorArea": 331.425565563, "buildArea": 1657.12782781, "seiFort": "3", "keyFire": 0, "firehouseDist": 3, "pop": 331}