{"buildingID": 29192, "county": "\u666e\u9640", "town": "\u957f\u98ce\u65b0\u6751\u8857\u9053", "circleNum": 1, "builtYear": "pre1978", "builtHeight": 9, "storeNum": 3, "floorArea": 95.4076561694, "buildArea": 286.222968508, "seiFort": "1", "keyFire": 0, "firehouseDist": 3, "pop": 11}