{"buildingID": 2136, "county": "\u666e\u9640", "town": "\u6843\u6d66\u9547", "circleNum": 3, "builtYear": "1997", "builtHeight": 54, "storeNum": 18, "floorArea": 342.98056658, "buildArea": 6173.65019844, "seiFort": "2", "keyFire": 0, "firehouseDist": 3, "pop": 1234}