{"buildingID": 17907, "county": "\u666e\u9640", "town": "\u957f\u5f81\u9547", "circleNum": 2, "builtYear": "2001", "builtHeight": 55, "storeNum": 18, "floorArea": 831.094588261, "buildArea": 14959.7025887, "seiFort": "3", "keyFire": 0, "firehouseDist": 1, "pop": 2991}