{"buildingID": 4840, "county": "\u666e\u9640", "town": "\u6843\u6d66\u9547", "circleNum": 2, "builtYear": "2002", "builtHeight": 62, "storeNum": 20, "floorArea": 643.35803342, "buildArea": 12867.1606684, "seiFort": "3", "keyFire": 0, "firehouseDist": 2, "pop": 2573}