{"buildingID": 10473, "county": "\u666e\u9640", "town": "\u7518\u6cc9\u8def\u8857\u9053", "circleNum": 1, "builtYear": "1999", "builtHeight": 23, "storeNum": 7, "floorArea": 1322.96370201, "buildArea": 9260.74591404, "seiFort": "2", "keyFire": 1, "firehouseDist": 2, "pop": 1852}