{"buildingID": 15587, "county": "\u666e\u9640", "town": "\u77f3\u6cc9\u8def\u8857\u9053", "circleNum": 1, "builtYear": "pre1978", "builtHeight": 17, "storeNum": 5, "floorArea": 514.499597828, "buildArea": 2572.49798914, "seiFort": "1", "keyFire": 0, "firehouseDist": 1, "pop": 102}