{"buildingID": 6274, "county": "\u666e\u9640", "town": "\u6843\u6d66\u9547", "circleNum": 2, "builtYear": "pre1978", "builtHeight": 40, "storeNum": 13, "floorArea": 795.253321494, "buildArea": 10338.2931794, "seiFort": "1", "keyFire": 0, "firehouseDist": 2, "pop": 344}