{"buildingID": 6199, "county": "\u666e\u9640", "town": "\u6843\u6d66\u9547", "circleNum": 2, "builtYear": "1987", "builtHeight": 19, "storeNum": 6, "floorArea": 619.878935995, "buildArea": 3719.27361597, "seiFort": "2", "keyFire": 0, "firehouseDist": 2, "pop": 743}