{"buildingID": 15190, "county": "\u666e\u9640", "town": "\u771f\u5982\u9547", "circleNum": 1, "builtYear": "1996", "builtHeight": 6, "storeNum": 2, "floorArea": 412.759066477, "buildArea": 825.518132954, "seiFort": "2", "keyFire": 0, "firehouseDist": 1, "pop": 165}