{"buildingID": 22369, "county": "\u666e\u9640", "town": "\u66f9\u6768\u65b0\u6751\u8857\u9053", "circleNum": 1, "builtYear": "pre1978", "builtHeight": 52, "storeNum": 17, "floorArea": 1109.12926282, "buildArea": 18855.197468, "seiFort": "1", "keyFire": 0, "firehouseDist": 2, "pop": 754}