{"buildingID": 15092, "county": "\u666e\u9640", "town": "\u771f\u5982\u9547", "circleNum": 2, "builtYear": "2017", "builtHeight": 24, "storeNum": 8, "floorArea": 46.0588905226, "buildArea": 368.471124181, "seiFort": "3", "keyFire": 0, "firehouseDist": 1, "pop": 12}