{"buildingID": 10240, "county": "\u666e\u9640", "town": "\u771f\u5982\u9547", "circleNum": 2, "builtYear": "2003", "builtHeight": 54, "storeNum": 18, "floorArea": 34.5388304035, "buildArea": 621.698947263, "seiFort": "3", "keyFire": 0, "firehouseDist": 2, "pop": 20}