{"buildingID": 5082, "county": "\u666e\u9640", "town": "\u6843\u6d66\u9547", "circleNum": 2, "builtYear": "2005", "builtHeight": 16, "storeNum": 5, "floorArea": 504.929593928, "buildArea": 2524.64796964, "seiFort": "3", "keyFire": 0, "firehouseDist": 2, "pop": 504}