{"buildingID": 23702, "county": "\u666e\u9640", "town": "\u66f9\u6768\u65b0\u6751\u8857\u9053", "circleNum": 1, "builtYear": "1979-1985", "builtHeight": 19, "storeNum": 6, "floorArea": 1684.06104433, "buildArea": 10104.366266, "seiFort": "2", "keyFire": 0, "firehouseDist": 1, "pop": 2020}