{"buildingID": 12780, "county": "\u666e\u9640", "town": "\u771f\u5982\u9547", "circleNum": 1, "builtYear": "1979-1985", "builtHeight": 18, "storeNum": 6, "floorArea": 1062.82042499, "buildArea": 6376.92254991, "seiFort": "2", "keyFire": 1, "firehouseDist": 2, "pop": 1275}