{"buildingID": 10636, "county": "\u666e\u9640", "town": "\u6843\u6d66\u9547", "circleNum": 2, "builtYear": "2002", "builtHeight": 6, "storeNum": 2, "floorArea": 384.518367179, "buildArea": 769.036734357, "seiFort": "3", "keyFire": 0, "firehouseDist": 2, "pop": 153}