{"buildingID": 6207, "county": "\u666e\u9640", "town": "\u6843\u6d66\u9547", "circleNum": 2, "builtYear": "1998", "builtHeight": 50, "storeNum": 16, "floorArea": 88.2150606717, "buildArea": 1411.44097075, "seiFort": "2", "keyFire": 0, "firehouseDist": 1, "pop": 47}