{"buildingID": 12634, "county": "\u666e\u9640", "town": "\u771f\u5982\u9547", "circleNum": 2, "builtYear": "1993", "builtHeight": 12, "storeNum": 4, "floorArea": 302.890669685, "buildArea": 1211.56267874, "seiFort": "2", "keyFire": 0, "firehouseDist": 2, "pop": 242}