{"buildingID": 17531, "county": "\u666e\u9640", "town": "\u957f\u5f81\u9547", "circleNum": 2, "builtYear": "1979-1985", "builtHeight": 5, "storeNum": 1, "floorArea": 577.518006979, "buildArea": 577.518006979, "seiFort": "2", "keyFire": 0, "firehouseDist": 4, "pop": 115}