{"buildingID": 9491, "county": "\u666e\u9640", "town": "\u957f\u5f81\u9547", "circleNum": 1, "builtYear": "1979-1985", "builtHeight": 18, "storeNum": 6, "floorArea": 2139.05689338, "buildArea": 12834.3413603, "seiFort": "2", "keyFire": 1, "firehouseDist": 2, "pop": 2566}