{"buildingID": 24896, "county": "\u666e\u9640", "town": "\u66f9\u6768\u65b0\u6751\u8857\u9053", "circleNum": 1, "builtYear": "pre1978", "builtHeight": 11, "storeNum": 3, "floorArea": 308.057781706, "buildArea": 924.173345118, "seiFort": "1", "keyFire": 0, "firehouseDist": 2, "pop": 36}