{"buildingID": 14089, "county": "\u666e\u9640", "town": "\u771f\u5982\u9547", "circleNum": 1, "builtYear": "pre1978", "builtHeight": 48, "storeNum": 16, "floorArea": 1315.70303587, "buildArea": 21051.2485738, "seiFort": "1", "keyFire": 0, "firehouseDist": 2, "pop": 842}