{"buildingID": 20893, "county": "\u666e\u9640", "town": "\u77f3\u6cc9\u8def\u8857\u9053", "circleNum": 1, "builtYear": "1979-1985", "builtHeight": 9, "storeNum": 3, "floorArea": 105.499285374, "buildArea": 316.497856122, "seiFort": "2", "keyFire": 0, "firehouseDist": 2, "pop": 12}