{"buildingID": 14589, "county": "\u666e\u9640", "town": "\u771f\u5982\u9547", "circleNum": 1, "builtYear": "1995", "builtHeight": 22, "storeNum": 7, "floorArea": 236.934152676, "buildArea": 1658.53906873, "seiFort": "2", "keyFire": 0, "firehouseDist": 2, "pop": 331}