{"buildingID": 16653, "county": "\u666e\u9640", "town": "\u957f\u5bff\u8def\u8857\u9053", "circleNum": 0, "builtYear": "pre1978", "builtHeight": 101, "storeNum": 33, "floorArea": 1441.61757514, "buildArea": 47573.3799796, "seiFort": "1", "keyFire": 0, "firehouseDist": 1, "pop": 9514}