{"buildingID": 10071, "county": "\u666e\u9640", "town": "\u771f\u5982\u9547", "circleNum": 2, "builtYear": "2008", "builtHeight": 18, "storeNum": 6, "floorArea": 426.892455604, "buildArea": 2561.35473362, "seiFort": "3", "keyFire": 0, "firehouseDist": 2, "pop": 512}