{"buildingID": 13494, "county": "\u666e\u9640", "town": "\u771f\u5982\u9547", "circleNum": 2, "builtYear": "pre1978", "builtHeight": 67, "storeNum": 22, "floorArea": 779.852430701, "buildArea": 17156.7534754, "seiFort": "1", "keyFire": 0, "firehouseDist": 2, "pop": 571}