{"buildingID": 11050, "county": "\u666e\u9640", "town": "\u7518\u6cc9\u8def\u8857\u9053", "circleNum": 1, "builtYear": "1986", "builtHeight": 21, "storeNum": 7, "floorArea": 278.338046985, "buildArea": 1948.3663289, "seiFort": "2", "keyFire": 0, "firehouseDist": 2, "pop": 389}