{"buildingID": 16604, "county": "\u666e\u9640", "town": "\u771f\u5982\u9547", "circleNum": 2, "builtYear": "2017", "builtHeight": 22, "storeNum": 7, "floorArea": 252.191783995, "buildArea": 1765.34248797, "seiFort": "3", "keyFire": 0, "firehouseDist": 1, "pop": 353}