{"buildingID": 10773, "county": "\u666e\u9640", "town": "\u771f\u5982\u9547", "circleNum": 1, "builtYear": "1994", "builtHeight": 5, "storeNum": 1, "floorArea": 786.297041625, "buildArea": 786.297041625, "seiFort": "2", "keyFire": 0, "firehouseDist": 2, "pop": 157}