{"buildingID": 18049, "county": "\u666e\u9640", "town": "\u957f\u5f81\u9547", "circleNum": 2, "builtYear": "2000", "builtHeight": 39, "storeNum": 13, "floorArea": 367.722087632, "buildArea": 4780.38713921, "seiFort": "3", "keyFire": 0, "firehouseDist": 2, "pop": 956}