{"buildingID": 23495, "county": "\u666e\u9640", "town": "\u957f\u5f81\u9547", "circleNum": 1, "builtYear": "2010", "builtHeight": 33, "storeNum": 11, "floorArea": 310.092660973, "buildArea": 3411.01927071, "seiFort": "3", "keyFire": 0, "firehouseDist": 1, "pop": 682}