{"buildingID": 15135, "county": "\u666e\u9640", "town": "\u771f\u5982\u9547", "circleNum": 2, "builtYear": "1999", "builtHeight": 33, "storeNum": 11, "floorArea": 71.4854044702, "buildArea": 786.339449173, "seiFort": "2", "keyFire": 0, "firehouseDist": 1, "pop": 26}