{"buildingID": 8090, "county": "\u666e\u9640", "town": "\u7518\u6cc9\u8def\u8857\u9053", "circleNum": 1, "builtYear": "pre1978", "builtHeight": 21, "storeNum": 7, "floorArea": 773.988498953, "buildArea": 5417.91949267, "seiFort": "1", "keyFire": 0, "firehouseDist": 2, "pop": 216}