{"buildingID": 9637, "county": "\u666e\u9640", "town": "\u7518\u6cc9\u8def\u8857\u9053", "circleNum": 1, "builtYear": "1991", "builtHeight": 20, "storeNum": 6, "floorArea": 1640.26683816, "buildArea": 9841.60102898, "seiFort": "2", "keyFire": 0, "firehouseDist": 3, "pop": 1968}