{"buildingID": 19187, "county": "\u666e\u9640", "town": "\u957f\u5f81\u9547", "circleNum": 2, "builtYear": "1979-1985", "builtHeight": 13, "storeNum": 4, "floorArea": 1606.89241418, "buildArea": 6427.56965673, "seiFort": "2", "keyFire": 0, "firehouseDist": 3, "pop": 1285}