{"buildingID": 4941, "county": "\u666e\u9640", "town": "\u771f\u5982\u9547", "circleNum": 2, "builtYear": "1995", "builtHeight": 23, "storeNum": 7, "floorArea": 537.525386203, "buildArea": 3762.67770342, "seiFort": "2", "keyFire": 0, "firehouseDist": 1, "pop": 752}