{"buildingID": 11340, "county": "\u666e\u9640", "town": "\u7518\u6cc9\u8def\u8857\u9053", "circleNum": 1, "builtYear": "1979-1985", "builtHeight": 6, "storeNum": 2, "floorArea": 128.601250515, "buildArea": 257.202501029, "seiFort": "2", "keyFire": 0, "firehouseDist": 3, "pop": 10}