{"buildingID": 16145, "county": "\u666e\u9640", "town": "\u77f3\u6cc9\u8def\u8857\u9053", "circleNum": 1, "builtYear": "1995", "builtHeight": 40, "storeNum": 13, "floorArea": 930.646668568, "buildArea": 12098.4066914, "seiFort": "2", "keyFire": 0, "firehouseDist": 2, "pop": 2419}