{"buildingID": 27756, "county": "\u666e\u9640", "town": "\u957f\u98ce\u65b0\u6751\u8857\u9053", "circleNum": 1, "builtYear": "1979-1985", "builtHeight": 11, "storeNum": 3, "floorArea": 674.091905598, "buildArea": 2022.27571679, "seiFort": "2", "keyFire": 0, "firehouseDist": 2, "pop": 404}