{"buildingID": 4380, "county": "\u666e\u9640", "town": "\u6843\u6d66\u9547", "circleNum": 2, "builtYear": "2007", "builtHeight": 22, "storeNum": 7, "floorArea": 804.838632388, "buildArea": 5633.87042672, "seiFort": "3", "keyFire": 0, "firehouseDist": 2, "pop": 1126}