{"buildingID": 18862, "county": "\u666e\u9640", "town": "\u957f\u5f81\u9547", "circleNum": 2, "builtYear": "1979-1985", "builtHeight": 31, "storeNum": 10, "floorArea": 637.545568186, "buildArea": 6375.45568186, "seiFort": "2", "keyFire": 0, "firehouseDist": 2, "pop": 1275}