{"buildingID": 14228, "county": "\u666e\u9640", "town": "\u77f3\u6cc9\u8def\u8857\u9053", "circleNum": 1, "builtYear": "1991", "builtHeight": 9, "storeNum": 3, "floorArea": 1967.75077914, "buildArea": 5903.25233742, "seiFort": "2", "keyFire": 0, "firehouseDist": 2, "pop": 1180}