{"buildingID": 16347, "county": "\u666e\u9640", "town": "\u771f\u5982\u9547", "circleNum": 2, "builtYear": "1997", "builtHeight": 22, "storeNum": 7, "floorArea": 668.436281043, "buildArea": 4679.0539673, "seiFort": "2", "keyFire": 0, "firehouseDist": 1, "pop": 935}