{"buildingID": 20328, "county": "\u666e\u9640", "town": "\u957f\u5f81\u9547", "circleNum": 2, "builtYear": "1979-1985", "builtHeight": 15, "storeNum": 5, "floorArea": 733.068061266, "buildArea": 3665.34030633, "seiFort": "2", "keyFire": 0, "firehouseDist": 1, "pop": 733}