{"buildingID": 25246, "county": "\u666e\u9640", "town": "\u957f\u5f81\u9547", "circleNum": 1, "builtYear": "1994", "builtHeight": 18, "storeNum": 6, "floorArea": 1106.11678784, "buildArea": 6636.70072704, "seiFort": "2", "keyFire": 0, "firehouseDist": 2, "pop": 1327}