{"buildingID": 20256, "county": "\u666e\u9640", "town": "\u77f3\u6cc9\u8def\u8857\u9053", "circleNum": 1, "builtYear": "2000", "builtHeight": 3, "storeNum": 1, "floorArea": 1415.24497668, "buildArea": 1415.24497668, "seiFort": "3", "keyFire": 0, "firehouseDist": 1, "pop": 283}