{"buildingID": 15127, "county": "\u666e\u9640", "town": "\u771f\u5982\u9547", "circleNum": 2, "builtYear": "1999", "builtHeight": 33, "storeNum": 11, "floorArea": 200.447780444, "buildArea": 2204.92558488, "seiFort": "2", "keyFire": 0, "firehouseDist": 1, "pop": 440}