{"buildingID": 15770, "county": "\u666e\u9640", "town": "\u771f\u5982\u9547", "circleNum": 2, "builtYear": "1996", "builtHeight": 18, "storeNum": 6, "floorArea": 594.183153564, "buildArea": 3565.09892138, "seiFort": "2", "keyFire": 0, "firehouseDist": 1, "pop": 713}