{"buildingID": 28251, "county": "\u666e\u9640", "town": "\u957f\u98ce\u65b0\u6751\u8857\u9053", "circleNum": 1, "builtYear": "pre1978", "builtHeight": 7, "storeNum": 2, "floorArea": 225.41279272, "buildArea": 450.82558544, "seiFort": "1", "keyFire": 0, "firehouseDist": 3, "pop": 18}