{"buildingID": 9588, "county": "\u666e\u9640", "town": "\u7518\u6cc9\u8def\u8857\u9053", "circleNum": 1, "builtYear": "pre1978", "builtHeight": 16, "storeNum": 5, "floorArea": 955.123013936, "buildArea": 4775.61506968, "seiFort": "1", "keyFire": 0, "firehouseDist": 3, "pop": 191}