{"buildingID": 15825, "county": "\u666e\u9640", "town": "\u77f3\u6cc9\u8def\u8857\u9053", "circleNum": 1, "builtYear": "pre1978", "builtHeight": 16, "storeNum": 5, "floorArea": 1642.10937125, "buildArea": 8210.54685625, "seiFort": "1", "keyFire": 0, "firehouseDist": 2, "pop": 328}