{"buildingID": 18304, "county": "\u666e\u9640", "town": "\u957f\u5f81\u9547", "circleNum": 2, "builtYear": "2001", "builtHeight": 20, "storeNum": 6, "floorArea": 1358.81411834, "buildArea": 8152.88471006, "seiFort": "3", "keyFire": 0, "firehouseDist": 2, "pop": 1630}