{"buildingID": 14568, "county": "\u666e\u9640", "town": "\u771f\u5982\u9547", "circleNum": 2, "builtYear": "1979-1985", "builtHeight": 61, "storeNum": 20, "floorArea": 800.160527461, "buildArea": 16003.2105492, "seiFort": "2", "keyFire": 0, "firehouseDist": 1, "pop": 3200}