{"buildingID": 5520, "county": "\u666e\u9640", "town": "\u6843\u6d66\u9547", "circleNum": 2, "builtYear": "2015", "builtHeight": 14, "storeNum": 4, "floorArea": 528.244907327, "buildArea": 2112.97962931, "seiFort": "3", "keyFire": 0, "firehouseDist": 2, "pop": 422}