{"buildingID": 23572, "county": "\u666e\u9640", "town": "\u66f9\u6768\u65b0\u6751\u8857\u9053", "circleNum": 1, "builtYear": "1998", "builtHeight": 17, "storeNum": 5, "floorArea": 432.560618669, "buildArea": 2162.80309335, "seiFort": "2", "keyFire": 0, "firehouseDist": 1, "pop": 432}