{"buildingID": 18804, "county": "\u666e\u9640", "town": "\u957f\u5f81\u9547", "circleNum": 2, "builtYear": "1979-1985", "builtHeight": 17, "storeNum": 5, "floorArea": 623.085614094, "buildArea": 3115.42807047, "seiFort": "2", "keyFire": 0, "firehouseDist": 3, "pop": 623}