{"buildingID": 10380, "county": "\u666e\u9640", "town": "\u7518\u6cc9\u8def\u8857\u9053", "circleNum": 1, "builtYear": "pre1978", "builtHeight": 18, "storeNum": 6, "floorArea": 232.818781823, "buildArea": 1396.91269094, "seiFort": "1", "keyFire": 0, "firehouseDist": 2, "pop": 55}