{"buildingID": 26523, "county": "\u666e\u9640", "town": "\u957f\u98ce\u65b0\u6751\u8857\u9053", "circleNum": 0, "builtYear": "pre1978", "builtHeight": 72, "storeNum": 24, "floorArea": 398.46300786, "buildArea": 9563.11218863, "seiFort": "1", "keyFire": 0, "firehouseDist": 1, "pop": 478}