{"buildingID": 28726, "county": "\u666e\u9640", "town": "\u957f\u98ce\u65b0\u6751\u8857\u9053", "circleNum": 1, "builtYear": "1979-1985", "builtHeight": 40, "storeNum": 13, "floorArea": 550.772356812, "buildArea": 7160.04063856, "seiFort": "2", "keyFire": 0, "firehouseDist": 3, "pop": 1432}