{"buildingID": 13111, "county": "\u666e\u9640", "town": "\u7518\u6cc9\u8def\u8857\u9053", "circleNum": 1, "builtYear": "1989", "builtHeight": 17, "storeNum": 5, "floorArea": 502.049477276, "buildArea": 2510.24738638, "seiFort": "2", "keyFire": 0, "firehouseDist": 2, "pop": 502}