{"buildingID": 9893, "county": "\u666e\u9640", "town": "\u7518\u6cc9\u8def\u8857\u9053", "circleNum": 1, "builtYear": "1979-1985", "builtHeight": 18, "storeNum": 6, "floorArea": 1248.8231709, "buildArea": 7492.93902538, "seiFort": "2", "keyFire": 0, "firehouseDist": 2, "pop": 1498}