{"buildingID": 23177, "county": "\u666e\u9640", "town": "\u957f\u5bff\u8def\u8857\u9053", "circleNum": 0, "builtYear": "pre1978", "builtHeight": 100, "storeNum": 33, "floorArea": 765.412430805, "buildArea": 25258.6102166, "seiFort": "1", "keyFire": 1, "firehouseDist": 1, "pop": 5051}