{"buildingID": 22584, "county": "\u666e\u9640", "town": "\u957f\u5f81\u9547", "circleNum": 2, "builtYear": "1998", "builtHeight": 19, "storeNum": 6, "floorArea": 1097.75267827, "buildArea": 6586.51606963, "seiFort": "2", "keyFire": 0, "firehouseDist": 2, "pop": 1317}