{"buildingID": 14580, "county": "\u666e\u9640", "town": "\u771f\u5982\u9547", "circleNum": 1, "builtYear": "1987", "builtHeight": 6, "storeNum": 2, "floorArea": 575.996145192, "buildArea": 1151.99229038, "seiFort": "2", "keyFire": 0, "firehouseDist": 2, "pop": 230}