{"buildingID": 17351, "county": "\u666e\u9640", "town": "\u957f\u5f81\u9547", "circleNum": 2, "builtYear": "1996", "builtHeight": 20, "storeNum": 6, "floorArea": 842.553260679, "buildArea": 5055.31956408, "seiFort": "2", "keyFire": 0, "firehouseDist": 2, "pop": 1011}