{"buildingID": 12770, "county": "\u666e\u9640", "town": "\u771f\u5982\u9547", "circleNum": 1, "builtYear": "1988", "builtHeight": 12, "storeNum": 4, "floorArea": 76.7856948383, "buildArea": 307.142779353, "seiFort": "2", "keyFire": 0, "firehouseDist": 2, "pop": 12}