{"buildingID": 14566, "county": "\u666e\u9640", "town": "\u771f\u5982\u9547", "circleNum": 2, "builtYear": "1999", "builtHeight": 73, "storeNum": 24, "floorArea": 108.035659266, "buildArea": 2592.85582239, "seiFort": "2", "keyFire": 0, "firehouseDist": 1, "pop": 86}