{"buildingID": 10048, "county": "\u666e\u9640", "town": "\u6843\u6d66\u9547", "circleNum": 2, "builtYear": "2001", "builtHeight": 11, "storeNum": 3, "floorArea": 19555.8067695, "buildArea": 58667.4203085, "seiFort": "3", "keyFire": 0, "firehouseDist": 2, "pop": 11733}