{"buildingID": 13659, "county": "\u666e\u9640", "town": "\u771f\u5982\u9547", "circleNum": 2, "builtYear": "1996", "builtHeight": 13, "storeNum": 4, "floorArea": 233.477323434, "buildArea": 933.909293738, "seiFort": "2", "keyFire": 0, "firehouseDist": 1, "pop": 186}