{"buildingID": 28743, "county": "\u666e\u9640", "town": "\u957f\u98ce\u65b0\u6751\u8857\u9053", "circleNum": 1, "builtYear": "pre1978", "builtHeight": 11, "storeNum": 3, "floorArea": 507.841870603, "buildArea": 1523.52561181, "seiFort": "1", "keyFire": 0, "firehouseDist": 3, "pop": 60}