{"buildingID": 11212, "county": "\u666e\u9640", "town": "\u7518\u6cc9\u8def\u8857\u9053", "circleNum": 1, "builtYear": "pre1978", "builtHeight": 10, "storeNum": 3, "floorArea": 253.005456952, "buildArea": 759.016370855, "seiFort": "1", "keyFire": 0, "firehouseDist": 2, "pop": 30}