{"buildingID": 19538, "county": "\u666e\u9640", "town": "\u957f\u5f81\u9547", "circleNum": 2, "builtYear": "1979-1985", "builtHeight": 5, "storeNum": 1, "floorArea": 568.107765129, "buildArea": 568.107765129, "seiFort": "2", "keyFire": 0, "firehouseDist": 4, "pop": 113}