{"buildingID": 26382, "county": "\u666e\u9640", "town": "\u957f\u5bff\u8def\u8857\u9053", "circleNum": 0, "builtYear": "pre1978", "builtHeight": 31, "storeNum": 10, "floorArea": 10251.8740881, "buildArea": 102518.740881, "seiFort": "1", "keyFire": 0, "firehouseDist": 1, "pop": 5125}