{"buildingID": 10990, "county": "\u666e\u9640", "town": "\u771f\u5982\u9547", "circleNum": 1, "builtYear": "pre1978", "builtHeight": 65, "storeNum": 21, "floorArea": 387.650076421, "buildArea": 8140.65160483, "seiFort": "1", "keyFire": 0, "firehouseDist": 2, "pop": 325}