{"buildingID": 14572, "county": "\u666e\u9640", "town": "\u771f\u5982\u9547", "circleNum": 2, "builtYear": "2010", "builtHeight": 36, "storeNum": 12, "floorArea": 98.9869014497, "buildArea": 1187.8428174, "seiFort": "3", "keyFire": 0, "firehouseDist": 1, "pop": 39}