{"buildingID": 13837, "county": "\u666e\u9640", "town": "\u77f3\u6cc9\u8def\u8857\u9053", "circleNum": 1, "builtYear": "1991", "builtHeight": 98, "storeNum": 32, "floorArea": 271.392049738, "buildArea": 8684.54559162, "seiFort": "2", "keyFire": 0, "firehouseDist": 3, "pop": 1736}