{"buildingID": 2667, "county": "\u666e\u9640", "town": "\u6843\u6d66\u9547", "circleNum": 2, "builtYear": "1994", "builtHeight": 24, "storeNum": 8, "floorArea": 700.373636385, "buildArea": 5602.98909108, "seiFort": "2", "keyFire": 0, "firehouseDist": 1, "pop": 1120}