{"buildingID": 21386, "county": "\u666e\u9640", "town": "\u771f\u5982\u9547", "circleNum": 1, "builtYear": "1979-1985", "builtHeight": 8, "storeNum": 2, "floorArea": 1598.53711655, "buildArea": 3197.07423311, "seiFort": "2", "keyFire": 0, "firehouseDist": 1, "pop": 639}