{"buildingID": 13510, "county": "\u666e\u9640", "town": "\u771f\u5982\u9547", "circleNum": 2, "builtYear": "1979-1985", "builtHeight": 14, "storeNum": 4, "floorArea": 376.668963899, "buildArea": 1506.67585559, "seiFort": "2", "keyFire": 0, "firehouseDist": 2, "pop": 301}