{"buildingID": 11435, "county": "\u666e\u9640", "town": "\u771f\u5982\u9547", "circleNum": 1, "builtYear": "1979-1985", "builtHeight": 6, "storeNum": 2, "floorArea": 361.745593304, "buildArea": 723.491186608, "seiFort": "2", "keyFire": 0, "firehouseDist": 2, "pop": 144}