{"buildingID": 22776, "county": "\u666e\u9640", "town": "\u957f\u98ce\u65b0\u6751\u8857\u9053", "circleNum": 1, "builtYear": "pre1978", "builtHeight": 14, "storeNum": 4, "floorArea": 401.442541029, "buildArea": 1605.77016412, "seiFort": "1", "keyFire": 0, "firehouseDist": 2, "pop": 64}