{"buildingID": 28747, "county": "\u666e\u9640", "town": "\u957f\u98ce\u65b0\u6751\u8857\u9053", "circleNum": 1, "builtYear": "pre1978", "builtHeight": 11, "storeNum": 3, "floorArea": 562.533113807, "buildArea": 1687.59934142, "seiFort": "1", "keyFire": 0, "firehouseDist": 4, "pop": 67}