{"buildingID": 25933, "county": "\u666e\u9640", "town": "\u957f\u98ce\u65b0\u6751\u8857\u9053", "circleNum": 1, "builtYear": "pre1978", "builtHeight": 54, "storeNum": 18, "floorArea": 897.277852712, "buildArea": 16151.0013488, "seiFort": "1", "keyFire": 0, "firehouseDist": 3, "pop": 646}