{"buildingID": 3013, "county": "\u666e\u9640", "town": "\u6843\u6d66\u9547", "circleNum": 2, "builtYear": "1979-1985", "builtHeight": 15, "storeNum": 5, "floorArea": 519.342415824, "buildArea": 2596.71207912, "seiFort": "2", "keyFire": 0, "firehouseDist": 1, "pop": 519}