{"buildingID": 10678, "county": "\u666e\u9640", "town": "\u771f\u5982\u9547", "circleNum": 2, "builtYear": "1979-1985", "builtHeight": 9, "storeNum": 3, "floorArea": 336.931606003, "buildArea": 1010.79481801, "seiFort": "2", "keyFire": 0, "firehouseDist": 2, "pop": 202}