{"buildingID": 25425, "county": "\u666e\u9640", "town": "\u66f9\u6768\u65b0\u6751\u8857\u9053", "circleNum": 1, "builtYear": "1992", "builtHeight": 13, "storeNum": 4, "floorArea": 957.985719086, "buildArea": 3831.94287634, "seiFort": "2", "keyFire": 0, "firehouseDist": 1, "pop": 766}