{"buildingID": 26903, "county": "\u666e\u9640", "town": "\u957f\u98ce\u65b0\u6751\u8857\u9053", "circleNum": 1, "builtYear": "1979-1985", "builtHeight": 13, "storeNum": 4, "floorArea": 585.232141312, "buildArea": 2340.92856525, "seiFort": "2", "keyFire": 0, "firehouseDist": 2, "pop": 468}