{"buildingID": 6217, "county": "\u666e\u9640", "town": "\u6843\u6d66\u9547", "circleNum": 2, "builtYear": "1994", "builtHeight": 58, "storeNum": 19, "floorArea": 95.8641154804, "buildArea": 1821.41819413, "seiFort": "2", "keyFire": 0, "firehouseDist": 2, "pop": 60}