{"buildingID": 10319, "county": "\u666e\u9640", "town": "\u7518\u6cc9\u8def\u8857\u9053", "circleNum": 1, "builtYear": "pre1978", "builtHeight": 26, "storeNum": 8, "floorArea": 123.529714783, "buildArea": 988.237718266, "seiFort": "1", "keyFire": 0, "firehouseDist": 3, "pop": 39}