{"buildingID": 11468, "county": "\u666e\u9640", "town": "\u771f\u5982\u9547", "circleNum": 1, "builtYear": "2000", "builtHeight": 11, "storeNum": 3, "floorArea": 266.70016975, "buildArea": 800.100509251, "seiFort": "3", "keyFire": 0, "firehouseDist": 1, "pop": 160}