{"buildingID": 9056, "county": "\u666e\u9640", "town": "\u957f\u5f81\u9547", "circleNum": 1, "builtYear": "1999", "builtHeight": 62, "storeNum": 20, "floorArea": 733.330864275, "buildArea": 14666.6172855, "seiFort": "2", "keyFire": 0, "firehouseDist": 2, "pop": 2933}