{"buildingID": 2250, "county": "\u666e\u9640", "town": "\u6843\u6d66\u9547", "circleNum": 3, "builtYear": "1991", "builtHeight": 18, "storeNum": 6, "floorArea": 1084.20387286, "buildArea": 6505.22323719, "seiFort": "2", "keyFire": 0, "firehouseDist": 3, "pop": 1301}