{"buildingID": 24581, "county": "\u666e\u9640", "town": "\u957f\u5bff\u8def\u8857\u9053", "circleNum": 0, "builtYear": "pre1978", "builtHeight": 104, "storeNum": 34, "floorArea": 1170.13165385, "buildArea": 39784.4762308, "seiFort": "1", "keyFire": 0, "firehouseDist": 1, "pop": 7956}