{"buildingID": 11122, "county": "\u666e\u9640", "town": "\u7518\u6cc9\u8def\u8857\u9053", "circleNum": 1, "builtYear": "pre1978", "builtHeight": 18, "storeNum": 6, "floorArea": 208.913510026, "buildArea": 1253.48106016, "seiFort": "1", "keyFire": 0, "firehouseDist": 2, "pop": 50}