{"buildingID": 26707, "county": "\u666e\u9640", "town": "\u957f\u98ce\u65b0\u6751\u8857\u9053", "circleNum": 0, "builtYear": "1979-1985", "builtHeight": 50, "storeNum": 16, "floorArea": 1675.105628, "buildArea": 26801.690048, "seiFort": "2", "keyFire": 0, "firehouseDist": 2, "pop": 5360}