{"buildingID": 26596, "county": "\u666e\u9640", "town": "\u957f\u5bff\u8def\u8857\u9053", "circleNum": 0, "builtYear": "1979-1985", "builtHeight": 9, "storeNum": 3, "floorArea": 793.575214168, "buildArea": 2380.72564251, "seiFort": "2", "keyFire": 0, "firehouseDist": 1, "pop": 476}