{"buildingID": 20419, "county": "\u666e\u9640", "town": "\u771f\u5982\u9547", "circleNum": 1, "builtYear": "1996", "builtHeight": 8, "storeNum": 2, "floorArea": 862.656155865, "buildArea": 1725.31231173, "seiFort": "2", "keyFire": 0, "firehouseDist": 1, "pop": 345}