{"buildingID": 16370, "county": "\u666e\u9640", "town": "\u771f\u5982\u9547", "circleNum": 1, "builtYear": "1988", "builtHeight": 18, "storeNum": 6, "floorArea": 97.6952814469, "buildArea": 586.171688681, "seiFort": "2", "keyFire": 0, "firehouseDist": 2, "pop": 23}