{"buildingID": 22458, "county": "\u666e\u9640", "town": "\u77f3\u6cc9\u8def\u8857\u9053", "circleNum": 1, "builtYear": "pre1978", "builtHeight": 16, "storeNum": 5, "floorArea": 513.543481729, "buildArea": 2567.71740865, "seiFort": "1", "keyFire": 0, "firehouseDist": 1, "pop": 102}