{"buildingID": 28563, "county": "\u666e\u9640", "town": "\u957f\u98ce\u65b0\u6751\u8857\u9053", "circleNum": 1, "builtYear": "1979-1985", "builtHeight": 47, "storeNum": 15, "floorArea": 1521.65283942, "buildArea": 22824.7925913, "seiFort": "2", "keyFire": 0, "firehouseDist": 3, "pop": 4564}