{"buildingID": 28902, "county": "\u666e\u9640", "town": "\u957f\u98ce\u65b0\u6751\u8857\u9053", "circleNum": 1, "builtYear": "pre1978", "builtHeight": 30, "storeNum": 10, "floorArea": 848.950460017, "buildArea": 8489.50460017, "seiFort": "1", "keyFire": 0, "firehouseDist": 4, "pop": 339}