{"buildingID": 14559, "county": "\u666e\u9640", "town": "\u771f\u5982\u9547", "circleNum": 2, "builtYear": "2010", "builtHeight": 34, "storeNum": 11, "floorArea": 116.992310802, "buildArea": 1286.91541882, "seiFort": "3", "keyFire": 0, "firehouseDist": 1, "pop": 42}