{"buildingID": 26648, "county": "\u666e\u9640", "town": "\u66f9\u6768\u65b0\u6751\u8857\u9053", "circleNum": 1, "builtYear": "pre1978", "builtHeight": 19, "storeNum": 6, "floorArea": 913.744403824, "buildArea": 5482.46642294, "seiFort": "1", "keyFire": 0, "firehouseDist": 2, "pop": 219}