{"buildingID": 28821, "county": "\u666e\u9640", "town": "\u957f\u98ce\u65b0\u6751\u8857\u9053", "circleNum": 1, "builtYear": "pre1978", "builtHeight": 48, "storeNum": 16, "floorArea": 717.474163568, "buildArea": 11479.5866171, "seiFort": "1", "keyFire": 0, "firehouseDist": 3, "pop": 459}