{"buildingID": 25415, "county": "\u666e\u9640", "town": "\u66f9\u6768\u65b0\u6751\u8857\u9053", "circleNum": 1, "builtYear": "1995", "builtHeight": 29, "storeNum": 9, "floorArea": 50.7348331449, "buildArea": 456.613498304, "seiFort": "2", "keyFire": 0, "firehouseDist": 1, "pop": 18}