{"buildingID": 15919, "county": "\u666e\u9640", "town": "\u771f\u5982\u9547", "circleNum": 1, "builtYear": "1998", "builtHeight": 54, "storeNum": 18, "floorArea": 638.422791399, "buildArea": 11491.6102452, "seiFort": "2", "keyFire": 0, "firehouseDist": 1, "pop": 2298}