{"buildingID": 12866, "county": "\u666e\u9640", "town": "\u5b9c\u5ddd\u8def\u8857\u9053", "circleNum": 1, "builtYear": "1979-1985", "builtHeight": 22, "storeNum": 7, "floorArea": 551.288765774, "buildArea": 3859.02136042, "seiFort": "2", "keyFire": 0, "firehouseDist": 2, "pop": 771}