{"buildingID": 6717, "county": "\u666e\u9640", "town": "\u957f\u5f81\u9547", "circleNum": 1, "builtYear": "1997", "builtHeight": 37, "storeNum": 12, "floorArea": 1110.22075674, "buildArea": 13322.6490809, "seiFort": "2", "keyFire": 0, "firehouseDist": 1, "pop": 2664}