{"buildingID": 5426, "county": "\u666e\u9640", "town": "\u6843\u6d66\u9547", "circleNum": 2, "builtYear": "2017", "builtHeight": 41, "storeNum": 13, "floorArea": 399.043618246, "buildArea": 5187.5670372, "seiFort": "3", "keyFire": 0, "firehouseDist": 1, "pop": 1037}