{"buildingID": 19910, "county": "\u666e\u9640", "town": "\u957f\u5bff\u8def\u8857\u9053", "circleNum": 0, "builtYear": "1979-1985", "builtHeight": 17, "storeNum": 5, "floorArea": 538.979914137, "buildArea": 2694.89957068, "seiFort": "2", "keyFire": 0, "firehouseDist": 1, "pop": 538}