{"buildingID": 17088, "county": "\u666e\u9640", "town": "\u77f3\u6cc9\u8def\u8857\u9053", "circleNum": 1, "builtYear": "pre1978", "builtHeight": 51, "storeNum": 17, "floorArea": 223.872960713, "buildArea": 3805.84033212, "seiFort": "1", "keyFire": 0, "firehouseDist": 1, "pop": 152}