{"buildingID": 10822, "county": "\u666e\u9640", "town": "\u957f\u5f81\u9547", "circleNum": 1, "builtYear": "1979-1985", "builtHeight": 89, "storeNum": 29, "floorArea": 891.937457964, "buildArea": 25866.186281, "seiFort": "2", "keyFire": 0, "firehouseDist": 2, "pop": 5173}