{"buildingID": 12800, "county": "\u666e\u9640", "town": "\u7518\u6cc9\u8def\u8857\u9053", "circleNum": 1, "builtYear": "1979-1985", "builtHeight": 20, "storeNum": 6, "floorArea": 777.297889993, "buildArea": 4663.78733996, "seiFort": "2", "keyFire": 0, "firehouseDist": 2, "pop": 932}