{"buildingID": 8316, "county": "\u666e\u9640", "town": "\u6843\u6d66\u9547", "circleNum": 2, "builtYear": "1979-1985", "builtHeight": 9, "storeNum": 3, "floorArea": 275.613949526, "buildArea": 826.841848578, "seiFort": "2", "keyFire": 0, "firehouseDist": 1, "pop": 165}