{"buildingID": 15347, "county": "\u666e\u9640", "town": "\u771f\u5982\u9547", "circleNum": 1, "builtYear": "1991", "builtHeight": 7, "storeNum": 2, "floorArea": 394.386083877, "buildArea": 788.772167754, "seiFort": "2", "keyFire": 0, "firehouseDist": 2, "pop": 157}