{"buildingID": 9455, "county": "\u666e\u9640", "town": "\u957f\u5f81\u9547", "circleNum": 1, "builtYear": "1979-1985", "builtHeight": 56, "storeNum": 18, "floorArea": 298.464779782, "buildArea": 5372.36603608, "seiFort": "2", "keyFire": 0, "firehouseDist": 2, "pop": 1074}