{"buildingID": 18092, "county": "\u666e\u9640", "town": "\u957f\u5f81\u9547", "circleNum": 2, "builtYear": "2015", "builtHeight": 16, "storeNum": 5, "floorArea": 1003.51231859, "buildArea": 5017.56159295, "seiFort": "3", "keyFire": 0, "firehouseDist": 3, "pop": 1003}