{"buildingID": 15709, "county": "\u666e\u9640", "town": "\u771f\u5982\u9547", "circleNum": 2, "builtYear": "1993", "builtHeight": 18, "storeNum": 6, "floorArea": 904.428353461, "buildArea": 5426.57012076, "seiFort": "2", "keyFire": 0, "firehouseDist": 1, "pop": 1085}