{"buildingID": 7887, "county": "\u666e\u9640", "town": "\u771f\u5982\u9547", "circleNum": 1, "builtYear": "1991", "builtHeight": 42, "storeNum": 14, "floorArea": 657.700145908, "buildArea": 9207.80204271, "seiFort": "2", "keyFire": 0, "firehouseDist": 2, "pop": 1841}