{"buildingID": 8802, "county": "\u666e\u9640", "town": "\u6843\u6d66\u9547", "circleNum": 2, "builtYear": "1987", "builtHeight": 26, "storeNum": 8, "floorArea": 1866.0058402, "buildArea": 14928.0467216, "seiFort": "2", "keyFire": 0, "firehouseDist": 2, "pop": 2985}