{"buildingID": 4773, "county": "\u666e\u9640", "town": "\u6843\u6d66\u9547", "circleNum": 2, "builtYear": "1993", "builtHeight": 16, "storeNum": 5, "floorArea": 291.723193339, "buildArea": 1458.61596669, "seiFort": "2", "keyFire": 0, "firehouseDist": 1, "pop": 291}