{"buildingID": 1405, "county": "\u666e\u9640", "town": "\u6843\u6d66\u9547", "circleNum": 2, "builtYear": "1979-1985", "builtHeight": 10, "storeNum": 3, "floorArea": 5136.72449423, "buildArea": 15410.1734827, "seiFort": "2", "keyFire": 0, "firehouseDist": 1, "pop": 3082}