{"buildingID": 15967, "county": "\u666e\u9640", "town": "\u771f\u5982\u9547", "circleNum": 1, "builtYear": "1998", "builtHeight": 54, "storeNum": 18, "floorArea": 21.0819933595, "buildArea": 379.475880472, "seiFort": "2", "keyFire": 0, "firehouseDist": 1, "pop": 15}