{"buildingID": 24003, "county": "\u666e\u9640", "town": "\u957f\u98ce\u65b0\u6751\u8857\u9053", "circleNum": 1, "builtYear": "1987", "builtHeight": 9, "storeNum": 3, "floorArea": 1404.62115053, "buildArea": 4213.8634516, "seiFort": "2", "keyFire": 0, "firehouseDist": 3, "pop": 842}