{"buildingID": 12005, "county": "\u666e\u9640", "town": "\u77f3\u6cc9\u8def\u8857\u9053", "circleNum": 1, "builtYear": "1986", "builtHeight": 16, "storeNum": 5, "floorArea": 130.685189415, "buildArea": 653.425947075, "seiFort": "2", "keyFire": 0, "firehouseDist": 3, "pop": 26}