{"buildingID": 12056, "county": "\u666e\u9640", "town": "\u771f\u5982\u9547", "circleNum": 1, "builtYear": "pre1978", "builtHeight": 57, "storeNum": 19, "floorArea": 131.137172939, "buildArea": 2491.60628584, "seiFort": "1", "keyFire": 0, "firehouseDist": 2, "pop": 99}