{"buildingID": 23828, "county": "\u666e\u9640", "town": "\u957f\u5f81\u9547", "circleNum": 1, "builtYear": "2002", "builtHeight": 12, "storeNum": 4, "floorArea": 1435.16608291, "buildArea": 5740.66433164, "seiFort": "3", "keyFire": 0, "firehouseDist": 2, "pop": 1148}