{"buildingID": 2842, "county": "\u666e\u9640", "town": "\u6843\u6d66\u9547", "circleNum": 2, "builtYear": "1991", "builtHeight": 22, "storeNum": 7, "floorArea": 2178.5266276, "buildArea": 15249.6863932, "seiFort": "2", "keyFire": 0, "firehouseDist": 2, "pop": 3049}