{"buildingID": 16866, "county": "\u666e\u9640", "town": "\u77f3\u6cc9\u8def\u8857\u9053", "circleNum": 1, "builtYear": "1979-1985", "builtHeight": 19, "storeNum": 6, "floorArea": 854.429263584, "buildArea": 5126.57558151, "seiFort": "2", "keyFire": 0, "firehouseDist": 2, "pop": 1025}