{"buildingID": 3016, "county": "\u666e\u9640", "town": "\u6843\u6d66\u9547", "circleNum": 2, "builtYear": "1987", "builtHeight": 14, "storeNum": 4, "floorArea": 1788.51196714, "buildArea": 7154.04786855, "seiFort": "2", "keyFire": 0, "firehouseDist": 1, "pop": 1430}