{"buildingID": 25974, "county": "\u666e\u9640", "town": "\u957f\u5f81\u9547", "circleNum": 1, "builtYear": "1979-1985", "builtHeight": 7, "storeNum": 2, "floorArea": 1029.45245707, "buildArea": 2058.90491413, "seiFort": "2", "keyFire": 0, "firehouseDist": 2, "pop": 411}