{"buildingID": 16329, "county": "\u666e\u9640", "town": "\u771f\u5982\u9547", "circleNum": 2, "builtYear": "1979-1985", "builtHeight": 14, "storeNum": 4, "floorArea": 991.095673193, "buildArea": 3964.38269277, "seiFort": "2", "keyFire": 0, "firehouseDist": 1, "pop": 792}