{"buildingID": 25494, "county": "\u666e\u9640", "town": "\u66f9\u6768\u65b0\u6751\u8857\u9053", "circleNum": 1, "builtYear": "pre1978", "builtHeight": 28, "storeNum": 9, "floorArea": 496.883468572, "buildArea": 4471.95121715, "seiFort": "1", "keyFire": 0, "firehouseDist": 1, "pop": 178}