{"buildingID": 17780, "county": "\u666e\u9640", "town": "\u957f\u5f81\u9547", "circleNum": 2, "builtYear": "1979-1985", "builtHeight": 12, "storeNum": 4, "floorArea": 702.88489907, "buildArea": 2811.53959628, "seiFort": "2", "keyFire": 0, "firehouseDist": 3, "pop": 562}