{"buildingID": 19088, "county": "\u666e\u9640", "town": "\u957f\u5f81\u9547", "circleNum": 2, "builtYear": "2000", "builtHeight": 13, "storeNum": 4, "floorArea": 1362.72204523, "buildArea": 5450.88818092, "seiFort": "3", "keyFire": 0, "firehouseDist": 3, "pop": 1090}