{"buildingID": 13638, "county": "\u666e\u9640", "town": "\u771f\u5982\u9547", "circleNum": 1, "builtYear": "1979-1985", "builtHeight": 48, "storeNum": 16, "floorArea": 718.948184042, "buildArea": 11503.1709447, "seiFort": "2", "keyFire": 0, "firehouseDist": 2, "pop": 2300}