{"buildingID": 23660, "county": "\u666e\u9640", "town": "\u66f9\u6768\u65b0\u6751\u8857\u9053", "circleNum": 1, "builtYear": "1990", "builtHeight": 16, "storeNum": 5, "floorArea": 586.239437492, "buildArea": 2931.19718746, "seiFort": "2", "keyFire": 0, "firehouseDist": 1, "pop": 586}