{"buildingID": 10558, "county": "\u666e\u9640", "town": "\u7518\u6cc9\u8def\u8857\u9053", "circleNum": 1, "builtYear": "pre1978", "builtHeight": 15, "storeNum": 5, "floorArea": 498.337739312, "buildArea": 2491.68869656, "seiFort": "1", "keyFire": 0, "firehouseDist": 3, "pop": 99}