{"buildingID": 5099, "county": "\u666e\u9640", "town": "\u6843\u6d66\u9547", "circleNum": 2, "builtYear": "2017", "builtHeight": 17, "storeNum": 5, "floorArea": 306.889172695, "buildArea": 1534.44586347, "seiFort": "3", "keyFire": 0, "firehouseDist": 2, "pop": 306}