{"buildingID": 5474, "county": "\u666e\u9640", "town": "\u6843\u6d66\u9547", "circleNum": 2, "builtYear": "pre1978", "builtHeight": 104, "storeNum": 34, "floorArea": 255.812869094, "buildArea": 8697.63754918, "seiFort": "1", "keyFire": 0, "firehouseDist": 2, "pop": 1739}