{"buildingID": 16074, "county": "\u666e\u9640", "town": "\u771f\u5982\u9547", "circleNum": 1, "builtYear": "2000", "builtHeight": 6, "storeNum": 2, "floorArea": 834.304407946, "buildArea": 1668.60881589, "seiFort": "3", "keyFire": 0, "firehouseDist": 1, "pop": 333}