{"buildingID": 1739, "county": "\u666e\u9640", "town": "\u6843\u6d66\u9547", "circleNum": 2, "builtYear": "1993", "builtHeight": 15, "storeNum": 5, "floorArea": 335.566751873, "buildArea": 1677.83375937, "seiFort": "2", "keyFire": 0, "firehouseDist": 2, "pop": 335}