{"buildingID": 24078, "county": "\u666e\u9640", "town": "\u957f\u98ce\u65b0\u6751\u8857\u9053", "circleNum": 1, "builtYear": "pre1978", "builtHeight": 15, "storeNum": 5, "floorArea": 385.842144546, "buildArea": 1929.21072273, "seiFort": "1", "keyFire": 0, "firehouseDist": 2, "pop": 77}