{"buildingID": 23129, "county": "\u666e\u9640", "town": "\u66f9\u6768\u65b0\u6751\u8857\u9053", "circleNum": 1, "builtYear": "pre1978", "builtHeight": 104, "storeNum": 34, "floorArea": 736.26357361, "buildArea": 25032.9615027, "seiFort": "1", "keyFire": 0, "firehouseDist": 2, "pop": 5006}