{"buildingID": 28110, "county": "\u666e\u9640", "town": "\u957f\u98ce\u65b0\u6751\u8857\u9053", "circleNum": 0, "builtYear": "1987", "builtHeight": 36, "storeNum": 12, "floorArea": 771.558829035, "buildArea": 9258.70594842, "seiFort": "2", "keyFire": 0, "firehouseDist": 1, "pop": 1851}