{"buildingID": 20626, "county": "\u666e\u9640", "town": "\u771f\u5982\u9547", "circleNum": 1, "builtYear": "1987", "builtHeight": 7, "storeNum": 2, "floorArea": 960.849964497, "buildArea": 1921.69992899, "seiFort": "2", "keyFire": 0, "firehouseDist": 2, "pop": 384}