{"buildingID": 23348, "county": "\u666e\u9640", "town": "\u957f\u5f81\u9547", "circleNum": 1, "builtYear": "2006", "builtHeight": 40, "storeNum": 13, "floorArea": 4213.55795475, "buildArea": 54776.2534118, "seiFort": "3", "keyFire": 0, "firehouseDist": 2, "pop": 10955}