{"buildingID": 9961, "county": "\u666e\u9640", "town": "\u957f\u5f81\u9547", "circleNum": 1, "builtYear": "1979-1985", "builtHeight": 53, "storeNum": 17, "floorArea": 958.550926776, "buildArea": 16295.3657552, "seiFort": "2", "keyFire": 0, "firehouseDist": 3, "pop": 3259}