{"buildingID": 6360, "county": "\u666e\u9640", "town": "\u6843\u6d66\u9547", "circleNum": 2, "builtYear": "1999", "builtHeight": 12, "storeNum": 4, "floorArea": 717.044204503, "buildArea": 2868.17681801, "seiFort": "2", "keyFire": 0, "firehouseDist": 1, "pop": 573}