{"buildingID": 26962, "county": "\u666e\u9640", "town": "\u957f\u98ce\u65b0\u6751\u8857\u9053", "circleNum": 1, "builtYear": "1979-1985", "builtHeight": 16, "storeNum": 5, "floorArea": 1217.38841504, "buildArea": 6086.94207518, "seiFort": "2", "keyFire": 1, "firehouseDist": 2, "pop": 1217}