{"buildingID": 21421, "county": "\u666e\u9640", "town": "\u771f\u5982\u9547", "circleNum": 1, "builtYear": "1979-1985", "builtHeight": 12, "storeNum": 4, "floorArea": 326.324362279, "buildArea": 1305.29744912, "seiFort": "2", "keyFire": 0, "firehouseDist": 1, "pop": 261}