{"buildingID": 6196, "county": "\u666e\u9640", "town": "\u6843\u6d66\u9547", "circleNum": 2, "builtYear": "1979-1985", "builtHeight": 50, "storeNum": 16, "floorArea": 134.318119921, "buildArea": 2149.08991873, "seiFort": "2", "keyFire": 0, "firehouseDist": 1, "pop": 71}