{"buildingID": 10541, "county": "\u666e\u9640", "town": "\u7518\u6cc9\u8def\u8857\u9053", "circleNum": 1, "builtYear": "1979-1985", "builtHeight": 21, "storeNum": 7, "floorArea": 1234.74993744, "buildArea": 8643.24956211, "seiFort": "2", "keyFire": 0, "firehouseDist": 3, "pop": 1728}