{"buildingID": 21272, "county": "\u666e\u9640", "town": "\u957f\u5f81\u9547", "circleNum": 2, "builtYear": "1992", "builtHeight": 95, "storeNum": 31, "floorArea": 2580.20389272, "buildArea": 79986.3206744, "seiFort": "2", "keyFire": 0, "firehouseDist": 1, "pop": 15997}