{"buildingID": 11568, "county": "\u666e\u9640", "town": "\u771f\u5982\u9547", "circleNum": 1, "builtYear": "1987", "builtHeight": 58, "storeNum": 19, "floorArea": 148.593261275, "buildArea": 2823.27196423, "seiFort": "2", "keyFire": 0, "firehouseDist": 2, "pop": 112}