{"buildingID": 2601, "county": "\u666e\u9640", "town": "\u6843\u6d66\u9547", "circleNum": 2, "builtYear": "1993", "builtHeight": 14, "storeNum": 4, "floorArea": 1197.10575673, "buildArea": 4788.42302693, "seiFort": "2", "keyFire": 0, "firehouseDist": 1, "pop": 957}