{"buildingID": 13352, "county": "\u666e\u9640", "town": "\u771f\u5982\u9547", "circleNum": 1, "builtYear": "pre1978", "builtHeight": 58, "storeNum": 19, "floorArea": 83.8101398648, "buildArea": 1592.39265743, "seiFort": "1", "keyFire": 0, "firehouseDist": 2, "pop": 63}