{"buildingID": 21254, "county": "\u666e\u9640", "town": "\u957f\u5f81\u9547", "circleNum": 2, "builtYear": "1995", "builtHeight": 19, "storeNum": 6, "floorArea": 853.237885178, "buildArea": 5119.42731107, "seiFort": "2", "keyFire": 0, "firehouseDist": 1, "pop": 1023}