{"buildingID": 27378, "county": "\u666e\u9640", "town": "\u957f\u98ce\u65b0\u6751\u8857\u9053", "circleNum": 0, "builtYear": "pre1978", "builtHeight": 17, "storeNum": 5, "floorArea": 737.658193665, "buildArea": 3688.29096833, "seiFort": "1", "keyFire": 0, "firehouseDist": 2, "pop": 184}