{"buildingID": 17911, "county": "\u666e\u9640", "town": "\u957f\u5f81\u9547", "circleNum": 2, "builtYear": "1999", "builtHeight": 53, "storeNum": 17, "floorArea": 520.011159772, "buildArea": 8840.18971612, "seiFort": "2", "keyFire": 0, "firehouseDist": 1, "pop": 1768}