{"buildingID": 19334, "county": "\u666e\u9640", "town": "\u957f\u5f81\u9547", "circleNum": 2, "builtYear": "1979-1985", "builtHeight": 20, "storeNum": 6, "floorArea": 4343.02310838, "buildArea": 26058.1386503, "seiFort": "2", "keyFire": 0, "firehouseDist": 3, "pop": 5211}