{"buildingID": 6282, "county": "\u666e\u9640", "town": "\u6843\u6d66\u9547", "circleNum": 2, "builtYear": "1979-1985", "builtHeight": 46, "storeNum": 15, "floorArea": 90.3259962485, "buildArea": 1354.88994373, "seiFort": "2", "keyFire": 0, "firehouseDist": 2, "pop": 45}