{"buildingID": 28817, "county": "\u666e\u9640", "town": "\u957f\u98ce\u65b0\u6751\u8857\u9053", "circleNum": 1, "builtYear": "2003", "builtHeight": 5, "storeNum": 1, "floorArea": 46.6618150945, "buildArea": 46.6618150945, "seiFort": "3", "keyFire": 0, "firehouseDist": 3, "pop": 1}