{"buildingID": 15814, "county": "\u666e\u9640", "town": "\u77f3\u6cc9\u8def\u8857\u9053", "circleNum": 1, "builtYear": "pre1978", "builtHeight": 18, "storeNum": 6, "floorArea": 603.403732339, "buildArea": 3620.42239403, "seiFort": "1", "keyFire": 0, "firehouseDist": 1, "pop": 144}