{"buildingID": 12338, "county": "\u666e\u9640", "town": "\u771f\u5982\u9547", "circleNum": 1, "builtYear": "1979-1985", "builtHeight": 13, "storeNum": 4, "floorArea": 1779.42006122, "buildArea": 7117.68024487, "seiFort": "2", "keyFire": 0, "firehouseDist": 2, "pop": 1423}