{"buildingID": 20043, "county": "\u666e\u9640", "town": "\u66f9\u6768\u65b0\u6751\u8857\u9053", "circleNum": 1, "builtYear": "pre1978", "builtHeight": 26, "storeNum": 8, "floorArea": 127.513311056, "buildArea": 1020.10648845, "seiFort": "1", "keyFire": 0, "firehouseDist": 1, "pop": 40}