{"buildingID": 4120, "county": "\u666e\u9640", "town": "\u6843\u6d66\u9547", "circleNum": 2, "builtYear": "1988", "builtHeight": 16, "storeNum": 5, "floorArea": 1486.08274815, "buildArea": 7430.41374073, "seiFort": "2", "keyFire": 0, "firehouseDist": 2, "pop": 1486}