{"buildingID": 13276, "county": "\u666e\u9640", "town": "\u771f\u5982\u9547", "circleNum": 2, "builtYear": "1998", "builtHeight": 16, "storeNum": 5, "floorArea": 718.465161722, "buildArea": 3592.32580861, "seiFort": "2", "keyFire": 0, "firehouseDist": 1, "pop": 718}