{"buildingID": 16343, "county": "\u666e\u9640", "town": "\u771f\u5982\u9547", "circleNum": 2, "builtYear": "1988", "builtHeight": 22, "storeNum": 7, "floorArea": 899.949652021, "buildArea": 6299.64756415, "seiFort": "2", "keyFire": 0, "firehouseDist": 1, "pop": 1259}