{"buildingID": 23661, "county": "\u666e\u9640", "town": "\u66f9\u6768\u65b0\u6751\u8857\u9053", "circleNum": 1, "builtYear": "1985", "builtHeight": 3, "storeNum": 1, "floorArea": 85.3820077289, "buildArea": 85.3820077289, "seiFort": "2", "keyFire": 0, "firehouseDist": 1, "pop": 3}