{"buildingID": 18806, "county": "\u666e\u9640", "town": "\u957f\u5f81\u9547", "circleNum": 2, "builtYear": "1990", "builtHeight": 18, "storeNum": 6, "floorArea": 975.703841766, "buildArea": 5854.22305059, "seiFort": "2", "keyFire": 0, "firehouseDist": 3, "pop": 1170}