{"buildingID": 21368, "county": "\u666e\u9640", "town": "\u771f\u5982\u9547", "circleNum": 1, "builtYear": "1995", "builtHeight": 17, "storeNum": 5, "floorArea": 661.19540237, "buildArea": 3305.97701185, "seiFort": "2", "keyFire": 0, "firehouseDist": 1, "pop": 661}