{"buildingID": 16358, "county": "\u666e\u9640", "town": "\u771f\u5982\u9547", "circleNum": 1, "builtYear": "1989", "builtHeight": 14, "storeNum": 4, "floorArea": 657.126374246, "buildArea": 2628.50549698, "seiFort": "2", "keyFire": 0, "firehouseDist": 2, "pop": 525}