{"buildingID": 15296, "county": "\u666e\u9640", "town": "\u771f\u5982\u9547", "circleNum": 1, "builtYear": "1996", "builtHeight": 6, "storeNum": 2, "floorArea": 431.856482307, "buildArea": 863.712964615, "seiFort": "2", "keyFire": 0, "firehouseDist": 1, "pop": 172}