{"buildingID": 26150, "county": "\u666e\u9640", "town": "\u66f9\u6768\u65b0\u6751\u8857\u9053", "circleNum": 1, "builtYear": "pre1978", "builtHeight": 14, "storeNum": 4, "floorArea": 436.382429661, "buildArea": 1745.52971865, "seiFort": "1", "keyFire": 0, "firehouseDist": 1, "pop": 69}