{"buildingID": 13684, "county": "\u666e\u9640", "town": "\u771f\u5982\u9547", "circleNum": 2, "builtYear": "2001", "builtHeight": 17, "storeNum": 5, "floorArea": 1203.66467253, "buildArea": 6018.32336264, "seiFort": "3", "keyFire": 0, "firehouseDist": 2, "pop": 1203}