{"buildingID": 3473, "county": "\u666e\u9640", "town": "\u6843\u6d66\u9547", "circleNum": 2, "builtYear": "1979-1985", "builtHeight": 7, "storeNum": 2, "floorArea": 3491.35073547, "buildArea": 6982.70147094, "seiFort": "2", "keyFire": 0, "firehouseDist": 2, "pop": 1396}