{"buildingID": 5524, "county": "\u666e\u9640", "town": "\u6843\u6d66\u9547", "circleNum": 2, "builtYear": "1995", "builtHeight": 15, "storeNum": 5, "floorArea": 546.192191409, "buildArea": 2730.96095704, "seiFort": "2", "keyFire": 0, "firehouseDist": 2, "pop": 546}