{"buildingID": 19212, "county": "\u666e\u9640", "town": "\u957f\u5f81\u9547", "circleNum": 2, "builtYear": "1979-1985", "builtHeight": 16, "storeNum": 5, "floorArea": 1140.34688151, "buildArea": 5701.73440754, "seiFort": "2", "keyFire": 0, "firehouseDist": 3, "pop": 1140}