{"buildingID": 15561, "county": "\u666e\u9640", "town": "\u5b9c\u5ddd\u8def\u8857\u9053", "circleNum": 1, "builtYear": "1979-1985", "builtHeight": 23, "storeNum": 7, "floorArea": 823.753200597, "buildArea": 5766.27240418, "seiFort": "2", "keyFire": 0, "firehouseDist": 1, "pop": 1153}