{"buildingID": 29220, "county": "\u666e\u9640", "town": "\u957f\u98ce\u65b0\u6751\u8857\u9053", "circleNum": 1, "builtYear": "pre1978", "builtHeight": 13, "storeNum": 4, "floorArea": 294.629157078, "buildArea": 1178.51662831, "seiFort": "1", "keyFire": 0, "firehouseDist": 3, "pop": 47}