{"buildingID": 19059, "county": "\u666e\u9640", "town": "\u957f\u5f81\u9547", "circleNum": 2, "builtYear": "1999", "builtHeight": 15, "storeNum": 5, "floorArea": 1234.52629428, "buildArea": 6172.63147139, "seiFort": "2", "keyFire": 0, "firehouseDist": 3, "pop": 1234}