{"buildingID": 9360, "county": "\u666e\u9640", "town": "\u771f\u5982\u9547", "circleNum": 1, "builtYear": "1993", "builtHeight": 15, "storeNum": 5, "floorArea": 664.283525823, "buildArea": 3321.41762911, "seiFort": "2", "keyFire": 0, "firehouseDist": 1, "pop": 664}