{"buildingID": 19052, "county": "\u666e\u9640", "town": "\u957f\u5f81\u9547", "circleNum": 2, "builtYear": "2004", "builtHeight": 15, "storeNum": 5, "floorArea": 1234.36589793, "buildArea": 6171.82948967, "seiFort": "3", "keyFire": 0, "firehouseDist": 3, "pop": 1234}