{"buildingID": 14026, "county": "\u666e\u9640", "town": "\u5b9c\u5ddd\u8def\u8857\u9053", "circleNum": 0, "builtYear": "pre1978", "builtHeight": 101, "storeNum": 33, "floorArea": 709.828182978, "buildArea": 23424.3300383, "seiFort": "1", "keyFire": 0, "firehouseDist": 1, "pop": 4684}