{"buildingID": 15882, "county": "\u666e\u9640", "town": "\u771f\u5982\u9547", "circleNum": 1, "builtYear": "2006", "builtHeight": 82, "storeNum": 27, "floorArea": 169.055187884, "buildArea": 4564.49007288, "seiFort": "3", "keyFire": 0, "firehouseDist": 2, "pop": 182}