{"buildingID": 12595, "county": "\u666e\u9640", "town": "\u771f\u5982\u9547", "circleNum": 2, "builtYear": "1997", "builtHeight": 4, "storeNum": 1, "floorArea": 571.941821892, "buildArea": 571.941821892, "seiFort": "2", "keyFire": 0, "firehouseDist": 2, "pop": 114}