{"buildingID": 25442, "county": "\u666e\u9640", "town": "\u66f9\u6768\u65b0\u6751\u8857\u9053", "circleNum": 1, "builtYear": "pre1978", "builtHeight": 18, "storeNum": 6, "floorArea": 661.944762729, "buildArea": 3971.66857637, "seiFort": "1", "keyFire": 0, "firehouseDist": 1, "pop": 158}