{"buildingID": 20552, "county": "\u666e\u9640", "town": "\u771f\u5982\u9547", "circleNum": 1, "builtYear": "1991", "builtHeight": 18, "storeNum": 6, "floorArea": 161.154332439, "buildArea": 966.925994634, "seiFort": "2", "keyFire": 0, "firehouseDist": 1, "pop": 38}