{"buildingID": 6400, "county": "\u666e\u9640", "town": "\u6843\u6d66\u9547", "circleNum": 2, "builtYear": "1987", "builtHeight": 31, "storeNum": 10, "floorArea": 1081.30993095, "buildArea": 10813.0993095, "seiFort": "2", "keyFire": 0, "firehouseDist": 2, "pop": 2162}