{"buildingID": 15888, "county": "\u666e\u9640", "town": "\u771f\u5982\u9547", "circleNum": 1, "builtYear": "1993", "builtHeight": 42, "storeNum": 14, "floorArea": 902.93454749, "buildArea": 12641.0836649, "seiFort": "2", "keyFire": 0, "firehouseDist": 2, "pop": 2528}