{"buildingID": 9801, "county": "\u666e\u9640", "town": "\u771f\u5982\u9547", "circleNum": 1, "builtYear": "1988", "builtHeight": 15, "storeNum": 5, "floorArea": 836.030392777, "buildArea": 4180.15196388, "seiFort": "2", "keyFire": 0, "firehouseDist": 2, "pop": 836}