{"buildingID": 15213, "county": "\u666e\u9640", "town": "\u771f\u5982\u9547", "circleNum": 1, "builtYear": "1996", "builtHeight": 3, "storeNum": 1, "floorArea": 1343.72567912, "buildArea": 1343.72567912, "seiFort": "2", "keyFire": 0, "firehouseDist": 2, "pop": 268}