{"buildingID": 18154, "county": "\u666e\u9640", "town": "\u957f\u5f81\u9547", "circleNum": 2, "builtYear": "1998", "builtHeight": 18, "storeNum": 6, "floorArea": 891.822497697, "buildArea": 5350.93498618, "seiFort": "2", "keyFire": 0, "firehouseDist": 3, "pop": 1070}