{"buildingID": 23663, "county": "\u666e\u9640", "town": "\u66f9\u6768\u65b0\u6751\u8857\u9053", "circleNum": 1, "builtYear": "2017", "builtHeight": 3, "storeNum": 1, "floorArea": 84.3868513999, "buildArea": 84.3868513999, "seiFort": "3", "keyFire": 0, "firehouseDist": 1, "pop": 3}