{"buildingID": 18336, "county": "\u666e\u9640", "town": "\u957f\u5f81\u9547", "circleNum": 2, "builtYear": "1979-1985", "builtHeight": 15, "storeNum": 5, "floorArea": 510.172916295, "buildArea": 2550.86458148, "seiFort": "2", "keyFire": 0, "firehouseDist": 2, "pop": 510}