{"buildingID": 16529, "county": "\u666e\u9640", "town": "\u771f\u5982\u9547", "circleNum": 1, "builtYear": "pre1978", "builtHeight": 19, "storeNum": 6, "floorArea": 822.923157746, "buildArea": 4937.53894648, "seiFort": "1", "keyFire": 0, "firehouseDist": 1, "pop": 197}