{"buildingID": 17106, "county": "\u666e\u9640", "town": "\u957f\u5f81\u9547", "circleNum": 2, "builtYear": "1998", "builtHeight": 28, "storeNum": 9, "floorArea": 1806.35583918, "buildArea": 16257.2025526, "seiFort": "2", "keyFire": 0, "firehouseDist": 1, "pop": 3251}