{"buildingID": 16569, "county": "\u666e\u9640", "town": "\u77f3\u6cc9\u8def\u8857\u9053", "circleNum": 1, "builtYear": "1997", "builtHeight": 7, "storeNum": 2, "floorArea": 289.442111471, "buildArea": 578.884222941, "seiFort": "2", "keyFire": 0, "firehouseDist": 1, "pop": 115}