{"buildingID": 18474, "county": "\u666e\u9640", "town": "\u957f\u5f81\u9547", "circleNum": 2, "builtYear": "1979-1985", "builtHeight": 18, "storeNum": 6, "floorArea": 2442.15646485, "buildArea": 14652.9387891, "seiFort": "2", "keyFire": 1, "firehouseDist": 3, "pop": 2930}