{"buildingID": 5770, "county": "\u666e\u9640", "town": "\u6843\u6d66\u9547", "circleNum": 2, "builtYear": "1995", "builtHeight": 11, "storeNum": 3, "floorArea": 591.366388402, "buildArea": 1774.09916521, "seiFort": "2", "keyFire": 0, "firehouseDist": 2, "pop": 354}