{"buildingID": 26758, "county": "\u666e\u9640", "town": "\u66f9\u6768\u65b0\u6751\u8857\u9053", "circleNum": 1, "builtYear": "pre1978", "builtHeight": 28, "storeNum": 9, "floorArea": 86.9215889377, "buildArea": 782.294300439, "seiFort": "1", "keyFire": 0, "firehouseDist": 2, "pop": 31}