{"buildingID": 20172, "county": "\u666e\u9640", "town": "\u66f9\u6768\u65b0\u6751\u8857\u9053", "circleNum": 1, "builtYear": "1986", "builtHeight": 72, "storeNum": 24, "floorArea": 217.576078834, "buildArea": 5221.82589203, "seiFort": "2", "keyFire": 0, "firehouseDist": 2, "pop": 1044}