{"buildingID": 7893, "county": "\u666e\u9640", "town": "\u771f\u5982\u9547", "circleNum": 1, "builtYear": "1995", "builtHeight": 45, "storeNum": 15, "floorArea": 46.6454665045, "buildArea": 699.681997568, "seiFort": "2", "keyFire": 0, "firehouseDist": 2, "pop": 27}