{"buildingID": 11900, "county": "\u666e\u9640", "town": "\u771f\u5982\u9547", "circleNum": 1, "builtYear": "pre1978", "builtHeight": 16, "storeNum": 5, "floorArea": 566.463522013, "buildArea": 2832.31761006, "seiFort": "1", "keyFire": 0, "firehouseDist": 2, "pop": 113}