{"buildingID": 12008, "county": "\u666e\u9640", "town": "\u77f3\u6cc9\u8def\u8857\u9053", "circleNum": 1, "builtYear": "1986", "builtHeight": 18, "storeNum": 6, "floorArea": 117.616606327, "buildArea": 705.699637959, "seiFort": "2", "keyFire": 0, "firehouseDist": 3, "pop": 28}