{"buildingID": 15280, "county": "\u666e\u9640", "town": "\u771f\u5982\u9547", "circleNum": 1, "builtYear": "1979-1985", "builtHeight": 6, "storeNum": 2, "floorArea": 293.348737224, "buildArea": 586.697474447, "seiFort": "2", "keyFire": 0, "firehouseDist": 1, "pop": 117}