{"buildingID": 10978, "county": "\u666e\u9640", "town": "\u7518\u6cc9\u8def\u8857\u9053", "circleNum": 1, "builtYear": "pre1978", "builtHeight": 15, "storeNum": 5, "floorArea": 758.461916999, "buildArea": 3792.30958499, "seiFort": "1", "keyFire": 0, "firehouseDist": 2, "pop": 151}