{"buildingID": 4275, "county": "\u666e\u9640", "town": "\u6843\u6d66\u9547", "circleNum": 2, "builtYear": "2000", "builtHeight": 13, "storeNum": 4, "floorArea": 594.800647099, "buildArea": 2379.20258839, "seiFort": "3", "keyFire": 0, "firehouseDist": 3, "pop": 475}