{"buildingID": 9803, "county": "\u666e\u9640", "town": "\u771f\u5982\u9547", "circleNum": 1, "builtYear": "1992", "builtHeight": 53, "storeNum": 17, "floorArea": 731.819838998, "buildArea": 12440.937263, "seiFort": "2", "keyFire": 0, "firehouseDist": 2, "pop": 2488}