{"buildingID": 11760, "county": "\u666e\u9640", "town": "\u771f\u5982\u9547", "circleNum": 2, "builtYear": "1997", "builtHeight": 17, "storeNum": 5, "floorArea": 898.340520515, "buildArea": 4491.70260258, "seiFort": "2", "keyFire": 0, "firehouseDist": 2, "pop": 898}