{"buildingID": 7124, "county": "\u666e\u9640", "town": "\u957f\u5f81\u9547", "circleNum": 1, "builtYear": "1979-1985", "builtHeight": 10, "storeNum": 3, "floorArea": 787.546964839, "buildArea": 2362.64089452, "seiFort": "2", "keyFire": 0, "firehouseDist": 1, "pop": 472}