{"buildingID": 10755, "county": "\u666e\u9640", "town": "\u771f\u5982\u9547", "circleNum": 1, "builtYear": "1996", "builtHeight": 6, "storeNum": 2, "floorArea": 289.112888058, "buildArea": 578.225776115, "seiFort": "2", "keyFire": 0, "firehouseDist": 2, "pop": 115}