{"buildingID": 1449, "county": "\u666e\u9640", "town": "\u6843\u6d66\u9547", "circleNum": 3, "builtYear": "1995", "builtHeight": 18, "storeNum": 6, "floorArea": 366.080994172, "buildArea": 2196.48596503, "seiFort": "2", "keyFire": 0, "firehouseDist": 5, "pop": 439}