{"buildingID": 18951, "county": "\u666e\u9640", "town": "\u957f\u5f81\u9547", "circleNum": 2, "builtYear": "1979-1985", "builtHeight": 17, "storeNum": 5, "floorArea": 3940.86437471, "buildArea": 19704.3218735, "seiFort": "2", "keyFire": 0, "firehouseDist": 3, "pop": 3940}