{"buildingID": 8406, "county": "\u666e\u9640", "town": "\u771f\u5982\u9547", "circleNum": 2, "builtYear": "1997", "builtHeight": 13, "storeNum": 4, "floorArea": 1636.71070595, "buildArea": 6546.84282382, "seiFort": "2", "keyFire": 0, "firehouseDist": 2, "pop": 1309}