{"buildingID": 26369, "county": "\u666e\u9640", "town": "\u957f\u5f81\u9547", "circleNum": 2, "builtYear": "1979-1985", "builtHeight": 18, "storeNum": 6, "floorArea": 2045.09596376, "buildArea": 12270.5757825, "seiFort": "2", "keyFire": 1, "firehouseDist": 2, "pop": 2454}