{"buildingID": 2929, "county": "\u666e\u9640", "town": "\u6843\u6d66\u9547", "circleNum": 3, "builtYear": "1979-1985", "builtHeight": 18, "storeNum": 6, "floorArea": 657.744103141, "buildArea": 3946.46461885, "seiFort": "2", "keyFire": 0, "firehouseDist": 3, "pop": 789}