{"buildingID": 8675, "county": "\u666e\u9640", "town": "\u7518\u6cc9\u8def\u8857\u9053", "circleNum": 1, "builtYear": "2016", "builtHeight": 17, "storeNum": 5, "floorArea": 549.065985028, "buildArea": 2745.32992514, "seiFort": "3", "keyFire": 0, "firehouseDist": 3, "pop": 549}