{"buildingID": 5149, "county": "\u666e\u9640", "town": "\u6843\u6d66\u9547", "circleNum": 2, "builtYear": "2017", "builtHeight": 18, "storeNum": 6, "floorArea": 991.618702722, "buildArea": 5949.71221633, "seiFort": "3", "keyFire": 0, "firehouseDist": 2, "pop": 1189}