{"buildingID": 10469, "county": "\u666e\u9640", "town": "\u7518\u6cc9\u8def\u8857\u9053", "circleNum": 1, "builtYear": "1990", "builtHeight": 3, "storeNum": 1, "floorArea": 257.479724702, "buildArea": 257.479724702, "seiFort": "2", "keyFire": 0, "firehouseDist": 2, "pop": 51}