{"buildingID": 15334, "county": "\u666e\u9640", "town": "\u771f\u5982\u9547", "circleNum": 1, "builtYear": "1979-1985", "builtHeight": 99, "storeNum": 33, "floorArea": 1735.39554775, "buildArea": 57268.0530757, "seiFort": "2", "keyFire": 0, "firehouseDist": 2, "pop": 11453}