{"buildingID": 16068, "county": "\u666e\u9640", "town": "\u771f\u5982\u9547", "circleNum": 1, "builtYear": "1986", "builtHeight": 6, "storeNum": 2, "floorArea": 276.272186206, "buildArea": 552.544372411, "seiFort": "2", "keyFire": 0, "firehouseDist": 1, "pop": 110}