{"buildingID": 27227, "county": "\u666e\u9640", "town": "\u66f9\u6768\u65b0\u6751\u8857\u9053", "circleNum": 1, "builtYear": "1979-1985", "builtHeight": 14, "storeNum": 4, "floorArea": 542.077710464, "buildArea": 2168.31084186, "seiFort": "2", "keyFire": 0, "firehouseDist": 2, "pop": 433}