{"buildingID": 6201, "county": "\u666e\u9640", "town": "\u6843\u6d66\u9547", "circleNum": 2, "builtYear": "1998", "builtHeight": 50, "storeNum": 16, "floorArea": 100.237584073, "buildArea": 1603.80134518, "seiFort": "2", "keyFire": 0, "firehouseDist": 1, "pop": 53}