{"buildingID": 8074, "county": "\u666e\u9640", "town": "\u7518\u6cc9\u8def\u8857\u9053", "circleNum": 1, "builtYear": "pre1978", "builtHeight": 17, "storeNum": 5, "floorArea": 1086.70028984, "buildArea": 5433.50144921, "seiFort": "1", "keyFire": 0, "firehouseDist": 2, "pop": 217}