{"buildingID": 5141, "county": "\u666e\u9640", "town": "\u6843\u6d66\u9547", "circleNum": 2, "builtYear": "2006", "builtHeight": 10, "storeNum": 3, "floorArea": 305.388363958, "buildArea": 916.165091874, "seiFort": "3", "keyFire": 0, "firehouseDist": 2, "pop": 183}