{"buildingID": 28116, "county": "\u666e\u9640", "town": "\u957f\u98ce\u65b0\u6751\u8857\u9053", "circleNum": 0, "builtYear": "pre1978", "builtHeight": 31, "storeNum": 10, "floorArea": 863.86400247, "buildArea": 8638.6400247, "seiFort": "1", "keyFire": 0, "firehouseDist": 1, "pop": 431}