{"buildingID": 27780, "county": "\u666e\u9640", "town": "\u957f\u98ce\u65b0\u6751\u8857\u9053", "circleNum": 1, "builtYear": "1979-1985", "builtHeight": 78, "storeNum": 26, "floorArea": 1000.22848092, "buildArea": 26005.940504, "seiFort": "2", "keyFire": 0, "firehouseDist": 2, "pop": 5201}