{"buildingID": 5158, "county": "\u666e\u9640", "town": "\u6843\u6d66\u9547", "circleNum": 2, "builtYear": "2014", "builtHeight": 6, "storeNum": 2, "floorArea": 3249.44002464, "buildArea": 6498.88004927, "seiFort": "3", "keyFire": 0, "firehouseDist": 2, "pop": 1299}