{"buildingID": 24047, "county": "\u666e\u9640", "town": "\u957f\u98ce\u65b0\u6751\u8857\u9053", "circleNum": 1, "builtYear": "pre1978", "builtHeight": 15, "storeNum": 5, "floorArea": 605.237697244, "buildArea": 3026.18848622, "seiFort": "1", "keyFire": 0, "firehouseDist": 2, "pop": 121}