{"buildingID": 7407, "county": "\u666e\u9640", "town": "\u957f\u5f81\u9547", "circleNum": 1, "builtYear": "2004", "builtHeight": 82, "storeNum": 27, "floorArea": 444.526036058, "buildArea": 12002.2029736, "seiFort": "3", "keyFire": 0, "firehouseDist": 1, "pop": 2400}