{"buildingID": 10746, "county": "\u666e\u9640", "town": "\u771f\u5982\u9547", "circleNum": 1, "builtYear": "pre1978", "builtHeight": 76, "storeNum": 25, "floorArea": 329.595597729, "buildArea": 8239.88994322, "seiFort": "1", "keyFire": 0, "firehouseDist": 2, "pop": 329}