{"buildingID": 17368, "county": "\u666e\u9640", "town": "\u957f\u5f81\u9547", "circleNum": 2, "builtYear": "1997", "builtHeight": 16, "storeNum": 5, "floorArea": 2212.66659829, "buildArea": 11063.3329914, "seiFort": "2", "keyFire": 0, "firehouseDist": 1, "pop": 2212}