{"buildingID": 26724, "county": "\u666e\u9640", "town": "\u66f9\u6768\u65b0\u6751\u8857\u9053", "circleNum": 1, "builtYear": "pre1978", "builtHeight": 6, "storeNum": 2, "floorArea": 515.339046253, "buildArea": 1030.67809251, "seiFort": "1", "keyFire": 0, "firehouseDist": 2, "pop": 41}