{"buildingID": 12397, "county": "\u666e\u9640", "town": "\u7518\u6cc9\u8def\u8857\u9053", "circleNum": 1, "builtYear": "pre1978", "builtHeight": 19, "storeNum": 6, "floorArea": 353.513248997, "buildArea": 2121.07949398, "seiFort": "1", "keyFire": 0, "firehouseDist": 2, "pop": 84}