{"buildingID": 24847, "county": "\u666e\u9640", "town": "\u66f9\u6768\u65b0\u6751\u8857\u9053", "circleNum": 1, "builtYear": "pre1978", "builtHeight": 91, "storeNum": 30, "floorArea": 411.5907098, "buildArea": 12347.721294, "seiFort": "1", "keyFire": 0, "firehouseDist": 2, "pop": 493}