{"buildingID": 17260, "county": "\u666e\u9640", "town": "\u957f\u5f81\u9547", "circleNum": 2, "builtYear": "2001", "builtHeight": 17, "storeNum": 5, "floorArea": 2151.70061372, "buildArea": 10758.5030686, "seiFort": "3", "keyFire": 0, "firehouseDist": 1, "pop": 2151}