{"buildingID": 10086, "county": "\u666e\u9640", "town": "\u771f\u5982\u9547", "circleNum": 2, "builtYear": "1999", "builtHeight": 18, "storeNum": 6, "floorArea": 62.9817601886, "buildArea": 377.890561132, "seiFort": "2", "keyFire": 0, "firehouseDist": 2, "pop": 12}