{"buildingID": 4890, "county": "\u666e\u9640", "town": "\u6843\u6d66\u9547", "circleNum": 2, "builtYear": "1997", "builtHeight": 12, "storeNum": 4, "floorArea": 560.973176996, "buildArea": 2243.89270798, "seiFort": "2", "keyFire": 0, "firehouseDist": 2, "pop": 448}