{"buildingID": 23378, "county": "\u666e\u9640", "town": "\u957f\u5f81\u9547", "circleNum": 1, "builtYear": "2010", "builtHeight": 31, "storeNum": 10, "floorArea": 688.649157551, "buildArea": 6886.49157551, "seiFort": "3", "keyFire": 0, "firehouseDist": 2, "pop": 1377}