{"buildingID": 12636, "county": "\u666e\u9640", "town": "\u771f\u5982\u9547", "circleNum": 2, "builtYear": "1993", "builtHeight": 12, "storeNum": 4, "floorArea": 310.326720524, "buildArea": 1241.3068821, "seiFort": "2", "keyFire": 0, "firehouseDist": 2, "pop": 248}