{"buildingID": 1321, "county": "\u666e\u9640", "town": "\u6843\u6d66\u9547", "circleNum": 3, "builtYear": "2017", "builtHeight": 18, "storeNum": 6, "floorArea": 592.624032682, "buildArea": 3555.74419609, "seiFort": "3", "keyFire": 0, "firehouseDist": 3, "pop": 711}