{"buildingID": 15444, "county": "\u666e\u9640", "town": "\u77f3\u6cc9\u8def\u8857\u9053", "circleNum": 1, "builtYear": "2017", "builtHeight": 16, "storeNum": 5, "floorArea": 599.085815429, "buildArea": 2995.42907714, "seiFort": "3", "keyFire": 0, "firehouseDist": 2, "pop": 599}