{"buildingID": 8699, "county": "\u666e\u9640", "town": "\u7518\u6cc9\u8def\u8857\u9053", "circleNum": 1, "builtYear": "pre1978", "builtHeight": 16, "storeNum": 5, "floorArea": 538.642781376, "buildArea": 2693.21390688, "seiFort": "1", "keyFire": 0, "firehouseDist": 3, "pop": 107}