{"buildingID": 11851, "county": "\u666e\u9640", "town": "\u771f\u5982\u9547", "circleNum": 1, "builtYear": "pre1978", "builtHeight": 58, "storeNum": 19, "floorArea": 145.600318036, "buildArea": 2766.40604268, "seiFort": "1", "keyFire": 0, "firehouseDist": 2, "pop": 110}