{"buildingID": 833, "county": "\u666e\u9640", "town": "\u6843\u6d66\u9547", "circleNum": 3, "builtYear": "1979-1985", "builtHeight": 54, "storeNum": 18, "floorArea": 1216.0800601, "buildArea": 21889.4410817, "seiFort": "2", "keyFire": 0, "firehouseDist": 4, "pop": 4377}