{"buildingID": 22929, "county": "\u666e\u9640", "town": "\u957f\u5bff\u8def\u8857\u9053", "circleNum": 0, "builtYear": "1979-1985", "builtHeight": 16, "storeNum": 5, "floorArea": 381.098928243, "buildArea": 1905.49464121, "seiFort": "2", "keyFire": 0, "firehouseDist": 1, "pop": 381}