{"buildingID": 15011, "county": "\u666e\u9640", "town": "\u771f\u5982\u9547", "circleNum": 2, "builtYear": "1996", "builtHeight": 16, "storeNum": 5, "floorArea": 739.840018995, "buildArea": 3699.20009498, "seiFort": "2", "keyFire": 0, "firehouseDist": 1, "pop": 739}