{"buildingID": 7137, "county": "\u666e\u9640", "town": "\u957f\u5f81\u9547", "circleNum": 1, "builtYear": "2001", "builtHeight": 40, "storeNum": 13, "floorArea": 1283.83483228, "buildArea": 16689.8528196, "seiFort": "3", "keyFire": 0, "firehouseDist": 1, "pop": 3337}