{"buildingID": 14264, "county": "\u666e\u9640", "town": "\u77f3\u6cc9\u8def\u8857\u9053", "circleNum": 1, "builtYear": "1989", "builtHeight": 18, "storeNum": 6, "floorArea": 647.566345855, "buildArea": 3885.39807513, "seiFort": "2", "keyFire": 0, "firehouseDist": 2, "pop": 777}