{"buildingID": 11161, "county": "\u666e\u9640", "town": "\u771f\u5982\u9547", "circleNum": 2, "builtYear": "1998", "builtHeight": 15, "storeNum": 5, "floorArea": 1257.96176853, "buildArea": 6289.80884266, "seiFort": "2", "keyFire": 0, "firehouseDist": 2, "pop": 1257}