{"buildingID": 28839, "county": "\u666e\u9640", "town": "\u957f\u98ce\u65b0\u6751\u8857\u9053", "circleNum": 1, "builtYear": "1979-1985", "builtHeight": 9, "storeNum": 3, "floorArea": 1511.14688468, "buildArea": 4533.44065404, "seiFort": "2", "keyFire": 0, "firehouseDist": 3, "pop": 906}