{"buildingID": 1820, "county": "\u666e\u9640", "town": "\u6843\u6d66\u9547", "circleNum": 2, "builtYear": "1996", "builtHeight": 10, "storeNum": 3, "floorArea": 937.975872358, "buildArea": 2813.92761707, "seiFort": "2", "keyFire": 0, "firehouseDist": 2, "pop": 562}