{"buildingID": 799, "county": "\u666e\u9640", "town": "\u6843\u6d66\u9547", "circleNum": 3, "builtYear": "1979-1985", "builtHeight": 6, "storeNum": 2, "floorArea": 4819.45821206, "buildArea": 9638.91642412, "seiFort": "2", "keyFire": 0, "firehouseDist": 5, "pop": 1927}