{"buildingID": 11281, "county": "\u666e\u9640", "town": "\u771f\u5982\u9547", "circleNum": 2, "builtYear": "pre1978", "builtHeight": 13, "storeNum": 4, "floorArea": 789.333963636, "buildArea": 3157.33585454, "seiFort": "1", "keyFire": 0, "firehouseDist": 2, "pop": 105}