{"buildingID": 5948, "county": "\u666e\u9640", "town": "\u6843\u6d66\u9547", "circleNum": 2, "builtYear": "1979-1985", "builtHeight": 8, "storeNum": 2, "floorArea": 300.19543835, "buildArea": 600.390876699, "seiFort": "2", "keyFire": 0, "firehouseDist": 1, "pop": 120}