{"buildingID": 3404, "county": "\u666e\u9640", "town": "\u6843\u6d66\u9547", "circleNum": 3, "builtYear": "2004", "builtHeight": 6, "storeNum": 2, "floorArea": 2892.28956284, "buildArea": 5784.57912568, "seiFort": "3", "keyFire": 0, "firehouseDist": 4, "pop": 1156}