{"buildingID": 1703, "county": "\u666e\u9640", "town": "\u6843\u6d66\u9547", "circleNum": 2, "builtYear": "2010", "builtHeight": 33, "storeNum": 11, "floorArea": 1566.54866581, "buildArea": 17232.0353239, "seiFort": "3", "keyFire": 0, "firehouseDist": 2, "pop": 3446}