{"buildingID": 4804, "county": "\u666e\u9640", "town": "\u6843\u6d66\u9547", "circleNum": 2, "builtYear": "2004", "builtHeight": 64, "storeNum": 21, "floorArea": 645.856974149, "buildArea": 13562.9964571, "seiFort": "3", "keyFire": 0, "firehouseDist": 2, "pop": 2712}