{"buildingID": 4900, "county": "\u666e\u9640", "town": "\u6843\u6d66\u9547", "circleNum": 2, "builtYear": "1993", "builtHeight": 82, "storeNum": 27, "floorArea": 73.7358360035, "buildArea": 1990.86757209, "seiFort": "2", "keyFire": 0, "firehouseDist": 2, "pop": 66}