{"buildingID": 25432, "county": "\u666e\u9640", "town": "\u66f9\u6768\u65b0\u6751\u8857\u9053", "circleNum": 1, "builtYear": "1979-1985", "builtHeight": 16, "storeNum": 5, "floorArea": 533.963711116, "buildArea": 2669.81855558, "seiFort": "2", "keyFire": 0, "firehouseDist": 1, "pop": 533}