{"buildingID": 14352, "county": "\u666e\u9640", "town": "\u77f3\u6cc9\u8def\u8857\u9053", "circleNum": 1, "builtYear": "1988", "builtHeight": 54, "storeNum": 18, "floorArea": 170.249109504, "buildArea": 3064.48397106, "seiFort": "2", "keyFire": 0, "firehouseDist": 2, "pop": 122}