{"buildingID": 13504, "county": "\u666e\u9640", "town": "\u771f\u5982\u9547", "circleNum": 2, "builtYear": "pre1978", "builtHeight": 16, "storeNum": 5, "floorArea": 1248.70831118, "buildArea": 6243.54155589, "seiFort": "1", "keyFire": 0, "firehouseDist": 1, "pop": 208}