{"buildingID": 21310, "county": "\u666e\u9640", "town": "\u957f\u5f81\u9547", "circleNum": 1, "builtYear": "1979-1985", "builtHeight": 7, "storeNum": 2, "floorArea": 380.560113146, "buildArea": 761.120226291, "seiFort": "2", "keyFire": 0, "firehouseDist": 2, "pop": 152}