{"buildingID": 12620, "county": "\u666e\u9640", "town": "\u771f\u5982\u9547", "circleNum": 2, "builtYear": "1987", "builtHeight": 5, "storeNum": 1, "floorArea": 641.020322855, "buildArea": 641.020322855, "seiFort": "2", "keyFire": 0, "firehouseDist": 2, "pop": 128}