{"buildingID": 14542, "county": "\u666e\u9640", "town": "\u771f\u5982\u9547", "circleNum": 2, "builtYear": "1999", "builtHeight": 17, "storeNum": 5, "floorArea": 958.031407083, "buildArea": 4790.15703541, "seiFort": "2", "keyFire": 0, "firehouseDist": 1, "pop": 958}