{"buildingID": 16367, "county": "\u666e\u9640", "town": "\u771f\u5982\u9547", "circleNum": 2, "builtYear": "1990", "builtHeight": 70, "storeNum": 23, "floorArea": 579.190688427, "buildArea": 13321.3858338, "seiFort": "2", "keyFire": 0, "firehouseDist": 1, "pop": 2664}