{"buildingID": 7915, "county": "\u666e\u9640", "town": "\u771f\u5982\u9547", "circleNum": 1, "builtYear": "1989", "builtHeight": 63, "storeNum": 21, "floorArea": 87.3027190054, "buildArea": 1833.35709911, "seiFort": "2", "keyFire": 0, "firehouseDist": 2, "pop": 73}