{"buildingID": 13722, "county": "\u666e\u9640", "town": "\u771f\u5982\u9547", "circleNum": 1, "builtYear": "1992", "builtHeight": 18, "storeNum": 6, "floorArea": 272.811227182, "buildArea": 1636.86736309, "seiFort": "2", "keyFire": 0, "firehouseDist": 2, "pop": 327}