{"buildingID": 24194, "county": "\u666e\u9640", "town": "\u66f9\u6768\u65b0\u6751\u8857\u9053", "circleNum": 1, "builtYear": "pre1978", "builtHeight": 15, "storeNum": 5, "floorArea": 536.680445003, "buildArea": 2683.40222501, "seiFort": "1", "keyFire": 0, "firehouseDist": 1, "pop": 107}