{"buildingID": 27042, "county": "\u666e\u9640", "town": "\u957f\u98ce\u65b0\u6751\u8857\u9053", "circleNum": 0, "builtYear": "pre1978", "builtHeight": 15, "storeNum": 5, "floorArea": 497.461977186, "buildArea": 2487.30988593, "seiFort": "1", "keyFire": 0, "firehouseDist": 2, "pop": 124}