{"buildingID": 2191, "county": "\u666e\u9640", "town": "\u6843\u6d66\u9547", "circleNum": 2, "builtYear": "1991", "builtHeight": 19, "storeNum": 6, "floorArea": 317.323665432, "buildArea": 1903.94199259, "seiFort": "2", "keyFire": 0, "firehouseDist": 2, "pop": 380}