{"buildingID": 13048, "county": "\u666e\u9640", "town": "\u77f3\u6cc9\u8def\u8857\u9053", "circleNum": 1, "builtYear": "1994", "builtHeight": 94, "storeNum": 31, "floorArea": 842.361663464, "buildArea": 26113.2115674, "seiFort": "2", "keyFire": 0, "firehouseDist": 3, "pop": 5222}