{"buildingID": 15604, "county": "\u666e\u9640", "town": "\u5b9c\u5ddd\u8def\u8857\u9053", "circleNum": 0, "builtYear": "pre1978", "builtHeight": 112, "storeNum": 37, "floorArea": 319.397574561, "buildArea": 11817.7102588, "seiFort": "1", "keyFire": 0, "firehouseDist": 1, "pop": 2363}