{"buildingID": 25212, "county": "\u666e\u9640", "town": "\u957f\u5f81\u9547", "circleNum": 1, "builtYear": "1979-1985", "builtHeight": 25, "storeNum": 8, "floorArea": 21311.6182238, "buildArea": 170492.945791, "seiFort": "2", "keyFire": 0, "firehouseDist": 2, "pop": 17049}