{"buildingID": 5781, "county": "\u666e\u9640", "town": "\u6843\u6d66\u9547", "circleNum": 2, "builtYear": "2002", "builtHeight": 11, "storeNum": 3, "floorArea": 583.028740369, "buildArea": 1749.08622111, "seiFort": "3", "keyFire": 0, "firehouseDist": 2, "pop": 349}