{"buildingID": 5112, "county": "\u666e\u9640", "town": "\u6843\u6d66\u9547", "circleNum": 2, "builtYear": "2012", "builtHeight": 38, "storeNum": 12, "floorArea": 631.701159548, "buildArea": 7580.41391457, "seiFort": "3", "keyFire": 0, "firehouseDist": 2, "pop": 1516}