{"buildingID": 7848, "county": "\u666e\u9640", "town": "\u7518\u6cc9\u8def\u8857\u9053", "circleNum": 1, "builtYear": "1991", "builtHeight": 9, "storeNum": 3, "floorArea": 416.198732243, "buildArea": 1248.59619673, "seiFort": "2", "keyFire": 0, "firehouseDist": 3, "pop": 249}