{"buildingID": 26919, "county": "\u666e\u9640", "town": "\u957f\u98ce\u65b0\u6751\u8857\u9053", "circleNum": 1, "builtYear": "1988", "builtHeight": 11, "storeNum": 3, "floorArea": 1067.86119674, "buildArea": 3203.58359023, "seiFort": "2", "keyFire": 1, "firehouseDist": 2, "pop": 640}