{"buildingID": 13952, "county": "\u666e\u9640", "town": "\u771f\u5982\u9547", "circleNum": 1, "builtYear": "2014", "builtHeight": 6, "storeNum": 2, "floorArea": 359.836778002, "buildArea": 719.673556004, "seiFort": "3", "keyFire": 0, "firehouseDist": 2, "pop": 143}