{"buildingID": 12080, "county": "\u666e\u9640", "town": "\u77f3\u6cc9\u8def\u8857\u9053", "circleNum": 1, "builtYear": "1995", "builtHeight": 6, "storeNum": 2, "floorArea": 363.921791288, "buildArea": 727.843582577, "seiFort": "2", "keyFire": 0, "firehouseDist": 3, "pop": 145}