{"buildingID": 1170, "county": "\u666e\u9640", "town": "\u6843\u6d66\u9547", "circleNum": 3, "builtYear": "2006", "builtHeight": 18, "storeNum": 6, "floorArea": 1360.65916543, "buildArea": 8163.95499256, "seiFort": "3", "keyFire": 0, "firehouseDist": 4, "pop": 1632}