{"buildingID": 7559, "county": "\u666e\u9640", "town": "\u7518\u6cc9\u8def\u8857\u9053", "circleNum": 1, "builtYear": "1979-1985", "builtHeight": 20, "storeNum": 6, "floorArea": 378.794689075, "buildArea": 2272.76813445, "seiFort": "2", "keyFire": 0, "firehouseDist": 3, "pop": 454}