{"buildingID": 15137, "county": "\u666e\u9640", "town": "\u771f\u5982\u9547", "circleNum": 2, "builtYear": "1995", "builtHeight": 33, "storeNum": 11, "floorArea": 114.960096613, "buildArea": 1264.56106274, "seiFort": "2", "keyFire": 0, "firehouseDist": 1, "pop": 42}