{"buildingID": 15139, "county": "\u666e\u9640", "town": "\u771f\u5982\u9547", "circleNum": 2, "builtYear": "1995", "builtHeight": 6, "storeNum": 2, "floorArea": 768.427100488, "buildArea": 1536.85420098, "seiFort": "2", "keyFire": 0, "firehouseDist": 1, "pop": 307}