{"buildingID": 28067, "county": "\u666e\u9640", "town": "\u957f\u98ce\u65b0\u6751\u8857\u9053", "circleNum": 0, "builtYear": "pre1978", "builtHeight": 54, "storeNum": 18, "floorArea": 253.731881693, "buildArea": 4567.17387047, "seiFort": "1", "keyFire": 1, "firehouseDist": 2, "pop": 228}