{"buildingID": 21360, "county": "\u666e\u9640", "town": "\u771f\u5982\u9547", "circleNum": 1, "builtYear": "1979-1985", "builtHeight": 24, "storeNum": 8, "floorArea": 3449.83802241, "buildArea": 27598.7041793, "seiFort": "2", "keyFire": 0, "firehouseDist": 1, "pop": 5519}