{"buildingID": 27270, "county": "\u666e\u9640", "town": "\u957f\u98ce\u65b0\u6751\u8857\u9053", "circleNum": 0, "builtYear": "pre1978", "builtHeight": 32, "storeNum": 10, "floorArea": 833.056389129, "buildArea": 8330.56389129, "seiFort": "1", "keyFire": 0, "firehouseDist": 2, "pop": 416}