{"buildingID": 9513, "county": "\u666e\u9640", "town": "\u957f\u5f81\u9547", "circleNum": 1, "builtYear": "1979-1985", "builtHeight": 13, "storeNum": 4, "floorArea": 905.701959669, "buildArea": 3622.80783868, "seiFort": "2", "keyFire": 1, "firehouseDist": 2, "pop": 724}