{"buildingID": 13345, "county": "\u666e\u9640", "town": "\u771f\u5982\u9547", "circleNum": 1, "builtYear": "1993", "builtHeight": 20, "storeNum": 6, "floorArea": 554.146212675, "buildArea": 3324.87727605, "seiFort": "2", "keyFire": 0, "firehouseDist": 2, "pop": 664}