{"buildingID": 12320, "county": "\u666e\u9640", "town": "\u771f\u5982\u9547", "circleNum": 1, "builtYear": "pre1978", "builtHeight": 38, "storeNum": 12, "floorArea": 610.680924183, "buildArea": 7328.1710902, "seiFort": "1", "keyFire": 0, "firehouseDist": 2, "pop": 293}