{"buildingID": 11285, "county": "\u666e\u9640", "town": "\u771f\u5982\u9547", "circleNum": 2, "builtYear": "2000", "builtHeight": 12, "storeNum": 4, "floorArea": 609.988366582, "buildArea": 2439.95346633, "seiFort": "3", "keyFire": 0, "firehouseDist": 2, "pop": 487}