{"buildingID": 24782, "county": "\u666e\u9640", "town": "\u66f9\u6768\u65b0\u6751\u8857\u9053", "circleNum": 1, "builtYear": "pre1978", "builtHeight": 10, "storeNum": 3, "floorArea": 519.581800348, "buildArea": 1558.74540104, "seiFort": "1", "keyFire": 0, "firehouseDist": 1, "pop": 62}