{"buildingID": 10101, "county": "\u666e\u9640", "town": "\u771f\u5982\u9547", "circleNum": 2, "builtYear": "2002", "builtHeight": 19, "storeNum": 6, "floorArea": 835.21387432, "buildArea": 5011.28324592, "seiFort": "3", "keyFire": 0, "firehouseDist": 2, "pop": 1002}