{"buildingID": 1532, "county": "\u666e\u9640", "town": "\u6843\u6d66\u9547", "circleNum": 3, "builtYear": "1998", "builtHeight": 54, "storeNum": 18, "floorArea": 333.536466194, "buildArea": 6003.65639149, "seiFort": "2", "keyFire": 0, "firehouseDist": 4, "pop": 1200}