{"buildingID": 14103, "county": "\u666e\u9640", "town": "\u77f3\u6cc9\u8def\u8857\u9053", "circleNum": 1, "builtYear": "1989", "builtHeight": 9, "storeNum": 3, "floorArea": 3245.88547749, "buildArea": 9737.65643246, "seiFort": "2", "keyFire": 0, "firehouseDist": 2, "pop": 1947}