{"buildingID": 10907, "county": "\u666e\u9640", "town": "\u957f\u5f81\u9547", "circleNum": 1, "builtYear": "1979-1985", "builtHeight": 15, "storeNum": 5, "floorArea": 502.541440261, "buildArea": 2512.7072013, "seiFort": "2", "keyFire": 0, "firehouseDist": 3, "pop": 502}