{"buildingID": 9093, "county": "\u666e\u9640", "town": "\u7518\u6cc9\u8def\u8857\u9053", "circleNum": 1, "builtYear": "pre1978", "builtHeight": 17, "storeNum": 5, "floorArea": 904.088603228, "buildArea": 4520.44301614, "seiFort": "1", "keyFire": 0, "firehouseDist": 3, "pop": 180}