{"buildingID": 6190, "county": "\u666e\u9640", "town": "\u6843\u6d66\u9547", "circleNum": 2, "builtYear": "1979-1985", "builtHeight": 23, "storeNum": 7, "floorArea": 118.321655406, "buildArea": 828.251587844, "seiFort": "2", "keyFire": 0, "firehouseDist": 1, "pop": 27}