{"buildingID": 13900, "county": "\u666e\u9640", "town": "\u771f\u5982\u9547", "circleNum": 1, "builtYear": "1987", "builtHeight": 17, "storeNum": 5, "floorArea": 915.734517198, "buildArea": 4578.67258599, "seiFort": "2", "keyFire": 0, "firehouseDist": 2, "pop": 915}