{"buildingID": 28346, "county": "\u666e\u9640", "town": "\u957f\u98ce\u65b0\u6751\u8857\u9053", "circleNum": 1, "builtYear": "1985", "builtHeight": 9, "storeNum": 3, "floorArea": 590.71236958, "buildArea": 1772.13710874, "seiFort": "2", "keyFire": 0, "firehouseDist": 2, "pop": 354}