{"buildingID": 8764, "county": "\u666e\u9640", "town": "\u7518\u6cc9\u8def\u8857\u9053", "circleNum": 1, "builtYear": "1987", "builtHeight": 26, "storeNum": 8, "floorArea": 202.265960102, "buildArea": 1618.12768081, "seiFort": "2", "keyFire": 0, "firehouseDist": 3, "pop": 323}