{"buildingID": 735, "county": "\u666e\u9640", "town": "\u771f\u5982\u9547", "circleNum": 2, "builtYear": "1994", "builtHeight": 20, "storeNum": 6, "floorArea": 833.713668305, "buildArea": 5002.28200983, "seiFort": "2", "keyFire": 0, "firehouseDist": 1, "pop": 1000}