{"buildingID": 2660, "county": "\u666e\u9640", "town": "\u6843\u6d66\u9547", "circleNum": 2, "builtYear": "1990", "builtHeight": 30, "storeNum": 10, "floorArea": 699.202061751, "buildArea": 6992.02061751, "seiFort": "2", "keyFire": 0, "firehouseDist": 1, "pop": 1398}