{"buildingID": 16967, "county": "\u666e\u9640", "town": "\u957f\u5bff\u8def\u8857\u9053", "circleNum": 0, "builtYear": "1988", "builtHeight": 104, "storeNum": 34, "floorArea": 80.7710000137, "buildArea": 2746.21400046, "seiFort": "2", "keyFire": 0, "firehouseDist": 1, "pop": 549}