{"buildingID": 22302, "county": "\u666e\u9640", "town": "\u66f9\u6768\u65b0\u6751\u8857\u9053", "circleNum": 1, "builtYear": "pre1978", "builtHeight": 69, "storeNum": 23, "floorArea": 763.436945425, "buildArea": 17559.0497448, "seiFort": "1", "keyFire": 0, "firehouseDist": 1, "pop": 702}