{"buildingID": 16345, "county": "\u666e\u9640", "town": "\u771f\u5982\u9547", "circleNum": 2, "builtYear": "1996", "builtHeight": 20, "storeNum": 6, "floorArea": 805.500824469, "buildArea": 4833.00494681, "seiFort": "2", "keyFire": 0, "firehouseDist": 1, "pop": 966}