{"buildingID": 23700, "county": "\u666e\u9640", "town": "\u66f9\u6768\u65b0\u6751\u8857\u9053", "circleNum": 1, "builtYear": "pre1978", "builtHeight": 16, "storeNum": 5, "floorArea": 555.881170241, "buildArea": 2779.4058512, "seiFort": "1", "keyFire": 0, "firehouseDist": 1, "pop": 111}