{"buildingID": 13844, "county": "\u666e\u9640", "town": "\u77f3\u6cc9\u8def\u8857\u9053", "circleNum": 1, "builtYear": "pre1978", "builtHeight": 97, "storeNum": 32, "floorArea": 1166.31142229, "buildArea": 37321.9655131, "seiFort": "1", "keyFire": 1, "firehouseDist": 2, "pop": 1492}