{"buildingID": 16725, "county": "\u666e\u9640", "town": "\u77f3\u6cc9\u8def\u8857\u9053", "circleNum": 1, "builtYear": "1988", "builtHeight": 6, "storeNum": 2, "floorArea": 431.220059337, "buildArea": 862.440118674, "seiFort": "2", "keyFire": 0, "firehouseDist": 2, "pop": 172}