{"buildingID": 7746, "county": "\u666e\u9640", "town": "\u7518\u6cc9\u8def\u8857\u9053", "circleNum": 1, "builtYear": "1987", "builtHeight": 18, "storeNum": 6, "floorArea": 393.520018551, "buildArea": 2361.12011131, "seiFort": "2", "keyFire": 0, "firehouseDist": 3, "pop": 472}