{"buildingID": 14217, "county": "\u666e\u9640", "town": "\u77f3\u6cc9\u8def\u8857\u9053", "circleNum": 1, "builtYear": "2011", "builtHeight": 9, "storeNum": 3, "floorArea": 308.594626389, "buildArea": 925.783879168, "seiFort": "3", "keyFire": 0, "firehouseDist": 3, "pop": 185}