{"buildingID": 1746, "county": "\u666e\u9640", "town": "\u6843\u6d66\u9547", "circleNum": 2, "builtYear": "2002", "builtHeight": 14, "storeNum": 4, "floorArea": 468.879829367, "buildArea": 1875.51931747, "seiFort": "3", "keyFire": 0, "firehouseDist": 2, "pop": 375}