{"buildingID": 22357, "county": "\u666e\u9640", "town": "\u77f3\u6cc9\u8def\u8857\u9053", "circleNum": 1, "builtYear": "1988", "builtHeight": 11, "storeNum": 3, "floorArea": 1819.70388145, "buildArea": 5459.11164436, "seiFort": "2", "keyFire": 0, "firehouseDist": 2, "pop": 1091}