{"buildingID": 1161, "county": "\u666e\u9640", "town": "\u6843\u6d66\u9547", "circleNum": 3, "builtYear": "2001", "builtHeight": 54, "storeNum": 18, "floorArea": 1156.05837068, "buildArea": 20809.0506723, "seiFort": "3", "keyFire": 0, "firehouseDist": 4, "pop": 4161}