{"buildingID": 15743, "county": "\u666e\u9640", "town": "\u771f\u5982\u9547", "circleNum": 2, "builtYear": "1988", "builtHeight": 18, "storeNum": 6, "floorArea": 879.636402055, "buildArea": 5277.81841233, "seiFort": "2", "keyFire": 0, "firehouseDist": 1, "pop": 1055}