{"buildingID": 22329, "county": "\u666e\u9640", "town": "\u66f9\u6768\u65b0\u6751\u8857\u9053", "circleNum": 1, "builtYear": "pre1978", "builtHeight": 68, "storeNum": 22, "floorArea": 458.121607451, "buildArea": 10078.6753639, "seiFort": "1", "keyFire": 0, "firehouseDist": 1, "pop": 403}