{"buildingID": 8761, "county": "\u666e\u9640", "town": "\u7518\u6cc9\u8def\u8857\u9053", "circleNum": 1, "builtYear": "1994", "builtHeight": 22, "storeNum": 7, "floorArea": 959.180859422, "buildArea": 6714.26601596, "seiFort": "2", "keyFire": 0, "firehouseDist": 3, "pop": 1342}