{"buildingID": 15172, "county": "\u666e\u9640", "town": "\u771f\u5982\u9547", "circleNum": 1, "builtYear": "2017", "builtHeight": 10, "storeNum": 3, "floorArea": 2173.97705903, "buildArea": 6521.9311771, "seiFort": "3", "keyFire": 0, "firehouseDist": 2, "pop": 1304}