{"buildingID": 1117, "county": "\u666e\u9640", "town": "\u6843\u6d66\u9547", "circleNum": 3, "builtYear": "2017", "builtHeight": 18, "storeNum": 6, "floorArea": 623.325633265, "buildArea": 3739.95379959, "seiFort": "3", "keyFire": 0, "firehouseDist": 5, "pop": 747}