{"buildingID": 21438, "county": "\u666e\u9640", "town": "\u771f\u5982\u9547", "circleNum": 1, "builtYear": "pre1978", "builtHeight": 53, "storeNum": 17, "floorArea": 357.033916289, "buildArea": 6069.57657691, "seiFort": "1", "keyFire": 0, "firehouseDist": 1, "pop": 242}