{"buildingID": 2351, "county": "\u666e\u9640", "town": "\u6843\u6d66\u9547", "circleNum": 2, "builtYear": "1979-1985", "builtHeight": 13, "storeNum": 4, "floorArea": 838.646211856, "buildArea": 3354.58484743, "seiFort": "2", "keyFire": 0, "firehouseDist": 1, "pop": 670}