{"buildingID": 17775, "county": "\u666e\u9640", "town": "\u957f\u5f81\u9547", "circleNum": 2, "builtYear": "1979-1985", "builtHeight": 9, "storeNum": 3, "floorArea": 673.23192469, "buildArea": 2019.69577407, "seiFort": "2", "keyFire": 0, "firehouseDist": 3, "pop": 403}