{"buildingID": 17218, "county": "\u666e\u9640", "town": "\u957f\u5f81\u9547", "circleNum": 2, "builtYear": "1990", "builtHeight": 42, "storeNum": 14, "floorArea": 229.599635532, "buildArea": 3214.39489745, "seiFort": "2", "keyFire": 0, "firehouseDist": 1, "pop": 642}