{"buildingID": 22687, "county": "\u666e\u9640", "town": "\u957f\u5bff\u8def\u8857\u9053", "circleNum": 0, "builtYear": "pre1978", "builtHeight": 89, "storeNum": 29, "floorArea": 733.010073631, "buildArea": 21257.2921353, "seiFort": "1", "keyFire": 0, "firehouseDist": 1, "pop": 1062}