{"buildingID": 16923, "county": "\u666e\u9640", "town": "\u77f3\u6cc9\u8def\u8857\u9053", "circleNum": 1, "builtYear": "pre1978", "builtHeight": 60, "storeNum": 20, "floorArea": 955.404039406, "buildArea": 19108.0807881, "seiFort": "1", "keyFire": 0, "firehouseDist": 2, "pop": 764}