{"buildingID": 6290, "county": "\u666e\u9640", "town": "\u6843\u6d66\u9547", "circleNum": 2, "builtYear": "1979-1985", "builtHeight": 11, "storeNum": 3, "floorArea": 288.467482748, "buildArea": 865.402448245, "seiFort": "2", "keyFire": 0, "firehouseDist": 1, "pop": 173}