{"buildingID": 19199, "county": "\u666e\u9640", "town": "\u957f\u5f81\u9547", "circleNum": 2, "builtYear": "1979-1985", "builtHeight": 16, "storeNum": 5, "floorArea": 1124.73826299, "buildArea": 5623.69131497, "seiFort": "2", "keyFire": 0, "firehouseDist": 3, "pop": 1124}