{"buildingID": 10147, "county": "\u666e\u9640", "town": "\u771f\u5982\u9547", "circleNum": 2, "builtYear": "2010", "builtHeight": 47, "storeNum": 15, "floorArea": 87.6008992312, "buildArea": 1314.01348847, "seiFort": "3", "keyFire": 0, "firehouseDist": 2, "pop": 43}