{"buildingID": 2972, "county": "\u666e\u9640", "town": "\u6843\u6d66\u9547", "circleNum": 2, "builtYear": "1979-1985", "builtHeight": 12, "storeNum": 4, "floorArea": 9925.78070353, "buildArea": 39703.1228141, "seiFort": "2", "keyFire": 0, "firehouseDist": 1, "pop": 7940}