{"buildingID": 21374, "county": "\u666e\u9640", "town": "\u771f\u5982\u9547", "circleNum": 1, "builtYear": "1991", "builtHeight": 17, "storeNum": 5, "floorArea": 1020.47927476, "buildArea": 5102.3963738, "seiFort": "2", "keyFire": 0, "firehouseDist": 1, "pop": 1020}