{"buildingID": 28277, "county": "\u666e\u9640", "town": "\u957f\u98ce\u65b0\u6751\u8857\u9053", "circleNum": 1, "builtYear": "pre1978", "builtHeight": 22, "storeNum": 7, "floorArea": 2042.8959049, "buildArea": 14300.2713343, "seiFort": "1", "keyFire": 0, "firehouseDist": 2, "pop": 572}