{"buildingID": 4947, "county": "\u666e\u9640", "town": "\u771f\u5982\u9547", "circleNum": 2, "builtYear": "1994", "builtHeight": 15, "storeNum": 5, "floorArea": 578.295217102, "buildArea": 2891.47608551, "seiFort": "2", "keyFire": 0, "firehouseDist": 1, "pop": 578}