{"buildingID": 21398, "county": "\u666e\u9640", "town": "\u771f\u5982\u9547", "circleNum": 1, "builtYear": "pre1978", "builtHeight": 15, "storeNum": 5, "floorArea": 850.716137319, "buildArea": 4253.58068659, "seiFort": "1", "keyFire": 0, "firehouseDist": 1, "pop": 170}