{"buildingID": 21844, "county": "\u666e\u9640", "town": "\u77f3\u6cc9\u8def\u8857\u9053", "circleNum": 1, "builtYear": "pre1978", "builtHeight": 18, "storeNum": 6, "floorArea": 831.081807722, "buildArea": 4986.49084633, "seiFort": "1", "keyFire": 0, "firehouseDist": 1, "pop": 199}