{"buildingID": 8128, "county": "\u666e\u9640", "town": "\u771f\u5982\u9547", "circleNum": 2, "builtYear": "2001", "builtHeight": 11, "storeNum": 3, "floorArea": 182.824353304, "buildArea": 548.473059913, "seiFort": "3", "keyFire": 0, "firehouseDist": 2, "pop": 109}