{"buildingID": 12505, "county": "\u666e\u9640", "town": "\u77f3\u6cc9\u8def\u8857\u9053", "circleNum": 1, "builtYear": "1987", "builtHeight": 21, "storeNum": 7, "floorArea": 772.54221183, "buildArea": 5407.79548281, "seiFort": "2", "keyFire": 0, "firehouseDist": 3, "pop": 1081}