{"buildingID": 15711, "county": "\u666e\u9640", "town": "\u771f\u5982\u9547", "circleNum": 2, "builtYear": "1993", "builtHeight": 19, "storeNum": 6, "floorArea": 1103.0638037, "buildArea": 6618.38282219, "seiFort": "2", "keyFire": 0, "firehouseDist": 1, "pop": 1323}