{"buildingID": 23699, "county": "\u666e\u9640", "town": "\u66f9\u6768\u65b0\u6751\u8857\u9053", "circleNum": 1, "builtYear": "2014", "builtHeight": 12, "storeNum": 4, "floorArea": 60.2559019272, "buildArea": 241.023607709, "seiFort": "3", "keyFire": 0, "firehouseDist": 1, "pop": 9}