{"buildingID": 7825, "county": "\u666e\u9640", "town": "\u7518\u6cc9\u8def\u8857\u9053", "circleNum": 1, "builtYear": "1991", "builtHeight": 10, "storeNum": 3, "floorArea": 292.003748893, "buildArea": 876.01124668, "seiFort": "2", "keyFire": 0, "firehouseDist": 3, "pop": 175}