{"buildingID": 14544, "county": "\u666e\u9640", "town": "\u771f\u5982\u9547", "circleNum": 2, "builtYear": "1996", "builtHeight": 14, "storeNum": 4, "floorArea": 418.319807055, "buildArea": 1673.27922822, "seiFort": "2", "keyFire": 0, "firehouseDist": 1, "pop": 334}