{"buildingID": 3765, "county": "\u666e\u9640", "town": "\u6843\u6d66\u9547", "circleNum": 3, "builtYear": "1979-1985", "builtHeight": 6, "storeNum": 2, "floorArea": 2020.33638088, "buildArea": 4040.67276176, "seiFort": "2", "keyFire": 0, "firehouseDist": 4, "pop": 808}