{"buildingID": 5032, "county": "\u666e\u9640", "town": "\u6843\u6d66\u9547", "circleNum": 2, "builtYear": "2010", "builtHeight": 32, "storeNum": 10, "floorArea": 865.026507337, "buildArea": 8650.26507337, "seiFort": "3", "keyFire": 0, "firehouseDist": 2, "pop": 1730}