{"buildingID": 5369, "county": "\u666e\u9640", "town": "\u6843\u6d66\u9547", "circleNum": 2, "builtYear": "1995", "builtHeight": 12, "storeNum": 4, "floorArea": 454.362909615, "buildArea": 1817.45163846, "seiFort": "2", "keyFire": 0, "firehouseDist": 2, "pop": 363}