{"buildingID": 8314, "county": "\u666e\u9640", "town": "\u6843\u6d66\u9547", "circleNum": 2, "builtYear": "1979-1985", "builtHeight": 9, "storeNum": 3, "floorArea": 60.1326152242, "buildArea": 180.397845672, "seiFort": "2", "keyFire": 0, "firehouseDist": 1, "pop": 6}