{"buildingID": 16295, "county": "\u666e\u9640", "town": "\u5b9c\u5ddd\u8def\u8857\u9053", "circleNum": 0, "builtYear": "pre1978", "builtHeight": 111, "storeNum": 37, "floorArea": 1406.99728599, "buildArea": 52058.8995815, "seiFort": "1", "keyFire": 0, "firehouseDist": 1, "pop": 10411}