{"buildingID": 15386, "county": "\u666e\u9640", "town": "\u77f3\u6cc9\u8def\u8857\u9053", "circleNum": 1, "builtYear": "1995", "builtHeight": 23, "storeNum": 7, "floorArea": 143.231253303, "buildArea": 1002.61877312, "seiFort": "2", "keyFire": 0, "firehouseDist": 2, "pop": 40}