{"buildingID": 9085, "county": "\u666e\u9640", "town": "\u7518\u6cc9\u8def\u8857\u9053", "circleNum": 1, "builtYear": "1990", "builtHeight": 17, "storeNum": 5, "floorArea": 533.947304899, "buildArea": 2669.73652449, "seiFort": "2", "keyFire": 0, "firehouseDist": 3, "pop": 533}