{"buildingID": 14077, "county": "\u666e\u9640", "town": "\u771f\u5982\u9547", "circleNum": 1, "builtYear": "pre1978", "builtHeight": 15, "storeNum": 5, "floorArea": 902.735612986, "buildArea": 4513.67806493, "seiFort": "1", "keyFire": 0, "firehouseDist": 2, "pop": 180}