{"buildingID": 5132, "county": "\u666e\u9640", "town": "\u6843\u6d66\u9547", "circleNum": 2, "builtYear": "2010", "builtHeight": 157, "storeNum": 52, "floorArea": 878.81568616, "buildArea": 45698.4156803, "seiFort": "3", "keyFire": 0, "firehouseDist": 2, "pop": 9139}