{"buildingID": 13679, "county": "\u666e\u9640", "town": "\u771f\u5982\u9547", "circleNum": 2, "builtYear": "1995", "builtHeight": 18, "storeNum": 6, "floorArea": 119.075061971, "buildArea": 714.450371828, "seiFort": "2", "keyFire": 0, "firehouseDist": 2, "pop": 23}