{"buildingID": 26757, "county": "\u666e\u9640", "town": "\u66f9\u6768\u65b0\u6751\u8857\u9053", "circleNum": 1, "builtYear": "pre1978", "builtHeight": 68, "storeNum": 22, "floorArea": 169.836116031, "buildArea": 3736.39455269, "seiFort": "1", "keyFire": 0, "firehouseDist": 2, "pop": 149}