{"buildingID": 4615, "county": "\u666e\u9640", "town": "\u6843\u6d66\u9547", "circleNum": 2, "builtYear": "2003", "builtHeight": 74, "storeNum": 24, "floorArea": 494.957485876, "buildArea": 11878.979661, "seiFort": "3", "keyFire": 0, "firehouseDist": 2, "pop": 2375}