{"buildingID": 28824, "county": "\u666e\u9640", "town": "\u957f\u98ce\u65b0\u6751\u8857\u9053", "circleNum": 1, "builtYear": "pre1978", "builtHeight": 44, "storeNum": 14, "floorArea": 618.332876719, "buildArea": 8656.66027407, "seiFort": "1", "keyFire": 0, "firehouseDist": 3, "pop": 346}