{"buildingID": 4422, "county": "\u666e\u9640", "town": "\u6843\u6d66\u9547", "circleNum": 2, "builtYear": "2003", "builtHeight": 13, "storeNum": 4, "floorArea": 1588.00553858, "buildArea": 6352.02215433, "seiFort": "3", "keyFire": 0, "firehouseDist": 3, "pop": 1270}