{"buildingID": 20550, "county": "\u666e\u9640", "town": "\u771f\u5982\u9547", "circleNum": 1, "builtYear": "pre1978", "builtHeight": 18, "storeNum": 6, "floorArea": 723.169906836, "buildArea": 4339.01944101, "seiFort": "1", "keyFire": 0, "firehouseDist": 1, "pop": 173}