{"buildingID": 23923, "county": "\u666e\u9640", "town": "\u957f\u5bff\u8def\u8857\u9053", "circleNum": 0, "builtYear": "1998", "builtHeight": 95, "storeNum": 31, "floorArea": 647.990935506, "buildArea": 20087.7190007, "seiFort": "2", "keyFire": 0, "firehouseDist": 1, "pop": 4017}