{"buildingID": 7757, "county": "\u666e\u9640", "town": "\u957f\u5f81\u9547", "circleNum": 1, "builtYear": "1995", "builtHeight": 82, "storeNum": 27, "floorArea": 1251.15086951, "buildArea": 33781.0734768, "seiFort": "2", "keyFire": 0, "firehouseDist": 2, "pop": 6756}