{"buildingID": 15521, "county": "\u666e\u9640", "town": "\u77f3\u6cc9\u8def\u8857\u9053", "circleNum": 1, "builtYear": "pre1978", "builtHeight": 12, "storeNum": 4, "floorArea": 827.981568706, "buildArea": 3311.92627482, "seiFort": "1", "keyFire": 0, "firehouseDist": 2, "pop": 132}