{"buildingID": 14536, "county": "\u666e\u9640", "town": "\u771f\u5982\u9547", "circleNum": 2, "builtYear": "1997", "builtHeight": 6, "storeNum": 2, "floorArea": 287.916104544, "buildArea": 575.832209088, "seiFort": "2", "keyFire": 0, "firehouseDist": 1, "pop": 115}