{"buildingID": 29254, "county": "\u666e\u9640", "town": "\u957f\u98ce\u65b0\u6751\u8857\u9053", "circleNum": 1, "builtYear": "pre1978", "builtHeight": 12, "storeNum": 4, "floorArea": 109.479549646, "buildArea": 437.918198585, "seiFort": "1", "keyFire": 0, "firehouseDist": 3, "pop": 17}