{"buildingID": 27634, "county": "\u666e\u9640", "town": "\u957f\u98ce\u65b0\u6751\u8857\u9053", "circleNum": 1, "builtYear": "pre1978", "builtHeight": 43, "storeNum": 14, "floorArea": 169.574828082, "buildArea": 2374.04759315, "seiFort": "1", "keyFire": 0, "firehouseDist": 3, "pop": 94}