{"buildingID": 26119, "county": "\u666e\u9640", "town": "\u957f\u5f81\u9547", "circleNum": 2, "builtYear": "1989", "builtHeight": 67, "storeNum": 22, "floorArea": 1308.28570236, "buildArea": 28782.2854518, "seiFort": "2", "keyFire": 0, "firehouseDist": 2, "pop": 5756}