{"buildingID": 13359, "county": "\u666e\u9640", "town": "\u771f\u5982\u9547", "circleNum": 1, "builtYear": "pre1978", "builtHeight": 54, "storeNum": 18, "floorArea": 80.3042240266, "buildArea": 1445.47603248, "seiFort": "1", "keyFire": 0, "firehouseDist": 2, "pop": 57}