{"buildingID": 21431, "county": "\u666e\u9640", "town": "\u771f\u5982\u9547", "circleNum": 1, "builtYear": "pre1978", "builtHeight": 17, "storeNum": 5, "floorArea": 517.268247737, "buildArea": 2586.34123869, "seiFort": "1", "keyFire": 0, "firehouseDist": 1, "pop": 103}