{"buildingID": 16813, "county": "\u666e\u9640", "town": "\u771f\u5982\u9547", "circleNum": 1, "builtYear": "pre1978", "builtHeight": 30, "storeNum": 10, "floorArea": 55.7497031334, "buildArea": 557.497031334, "seiFort": "1", "keyFire": 0, "firehouseDist": 1, "pop": 22}