{"buildingID": 13637, "county": "\u666e\u9640", "town": "\u771f\u5982\u9547", "circleNum": 1, "builtYear": "1998", "builtHeight": 20, "storeNum": 6, "floorArea": 121.345888589, "buildArea": 728.075331534, "seiFort": "2", "keyFire": 0, "firehouseDist": 1, "pop": 29}