{"buildingID": 7940, "county": "\u666e\u9640", "town": "\u7518\u6cc9\u8def\u8857\u9053", "circleNum": 1, "builtYear": "1986", "builtHeight": 38, "storeNum": 12, "floorArea": 277.364064377, "buildArea": 3328.36877252, "seiFort": "2", "keyFire": 0, "firehouseDist": 3, "pop": 665}