{"buildingID": 3312, "county": "\u666e\u9640", "town": "\u6843\u6d66\u9547", "circleNum": 2, "builtYear": "1994", "builtHeight": 13, "storeNum": 4, "floorArea": 4811.66681895, "buildArea": 19246.6672758, "seiFort": "2", "keyFire": 0, "firehouseDist": 1, "pop": 3849}