{"buildingID": 28616, "county": "\u666e\u9640", "town": "\u957f\u98ce\u65b0\u6751\u8857\u9053", "circleNum": 1, "builtYear": "pre1978", "builtHeight": 11, "storeNum": 3, "floorArea": 242.722453602, "buildArea": 728.167360806, "seiFort": "1", "keyFire": 0, "firehouseDist": 3, "pop": 29}