{"buildingID": 12110, "county": "\u666e\u9640", "town": "\u77f3\u6cc9\u8def\u8857\u9053", "circleNum": 1, "builtYear": "1999", "builtHeight": 8, "storeNum": 2, "floorArea": 617.731424211, "buildArea": 1235.46284842, "seiFort": "2", "keyFire": 0, "firehouseDist": 3, "pop": 247}