{"buildingID": 15333, "county": "\u666e\u9640", "town": "\u771f\u5982\u9547", "circleNum": 1, "builtYear": "2015", "builtHeight": 6, "storeNum": 2, "floorArea": 376.385305851, "buildArea": 752.770611702, "seiFort": "3", "keyFire": 0, "firehouseDist": 2, "pop": 150}