{"buildingID": 28092, "county": "\u666e\u9640", "town": "\u957f\u98ce\u65b0\u6751\u8857\u9053", "circleNum": 0, "builtYear": "pre1978", "builtHeight": 18, "storeNum": 6, "floorArea": 257.751199456, "buildArea": 1546.50719674, "seiFort": "1", "keyFire": 1, "firehouseDist": 2, "pop": 77}