{"buildingID": 25623, "county": "\u666e\u9640", "town": "\u66f9\u6768\u65b0\u6751\u8857\u9053", "circleNum": 1, "builtYear": "pre1978", "builtHeight": 86, "storeNum": 28, "floorArea": 211.060681338, "buildArea": 5909.69907745, "seiFort": "1", "keyFire": 0, "firehouseDist": 2, "pop": 236}