{"buildingID": 24006, "county": "\u666e\u9640", "town": "\u957f\u98ce\u65b0\u6751\u8857\u9053", "circleNum": 1, "builtYear": "pre1978", "builtHeight": 6, "storeNum": 2, "floorArea": 56.2339197721, "buildArea": 112.467839544, "seiFort": "1", "keyFire": 0, "firehouseDist": 3, "pop": 4}