{"buildingID": 28898, "county": "\u666e\u9640", "town": "\u957f\u98ce\u65b0\u6751\u8857\u9053", "circleNum": 1, "builtYear": "pre1978", "builtHeight": 44, "storeNum": 14, "floorArea": 2198.43589799, "buildArea": 30778.1025718, "seiFort": "1", "keyFire": 0, "firehouseDist": 4, "pop": 1231}