{"buildingID": 1776, "county": "\u666e\u9640", "town": "\u6843\u6d66\u9547", "circleNum": 2, "builtYear": "2000", "builtHeight": 12, "storeNum": 4, "floorArea": 809.639356058, "buildArea": 3238.55742423, "seiFort": "3", "keyFire": 0, "firehouseDist": 3, "pop": 647}