{"buildingID": 1777, "county": "\u666e\u9640", "town": "\u6843\u6d66\u9547", "circleNum": 2, "builtYear": "2001", "builtHeight": 13, "storeNum": 4, "floorArea": 735.918941832, "buildArea": 2943.67576733, "seiFort": "3", "keyFire": 0, "firehouseDist": 3, "pop": 588}