{"buildingID": 6236, "county": "\u666e\u9640", "town": "\u6843\u6d66\u9547", "circleNum": 2, "builtYear": "1979-1985", "builtHeight": 39, "storeNum": 13, "floorArea": 1081.20588419, "buildArea": 14055.6764945, "seiFort": "2", "keyFire": 0, "firehouseDist": 1, "pop": 2811}