{"buildingID": 20845, "county": "\u666e\u9640", "town": "\u77f3\u6cc9\u8def\u8857\u9053", "circleNum": 1, "builtYear": "pre1978", "builtHeight": 18, "storeNum": 6, "floorArea": 815.529479881, "buildArea": 4893.17687928, "seiFort": "1", "keyFire": 0, "firehouseDist": 2, "pop": 195}