{"buildingID": 7104, "county": "\u666e\u9640", "town": "\u957f\u5f81\u9547", "circleNum": 1, "builtYear": "1979-1985", "builtHeight": 9, "storeNum": 3, "floorArea": 1039.92221186, "buildArea": 3119.76663558, "seiFort": "2", "keyFire": 0, "firehouseDist": 1, "pop": 623}