{"buildingID": 12666, "county": "\u666e\u9640", "town": "\u771f\u5982\u9547", "circleNum": 2, "builtYear": "1993", "builtHeight": 6, "storeNum": 2, "floorArea": 615.030445812, "buildArea": 1230.06089162, "seiFort": "2", "keyFire": 0, "firehouseDist": 2, "pop": 246}