{"buildingID": 4395, "county": "\u666e\u9640", "town": "\u6843\u6d66\u9547", "circleNum": 2, "builtYear": "1999", "builtHeight": 22, "storeNum": 7, "floorArea": 204.399891408, "buildArea": 1430.79923986, "seiFort": "2", "keyFire": 0, "firehouseDist": 2, "pop": 286}