{"buildingID": 7029, "county": "\u666e\u9640", "town": "\u6843\u6d66\u9547", "circleNum": 2, "builtYear": "1988", "builtHeight": 18, "storeNum": 6, "floorArea": 658.649544523, "buildArea": 3951.89726714, "seiFort": "2", "keyFire": 0, "firehouseDist": 1, "pop": 790}