{"buildingID": 28093, "county": "\u666e\u9640", "town": "\u957f\u98ce\u65b0\u6751\u8857\u9053", "circleNum": 0, "builtYear": "pre1978", "builtHeight": 17, "storeNum": 5, "floorArea": 478.816406954, "buildArea": 2394.08203477, "seiFort": "1", "keyFire": 0, "firehouseDist": 2, "pop": 119}