{"buildingID": 5751, "county": "\u666e\u9640", "town": "\u6843\u6d66\u9547", "circleNum": 2, "builtYear": "1992", "builtHeight": 11, "storeNum": 3, "floorArea": 1124.08107515, "buildArea": 3372.24322545, "seiFort": "2", "keyFire": 0, "firehouseDist": 2, "pop": 674}