{"buildingID": 13634, "county": "\u666e\u9640", "town": "\u771f\u5982\u9547", "circleNum": 1, "builtYear": "1987", "builtHeight": 45, "storeNum": 15, "floorArea": 71.7048858757, "buildArea": 1075.57328814, "seiFort": "2", "keyFire": 0, "firehouseDist": 2, "pop": 43}