{"buildingID": 8410, "county": "\u666e\u9640", "town": "\u771f\u5982\u9547", "circleNum": 2, "builtYear": "2000", "builtHeight": 42, "storeNum": 14, "floorArea": 563.043959099, "buildArea": 7882.61542738, "seiFort": "3", "keyFire": 0, "firehouseDist": 2, "pop": 1576}