{"buildingID": 22869, "county": "\u666e\u9640", "town": "\u66f9\u6768\u65b0\u6751\u8857\u9053", "circleNum": 1, "builtYear": "pre1978", "builtHeight": 8, "storeNum": 2, "floorArea": 150.255381893, "buildArea": 300.510763787, "seiFort": "1", "keyFire": 0, "firehouseDist": 1, "pop": 12}