{"buildingID": 29025, "county": "\u666e\u9640", "town": "\u957f\u98ce\u65b0\u6751\u8857\u9053", "circleNum": 1, "builtYear": "1986", "builtHeight": 8, "storeNum": 2, "floorArea": 90.1452142053, "buildArea": 180.290428411, "seiFort": "2", "keyFire": 0, "firehouseDist": 3, "pop": 7}