{"buildingID": 13694, "county": "\u666e\u9640", "town": "\u771f\u5982\u9547", "circleNum": 2, "builtYear": "2001", "builtHeight": 15, "storeNum": 5, "floorArea": 1245.7671394, "buildArea": 6228.83569698, "seiFort": "3", "keyFire": 0, "firehouseDist": 2, "pop": 1245}