{"buildingID": 6268, "county": "\u666e\u9640", "town": "\u6843\u6d66\u9547", "circleNum": 2, "builtYear": "1993", "builtHeight": 35, "storeNum": 11, "floorArea": 694.141723442, "buildArea": 7635.55895786, "seiFort": "2", "keyFire": 0, "firehouseDist": 1, "pop": 1527}