{"buildingID": 11007, "county": "\u666e\u9640", "town": "\u771f\u5982\u9547", "circleNum": 1, "builtYear": "1993", "builtHeight": 47, "storeNum": 15, "floorArea": 56.1537141792, "buildArea": 842.305712688, "seiFort": "2", "keyFire": 0, "firehouseDist": 2, "pop": 33}