{"buildingID": 24806, "county": "\u666e\u9640", "town": "\u66f9\u6768\u65b0\u6751\u8857\u9053", "circleNum": 1, "builtYear": "pre1978", "builtHeight": 41, "storeNum": 13, "floorArea": 40.1819959454, "buildArea": 522.36594729, "seiFort": "1", "keyFire": 0, "firehouseDist": 1, "pop": 20}