{"buildingID": 26180, "county": "\u666e\u9640", "town": "\u66f9\u6768\u65b0\u6751\u8857\u9053", "circleNum": 1, "builtYear": "pre1978", "builtHeight": 11, "storeNum": 3, "floorArea": 445.154726112, "buildArea": 1335.46417834, "seiFort": "1", "keyFire": 0, "firehouseDist": 2, "pop": 53}