{"buildingID": 10679, "county": "\u666e\u9640", "town": "\u771f\u5982\u9547", "circleNum": 2, "builtYear": "2000", "builtHeight": 20, "storeNum": 6, "floorArea": 768.728335598, "buildArea": 4612.37001359, "seiFort": "3", "keyFire": 0, "firehouseDist": 2, "pop": 922}