{"buildingID": 20399, "county": "\u666e\u9640", "town": "\u771f\u5982\u9547", "circleNum": 1, "builtYear": "1979-1985", "builtHeight": 10, "storeNum": 3, "floorArea": 462.396684078, "buildArea": 1387.19005223, "seiFort": "2", "keyFire": 0, "firehouseDist": 1, "pop": 277}