{"buildingID": 15914, "county": "\u666e\u9640", "town": "\u771f\u5982\u9547", "circleNum": 1, "builtYear": "1997", "builtHeight": 54, "storeNum": 18, "floorArea": 117.452369675, "buildArea": 2114.14265416, "seiFort": "2", "keyFire": 0, "firehouseDist": 1, "pop": 84}