{"buildingID": 21406, "county": "\u666e\u9640", "town": "\u771f\u5982\u9547", "circleNum": 1, "builtYear": "1979-1985", "builtHeight": 16, "storeNum": 5, "floorArea": 613.161340065, "buildArea": 3065.80670033, "seiFort": "2", "keyFire": 0, "firehouseDist": 1, "pop": 613}