{"buildingID": 28825, "county": "\u666e\u9640", "town": "\u957f\u98ce\u65b0\u6751\u8857\u9053", "circleNum": 1, "builtYear": "pre1978", "builtHeight": 47, "storeNum": 15, "floorArea": 353.838151918, "buildArea": 5307.57227878, "seiFort": "1", "keyFire": 0, "firehouseDist": 3, "pop": 212}