{"buildingID": 16363, "county": "\u666e\u9640", "town": "\u771f\u5982\u9547", "circleNum": 2, "builtYear": "1989", "builtHeight": 76, "storeNum": 25, "floorArea": 1315.48588386, "buildArea": 32887.1470966, "seiFort": "2", "keyFire": 0, "firehouseDist": 2, "pop": 6577}