{"buildingID": 15008, "county": "\u666e\u9640", "town": "\u771f\u5982\u9547", "circleNum": 2, "builtYear": "1989", "builtHeight": 13, "storeNum": 4, "floorArea": 530.004328326, "buildArea": 2120.0173133, "seiFort": "2", "keyFire": 0, "firehouseDist": 1, "pop": 424}