{"buildingID": 1067, "county": "\u666e\u9640", "town": "\u6843\u6d66\u9547", "circleNum": 3, "builtYear": "1979-1985", "builtHeight": 6, "storeNum": 2, "floorArea": 3751.36412974, "buildArea": 7502.72825948, "seiFort": "2", "keyFire": 0, "firehouseDist": 3, "pop": 1500}