{"buildingID": 10309, "county": "\u666e\u9640", "town": "\u7518\u6cc9\u8def\u8857\u9053", "circleNum": 1, "builtYear": "1987", "builtHeight": 22, "storeNum": 7, "floorArea": 216.925707499, "buildArea": 1518.47995249, "seiFort": "2", "keyFire": 0, "firehouseDist": 3, "pop": 303}