{"buildingID": 6162, "county": "\u666e\u9640", "town": "\u6843\u6d66\u9547", "circleNum": 2, "builtYear": "2009", "builtHeight": 54, "storeNum": 18, "floorArea": 332.758628884, "buildArea": 5989.6553199, "seiFort": "3", "keyFire": 0, "firehouseDist": 1, "pop": 1197}