{"buildingID": 12022, "county": "\u666e\u9640", "town": "\u771f\u5982\u9547", "circleNum": 1, "builtYear": "pre1978", "builtHeight": 28, "storeNum": 9, "floorArea": 411.915118766, "buildArea": 3707.23606889, "seiFort": "1", "keyFire": 0, "firehouseDist": 2, "pop": 148}