{"buildingID": 21966, "county": "\u666e\u9640", "town": "\u957f\u5bff\u8def\u8857\u9053", "circleNum": 0, "builtYear": "pre1978", "builtHeight": 101, "storeNum": 33, "floorArea": 330.708322548, "buildArea": 10913.3746441, "seiFort": "1", "keyFire": 0, "firehouseDist": 1, "pop": 2182}