{"buildingID": 28390, "county": "\u666e\u9640", "town": "\u957f\u98ce\u65b0\u6751\u8857\u9053", "circleNum": 0, "builtYear": "pre1978", "builtHeight": 35, "storeNum": 11, "floorArea": 895.344884947, "buildArea": 9848.79373441, "seiFort": "1", "keyFire": 0, "firehouseDist": 2, "pop": 492}