{"buildingID": 1096, "county": "\u666e\u9640", "town": "\u6843\u6d66\u9547", "circleNum": 3, "builtYear": "2001", "builtHeight": 18, "storeNum": 6, "floorArea": 499.584995836, "buildArea": 2997.50997502, "seiFort": "3", "keyFire": 0, "firehouseDist": 5, "pop": 599}