{"buildingID": 16283, "county": "\u666e\u9640", "town": "\u5b9c\u5ddd\u8def\u8857\u9053", "circleNum": 0, "builtYear": "1979-1985", "builtHeight": 82, "storeNum": 27, "floorArea": 536.224675043, "buildArea": 14478.0662262, "seiFort": "2", "keyFire": 0, "firehouseDist": 1, "pop": 2895}