{"buildingID": 18757, "county": "\u666e\u9640", "town": "\u957f\u5f81\u9547", "circleNum": 2, "builtYear": "1979-1985", "builtHeight": 6, "storeNum": 2, "floorArea": 299.586988104, "buildArea": 599.173976208, "seiFort": "2", "keyFire": 0, "firehouseDist": 2, "pop": 119}