{"buildingID": 6202, "county": "\u666e\u9640", "town": "\u6843\u6d66\u9547", "circleNum": 2, "builtYear": "1979-1985", "builtHeight": 54, "storeNum": 18, "floorArea": 285.674359796, "buildArea": 5142.13847632, "seiFort": "2", "keyFire": 0, "firehouseDist": 1, "pop": 1028}