{"buildingID": 28768, "county": "\u666e\u9640", "town": "\u957f\u98ce\u65b0\u6751\u8857\u9053", "circleNum": 1, "builtYear": "pre1978", "builtHeight": 7, "storeNum": 2, "floorArea": 224.679691542, "buildArea": 449.359383084, "seiFort": "1", "keyFire": 0, "firehouseDist": 3, "pop": 17}