{"buildingID": 23336, "county": "\u666e\u9640", "town": "\u957f\u5bff\u8def\u8857\u9053", "circleNum": 0, "builtYear": "pre1978", "builtHeight": 54, "storeNum": 18, "floorArea": 1133.98461345, "buildArea": 20411.7230421, "seiFort": "1", "keyFire": 0, "firehouseDist": 1, "pop": 1020}