{"buildingID": 7869, "county": "\u666e\u9640", "town": "\u771f\u5982\u9547", "circleNum": 2, "builtYear": "1997", "builtHeight": 18, "storeNum": 6, "floorArea": 486.785827494, "buildArea": 2920.71496496, "seiFort": "2", "keyFire": 0, "firehouseDist": 2, "pop": 584}