{"buildingID": 25741, "county": "\u666e\u9640", "town": "\u957f\u5bff\u8def\u8857\u9053", "circleNum": 0, "builtYear": "pre1978", "builtHeight": 79, "storeNum": 26, "floorArea": 1327.91398917, "buildArea": 34525.7637185, "seiFort": "1", "keyFire": 0, "firehouseDist": 2, "pop": 1726}