{"buildingID": 12591, "county": "\u666e\u9640", "town": "\u771f\u5982\u9547", "circleNum": 2, "builtYear": "1995", "builtHeight": 13, "storeNum": 4, "floorArea": 213.124106838, "buildArea": 852.496427353, "seiFort": "2", "keyFire": 0, "firehouseDist": 2, "pop": 170}