{"buildingID": 5603, "county": "\u666e\u9640", "town": "\u6843\u6d66\u9547", "circleNum": 2, "builtYear": "1989", "builtHeight": 12, "storeNum": 4, "floorArea": 8404.93714226, "buildArea": 33619.748569, "seiFort": "2", "keyFire": 0, "firehouseDist": 1, "pop": 6723}