{"buildingID": 4713, "county": "\u666e\u9640", "town": "\u6843\u6d66\u9547", "circleNum": 2, "builtYear": "2004", "builtHeight": 71, "storeNum": 23, "floorArea": 102.421601331, "buildArea": 2355.69683062, "seiFort": "3", "keyFire": 0, "firehouseDist": 2, "pop": 78}