{"buildingID": 28010, "county": "\u666e\u9640", "town": "\u957f\u98ce\u65b0\u6751\u8857\u9053", "circleNum": 0, "builtYear": "1992", "builtHeight": 87, "storeNum": 29, "floorArea": 856.714578816, "buildArea": 24844.7227857, "seiFort": "2", "keyFire": 0, "firehouseDist": 2, "pop": 4968}