{"buildingID": 2080, "county": "\u666e\u9640", "town": "\u6843\u6d66\u9547", "circleNum": 2, "builtYear": "1988", "builtHeight": 13, "storeNum": 4, "floorArea": 3594.41029826, "buildArea": 14377.6411931, "seiFort": "2", "keyFire": 0, "firehouseDist": 2, "pop": 2875}