{"buildingID": 2896, "county": "\u666e\u9640", "town": "\u6843\u6d66\u9547", "circleNum": 2, "builtYear": "2008", "builtHeight": 17, "storeNum": 5, "floorArea": 1124.71033545, "buildArea": 5623.55167727, "seiFort": "3", "keyFire": 1, "firehouseDist": 1, "pop": 1124}