{"buildingID": 7181, "county": "\u666e\u9640", "town": "\u6843\u6d66\u9547", "circleNum": 2, "builtYear": "1988", "builtHeight": 19, "storeNum": 6, "floorArea": 882.266310985, "buildArea": 5293.59786591, "seiFort": "2", "keyFire": 0, "firehouseDist": 2, "pop": 1058}