{"buildingID": 8848, "county": "\u666e\u9640", "town": "\u6843\u6d66\u9547", "circleNum": 2, "builtYear": "1987", "builtHeight": 99, "storeNum": 33, "floorArea": 120.221726708, "buildArea": 3967.31698137, "seiFort": "2", "keyFire": 0, "firehouseDist": 1, "pop": 793}