{"buildingID": 25904, "county": "\u666e\u9640", "town": "\u66f9\u6768\u65b0\u6751\u8857\u9053", "circleNum": 1, "builtYear": "pre1978", "builtHeight": 13, "storeNum": 4, "floorArea": 484.085466909, "buildArea": 1936.34186763, "seiFort": "1", "keyFire": 0, "firehouseDist": 2, "pop": 77}