{"buildingID": 12462, "county": "\u666e\u9640", "town": "\u771f\u5982\u9547", "circleNum": 1, "builtYear": "1979-1985", "builtHeight": 61, "storeNum": 20, "floorArea": 156.752107837, "buildArea": 3135.04215675, "seiFort": "2", "keyFire": 0, "firehouseDist": 2, "pop": 125}