{"buildingID": 11268, "county": "\u666e\u9640", "town": "\u7518\u6cc9\u8def\u8857\u9053", "circleNum": 1, "builtYear": "1979-1985", "builtHeight": 11, "storeNum": 3, "floorArea": 819.583776091, "buildArea": 2458.75132827, "seiFort": "2", "keyFire": 0, "firehouseDist": 2, "pop": 491}