{"buildingID": 16286, "county": "\u666e\u9640", "town": "\u5b9c\u5ddd\u8def\u8857\u9053", "circleNum": 0, "builtYear": "pre1978", "builtHeight": 106, "storeNum": 35, "floorArea": 545.471779324, "buildArea": 19091.5122763, "seiFort": "1", "keyFire": 0, "firehouseDist": 2, "pop": 3818}