{"buildingID": 12741, "county": "\u666e\u9640", "town": "\u771f\u5982\u9547", "circleNum": 1, "builtYear": "1979-1985", "builtHeight": 4, "storeNum": 1, "floorArea": 197.407960686, "buildArea": 197.407960686, "seiFort": "2", "keyFire": 0, "firehouseDist": 2, "pop": 39}