{"buildingID": 10545, "county": "\u666e\u9640", "town": "\u7518\u6cc9\u8def\u8857\u9053", "circleNum": 1, "builtYear": "pre1978", "builtHeight": 15, "storeNum": 5, "floorArea": 744.896150097, "buildArea": 3724.48075049, "seiFort": "1", "keyFire": 0, "firehouseDist": 3, "pop": 148}