{"buildingID": 14357, "county": "\u666e\u9640", "town": "\u77f3\u6cc9\u8def\u8857\u9053", "circleNum": 1, "builtYear": "1991", "builtHeight": 9, "storeNum": 3, "floorArea": 629.179438144, "buildArea": 1887.53831443, "seiFort": "2", "keyFire": 0, "firehouseDist": 2, "pop": 377}