{"buildingID": 8097, "county": "\u666e\u9640", "town": "\u7518\u6cc9\u8def\u8857\u9053", "circleNum": 1, "builtYear": "pre1978", "builtHeight": 67, "storeNum": 22, "floorArea": 669.726709107, "buildArea": 14733.9876004, "seiFort": "1", "keyFire": 0, "firehouseDist": 2, "pop": 589}