{"buildingID": 25364, "county": "\u666e\u9640", "town": "\u66f9\u6768\u65b0\u6751\u8857\u9053", "circleNum": 1, "builtYear": "pre1978", "builtHeight": 11, "storeNum": 3, "floorArea": 370.403682957, "buildArea": 1111.21104887, "seiFort": "1", "keyFire": 0, "firehouseDist": 1, "pop": 44}