{"buildingID": 7886, "county": "\u666e\u9640", "town": "\u771f\u5982\u9547", "circleNum": 1, "builtYear": "1986", "builtHeight": 28, "storeNum": 9, "floorArea": 257.341684923, "buildArea": 2316.07516431, "seiFort": "2", "keyFire": 0, "firehouseDist": 2, "pop": 463}