{"buildingID": 14690, "county": "\u666e\u9640", "town": "\u77f3\u6cc9\u8def\u8857\u9053", "circleNum": 1, "builtYear": "1989", "builtHeight": 13, "storeNum": 4, "floorArea": 588.551712485, "buildArea": 2354.20684994, "seiFort": "2", "keyFire": 0, "firehouseDist": 2, "pop": 470}