{"buildingID": 4261, "county": "\u666e\u9640", "town": "\u6843\u6d66\u9547", "circleNum": 2, "builtYear": "1988", "builtHeight": 80, "storeNum": 26, "floorArea": 1585.76103049, "buildArea": 41229.7867929, "seiFort": "2", "keyFire": 0, "firehouseDist": 2, "pop": 8245}