{"buildingID": 22219, "county": "\u666e\u9640", "town": "\u957f\u5f81\u9547", "circleNum": 1, "builtYear": "2001", "builtHeight": 32, "storeNum": 10, "floorArea": 686.975943214, "buildArea": 6869.75943214, "seiFort": "3", "keyFire": 0, "firehouseDist": 2, "pop": 1373}