{"buildingID": 11546, "county": "\u666e\u9640", "town": "\u77f3\u6cc9\u8def\u8857\u9053", "circleNum": 1, "builtYear": "pre1978", "builtHeight": 18, "storeNum": 6, "floorArea": 476.890113389, "buildArea": 2861.34068033, "seiFort": "1", "keyFire": 0, "firehouseDist": 1, "pop": 114}