{"buildingID": 26655, "county": "\u666e\u9640", "town": "\u957f\u98ce\u65b0\u6751\u8857\u9053", "circleNum": 1, "builtYear": "1987", "builtHeight": 15, "storeNum": 5, "floorArea": 804.921189243, "buildArea": 4024.60594621, "seiFort": "2", "keyFire": 0, "firehouseDist": 2, "pop": 804}