{"buildingID": 1769, "county": "\u666e\u9640", "town": "\u6843\u6d66\u9547", "circleNum": 2, "builtYear": "2003", "builtHeight": 12, "storeNum": 4, "floorArea": 629.994533957, "buildArea": 2519.97813583, "seiFort": "3", "keyFire": 0, "firehouseDist": 3, "pop": 503}