{"buildingID": 25049, "county": "\u666e\u9640", "town": "\u957f\u5bff\u8def\u8857\u9053", "circleNum": 0, "builtYear": "1979-1985", "builtHeight": 9, "storeNum": 3, "floorArea": 688.630717529, "buildArea": 2065.89215259, "seiFort": "2", "keyFire": 0, "firehouseDist": 2, "pop": 413}