{"buildingID": 18777, "county": "\u666e\u9640", "town": "\u957f\u5f81\u9547", "circleNum": 2, "builtYear": "1979-1985", "builtHeight": 21, "storeNum": 7, "floorArea": 1136.4759243, "buildArea": 7955.33147009, "seiFort": "2", "keyFire": 0, "firehouseDist": 3, "pop": 1591}