{"buildingID": 24310, "county": "\u666e\u9640", "town": "\u957f\u5bff\u8def\u8857\u9053", "circleNum": 0, "builtYear": "1979-1985", "builtHeight": 29, "storeNum": 9, "floorArea": 2464.23693241, "buildArea": 22178.1323917, "seiFort": "2", "keyFire": 0, "firehouseDist": 1, "pop": 4435}