{"buildingID": 18481, "county": "\u666e\u9640", "town": "\u957f\u5f81\u9547", "circleNum": 2, "builtYear": "1994", "builtHeight": 16, "storeNum": 5, "floorArea": 1468.56056388, "buildArea": 7342.80281939, "seiFort": "2", "keyFire": 0, "firehouseDist": 3, "pop": 1468}