{"buildingID": 21411, "county": "\u666e\u9640", "town": "\u771f\u5982\u9547", "circleNum": 1, "builtYear": "1979-1985", "builtHeight": 15, "storeNum": 5, "floorArea": 515.815492816, "buildArea": 2579.07746408, "seiFort": "2", "keyFire": 0, "firehouseDist": 1, "pop": 515}