{"buildingID": 28433, "county": "\u666e\u9640", "town": "\u957f\u98ce\u65b0\u6751\u8857\u9053", "circleNum": 0, "builtYear": "pre1978", "builtHeight": 54, "storeNum": 18, "floorArea": 996.297936148, "buildArea": 17933.3628507, "seiFort": "1", "keyFire": 0, "firehouseDist": 2, "pop": 896}