{"buildingID": 18404, "county": "\u666e\u9640", "town": "\u957f\u5f81\u9547", "circleNum": 2, "builtYear": "1987", "builtHeight": 60, "storeNum": 20, "floorArea": 478.717370733, "buildArea": 9574.34741465, "seiFort": "2", "keyFire": 0, "firehouseDist": 3, "pop": 1914}