{"buildingID": 8415, "county": "\u666e\u9640", "town": "\u771f\u5982\u9547", "circleNum": 2, "builtYear": "1993", "builtHeight": 15, "storeNum": 5, "floorArea": 381.875353958, "buildArea": 1909.37676979, "seiFort": "2", "keyFire": 0, "firehouseDist": 1, "pop": 381}