{"buildingID": 24590, "county": "\u666e\u9640", "town": "\u957f\u5bff\u8def\u8857\u9053", "circleNum": 0, "builtYear": "1979-1985", "builtHeight": 9, "storeNum": 3, "floorArea": 1096.52062101, "buildArea": 3289.56186304, "seiFort": "2", "keyFire": 1, "firehouseDist": 1, "pop": 657}