{"buildingID": 20380, "county": "\u666e\u9640", "town": "\u771f\u5982\u9547", "circleNum": 1, "builtYear": "pre1978", "builtHeight": 34, "storeNum": 11, "floorArea": 48.6080813222, "buildArea": 534.688894544, "seiFort": "1", "keyFire": 0, "firehouseDist": 2, "pop": 21}