{"buildingID": 17030, "county": "\u666e\u9640", "town": "\u957f\u5bff\u8def\u8857\u9053", "circleNum": 0, "builtYear": "pre1978", "builtHeight": 60, "storeNum": 20, "floorArea": 1419.28411673, "buildArea": 28385.6823347, "seiFort": "1", "keyFire": 0, "firehouseDist": 1, "pop": 1419}