{"buildingID": 12077, "county": "\u666e\u9640", "town": "\u77f3\u6cc9\u8def\u8857\u9053", "circleNum": 1, "builtYear": "1987", "builtHeight": 9, "storeNum": 3, "floorArea": 248.301339794, "buildArea": 744.904019381, "seiFort": "2", "keyFire": 0, "firehouseDist": 3, "pop": 148}