{"buildingID": 12644, "county": "\u666e\u9640", "town": "\u771f\u5982\u9547", "circleNum": 2, "builtYear": "1994", "builtHeight": 13, "storeNum": 4, "floorArea": 586.543785673, "buildArea": 2346.17514269, "seiFort": "2", "keyFire": 0, "firehouseDist": 2, "pop": 469}