{"buildingID": 210, "county": "\u666e\u9640", "town": "\u6843\u6d66\u9547", "circleNum": 3, "builtYear": "1997", "builtHeight": 54, "storeNum": 18, "floorArea": 552.132124574, "buildArea": 9938.37824233, "seiFort": "2", "keyFire": 0, "firehouseDist": 3, "pop": 1987}