{"buildingID": 5597, "county": "\u666e\u9640", "town": "\u6843\u6d66\u9547", "circleNum": 2, "builtYear": "2001", "builtHeight": 18, "storeNum": 6, "floorArea": 629.257162525, "buildArea": 3775.54297515, "seiFort": "3", "keyFire": 0, "firehouseDist": 2, "pop": 755}