{"buildingID": 2654, "county": "\u666e\u9640", "town": "\u6843\u6d66\u9547", "circleNum": 2, "builtYear": "2003", "builtHeight": 10, "storeNum": 3, "floorArea": 797.181685527, "buildArea": 2391.54505658, "seiFort": "3", "keyFire": 0, "firehouseDist": 1, "pop": 478}