{"buildingID": 2333, "county": "\u666e\u9640", "town": "\u6843\u6d66\u9547", "circleNum": 2, "builtYear": "1992", "builtHeight": 13, "storeNum": 4, "floorArea": 492.428868095, "buildArea": 1969.71547238, "seiFort": "2", "keyFire": 0, "firehouseDist": 1, "pop": 393}