{"buildingID": 13342, "county": "\u666e\u9640", "town": "\u771f\u5982\u9547", "circleNum": 1, "builtYear": "pre1978", "builtHeight": 62, "storeNum": 20, "floorArea": 44.6689620646, "buildArea": 893.379241293, "seiFort": "1", "keyFire": 0, "firehouseDist": 2, "pop": 35}