{"buildingID": 26538, "county": "\u666e\u9640", "town": "\u957f\u98ce\u65b0\u6751\u8857\u9053", "circleNum": 0, "builtYear": "pre1978", "builtHeight": 84, "storeNum": 28, "floorArea": 1256.76028475, "buildArea": 35189.287973, "seiFort": "1", "keyFire": 0, "firehouseDist": 1, "pop": 1759}