{"buildingID": 20213, "county": "\u666e\u9640", "town": "\u66f9\u6768\u65b0\u6751\u8857\u9053", "circleNum": 1, "builtYear": "1992", "builtHeight": 63, "storeNum": 21, "floorArea": 105.504393586, "buildArea": 2215.5922653, "seiFort": "2", "keyFire": 0, "firehouseDist": 1, "pop": 88}