{"buildingID": 16600, "county": "\u666e\u9640", "town": "\u771f\u5982\u9547", "circleNum": 2, "builtYear": "1994", "builtHeight": 11, "storeNum": 3, "floorArea": 1062.15154636, "buildArea": 3186.45463907, "seiFort": "2", "keyFire": 0, "firehouseDist": 1, "pop": 637}