{"buildingID": 13447, "county": "\u666e\u9640", "town": "\u5b9c\u5ddd\u8def\u8857\u9053", "circleNum": 1, "builtYear": "1979-1985", "builtHeight": 18, "storeNum": 6, "floorArea": 896.530229042, "buildArea": 5379.18137425, "seiFort": "2", "keyFire": 0, "firehouseDist": 1, "pop": 1075}