{"buildingID": 9301, "county": "\u666e\u9640", "town": "\u6843\u6d66\u9547", "circleNum": 2, "builtYear": "1986", "builtHeight": 63, "storeNum": 21, "floorArea": 1048.14902487, "buildArea": 22011.1295223, "seiFort": "2", "keyFire": 0, "firehouseDist": 1, "pop": 4402}