{"buildingID": 10638, "county": "\u666e\u9640", "town": "\u6843\u6d66\u9547", "circleNum": 2, "builtYear": "2004", "builtHeight": 18, "storeNum": 6, "floorArea": 13589.7902894, "buildArea": 81538.7417365, "seiFort": "3", "keyFire": 1, "firehouseDist": 2, "pop": 16307}