{"buildingID": 6096, "county": "\u666e\u9640", "town": "\u6843\u6d66\u9547", "circleNum": 2, "builtYear": "2016", "builtHeight": 10, "storeNum": 3, "floorArea": 740.549892288, "buildArea": 2221.64967686, "seiFort": "3", "keyFire": 0, "firehouseDist": 1, "pop": 444}