{"buildingID": 7892, "county": "\u666e\u9640", "town": "\u771f\u5982\u9547", "circleNum": 1, "builtYear": "1979-1985", "builtHeight": 42, "storeNum": 14, "floorArea": 61.6926674672, "buildArea": 863.697344541, "seiFort": "2", "keyFire": 0, "firehouseDist": 2, "pop": 34}