{"buildingID": 16167, "county": "\u666e\u9640", "town": "\u77f3\u6cc9\u8def\u8857\u9053", "circleNum": 1, "builtYear": "pre1978", "builtHeight": 70, "storeNum": 23, "floorArea": 862.662869466, "buildArea": 19841.2459977, "seiFort": "1", "keyFire": 0, "firehouseDist": 2, "pop": 793}