{"buildingID": 25695, "county": "\u666e\u9640", "town": "\u957f\u5bff\u8def\u8857\u9053", "circleNum": 0, "builtYear": "pre1978", "builtHeight": 89, "storeNum": 29, "floorArea": 885.891034912, "buildArea": 25690.8400125, "seiFort": "1", "keyFire": 0, "firehouseDist": 1, "pop": 1284}