{"buildingID": 19938, "county": "\u666e\u9640", "town": "\u957f\u98ce\u65b0\u6751\u8857\u9053", "circleNum": 0, "builtYear": "pre1978", "builtHeight": 19, "storeNum": 6, "floorArea": 462.227666155, "buildArea": 2773.36599693, "seiFort": "1", "keyFire": 0, "firehouseDist": 1, "pop": 138}