{"buildingID": 10137, "county": "\u666e\u9640", "town": "\u771f\u5982\u9547", "circleNum": 2, "builtYear": "2003", "builtHeight": 19, "storeNum": 6, "floorArea": 278.067539602, "buildArea": 1668.40523761, "seiFort": "3", "keyFire": 0, "firehouseDist": 2, "pop": 333}