{"buildingID": 1793, "county": "\u666e\u9640", "town": "\u6843\u6d66\u9547", "circleNum": 2, "builtYear": "2001", "builtHeight": 13, "storeNum": 4, "floorArea": 597.840513036, "buildArea": 2391.36205214, "seiFort": "3", "keyFire": 0, "firehouseDist": 3, "pop": 478}