{"buildingID": 13733, "county": "\u666e\u9640", "town": "\u771f\u5982\u9547", "circleNum": 1, "builtYear": "1989", "builtHeight": 18, "storeNum": 6, "floorArea": 317.068526086, "buildArea": 1902.41115652, "seiFort": "2", "keyFire": 0, "firehouseDist": 2, "pop": 380}