{"buildingID": 27810, "county": "\u666e\u9640", "town": "\u957f\u98ce\u65b0\u6751\u8857\u9053", "circleNum": 1, "builtYear": "1987", "builtHeight": 19, "storeNum": 6, "floorArea": 495.0004053, "buildArea": 2970.0024318, "seiFort": "2", "keyFire": 0, "firehouseDist": 2, "pop": 594}