{"buildingID": 1568, "county": "\u666e\u9640", "town": "\u6843\u6d66\u9547", "circleNum": 2, "builtYear": "1994", "builtHeight": 16, "storeNum": 5, "floorArea": 792.232064806, "buildArea": 3961.16032403, "seiFort": "2", "keyFire": 0, "firehouseDist": 2, "pop": 792}