{"buildingID": 14069, "county": "\u666e\u9640", "town": "\u771f\u5982\u9547", "circleNum": 1, "builtYear": "1979-1985", "builtHeight": 16, "storeNum": 5, "floorArea": 606.573976119, "buildArea": 3032.86988059, "seiFort": "2", "keyFire": 0, "firehouseDist": 2, "pop": 606}