{"buildingID": 16127, "county": "\u666e\u9640", "town": "\u77f3\u6cc9\u8def\u8857\u9053", "circleNum": 1, "builtYear": "pre1978", "builtHeight": 56, "storeNum": 18, "floorArea": 456.107844177, "buildArea": 8209.94119519, "seiFort": "1", "keyFire": 0, "firehouseDist": 1, "pop": 328}