{"buildingID": 19663, "county": "\u666e\u9640", "town": "\u957f\u5bff\u8def\u8857\u9053", "circleNum": 0, "builtYear": "1979-1985", "builtHeight": 29, "storeNum": 9, "floorArea": 208.029065157, "buildArea": 1872.26158642, "seiFort": "2", "keyFire": 0, "firehouseDist": 1, "pop": 374}