{"buildingID": 12972, "county": "\u666e\u9640", "town": "\u77f3\u6cc9\u8def\u8857\u9053", "circleNum": 1, "builtYear": "1990", "builtHeight": 3, "storeNum": 1, "floorArea": 639.334389253, "buildArea": 639.334389253, "seiFort": "2", "keyFire": 0, "firehouseDist": 2, "pop": 127}