{"buildingID": 5807, "county": "\u666e\u9640", "town": "\u6843\u6d66\u9547", "circleNum": 2, "builtYear": "1992", "builtHeight": 11, "storeNum": 3, "floorArea": 778.950853864, "buildArea": 2336.85256159, "seiFort": "2", "keyFire": 0, "firehouseDist": 2, "pop": 467}