{"buildingID": 15041, "county": "\u666e\u9640", "town": "\u771f\u5982\u9547", "circleNum": 1, "builtYear": "1979-1985", "builtHeight": 9, "storeNum": 3, "floorArea": 495.679639039, "buildArea": 1487.03891712, "seiFort": "2", "keyFire": 0, "firehouseDist": 2, "pop": 297}