{"buildingID": 25411, "county": "\u666e\u9640", "town": "\u66f9\u6768\u65b0\u6751\u8857\u9053", "circleNum": 1, "builtYear": "1986", "builtHeight": 12, "storeNum": 4, "floorArea": 1509.04315613, "buildArea": 6036.17262451, "seiFort": "2", "keyFire": 0, "firehouseDist": 1, "pop": 1207}