{"buildingID": 27583, "county": "\u666e\u9640", "town": "\u957f\u98ce\u65b0\u6751\u8857\u9053", "circleNum": 1, "builtYear": "pre1978", "builtHeight": 7, "storeNum": 2, "floorArea": 60.0624492085, "buildArea": 120.124898417, "seiFort": "1", "keyFire": 0, "firehouseDist": 3, "pop": 4}