{"buildingID": 14270, "county": "\u666e\u9640", "town": "\u77f3\u6cc9\u8def\u8857\u9053", "circleNum": 1, "builtYear": "1989", "builtHeight": 15, "storeNum": 5, "floorArea": 455.638572593, "buildArea": 2278.19286297, "seiFort": "2", "keyFire": 0, "firehouseDist": 2, "pop": 455}