{"buildingID": 26247, "county": "\u666e\u9640", "town": "\u957f\u98ce\u65b0\u6751\u8857\u9053", "circleNum": 0, "builtYear": "pre1978", "builtHeight": 107, "storeNum": 35, "floorArea": 92.9405832573, "buildArea": 3252.920414, "seiFort": "1", "keyFire": 0, "firehouseDist": 1, "pop": 650}