{"buildingID": 2863, "county": "\u666e\u9640", "town": "\u6843\u6d66\u9547", "circleNum": 2, "builtYear": "2001", "builtHeight": 10, "storeNum": 3, "floorArea": 8637.48032125, "buildArea": 25912.4409637, "seiFort": "3", "keyFire": 0, "firehouseDist": 2, "pop": 5182}