{"buildingID": 23701, "county": "\u666e\u9640", "town": "\u66f9\u6768\u65b0\u6751\u8857\u9053", "circleNum": 1, "builtYear": "1990", "builtHeight": 16, "storeNum": 5, "floorArea": 335.416804736, "buildArea": 1677.08402368, "seiFort": "2", "keyFire": 0, "firehouseDist": 1, "pop": 335}