{"buildingID": 23360, "county": "\u666e\u9640", "town": "\u957f\u5f81\u9547", "circleNum": 2, "builtYear": "1996", "builtHeight": 21, "storeNum": 7, "floorArea": 800.688463831, "buildArea": 5604.81924682, "seiFort": "2", "keyFire": 0, "firehouseDist": 2, "pop": 1120}