{"buildingID": 29136, "county": "\u666e\u9640", "town": "\u957f\u98ce\u65b0\u6751\u8857\u9053", "circleNum": 1, "builtYear": "1979-1985", "builtHeight": 19, "storeNum": 6, "floorArea": 656.920294031, "buildArea": 3941.52176419, "seiFort": "2", "keyFire": 0, "firehouseDist": 3, "pop": 788}