{"buildingID": 2826, "county": "\u666e\u9640", "town": "\u6843\u6d66\u9547", "circleNum": 2, "builtYear": "1999", "builtHeight": 11, "storeNum": 3, "floorArea": 3049.31548132, "buildArea": 9147.94644396, "seiFort": "2", "keyFire": 0, "firehouseDist": 2, "pop": 1829}