{"buildingID": 6168, "county": "\u666e\u9640", "town": "\u6843\u6d66\u9547", "circleNum": 2, "builtYear": "2016", "builtHeight": 11, "storeNum": 3, "floorArea": 756.440455285, "buildArea": 2269.32136585, "seiFort": "3", "keyFire": 0, "firehouseDist": 2, "pop": 453}