{"buildingID": 28709, "county": "\u666e\u9640", "town": "\u957f\u98ce\u65b0\u6751\u8857\u9053", "circleNum": 1, "builtYear": "pre1978", "builtHeight": 46, "storeNum": 15, "floorArea": 1575.46712187, "buildArea": 23632.0068281, "seiFort": "1", "keyFire": 1, "firehouseDist": 4, "pop": 945}