{"buildingID": 1656, "county": "\u666e\u9640", "town": "\u6843\u6d66\u9547", "circleNum": 3, "builtYear": "1987", "builtHeight": 18, "storeNum": 6, "floorArea": 465.572509004, "buildArea": 2793.43505403, "seiFort": "2", "keyFire": 0, "firehouseDist": 3, "pop": 558}