{"buildingID": 23751, "county": "\u666e\u9640", "town": "\u957f\u5f81\u9547", "circleNum": 2, "builtYear": "1994", "builtHeight": 22, "storeNum": 7, "floorArea": 1022.27513714, "buildArea": 7155.92595999, "seiFort": "2", "keyFire": 0, "firehouseDist": 1, "pop": 1431}