{"buildingID": 16121, "county": "\u666e\u9640", "town": "\u77f3\u6cc9\u8def\u8857\u9053", "circleNum": 1, "builtYear": "1996", "builtHeight": 74, "storeNum": 24, "floorArea": 619.619892975, "buildArea": 14870.8774314, "seiFort": "2", "keyFire": 0, "firehouseDist": 1, "pop": 2974}