{"buildingID": 27471, "county": "\u666e\u9640", "town": "\u957f\u98ce\u65b0\u6751\u8857\u9053", "circleNum": 1, "builtYear": "1988", "builtHeight": 18, "storeNum": 6, "floorArea": 114.392676864, "buildArea": 686.356061184, "seiFort": "2", "keyFire": 0, "firehouseDist": 2, "pop": 27}