{"buildingID": 10690, "county": "\u666e\u9640", "town": "\u771f\u5982\u9547", "circleNum": 2, "builtYear": "1979-1985", "builtHeight": 38, "storeNum": 12, "floorArea": 596.178295849, "buildArea": 7154.13955019, "seiFort": "2", "keyFire": 0, "firehouseDist": 2, "pop": 1430}