{"buildingID": 13416, "county": "\u666e\u9640", "town": "\u77f3\u6cc9\u8def\u8857\u9053", "circleNum": 1, "builtYear": "pre1978", "builtHeight": 16, "storeNum": 5, "floorArea": 576.449602508, "buildArea": 2882.24801254, "seiFort": "1", "keyFire": 0, "firehouseDist": 2, "pop": 115}