{"buildingID": 22876, "county": "\u666e\u9640", "town": "\u66f9\u6768\u65b0\u6751\u8857\u9053", "circleNum": 1, "builtYear": "pre1978", "builtHeight": 8, "storeNum": 2, "floorArea": 183.930315777, "buildArea": 367.860631554, "seiFort": "1", "keyFire": 0, "firehouseDist": 1, "pop": 14}