{"buildingID": 27384, "county": "\u666e\u9640", "town": "\u957f\u98ce\u65b0\u6751\u8857\u9053", "circleNum": 0, "builtYear": "pre1978", "builtHeight": 44, "storeNum": 14, "floorArea": 118.085836991, "buildArea": 1653.20171787, "seiFort": "1", "keyFire": 0, "firehouseDist": 2, "pop": 82}