{"buildingID": 8620, "county": "\u666e\u9640", "town": "\u7518\u6cc9\u8def\u8857\u9053", "circleNum": 1, "builtYear": "1991", "builtHeight": 17, "storeNum": 5, "floorArea": 778.485209313, "buildArea": 3892.42604657, "seiFort": "2", "keyFire": 0, "firehouseDist": 3, "pop": 778}