{"buildingID": 16864, "county": "\u666e\u9640", "town": "\u77f3\u6cc9\u8def\u8857\u9053", "circleNum": 1, "builtYear": "1979-1985", "builtHeight": 40, "storeNum": 13, "floorArea": 696.597218347, "buildArea": 9055.76383851, "seiFort": "2", "keyFire": 0, "firehouseDist": 2, "pop": 1811}