{"buildingID": 27445, "county": "\u666e\u9640", "town": "\u957f\u98ce\u65b0\u6751\u8857\u9053", "circleNum": 1, "builtYear": "pre1978", "builtHeight": 5, "storeNum": 1, "floorArea": 56.0804298444, "buildArea": 56.0804298444, "seiFort": "1", "keyFire": 0, "firehouseDist": 2, "pop": 2}