{"buildingID": 23123, "county": "\u666e\u9640", "town": "\u66f9\u6768\u65b0\u6751\u8857\u9053", "circleNum": 1, "builtYear": "1979-1985", "builtHeight": 16, "storeNum": 5, "floorArea": 1528.85130003, "buildArea": 7644.25650014, "seiFort": "2", "keyFire": 0, "firehouseDist": 2, "pop": 1528}