{"buildingID": 15886, "county": "\u666e\u9640", "town": "\u771f\u5982\u9547", "circleNum": 1, "builtYear": "2006", "builtHeight": 79, "storeNum": 26, "floorArea": 670.196966521, "buildArea": 17425.1211295, "seiFort": "3", "keyFire": 0, "firehouseDist": 2, "pop": 3485}