{"buildingID": 24893, "county": "\u666e\u9640", "town": "\u66f9\u6768\u65b0\u6751\u8857\u9053", "circleNum": 1, "builtYear": "pre1978", "builtHeight": 74, "storeNum": 24, "floorArea": 1646.84987179, "buildArea": 39524.3969231, "seiFort": "1", "keyFire": 0, "firehouseDist": 2, "pop": 1580}