{"buildingID": 15535, "county": "\u666e\u9640", "town": "\u77f3\u6cc9\u8def\u8857\u9053", "circleNum": 1, "builtYear": "pre1978", "builtHeight": 63, "storeNum": 21, "floorArea": 415.523769681, "buildArea": 8725.9991633, "seiFort": "1", "keyFire": 0, "firehouseDist": 1, "pop": 349}