{"buildingID": 23666, "county": "\u666e\u9640", "town": "\u66f9\u6768\u65b0\u6751\u8857\u9053", "circleNum": 1, "builtYear": "2012", "builtHeight": 11, "storeNum": 3, "floorArea": 318.871475074, "buildArea": 956.614425223, "seiFort": "3", "keyFire": 0, "firehouseDist": 1, "pop": 191}