{"buildingID": 12273, "county": "\u666e\u9640", "town": "\u771f\u5982\u9547", "circleNum": 1, "builtYear": "1979-1985", "builtHeight": 18, "storeNum": 6, "floorArea": 91.3560475655, "buildArea": 548.136285393, "seiFort": "2", "keyFire": 0, "firehouseDist": 1, "pop": 21}