{"buildingID": 5956, "county": "\u666e\u9640", "town": "\u6843\u6d66\u9547", "circleNum": 2, "builtYear": "1979-1985", "builtHeight": 15, "storeNum": 5, "floorArea": 1364.64071176, "buildArea": 6823.20355878, "seiFort": "2", "keyFire": 0, "firehouseDist": 1, "pop": 1364}