{"buildingID": 23834, "county": "\u666e\u9640", "town": "\u957f\u5f81\u9547", "circleNum": 1, "builtYear": "2010", "builtHeight": 37, "storeNum": 12, "floorArea": 331.194868278, "buildArea": 3974.33841933, "seiFort": "3", "keyFire": 0, "firehouseDist": 2, "pop": 794}