{"buildingID": 5516, "county": "\u666e\u9640", "town": "\u6843\u6d66\u9547", "circleNum": 2, "builtYear": "1993", "builtHeight": 16, "storeNum": 5, "floorArea": 349.971931025, "buildArea": 1749.85965512, "seiFort": "2", "keyFire": 0, "firehouseDist": 2, "pop": 349}