{"buildingID": 10752, "county": "\u666e\u9640", "town": "\u771f\u5982\u9547", "circleNum": 1, "builtYear": "pre1978", "builtHeight": 76, "storeNum": 25, "floorArea": 142.466090669, "buildArea": 3561.65226672, "seiFort": "1", "keyFire": 0, "firehouseDist": 1, "pop": 142}