{"buildingID": 12690, "county": "\u666e\u9640", "town": "\u771f\u5982\u9547", "circleNum": 2, "builtYear": "1989", "builtHeight": 6, "storeNum": 2, "floorArea": 419.052905538, "buildArea": 838.105811076, "seiFort": "2", "keyFire": 0, "firehouseDist": 2, "pop": 167}