{"buildingID": 27337, "county": "\u666e\u9640", "town": "\u957f\u98ce\u65b0\u6751\u8857\u9053", "circleNum": 1, "builtYear": "pre1978", "builtHeight": 8, "storeNum": 2, "floorArea": 376.49757863, "buildArea": 752.995157259, "seiFort": "1", "keyFire": 0, "firehouseDist": 2, "pop": 30}