{"buildingID": 9415, "county": "\u666e\u9640", "town": "\u957f\u5f81\u9547", "circleNum": 1, "builtYear": "1979-1985", "builtHeight": 54, "storeNum": 18, "floorArea": 494.991088995, "buildArea": 8909.83960191, "seiFort": "2", "keyFire": 0, "firehouseDist": 1, "pop": 1781}