{"buildingID": 12775, "county": "\u666e\u9640", "town": "\u771f\u5982\u9547", "circleNum": 1, "builtYear": "1987", "builtHeight": 17, "storeNum": 5, "floorArea": 871.720675221, "buildArea": 4358.60337611, "seiFort": "2", "keyFire": 0, "firehouseDist": 2, "pop": 871}