{"buildingID": 17045, "county": "\u666e\u9640", "town": "\u957f\u5bff\u8def\u8857\u9053", "circleNum": 0, "builtYear": "1979-1985", "builtHeight": 37, "storeNum": 12, "floorArea": 905.881359564, "buildArea": 10870.5763148, "seiFort": "2", "keyFire": 0, "firehouseDist": 1, "pop": 2174}