{"buildingID": 20925, "county": "\u666e\u9640", "town": "\u77f3\u6cc9\u8def\u8857\u9053", "circleNum": 1, "builtYear": "pre1978", "builtHeight": 39, "storeNum": 13, "floorArea": 511.492189445, "buildArea": 6649.39846278, "seiFort": "1", "keyFire": 0, "firehouseDist": 1, "pop": 265}