{"buildingID": 13117, "county": "\u666e\u9640", "town": "\u7518\u6cc9\u8def\u8857\u9053", "circleNum": 1, "builtYear": "1979-1985", "builtHeight": 22, "storeNum": 7, "floorArea": 785.494894821, "buildArea": 5498.46426375, "seiFort": "2", "keyFire": 0, "firehouseDist": 2, "pop": 1099}