{"buildingID": 24523, "county": "\u666e\u9640", "town": "\u957f\u5bff\u8def\u8857\u9053", "circleNum": 0, "builtYear": "1979-1985", "builtHeight": 27, "storeNum": 9, "floorArea": 865.445541503, "buildArea": 7789.00987353, "seiFort": "2", "keyFire": 0, "firehouseDist": 2, "pop": 1557}