{"buildingID": 29155, "county": "\u666e\u9640", "town": "\u957f\u98ce\u65b0\u6751\u8857\u9053", "circleNum": 1, "builtYear": "pre1978", "builtHeight": 15, "storeNum": 5, "floorArea": 574.484102391, "buildArea": 2872.42051195, "seiFort": "1", "keyFire": 0, "firehouseDist": 3, "pop": 114}