{"buildingID": 27427, "county": "\u666e\u9640", "town": "\u957f\u98ce\u65b0\u6751\u8857\u9053", "circleNum": 0, "builtYear": "pre1978", "builtHeight": 105, "storeNum": 35, "floorArea": 68.816143479, "buildArea": 2408.56502177, "seiFort": "1", "keyFire": 0, "firehouseDist": 1, "pop": 481}