{"buildingID": 28282, "county": "\u666e\u9640", "town": "\u957f\u98ce\u65b0\u6751\u8857\u9053", "circleNum": 1, "builtYear": "pre1978", "builtHeight": 76, "storeNum": 25, "floorArea": 1047.33468658, "buildArea": 26183.3671644, "seiFort": "1", "keyFire": 0, "firehouseDist": 2, "pop": 1047}