{"buildingID": 22695, "county": "\u666e\u9640", "town": "\u957f\u5f81\u9547", "circleNum": 1, "builtYear": "1979-1985", "builtHeight": 15, "storeNum": 5, "floorArea": 770.515962153, "buildArea": 3852.57981077, "seiFort": "2", "keyFire": 0, "firehouseDist": 2, "pop": 770}