{"buildingID": 4618, "county": "\u666e\u9640", "town": "\u6843\u6d66\u9547", "circleNum": 2, "builtYear": "1987", "builtHeight": 74, "storeNum": 24, "floorArea": 321.802771645, "buildArea": 7723.26651949, "seiFort": "2", "keyFire": 0, "firehouseDist": 2, "pop": 1544}