{"buildingID": 3043, "county": "\u666e\u9640", "town": "\u6843\u6d66\u9547", "circleNum": 2, "builtYear": "2002", "builtHeight": 13, "storeNum": 4, "floorArea": 3234.61675773, "buildArea": 12938.4670309, "seiFort": "3", "keyFire": 0, "firehouseDist": 1, "pop": 2587}