{"buildingID": 29111, "county": "\u666e\u9640", "town": "\u957f\u98ce\u65b0\u6751\u8857\u9053", "circleNum": 1, "builtYear": "1993", "builtHeight": 12, "storeNum": 4, "floorArea": 36.1411820047, "buildArea": 144.564728019, "seiFort": "2", "keyFire": 0, "firehouseDist": 3, "pop": 5}