{"buildingID": 22483, "county": "\u666e\u9640", "town": "\u957f\u5bff\u8def\u8857\u9053", "circleNum": 0, "builtYear": "1979-1985", "builtHeight": 5, "storeNum": 1, "floorArea": 528.957561707, "buildArea": 528.957561707, "seiFort": "2", "keyFire": 0, "firehouseDist": 1, "pop": 105}