{"buildingID": 12637, "county": "\u666e\u9640", "town": "\u771f\u5982\u9547", "circleNum": 2, "builtYear": "1995", "builtHeight": 12, "storeNum": 4, "floorArea": 310.289070608, "buildArea": 1241.15628243, "seiFort": "2", "keyFire": 0, "firehouseDist": 2, "pop": 248}