{"buildingID": 27900, "county": "\u666e\u9640", "town": "\u957f\u98ce\u65b0\u6751\u8857\u9053", "circleNum": 1, "builtYear": "1995", "builtHeight": 10, "storeNum": 3, "floorArea": 138.645649742, "buildArea": 415.936949227, "seiFort": "2", "keyFire": 0, "firehouseDist": 2, "pop": 16}