{"buildingID": 20324, "county": "\u666e\u9640", "town": "\u957f\u5f81\u9547", "circleNum": 2, "builtYear": "1994", "builtHeight": 62, "storeNum": 20, "floorArea": 930.483369556, "buildArea": 18609.6673911, "seiFort": "2", "keyFire": 0, "firehouseDist": 1, "pop": 3721}