{"buildingID": 11666, "county": "\u666e\u9640", "town": "\u771f\u5982\u9547", "circleNum": 2, "builtYear": "2001", "builtHeight": 30, "storeNum": 10, "floorArea": 469.993479738, "buildArea": 4699.93479738, "seiFort": "3", "keyFire": 0, "firehouseDist": 2, "pop": 939}