{"buildingID": 16022, "county": "\u666e\u9640", "town": "\u771f\u5982\u9547", "circleNum": 1, "builtYear": "1999", "builtHeight": 11, "storeNum": 3, "floorArea": 241.112245809, "buildArea": 723.336737426, "seiFort": "2", "keyFire": 0, "firehouseDist": 1, "pop": 144}