{"buildingID": 11794, "county": "\u666e\u9640", "town": "\u7518\u6cc9\u8def\u8857\u9053", "circleNum": 1, "builtYear": "pre1978", "builtHeight": 13, "storeNum": 4, "floorArea": 342.029915431, "buildArea": 1368.11966172, "seiFort": "1", "keyFire": 0, "firehouseDist": 2, "pop": 54}