{"buildingID": 2487, "county": "\u666e\u9640", "town": "\u6843\u6d66\u9547", "circleNum": 3, "builtYear": "1993", "builtHeight": 18, "storeNum": 6, "floorArea": 483.488233348, "buildArea": 2900.92940009, "seiFort": "2", "keyFire": 0, "firehouseDist": 4, "pop": 580}