{"buildingID": 24772, "county": "\u666e\u9640", "town": "\u66f9\u6768\u65b0\u6751\u8857\u9053", "circleNum": 1, "builtYear": "pre1978", "builtHeight": 9, "storeNum": 3, "floorArea": 634.649625391, "buildArea": 1903.94887617, "seiFort": "1", "keyFire": 0, "firehouseDist": 1, "pop": 76}