{"buildingID": 6052, "county": "\u666e\u9640", "town": "\u6843\u6d66\u9547", "circleNum": 2, "builtYear": "2002", "builtHeight": 19, "storeNum": 6, "floorArea": 1042.70790805, "buildArea": 6256.24744828, "seiFort": "3", "keyFire": 1, "firehouseDist": 2, "pop": 1251}