{"buildingID": 6316, "county": "\u666e\u9640", "town": "\u6843\u6d66\u9547", "circleNum": 2, "builtYear": "2003", "builtHeight": 19, "storeNum": 6, "floorArea": 874.289684115, "buildArea": 5245.73810469, "seiFort": "3", "keyFire": 0, "firehouseDist": 2, "pop": 1049}