{"buildingID": 29249, "county": "\u666e\u9640", "town": "\u957f\u98ce\u65b0\u6751\u8857\u9053", "circleNum": 1, "builtYear": "pre1978", "builtHeight": 12, "storeNum": 4, "floorArea": 67.2925544413, "buildArea": 269.170217765, "seiFort": "1", "keyFire": 0, "firehouseDist": 3, "pop": 10}