{"buildingID": 12028, "county": "\u666e\u9640", "town": "\u771f\u5982\u9547", "circleNum": 1, "builtYear": "pre1978", "builtHeight": 37, "storeNum": 12, "floorArea": 139.673501504, "buildArea": 1676.08201805, "seiFort": "1", "keyFire": 0, "firehouseDist": 2, "pop": 67}