{"buildingID": 21217, "county": "\u666e\u9640", "town": "\u77f3\u6cc9\u8def\u8857\u9053", "circleNum": 1, "builtYear": "1987", "builtHeight": 6, "storeNum": 2, "floorArea": 542.755883293, "buildArea": 1085.51176659, "seiFort": "2", "keyFire": 0, "firehouseDist": 2, "pop": 217}