{"buildingID": 28818, "county": "\u666e\u9640", "town": "\u957f\u98ce\u65b0\u6751\u8857\u9053", "circleNum": 1, "builtYear": "1985", "builtHeight": 6, "storeNum": 2, "floorArea": 11.5357358896, "buildArea": 23.0714717792, "seiFort": "2", "keyFire": 0, "firehouseDist": 3, "pop": 1}