{"buildingID": 7513, "county": "\u666e\u9640", "town": "\u957f\u5f81\u9547", "circleNum": 1, "builtYear": "1999", "builtHeight": 73, "storeNum": 24, "floorArea": 727.293773911, "buildArea": 17455.0505739, "seiFort": "2", "keyFire": 0, "firehouseDist": 2, "pop": 3491}