{"buildingID": 26177, "county": "\u666e\u9640", "town": "\u66f9\u6768\u65b0\u6751\u8857\u9053", "circleNum": 1, "builtYear": "1979-1985", "builtHeight": 10, "storeNum": 3, "floorArea": 983.815242525, "buildArea": 2951.44572758, "seiFort": "2", "keyFire": 0, "firehouseDist": 2, "pop": 590}