{"buildingID": 22412, "county": "\u666e\u9640", "town": "\u66f9\u6768\u65b0\u6751\u8857\u9053", "circleNum": 1, "builtYear": "pre1978", "builtHeight": 12, "storeNum": 4, "floorArea": 487.878497226, "buildArea": 1951.51398891, "seiFort": "1", "keyFire": 0, "firehouseDist": 1, "pop": 78}