{"buildingID": 7444, "county": "\u666e\u9640", "town": "\u957f\u5f81\u9547", "circleNum": 1, "builtYear": "2004", "builtHeight": 51, "storeNum": 17, "floorArea": 350.816136723, "buildArea": 5963.87432429, "seiFort": "3", "keyFire": 0, "firehouseDist": 3, "pop": 1192}