{"buildingID": 9461, "county": "\u666e\u9640", "town": "\u957f\u5f81\u9547", "circleNum": 1, "builtYear": "2017", "builtHeight": 30, "storeNum": 10, "floorArea": 768.488712025, "buildArea": 7684.88712025, "seiFort": "3", "keyFire": 0, "firehouseDist": 2, "pop": 1536}