{"buildingID": 8988, "county": "\u666e\u9640", "town": "\u957f\u5f81\u9547", "circleNum": 1, "builtYear": "1990", "builtHeight": 31, "storeNum": 10, "floorArea": 506.160776155, "buildArea": 5061.60776155, "seiFort": "2", "keyFire": 0, "firehouseDist": 1, "pop": 1012}