{"buildingID": 13051, "county": "\u666e\u9640", "town": "\u77f3\u6cc9\u8def\u8857\u9053", "circleNum": 1, "builtYear": "1979-1985", "builtHeight": 99, "storeNum": 33, "floorArea": 174.369972569, "buildArea": 5754.20909477, "seiFort": "2", "keyFire": 0, "firehouseDist": 3, "pop": 1150}