{"buildingID": 26279, "county": "\u666e\u9640", "town": "\u957f\u98ce\u65b0\u6751\u8857\u9053", "circleNum": 0, "builtYear": "pre1978", "builtHeight": 21, "storeNum": 7, "floorArea": 603.495920275, "buildArea": 4224.47144193, "seiFort": "1", "keyFire": 0, "firehouseDist": 2, "pop": 211}