{"buildingID": 13486, "county": "\u666e\u9640", "town": "\u771f\u5982\u9547", "circleNum": 2, "builtYear": "1986", "builtHeight": 6, "storeNum": 2, "floorArea": 851.066657636, "buildArea": 1702.13331527, "seiFort": "2", "keyFire": 0, "firehouseDist": 1, "pop": 340}