{"buildingID": 15130, "county": "\u666e\u9640", "town": "\u771f\u5982\u9547", "circleNum": 2, "builtYear": "1995", "builtHeight": 18, "storeNum": 6, "floorArea": 498.321738518, "buildArea": 2989.93043111, "seiFort": "2", "keyFire": 0, "firehouseDist": 1, "pop": 597}