{"buildingID": 21427, "county": "\u666e\u9640", "town": "\u771f\u5982\u9547", "circleNum": 1, "builtYear": "1992", "builtHeight": 11, "storeNum": 3, "floorArea": 324.873750673, "buildArea": 974.62125202, "seiFort": "2", "keyFire": 0, "firehouseDist": 1, "pop": 194}