{"buildingID": 12129, "county": "\u666e\u9640", "town": "\u77f3\u6cc9\u8def\u8857\u9053", "circleNum": 1, "builtYear": "1996", "builtHeight": 12, "storeNum": 4, "floorArea": 69.8650652873, "buildArea": 279.460261149, "seiFort": "2", "keyFire": 0, "firehouseDist": 2, "pop": 11}