{"buildingID": 4333, "county": "\u666e\u9640", "town": "\u6843\u6d66\u9547", "circleNum": 2, "builtYear": "2007", "builtHeight": 10, "storeNum": 3, "floorArea": 409.911813121, "buildArea": 1229.73543936, "seiFort": "3", "keyFire": 0, "firehouseDist": 2, "pop": 245}