{"buildingID": 12252, "county": "\u666e\u9640", "town": "\u771f\u5982\u9547", "circleNum": 1, "builtYear": "1991", "builtHeight": 28, "storeNum": 9, "floorArea": 1232.42520601, "buildArea": 11091.8268541, "seiFort": "2", "keyFire": 0, "firehouseDist": 1, "pop": 2218}