{"buildingID": 17216, "county": "\u666e\u9640", "town": "\u957f\u5f81\u9547", "circleNum": 2, "builtYear": "2010", "builtHeight": 32, "storeNum": 10, "floorArea": 376.292501017, "buildArea": 3762.92501017, "seiFort": "3", "keyFire": 0, "firehouseDist": 1, "pop": 752}