{"buildingID": 5425, "county": "\u666e\u9640", "town": "\u6843\u6d66\u9547", "circleNum": 2, "builtYear": "2004", "builtHeight": 39, "storeNum": 13, "floorArea": 344.535382233, "buildArea": 4478.95996903, "seiFort": "3", "keyFire": 0, "firehouseDist": 1, "pop": 895}