{"buildingID": 4315, "county": "\u666e\u9640", "town": "\u6843\u6d66\u9547", "circleNum": 2, "builtYear": "1989", "builtHeight": 12, "storeNum": 4, "floorArea": 1666.53290961, "buildArea": 6666.13163845, "seiFort": "2", "keyFire": 0, "firehouseDist": 3, "pop": 1333}