{"buildingID": 13698, "county": "\u666e\u9640", "town": "\u771f\u5982\u9547", "circleNum": 2, "builtYear": "1998", "builtHeight": 13, "storeNum": 4, "floorArea": 864.071118718, "buildArea": 3456.28447487, "seiFort": "2", "keyFire": 0, "firehouseDist": 2, "pop": 691}