{"buildingID": 17173, "county": "\u666e\u9640", "town": "\u957f\u5f81\u9547", "circleNum": 2, "builtYear": "1994", "builtHeight": 66, "storeNum": 22, "floorArea": 959.334299434, "buildArea": 21105.3545875, "seiFort": "2", "keyFire": 0, "firehouseDist": 2, "pop": 4221}