{"buildingID": 8912, "county": "\u666e\u9640", "town": "\u957f\u5f81\u9547", "circleNum": 1, "builtYear": "1979-1985", "builtHeight": 91, "storeNum": 30, "floorArea": 1068.10361503, "buildArea": 32043.1084508, "seiFort": "2", "keyFire": 0, "firehouseDist": 1, "pop": 6408}