{"buildingID": 16954, "county": "\u666e\u9640", "town": "\u77f3\u6cc9\u8def\u8857\u9053", "circleNum": 1, "builtYear": "pre1978", "builtHeight": 53, "storeNum": 17, "floorArea": 560.590240363, "buildArea": 9530.03408616, "seiFort": "1", "keyFire": 0, "firehouseDist": 1, "pop": 381}