{"buildingID": 22847, "county": "\u666e\u9640", "town": "\u66f9\u6768\u65b0\u6751\u8857\u9053", "circleNum": 1, "builtYear": "pre1978", "builtHeight": 47, "storeNum": 15, "floorArea": 652.813112922, "buildArea": 9792.19669382, "seiFort": "1", "keyFire": 0, "firehouseDist": 1, "pop": 391}