{"buildingID": 28055, "county": "\u666e\u9640", "town": "\u957f\u98ce\u65b0\u6751\u8857\u9053", "circleNum": 0, "builtYear": "pre1978", "builtHeight": 38, "storeNum": 12, "floorArea": 55.2580811109, "buildArea": 663.09697333, "seiFort": "1", "keyFire": 0, "firehouseDist": 2, "pop": 33}