{"buildingID": 1137, "county": "\u666e\u9640", "town": "\u6843\u6d66\u9547", "circleNum": 3, "builtYear": "2005", "builtHeight": 6, "storeNum": 2, "floorArea": 4426.90573283, "buildArea": 8853.81146567, "seiFort": "3", "keyFire": 0, "firehouseDist": 5, "pop": 1770}