{"buildingID": 27077, "county": "\u666e\u9640", "town": "\u957f\u98ce\u65b0\u6751\u8857\u9053", "circleNum": 0, "builtYear": "pre1978", "builtHeight": 17, "storeNum": 5, "floorArea": 216.014946535, "buildArea": 1080.07473267, "seiFort": "1", "keyFire": 0, "firehouseDist": 1, "pop": 54}