{"buildingID": 14810, "county": "\u666e\u9640", "town": "\u77f3\u6cc9\u8def\u8857\u9053", "circleNum": 1, "builtYear": "1987", "builtHeight": 19, "storeNum": 6, "floorArea": 444.124293775, "buildArea": 2664.74576265, "seiFort": "2", "keyFire": 0, "firehouseDist": 2, "pop": 532}