{"buildingID": 11410, "county": "\u666e\u9640", "town": "\u771f\u5982\u9547", "circleNum": 1, "builtYear": "pre1978", "builtHeight": 33, "storeNum": 11, "floorArea": 79.3695750052, "buildArea": 873.065325057, "seiFort": "1", "keyFire": 0, "firehouseDist": 2, "pop": 34}