{"buildingID": 7600, "county": "\u666e\u9640", "town": "\u957f\u5f81\u9547", "circleNum": 1, "builtYear": "1979-1985", "builtHeight": 17, "storeNum": 5, "floorArea": 532.175649981, "buildArea": 2660.8782499, "seiFort": "2", "keyFire": 1, "firehouseDist": 3, "pop": 532}