{"buildingID": 17022, "county": "\u666e\u9640", "town": "\u957f\u5bff\u8def\u8857\u9053", "circleNum": 0, "builtYear": "pre1978", "builtHeight": 75, "storeNum": 25, "floorArea": 2769.38244566, "buildArea": 69234.5611414, "seiFort": "1", "keyFire": 0, "firehouseDist": 1, "pop": 3461}