{"buildingID": 19971, "county": "\u666e\u9640", "town": "\u66f9\u6768\u65b0\u6751\u8857\u9053", "circleNum": 1, "builtYear": "1986", "builtHeight": 14, "storeNum": 4, "floorArea": 328.252593116, "buildArea": 1313.01037246, "seiFort": "2", "keyFire": 0, "firehouseDist": 1, "pop": 262}