{"buildingID": 28597, "county": "\u666e\u9640", "town": "\u957f\u98ce\u65b0\u6751\u8857\u9053", "circleNum": 1, "builtYear": "pre1978", "builtHeight": 6, "storeNum": 2, "floorArea": 2525.11599181, "buildArea": 5050.23198363, "seiFort": "1", "keyFire": 0, "firehouseDist": 3, "pop": 202}