{"buildingID": 17346, "county": "\u666e\u9640", "town": "\u957f\u5f81\u9547", "circleNum": 2, "builtYear": "2001", "builtHeight": 18, "storeNum": 6, "floorArea": 876.345506457, "buildArea": 5258.07303874, "seiFort": "3", "keyFire": 0, "firehouseDist": 1, "pop": 1051}