{"buildingID": 29054, "county": "\u666e\u9640", "town": "\u957f\u98ce\u65b0\u6751\u8857\u9053", "circleNum": 1, "builtYear": "pre1978", "builtHeight": 116, "storeNum": 38, "floorArea": 862.896440833, "buildArea": 32790.0647517, "seiFort": "1", "keyFire": 1, "firehouseDist": 3, "pop": 6558}