{"buildingID": 424, "county": "\u666e\u9640", "town": "\u6843\u6d66\u9547", "circleNum": 3, "builtYear": "2008", "builtHeight": 54, "storeNum": 18, "floorArea": 742.366343464, "buildArea": 13362.5941823, "seiFort": "3", "keyFire": 0, "firehouseDist": 3, "pop": 2672}