{"buildingID": 21295, "county": "\u666e\u9640", "town": "\u957f\u5f81\u9547", "circleNum": 2, "builtYear": "1994", "builtHeight": 90, "storeNum": 30, "floorArea": 266.623373798, "buildArea": 7998.70121395, "seiFort": "2", "keyFire": 0, "firehouseDist": 1, "pop": 1599}