{"buildingID": 9675, "county": "\u666e\u9640", "town": "\u7518\u6cc9\u8def\u8857\u9053", "circleNum": 1, "builtYear": "pre1978", "builtHeight": 25, "storeNum": 8, "floorArea": 740.467469947, "buildArea": 5923.73975957, "seiFort": "1", "keyFire": 0, "firehouseDist": 3, "pop": 236}