{"buildingID": 11063, "county": "\u666e\u9640", "town": "\u7518\u6cc9\u8def\u8857\u9053", "circleNum": 1, "builtYear": "pre1978", "builtHeight": 19, "storeNum": 6, "floorArea": 527.756617154, "buildArea": 3166.53970293, "seiFort": "1", "keyFire": 0, "firehouseDist": 2, "pop": 126}