{"buildingID": 11297, "county": "\u666e\u9640", "town": "\u771f\u5982\u9547", "circleNum": 2, "builtYear": "1979-1985", "builtHeight": 7, "storeNum": 2, "floorArea": 1506.49497298, "buildArea": 3012.98994597, "seiFort": "2", "keyFire": 0, "firehouseDist": 2, "pop": 602}