{"buildingID": 21981, "county": "\u666e\u9640", "town": "\u957f\u5bff\u8def\u8857\u9053", "circleNum": 0, "builtYear": "pre1978", "builtHeight": 97, "storeNum": 32, "floorArea": 916.163443789, "buildArea": 29317.2302013, "seiFort": "1", "keyFire": 0, "firehouseDist": 1, "pop": 1465}