{"buildingID": 16299, "county": "\u666e\u9640", "town": "\u5b9c\u5ddd\u8def\u8857\u9053", "circleNum": 0, "builtYear": "1979-1985", "builtHeight": 94, "storeNum": 31, "floorArea": 279.685296654, "buildArea": 8670.24419627, "seiFort": "2", "keyFire": 0, "firehouseDist": 1, "pop": 1734}