{"buildingID": 2776, "county": "\u666e\u9640", "town": "\u6843\u6d66\u9547", "circleNum": 2, "builtYear": "1979-1985", "builtHeight": 7, "storeNum": 2, "floorArea": 1183.54501328, "buildArea": 2367.09002656, "seiFort": "2", "keyFire": 0, "firehouseDist": 2, "pop": 473}