{"buildingID": 6100, "county": "\u666e\u9640", "town": "\u6843\u6d66\u9547", "circleNum": 2, "builtYear": "2005", "builtHeight": 15, "storeNum": 5, "floorArea": 337.316345338, "buildArea": 1686.58172669, "seiFort": "3", "keyFire": 0, "firehouseDist": 1, "pop": 337}