{"buildingID": 4122, "county": "\u666e\u9640", "town": "\u6843\u6d66\u9547", "circleNum": 2, "builtYear": "1986", "builtHeight": 12, "storeNum": 4, "floorArea": 524.146030465, "buildArea": 2096.58412186, "seiFort": "2", "keyFire": 0, "firehouseDist": 2, "pop": 419}