{"buildingID": 14356, "county": "\u666e\u9640", "town": "\u77f3\u6cc9\u8def\u8857\u9053", "circleNum": 1, "builtYear": "1979-1985", "builtHeight": 11, "storeNum": 3, "floorArea": 426.864903337, "buildArea": 1280.59471001, "seiFort": "2", "keyFire": 0, "firehouseDist": 2, "pop": 256}