{"buildingID": 4585, "county": "\u666e\u9640", "town": "\u6843\u6d66\u9547", "circleNum": 2, "builtYear": "2003", "builtHeight": 77, "storeNum": 25, "floorArea": 87.1284183053, "buildArea": 2178.21045763, "seiFort": "3", "keyFire": 0, "firehouseDist": 2, "pop": 72}