{"buildingID": 10144, "county": "\u666e\u9640", "town": "\u771f\u5982\u9547", "circleNum": 2, "builtYear": "2004", "builtHeight": 55, "storeNum": 18, "floorArea": 134.177538459, "buildArea": 2415.19569226, "seiFort": "3", "keyFire": 0, "firehouseDist": 2, "pop": 80}