{"buildingID": 9740, "county": "\u666e\u9640", "town": "\u7518\u6cc9\u8def\u8857\u9053", "circleNum": 1, "builtYear": "2016", "builtHeight": 19, "storeNum": 6, "floorArea": 406.100136428, "buildArea": 2436.60081857, "seiFort": "3", "keyFire": 0, "firehouseDist": 3, "pop": 487}