{"buildingID": 11758, "county": "\u666e\u9640", "town": "\u771f\u5982\u9547", "circleNum": 2, "builtYear": "1994", "builtHeight": 18, "storeNum": 6, "floorArea": 295.006362125, "buildArea": 1770.03817275, "seiFort": "2", "keyFire": 0, "firehouseDist": 2, "pop": 354}