{"buildingID": 28695, "county": "\u666e\u9640", "town": "\u957f\u98ce\u65b0\u6751\u8857\u9053", "circleNum": 1, "builtYear": "pre1978", "builtHeight": 30, "storeNum": 10, "floorArea": 763.685275229, "buildArea": 7636.85275229, "seiFort": "1", "keyFire": 0, "firehouseDist": 3, "pop": 305}