{"buildingID": 27648, "county": "\u666e\u9640", "town": "\u957f\u98ce\u65b0\u6751\u8857\u9053", "circleNum": 1, "builtYear": "pre1978", "builtHeight": 43, "storeNum": 14, "floorArea": 136.032975852, "buildArea": 1904.46166193, "seiFort": "1", "keyFire": 0, "firehouseDist": 3, "pop": 76}