{"buildingID": 4021, "county": "\u666e\u9640", "town": "\u6843\u6d66\u9547", "circleNum": 2, "builtYear": "2005", "builtHeight": 11, "storeNum": 3, "floorArea": 667.406567324, "buildArea": 2002.21970197, "seiFort": "3", "keyFire": 0, "firehouseDist": 2, "pop": 400}