{"buildingID": 2526, "county": "\u666e\u9640", "town": "\u6843\u6d66\u9547", "circleNum": 2, "builtYear": "1996", "builtHeight": 13, "storeNum": 4, "floorArea": 827.608751942, "buildArea": 3310.43500777, "seiFort": "2", "keyFire": 0, "firehouseDist": 2, "pop": 662}