{"buildingID": 14370, "county": "\u666e\u9640", "town": "\u77f3\u6cc9\u8def\u8857\u9053", "circleNum": 1, "builtYear": "1992", "builtHeight": 11, "storeNum": 3, "floorArea": 576.052368044, "buildArea": 1728.15710413, "seiFort": "2", "keyFire": 0, "firehouseDist": 2, "pop": 345}