{"buildingID": 12593, "county": "\u666e\u9640", "town": "\u771f\u5982\u9547", "circleNum": 2, "builtYear": "1993", "builtHeight": 11, "storeNum": 3, "floorArea": 359.489792194, "buildArea": 1078.46937658, "seiFort": "2", "keyFire": 0, "firehouseDist": 2, "pop": 215}