{"buildingID": 26406, "county": "\u666e\u9640", "town": "\u957f\u98ce\u65b0\u6751\u8857\u9053", "circleNum": 1, "builtYear": "2017", "builtHeight": 12, "storeNum": 4, "floorArea": 195.365758162, "buildArea": 781.463032648, "seiFort": "3", "keyFire": 0, "firehouseDist": 3, "pop": 156}