{"buildingID": 6638, "county": "\u666e\u9640", "town": "\u6843\u6d66\u9547", "circleNum": 2, "builtYear": "2009", "builtHeight": 40, "storeNum": 13, "floorArea": 940.963810192, "buildArea": 12232.5295325, "seiFort": "3", "keyFire": 0, "firehouseDist": 1, "pop": 2446}