{"buildingID": 19693, "county": "\u666e\u9640", "town": "\u957f\u5bff\u8def\u8857\u9053", "circleNum": 0, "builtYear": "1979-1985", "builtHeight": 59, "storeNum": 19, "floorArea": 774.594010363, "buildArea": 14717.2861969, "seiFort": "2", "keyFire": 0, "firehouseDist": 1, "pop": 2943}