{"buildingID": 1881, "county": "\u666e\u9640", "town": "\u6843\u6d66\u9547", "circleNum": 2, "builtYear": "1979-1985", "builtHeight": 7, "storeNum": 2, "floorArea": 1810.5996263, "buildArea": 3621.1992526, "seiFort": "2", "keyFire": 0, "firehouseDist": 1, "pop": 724}