{"buildingID": 10378, "county": "\u666e\u9640", "town": "\u7518\u6cc9\u8def\u8857\u9053", "circleNum": 1, "builtYear": "pre1978", "builtHeight": 59, "storeNum": 19, "floorArea": 138.495891784, "buildArea": 2631.4219439, "seiFort": "1", "keyFire": 0, "firehouseDist": 2, "pop": 105}