{"buildingID": 13925, "county": "\u666e\u9640", "town": "\u77f3\u6cc9\u8def\u8857\u9053", "circleNum": 1, "builtYear": "1995", "builtHeight": 14, "storeNum": 4, "floorArea": 2911.18279362, "buildArea": 11644.7311745, "seiFort": "2", "keyFire": 0, "firehouseDist": 3, "pop": 2328}