{"buildingID": 11876, "county": "\u666e\u9640", "town": "\u771f\u5982\u9547", "circleNum": 1, "builtYear": "pre1978", "builtHeight": 46, "storeNum": 15, "floorArea": 156.713265679, "buildArea": 2350.69898518, "seiFort": "1", "keyFire": 0, "firehouseDist": 2, "pop": 94}