{"buildingID": 28177, "county": "\u666e\u9640", "town": "\u957f\u98ce\u65b0\u6751\u8857\u9053", "circleNum": 1, "builtYear": "1989", "builtHeight": 12, "storeNum": 4, "floorArea": 2651.48718178, "buildArea": 10605.9487271, "seiFort": "2", "keyFire": 0, "firehouseDist": 3, "pop": 2121}