{"buildingID": 1855, "county": "\u666e\u9640", "town": "\u6843\u6d66\u9547", "circleNum": 2, "builtYear": "2009", "builtHeight": 36, "storeNum": 12, "floorArea": 946.488335686, "buildArea": 11357.8600282, "seiFort": "3", "keyFire": 0, "firehouseDist": 2, "pop": 2271}