{"buildingID": 16961, "county": "\u666e\u9640", "town": "\u77f3\u6cc9\u8def\u8857\u9053", "circleNum": 1, "builtYear": "pre1978", "builtHeight": 62, "storeNum": 20, "floorArea": 1118.16073454, "buildArea": 22363.2146909, "seiFort": "1", "keyFire": 0, "firehouseDist": 1, "pop": 894}