{"buildingID": 10989, "county": "\u666e\u9640", "town": "\u771f\u5982\u9547", "circleNum": 1, "builtYear": "1991", "builtHeight": 65, "storeNum": 21, "floorArea": 338.421420559, "buildArea": 7106.84983174, "seiFort": "2", "keyFire": 0, "firehouseDist": 2, "pop": 1421}