{"buildingID": 27833, "county": "\u666e\u9640", "town": "\u957f\u98ce\u65b0\u6751\u8857\u9053", "circleNum": 1, "builtYear": "1979-1985", "builtHeight": 18, "storeNum": 6, "floorArea": 129.000705099, "buildArea": 774.004230596, "seiFort": "2", "keyFire": 0, "firehouseDist": 2, "pop": 30}