{"buildingID": 8847, "county": "\u666e\u9640", "town": "\u6843\u6d66\u9547", "circleNum": 2, "builtYear": "1990", "builtHeight": 12, "storeNum": 4, "floorArea": 547.079076612, "buildArea": 2188.31630645, "seiFort": "2", "keyFire": 0, "firehouseDist": 1, "pop": 437}