{"buildingID": 17096, "county": "\u666e\u9640", "town": "\u77f3\u6cc9\u8def\u8857\u9053", "circleNum": 1, "builtYear": "pre1978", "builtHeight": 57, "storeNum": 19, "floorArea": 1100.90024759, "buildArea": 20917.1047042, "seiFort": "1", "keyFire": 0, "firehouseDist": 1, "pop": 836}