{"buildingID": 27059, "county": "\u666e\u9640", "town": "\u957f\u98ce\u65b0\u6751\u8857\u9053", "circleNum": 0, "builtYear": "pre1978", "builtHeight": 99, "storeNum": 33, "floorArea": 97.4496004291, "buildArea": 3215.83681416, "seiFort": "1", "keyFire": 1, "firehouseDist": 1, "pop": 160}