{"buildingID": 10775, "county": "\u666e\u9640", "town": "\u771f\u5982\u9547", "circleNum": 1, "builtYear": "1995", "builtHeight": 15, "storeNum": 5, "floorArea": 924.374630004, "buildArea": 4621.87315002, "seiFort": "2", "keyFire": 0, "firehouseDist": 2, "pop": 924}