{"buildingID": 6662, "county": "\u666e\u9640", "town": "\u6843\u6d66\u9547", "circleNum": 2, "builtYear": "pre1978", "builtHeight": 42, "storeNum": 14, "floorArea": 730.444392391, "buildArea": 10226.2214935, "seiFort": "1", "keyFire": 0, "firehouseDist": 1, "pop": 340}