{"buildingID": 14400, "county": "\u666e\u9640", "town": "\u5b9c\u5ddd\u8def\u8857\u9053", "circleNum": 1, "builtYear": "1979-1985", "builtHeight": 12, "storeNum": 4, "floorArea": 233.094150877, "buildArea": 932.376603507, "seiFort": "2", "keyFire": 0, "firehouseDist": 2, "pop": 186}