{"buildingID": 18446, "county": "\u666e\u9640", "town": "\u957f\u5f81\u9547", "circleNum": 2, "builtYear": "2003", "builtHeight": 23, "storeNum": 7, "floorArea": 1421.34183734, "buildArea": 9949.39286139, "seiFort": "3", "keyFire": 0, "firehouseDist": 3, "pop": 1989}