{"buildingID": 20880, "county": "\u666e\u9640", "town": "\u77f3\u6cc9\u8def\u8857\u9053", "circleNum": 1, "builtYear": "1991", "builtHeight": 11, "storeNum": 3, "floorArea": 645.14189447, "buildArea": 1935.42568341, "seiFort": "2", "keyFire": 0, "firehouseDist": 2, "pop": 387}