{"buildingID": 25946, "county": "\u666e\u9640", "town": "\u957f\u98ce\u65b0\u6751\u8857\u9053", "circleNum": 0, "builtYear": "pre1978", "builtHeight": 36, "storeNum": 12, "floorArea": 76.8515852783, "buildArea": 922.21902334, "seiFort": "1", "keyFire": 0, "firehouseDist": 2, "pop": 46}