{"buildingID": 21177, "county": "\u666e\u9640", "town": "\u66f9\u6768\u65b0\u6751\u8857\u9053", "circleNum": 1, "builtYear": "pre1978", "builtHeight": 3, "storeNum": 1, "floorArea": 162.803203352, "buildArea": 162.803203352, "seiFort": "1", "keyFire": 0, "firehouseDist": 1, "pop": 6}