{"buildingID": 22828, "county": "\u666e\u9640", "town": "\u66f9\u6768\u65b0\u6751\u8857\u9053", "circleNum": 1, "builtYear": "pre1978", "builtHeight": 8, "storeNum": 2, "floorArea": 102.513895944, "buildArea": 205.027791887, "seiFort": "1", "keyFire": 0, "firehouseDist": 1, "pop": 8}