{"buildingID": 14689, "county": "\u666e\u9640", "town": "\u77f3\u6cc9\u8def\u8857\u9053", "circleNum": 1, "builtYear": "1991", "builtHeight": 14, "storeNum": 4, "floorArea": 615.197471333, "buildArea": 2460.78988533, "seiFort": "2", "keyFire": 0, "firehouseDist": 2, "pop": 492}