{"buildingID": 13961, "county": "\u666e\u9640", "town": "\u771f\u5982\u9547", "circleNum": 2, "builtYear": "1995", "builtHeight": 27, "storeNum": 9, "floorArea": 658.415033001, "buildArea": 5925.73529701, "seiFort": "2", "keyFire": 0, "firehouseDist": 1, "pop": 1185}