{"buildingID": 23827, "county": "\u666e\u9640", "town": "\u957f\u5f81\u9547", "circleNum": 1, "builtYear": "2002", "builtHeight": 15, "storeNum": 5, "floorArea": 1309.39525879, "buildArea": 6546.97629397, "seiFort": "3", "keyFire": 0, "firehouseDist": 2, "pop": 1309}