{"buildingID": 17571, "county": "\u666e\u9640", "town": "\u957f\u5bff\u8def\u8857\u9053", "circleNum": 0, "builtYear": "1998", "builtHeight": 37, "storeNum": 12, "floorArea": 1182.27140366, "buildArea": 14187.2568439, "seiFort": "2", "keyFire": 0, "firehouseDist": 1, "pop": 2837}