{"buildingID": 15196, "county": "\u666e\u9640", "town": "\u771f\u5982\u9547", "circleNum": 1, "builtYear": "2008", "builtHeight": 13, "storeNum": 4, "floorArea": 1528.08847358, "buildArea": 6112.35389433, "seiFort": "3", "keyFire": 0, "firehouseDist": 2, "pop": 1222}