{"buildingID": 23167, "county": "\u666e\u9640", "town": "\u957f\u5bff\u8def\u8857\u9053", "circleNum": 0, "builtYear": "1979-1985", "builtHeight": 36, "storeNum": 12, "floorArea": 190.040528735, "buildArea": 2280.48634483, "seiFort": "2", "keyFire": 0, "firehouseDist": 2, "pop": 456}