{"buildingID": 5283, "county": "\u666e\u9640", "town": "\u6843\u6d66\u9547", "circleNum": 2, "builtYear": "2000", "builtHeight": 53, "storeNum": 17, "floorArea": 768.922779948, "buildArea": 13071.6872591, "seiFort": "3", "keyFire": 0, "firehouseDist": 1, "pop": 2614}