{"buildingID": 15215, "county": "\u666e\u9640", "town": "\u771f\u5982\u9547", "circleNum": 1, "builtYear": "1996", "builtHeight": 6, "storeNum": 2, "floorArea": 309.817723183, "buildArea": 619.635446366, "seiFort": "2", "keyFire": 0, "firehouseDist": 1, "pop": 123}