{"buildingID": 17892, "county": "\u666e\u9640", "town": "\u957f\u5bff\u8def\u8857\u9053", "circleNum": 0, "builtYear": "1979-1985", "builtHeight": 27, "storeNum": 9, "floorArea": 1823.64068247, "buildArea": 16412.7661422, "seiFort": "2", "keyFire": 0, "firehouseDist": 1, "pop": 3282}