{"buildingID": 9146, "county": "\u666e\u9640", "town": "\u7518\u6cc9\u8def\u8857\u9053", "circleNum": 1, "builtYear": "1993", "builtHeight": 16, "storeNum": 5, "floorArea": 246.255306159, "buildArea": 1231.27653079, "seiFort": "2", "keyFire": 0, "firehouseDist": 3, "pop": 246}