{"buildingID": 26738, "county": "\u666e\u9640", "town": "\u66f9\u6768\u65b0\u6751\u8857\u9053", "circleNum": 1, "builtYear": "pre1978", "builtHeight": 64, "storeNum": 21, "floorArea": 404.994694176, "buildArea": 8504.88857769, "seiFort": "1", "keyFire": 0, "firehouseDist": 2, "pop": 340}