{"buildingID": 809, "county": "\u666e\u9640", "town": "\u6843\u6d66\u9547", "circleNum": 3, "builtYear": "2005", "builtHeight": 54, "storeNum": 18, "floorArea": 798.300137151, "buildArea": 14369.4024687, "seiFort": "3", "keyFire": 0, "firehouseDist": 4, "pop": 2873}