{"buildingID": 14584, "county": "\u666e\u9640", "town": "\u771f\u5982\u9547", "circleNum": 1, "builtYear": "1994", "builtHeight": 12, "storeNum": 4, "floorArea": 358.414508743, "buildArea": 1433.65803497, "seiFort": "2", "keyFire": 0, "firehouseDist": 2, "pop": 286}