{"buildingID": 20816, "county": "\u666e\u9640", "town": "\u77f3\u6cc9\u8def\u8857\u9053", "circleNum": 1, "builtYear": "pre1978", "builtHeight": 69, "storeNum": 23, "floorArea": 78.3274600897, "buildArea": 1801.53158206, "seiFort": "1", "keyFire": 0, "firehouseDist": 2, "pop": 72}