{"buildingID": 28986, "county": "\u666e\u9640", "town": "\u957f\u98ce\u65b0\u6751\u8857\u9053", "circleNum": 1, "builtYear": "pre1978", "builtHeight": 13, "storeNum": 4, "floorArea": 340.420829111, "buildArea": 1361.68331645, "seiFort": "1", "keyFire": 1, "firehouseDist": 3, "pop": 54}