{"buildingID": 14707, "county": "\u666e\u9640", "town": "\u77f3\u6cc9\u8def\u8857\u9053", "circleNum": 1, "builtYear": "1987", "builtHeight": 20, "storeNum": 6, "floorArea": 956.491234738, "buildArea": 5738.94740843, "seiFort": "2", "keyFire": 0, "firehouseDist": 2, "pop": 1147}