{"buildingID": 26866, "county": "\u666e\u9640", "town": "\u957f\u5f81\u9547", "circleNum": 1, "builtYear": "1979-1985", "builtHeight": 14, "storeNum": 4, "floorArea": 82.0582768423, "buildArea": 328.233107369, "seiFort": "2", "keyFire": 0, "firehouseDist": 2, "pop": 13}