{"buildingID": 19192, "county": "\u666e\u9640", "town": "\u957f\u5f81\u9547", "circleNum": 2, "builtYear": "1979-1985", "builtHeight": 19, "storeNum": 6, "floorArea": 95.098403889, "buildArea": 570.590423334, "seiFort": "2", "keyFire": 0, "firehouseDist": 3, "pop": 19}