{"buildingID": 19147, "county": "\u666e\u9640", "town": "\u957f\u5f81\u9547", "circleNum": 2, "builtYear": "1979-1985", "builtHeight": 56, "storeNum": 18, "floorArea": 950.119603151, "buildArea": 17102.1528567, "seiFort": "2", "keyFire": 0, "firehouseDist": 3, "pop": 3420}