{"buildingID": 19286, "county": "\u666e\u9640", "town": "\u957f\u5f81\u9547", "circleNum": 2, "builtYear": "2001", "builtHeight": 18, "storeNum": 6, "floorArea": 982.860551715, "buildArea": 5897.16331029, "seiFort": "3", "keyFire": 0, "firehouseDist": 3, "pop": 1179}