{"buildingID": 26528, "county": "\u666e\u9640", "town": "\u957f\u98ce\u65b0\u6751\u8857\u9053", "circleNum": 0, "builtYear": "pre1978", "builtHeight": 81, "storeNum": 27, "floorArea": 35.1749559479, "buildArea": 949.723810594, "seiFort": "1", "keyFire": 0, "firehouseDist": 1, "pop": 47}