{"buildingID": 1829, "county": "\u666e\u9640", "town": "\u6843\u6d66\u9547", "circleNum": 2, "builtYear": "1994", "builtHeight": 10, "storeNum": 3, "floorArea": 363.481115843, "buildArea": 1090.44334753, "seiFort": "2", "keyFire": 0, "firehouseDist": 2, "pop": 218}