{"buildingID": 28111, "county": "\u666e\u9640", "town": "\u957f\u98ce\u65b0\u6751\u8857\u9053", "circleNum": 0, "builtYear": "pre1978", "builtHeight": 27, "storeNum": 9, "floorArea": 457.065412197, "buildArea": 4113.58870977, "seiFort": "1", "keyFire": 0, "firehouseDist": 2, "pop": 205}