{"buildingID": 18532, "county": "\u666e\u9640", "town": "\u957f\u5f81\u9547", "circleNum": 2, "builtYear": "2017", "builtHeight": 43, "storeNum": 14, "floorArea": 843.267603217, "buildArea": 11805.746445, "seiFort": "3", "keyFire": 0, "firehouseDist": 2, "pop": 2361}