{"buildingID": 27482, "county": "\u666e\u9640", "town": "\u957f\u98ce\u65b0\u6751\u8857\u9053", "circleNum": 1, "builtYear": "1979-1985", "builtHeight": 11, "storeNum": 3, "floorArea": 361.288856635, "buildArea": 1083.8665699, "seiFort": "2", "keyFire": 1, "firehouseDist": 2, "pop": 216}