{"buildingID": 19434, "county": "\u666e\u9640", "town": "\u957f\u5f81\u9547", "circleNum": 2, "builtYear": "1989", "builtHeight": 56, "storeNum": 18, "floorArea": 690.225607148, "buildArea": 12424.0609287, "seiFort": "2", "keyFire": 0, "firehouseDist": 3, "pop": 2484}