{"buildingID": 27686, "county": "\u666e\u9640", "town": "\u957f\u98ce\u65b0\u6751\u8857\u9053", "circleNum": 1, "builtYear": "1979-1985", "builtHeight": 21, "storeNum": 7, "floorArea": 5241.78026036, "buildArea": 36692.4618225, "seiFort": "2", "keyFire": 0, "firehouseDist": 3, "pop": 7338}