{"buildingID": 27803, "county": "\u666e\u9640", "town": "\u957f\u98ce\u65b0\u6751\u8857\u9053", "circleNum": 1, "builtYear": "1979-1985", "builtHeight": 16, "storeNum": 5, "floorArea": 633.93216186, "buildArea": 3169.6608093, "seiFort": "2", "keyFire": 0, "firehouseDist": 2, "pop": 633}