{"buildingID": 27752, "county": "\u666e\u9640", "town": "\u957f\u98ce\u65b0\u6751\u8857\u9053", "circleNum": 1, "builtYear": "pre1978", "builtHeight": 21, "storeNum": 7, "floorArea": 754.994971635, "buildArea": 5284.96480144, "seiFort": "1", "keyFire": 0, "firehouseDist": 2, "pop": 211}