{"buildingID": 15054, "county": "\u666e\u9640", "town": "\u771f\u5982\u9547", "circleNum": 2, "builtYear": "2010", "builtHeight": 34, "storeNum": 11, "floorArea": 115.993574352, "buildArea": 1275.92931787, "seiFort": "3", "keyFire": 0, "firehouseDist": 1, "pop": 42}