{"buildingID": 14039, "county": "\u666e\u9640", "town": "\u771f\u5982\u9547", "circleNum": 2, "builtYear": "1993", "builtHeight": 13, "storeNum": 4, "floorArea": 246.604804218, "buildArea": 986.419216871, "seiFort": "2", "keyFire": 0, "firehouseDist": 1, "pop": 197}