{"buildingID": 1999, "county": "\u666e\u9640", "town": "\u6843\u6d66\u9547", "circleNum": 2, "builtYear": "1979-1985", "builtHeight": 11, "storeNum": 3, "floorArea": 392.557343452, "buildArea": 1177.67203036, "seiFort": "2", "keyFire": 0, "firehouseDist": 2, "pop": 235}