{"buildingID": 18537, "county": "\u666e\u9640", "town": "\u957f\u5f81\u9547", "circleNum": 2, "builtYear": "1979-1985", "builtHeight": 54, "storeNum": 18, "floorArea": 386.561762861, "buildArea": 6958.11173151, "seiFort": "2", "keyFire": 0, "firehouseDist": 2, "pop": 1391}