{"buildingID": 27010, "county": "\u666e\u9640", "town": "\u957f\u98ce\u65b0\u6751\u8857\u9053", "circleNum": 0, "builtYear": "pre1978", "builtHeight": 73, "storeNum": 24, "floorArea": 569.208306364, "buildArea": 13660.9993527, "seiFort": "1", "keyFire": 0, "firehouseDist": 1, "pop": 683}