{"buildingID": 876, "county": "\u666e\u9640", "town": "\u6843\u6d66\u9547", "circleNum": 3, "builtYear": "2000", "builtHeight": 18, "storeNum": 6, "floorArea": 6568.53211557, "buildArea": 39411.1926934, "seiFort": "3", "keyFire": 0, "firehouseDist": 3, "pop": 7882}