{"buildingID": 16960, "county": "\u666e\u9640", "town": "\u957f\u5bff\u8def\u8857\u9053", "circleNum": 0, "builtYear": "1988", "builtHeight": 101, "storeNum": 33, "floorArea": 551.820026593, "buildArea": 18210.0608776, "seiFort": "2", "keyFire": 0, "firehouseDist": 1, "pop": 3642}