{"buildingID": 24034, "county": "\u666e\u9640", "town": "\u957f\u98ce\u65b0\u6751\u8857\u9053", "circleNum": 1, "builtYear": "1979-1985", "builtHeight": 37, "storeNum": 12, "floorArea": 287.081537554, "buildArea": 3444.97845065, "seiFort": "2", "keyFire": 1, "firehouseDist": 2, "pop": 688}