{"buildingID": 28292, "county": "\u666e\u9640", "town": "\u957f\u98ce\u65b0\u6751\u8857\u9053", "circleNum": 1, "builtYear": "pre1978", "builtHeight": 14, "storeNum": 4, "floorArea": 3027.61565866, "buildArea": 12110.4626346, "seiFort": "1", "keyFire": 0, "firehouseDist": 2, "pop": 484}