{"buildingID": 19468, "county": "\u666e\u9640", "town": "\u957f\u5f81\u9547", "circleNum": 2, "builtYear": "1999", "builtHeight": 56, "storeNum": 18, "floorArea": 694.664313544, "buildArea": 12503.9576438, "seiFort": "2", "keyFire": 0, "firehouseDist": 3, "pop": 2500}