{"buildingID": 11222, "county": "\u666e\u9640", "town": "\u7518\u6cc9\u8def\u8857\u9053", "circleNum": 1, "builtYear": "pre1978", "builtHeight": 16, "storeNum": 5, "floorArea": 258.606879969, "buildArea": 1293.03439984, "seiFort": "1", "keyFire": 0, "firehouseDist": 2, "pop": 51}