{"buildingID": 28582, "county": "\u666e\u9640", "town": "\u957f\u98ce\u65b0\u6751\u8857\u9053", "circleNum": 1, "builtYear": "pre1978", "builtHeight": 25, "storeNum": 8, "floorArea": 1175.56113425, "buildArea": 9404.48907401, "seiFort": "1", "keyFire": 0, "firehouseDist": 3, "pop": 376}