{"buildingID": 4906, "county": "\u666e\u9640", "town": "\u6843\u6d66\u9547", "circleNum": 2, "builtYear": "1994", "builtHeight": 81, "storeNum": 27, "floorArea": 1150.6651016, "buildArea": 31067.9577432, "seiFort": "2", "keyFire": 0, "firehouseDist": 2, "pop": 6213}