{"buildingID": 4316, "county": "\u666e\u9640", "town": "\u6843\u6d66\u9547", "circleNum": 2, "builtYear": "2012", "builtHeight": 9, "storeNum": 3, "floorArea": 2261.47164253, "buildArea": 6784.41492759, "seiFort": "3", "keyFire": 0, "firehouseDist": 3, "pop": 1356}