{"buildingID": 9057, "county": "\u666e\u9640", "town": "\u957f\u5f81\u9547", "circleNum": 1, "builtYear": "1997", "builtHeight": 74, "storeNum": 24, "floorArea": 1007.75695265, "buildArea": 24186.1668637, "seiFort": "2", "keyFire": 0, "firehouseDist": 2, "pop": 4837}