{"buildingID": 18627, "county": "\u666e\u9640", "town": "\u957f\u5f81\u9547", "circleNum": 2, "builtYear": "2001", "builtHeight": 17, "storeNum": 5, "floorArea": 1253.85904867, "buildArea": 6269.29524334, "seiFort": "3", "keyFire": 0, "firehouseDist": 3, "pop": 1253}