{"buildingID": 17171, "county": "\u666e\u9640", "town": "\u957f\u5f81\u9547", "circleNum": 2, "builtYear": "1990", "builtHeight": 51, "storeNum": 17, "floorArea": 551.807582696, "buildArea": 9380.72890583, "seiFort": "2", "keyFire": 0, "firehouseDist": 2, "pop": 1876}