{"buildingID": 5572, "county": "\u666e\u9640", "town": "\u6843\u6d66\u9547", "circleNum": 2, "builtYear": "2002", "builtHeight": 14, "storeNum": 4, "floorArea": 550.964849013, "buildArea": 2203.85939605, "seiFort": "3", "keyFire": 0, "firehouseDist": 2, "pop": 440}