{"buildingID": 17777, "county": "\u666e\u9640", "town": "\u957f\u5f81\u9547", "circleNum": 2, "builtYear": "1979-1985", "builtHeight": 5, "storeNum": 1, "floorArea": 799.312327469, "buildArea": 799.312327469, "seiFort": "2", "keyFire": 0, "firehouseDist": 3, "pop": 159}