{"buildingID": 16023, "county": "\u666e\u9640", "town": "\u771f\u5982\u9547", "circleNum": 1, "builtYear": "1999", "builtHeight": 6, "storeNum": 2, "floorArea": 713.405939408, "buildArea": 1426.81187882, "seiFort": "2", "keyFire": 0, "firehouseDist": 1, "pop": 285}