{"buildingID": 6208, "county": "\u666e\u9640", "town": "\u6843\u6d66\u9547", "circleNum": 2, "builtYear": "1997", "builtHeight": 54, "storeNum": 18, "floorArea": 331.779572291, "buildArea": 5972.03230124, "seiFort": "2", "keyFire": 0, "firehouseDist": 1, "pop": 1194}