{"buildingID": 10435, "county": "\u666e\u9640", "town": "\u7518\u6cc9\u8def\u8857\u9053", "circleNum": 1, "builtYear": "1987", "builtHeight": 14, "storeNum": 4, "floorArea": 329.956748419, "buildArea": 1319.82699368, "seiFort": "2", "keyFire": 0, "firehouseDist": 2, "pop": 263}