{"buildingID": 28674, "county": "\u666e\u9640", "town": "\u957f\u98ce\u65b0\u6751\u8857\u9053", "circleNum": 1, "builtYear": "pre1978", "builtHeight": 47, "storeNum": 15, "floorArea": 859.886844251, "buildArea": 12898.3026638, "seiFort": "1", "keyFire": 0, "firehouseDist": 3, "pop": 515}