{"buildingID": 11473, "county": "\u666e\u9640", "town": "\u771f\u5982\u9547", "circleNum": 1, "builtYear": "2000", "builtHeight": 6, "storeNum": 2, "floorArea": 467.132973541, "buildArea": 934.265947082, "seiFort": "3", "keyFire": 0, "firehouseDist": 1, "pop": 186}