{"buildingID": 27021, "county": "\u666e\u9640", "town": "\u957f\u98ce\u65b0\u6751\u8857\u9053", "circleNum": 0, "builtYear": "pre1978", "builtHeight": 14, "storeNum": 4, "floorArea": 1068.13981092, "buildArea": 4272.55924367, "seiFort": "1", "keyFire": 0, "firehouseDist": 1, "pop": 213}