{"buildingID": 15162, "county": "\u666e\u9640", "town": "\u771f\u5982\u9547", "circleNum": 1, "builtYear": "1993", "builtHeight": 65, "storeNum": 21, "floorArea": 692.461644037, "buildArea": 14541.6945248, "seiFort": "2", "keyFire": 0, "firehouseDist": 2, "pop": 2908}