{"buildingID": 18640, "county": "\u666e\u9640", "town": "\u957f\u5f81\u9547", "circleNum": 2, "builtYear": "1999", "builtHeight": 11, "storeNum": 3, "floorArea": 1689.03184735, "buildArea": 5067.09554205, "seiFort": "2", "keyFire": 0, "firehouseDist": 3, "pop": 1013}