{"buildingID": 5479, "county": "\u666e\u9640", "town": "\u6843\u6d66\u9547", "circleNum": 2, "builtYear": "2000", "builtHeight": 19, "storeNum": 6, "floorArea": 950.106075932, "buildArea": 5700.63645559, "seiFort": "3", "keyFire": 0, "firehouseDist": 1, "pop": 1140}