{"buildingID": 6413, "county": "\u666e\u9640", "town": "\u6843\u6d66\u9547", "circleNum": 2, "builtYear": "1979-1985", "builtHeight": 6, "storeNum": 2, "floorArea": 289.543070533, "buildArea": 579.086141066, "seiFort": "2", "keyFire": 0, "firehouseDist": 1, "pop": 115}