{"buildingID": 25943, "county": "\u666e\u9640", "town": "\u957f\u98ce\u65b0\u6751\u8857\u9053", "circleNum": 0, "builtYear": "pre1978", "builtHeight": 29, "storeNum": 9, "floorArea": 883.474619864, "buildArea": 7951.27157877, "seiFort": "1", "keyFire": 0, "firehouseDist": 2, "pop": 397}