{"buildingID": 18684, "county": "\u666e\u9640", "town": "\u957f\u5f81\u9547", "circleNum": 2, "builtYear": "1997", "builtHeight": 40, "storeNum": 13, "floorArea": 1503.33354989, "buildArea": 19543.3361485, "seiFort": "2", "keyFire": 1, "firehouseDist": 2, "pop": 3908}