{"buildingID": 11261, "county": "\u666e\u9640", "town": "\u7518\u6cc9\u8def\u8857\u9053", "circleNum": 1, "builtYear": "pre1978", "builtHeight": 20, "storeNum": 6, "floorArea": 783.114731611, "buildArea": 4698.68838967, "seiFort": "1", "keyFire": 0, "firehouseDist": 2, "pop": 187}