{"buildingID": 25413, "county": "\u666e\u9640", "town": "\u66f9\u6768\u65b0\u6751\u8857\u9053", "circleNum": 1, "builtYear": "1995", "builtHeight": 25, "storeNum": 8, "floorArea": 39.1827326521, "buildArea": 313.461861217, "seiFort": "2", "keyFire": 0, "firehouseDist": 1, "pop": 12}