{"buildingID": 2897, "county": "\u666e\u9640", "town": "\u6843\u6d66\u9547", "circleNum": 2, "builtYear": "1996", "builtHeight": 23, "storeNum": 7, "floorArea": 2326.01578283, "buildArea": 16282.1104798, "seiFort": "2", "keyFire": 0, "firehouseDist": 2, "pop": 3256}