{"buildingID": 15128, "county": "\u666e\u9640", "town": "\u771f\u5982\u9547", "circleNum": 2, "builtYear": "1999", "builtHeight": 36, "storeNum": 12, "floorArea": 123.467621229, "buildArea": 1481.61145475, "seiFort": "2", "keyFire": 0, "firehouseDist": 1, "pop": 49}