{"buildingID": 8214, "county": "\u666e\u9640", "town": "\u6843\u6d66\u9547", "circleNum": 2, "builtYear": "1986", "builtHeight": 18, "storeNum": 6, "floorArea": 255.384482703, "buildArea": 1532.30689622, "seiFort": "2", "keyFire": 0, "firehouseDist": 2, "pop": 306}