{"buildingID": 8783, "county": "\u666e\u9640", "town": "\u6843\u6d66\u9547", "circleNum": 2, "builtYear": "1979-1985", "builtHeight": 6, "storeNum": 2, "floorArea": 79.9321662282, "buildArea": 159.864332456, "seiFort": "2", "keyFire": 0, "firehouseDist": 2, "pop": 5}