{"buildingID": 26612, "county": "\u666e\u9640", "town": "\u957f\u5f81\u9547", "circleNum": 1, "builtYear": "1979-1985", "builtHeight": 8, "storeNum": 2, "floorArea": 1303.9249732, "buildArea": 2607.84994639, "seiFort": "2", "keyFire": 0, "firehouseDist": 2, "pop": 521}