{"buildingID": 27448, "county": "\u666e\u9640", "town": "\u957f\u98ce\u65b0\u6751\u8857\u9053", "circleNum": 1, "builtYear": "1979-1985", "builtHeight": 13, "storeNum": 4, "floorArea": 1337.654312, "buildArea": 5350.61724798, "seiFort": "2", "keyFire": 0, "firehouseDist": 2, "pop": 1070}