{"buildingID": 28871, "county": "\u666e\u9640", "town": "\u957f\u98ce\u65b0\u6751\u8857\u9053", "circleNum": 1, "builtYear": "pre1978", "builtHeight": 8, "storeNum": 2, "floorArea": 326.466434346, "buildArea": 652.932868691, "seiFort": "1", "keyFire": 0, "firehouseDist": 3, "pop": 26}