{"buildingID": 26185, "county": "\u666e\u9640", "town": "\u66f9\u6768\u65b0\u6751\u8857\u9053", "circleNum": 1, "builtYear": "pre1978", "builtHeight": 11, "storeNum": 3, "floorArea": 363.767655573, "buildArea": 1091.30296672, "seiFort": "1", "keyFire": 0, "firehouseDist": 2, "pop": 43}