{"buildingID": 13538, "county": "\u666e\u9640", "town": "\u77f3\u6cc9\u8def\u8857\u9053", "circleNum": 1, "builtYear": "2007", "builtHeight": 6, "storeNum": 2, "floorArea": 6068.08097949, "buildArea": 12136.161959, "seiFort": "3", "keyFire": 0, "firehouseDist": 2, "pop": 2427}