{"buildingID": 5786, "county": "\u666e\u9640", "town": "\u6843\u6d66\u9547", "circleNum": 2, "builtYear": "2001", "builtHeight": 13, "storeNum": 4, "floorArea": 551.970686699, "buildArea": 2207.88274679, "seiFort": "3", "keyFire": 0, "firehouseDist": 2, "pop": 441}