{"buildingID": 17913, "county": "\u666e\u9640", "town": "\u957f\u5f81\u9547", "circleNum": 2, "builtYear": "1994", "builtHeight": 52, "storeNum": 17, "floorArea": 640.642213762, "buildArea": 10890.917634, "seiFort": "2", "keyFire": 0, "firehouseDist": 1, "pop": 2178}