{"buildingID": 24251, "county": "\u666e\u9640", "town": "\u66f9\u6768\u65b0\u6751\u8857\u9053", "circleNum": 1, "builtYear": "1979-1985", "builtHeight": 17, "storeNum": 5, "floorArea": 308.047570633, "buildArea": 1540.23785317, "seiFort": "2", "keyFire": 0, "firehouseDist": 1, "pop": 308}