{"buildingID": 21350, "county": "\u666e\u9640", "town": "\u957f\u5f81\u9547", "circleNum": 1, "builtYear": "1979-1985", "builtHeight": 15, "storeNum": 5, "floorArea": 368.294293496, "buildArea": 1841.47146748, "seiFort": "2", "keyFire": 0, "firehouseDist": 2, "pop": 368}