{"buildingID": 28623, "county": "\u666e\u9640", "town": "\u957f\u98ce\u65b0\u6751\u8857\u9053", "circleNum": 1, "builtYear": "pre1978", "builtHeight": 11, "storeNum": 3, "floorArea": 612.850323688, "buildArea": 1838.55097107, "seiFort": "1", "keyFire": 0, "firehouseDist": 3, "pop": 73}