{"buildingID": 11180, "county": "\u666e\u9640", "town": "\u771f\u5982\u9547", "circleNum": 2, "builtYear": "pre1978", "builtHeight": 72, "storeNum": 24, "floorArea": 168.151425181, "buildArea": 4035.63420435, "seiFort": "1", "keyFire": 0, "firehouseDist": 2, "pop": 134}