{"buildingID": 8815, "county": "\u666e\u9640", "town": "\u6843\u6d66\u9547", "circleNum": 2, "builtYear": "1988", "builtHeight": 27, "storeNum": 9, "floorArea": 385.661768351, "buildArea": 3470.95591516, "seiFort": "2", "keyFire": 0, "firehouseDist": 1, "pop": 694}