{"buildingID": 16122, "county": "\u666e\u9640", "town": "\u77f3\u6cc9\u8def\u8857\u9053", "circleNum": 1, "builtYear": "pre1978", "builtHeight": 59, "storeNum": 19, "floorArea": 54.6936643398, "buildArea": 1039.17962246, "seiFort": "1", "keyFire": 0, "firehouseDist": 1, "pop": 41}