{"buildingID": 28120, "county": "\u666e\u9640", "town": "\u957f\u98ce\u65b0\u6751\u8857\u9053", "circleNum": 0, "builtYear": "pre1978", "builtHeight": 47, "storeNum": 15, "floorArea": 67.8134969097, "buildArea": 1017.20245365, "seiFort": "1", "keyFire": 0, "firehouseDist": 2, "pop": 50}