{"buildingID": 1959, "county": "\u666e\u9640", "town": "\u6843\u6d66\u9547", "circleNum": 3, "builtYear": "1994", "builtHeight": 18, "storeNum": 6, "floorArea": 1500.74058945, "buildArea": 9004.4435367, "seiFort": "2", "keyFire": 1, "firehouseDist": 3, "pop": 1800}