{"buildingID": 3205, "county": "\u666e\u9640", "town": "\u6843\u6d66\u9547", "circleNum": 2, "builtYear": "1993", "builtHeight": 9, "storeNum": 3, "floorArea": 2330.41333949, "buildArea": 6991.24001847, "seiFort": "2", "keyFire": 0, "firehouseDist": 2, "pop": 1398}