{"buildingID": 15593, "county": "\u666e\u9640", "town": "\u77f3\u6cc9\u8def\u8857\u9053", "circleNum": 1, "builtYear": "pre1978", "builtHeight": 20, "storeNum": 6, "floorArea": 427.617620197, "buildArea": 2565.70572118, "seiFort": "1", "keyFire": 0, "firehouseDist": 1, "pop": 102}