{"buildingID": 2341, "county": "\u666e\u9640", "town": "\u6843\u6d66\u9547", "circleNum": 2, "builtYear": "1992", "builtHeight": 14, "storeNum": 4, "floorArea": 526.287934814, "buildArea": 2105.15173925, "seiFort": "2", "keyFire": 0, "firehouseDist": 1, "pop": 421}