{"buildingID": 12578, "county": "\u666e\u9640", "town": "\u771f\u5982\u9547", "circleNum": 2, "builtYear": "1996", "builtHeight": 13, "storeNum": 4, "floorArea": 248.162309082, "buildArea": 992.649236329, "seiFort": "2", "keyFire": 0, "firehouseDist": 2, "pop": 198}