{"buildingID": 12594, "county": "\u666e\u9640", "town": "\u771f\u5982\u9547", "circleNum": 2, "builtYear": "1997", "builtHeight": 12, "storeNum": 4, "floorArea": 293.434460124, "buildArea": 1173.7378405, "seiFort": "2", "keyFire": 0, "firehouseDist": 2, "pop": 234}