{"buildingID": 16384, "county": "\u666e\u9640", "town": "\u771f\u5982\u9547", "circleNum": 1, "builtYear": "1997", "builtHeight": 17, "storeNum": 5, "floorArea": 605.253699826, "buildArea": 3026.26849913, "seiFort": "2", "keyFire": 0, "firehouseDist": 2, "pop": 605}