{"buildingID": 15868, "county": "\u666e\u9640", "town": "\u771f\u5982\u9547", "circleNum": 1, "builtYear": "1997", "builtHeight": 17, "storeNum": 5, "floorArea": 831.308507859, "buildArea": 4156.54253929, "seiFort": "2", "keyFire": 0, "firehouseDist": 2, "pop": 831}