{"buildingID": 6050, "county": "\u666e\u9640", "town": "\u6843\u6d66\u9547", "circleNum": 2, "builtYear": "2005", "builtHeight": 11, "storeNum": 3, "floorArea": 322.553667515, "buildArea": 967.661002545, "seiFort": "3", "keyFire": 0, "firehouseDist": 2, "pop": 193}