{"buildingID": 10105, "county": "\u666e\u9640", "town": "\u771f\u5982\u9547", "circleNum": 2, "builtYear": "2003", "builtHeight": 20, "storeNum": 6, "floorArea": 58.9983395108, "buildArea": 353.990037065, "seiFort": "3", "keyFire": 0, "firehouseDist": 2, "pop": 11}