{"buildingID": 22915, "county": "\u666e\u9640", "town": "\u957f\u5bff\u8def\u8857\u9053", "circleNum": 0, "builtYear": "1979-1985", "builtHeight": 24, "storeNum": 8, "floorArea": 543.568769368, "buildArea": 4348.55015494, "seiFort": "2", "keyFire": 0, "firehouseDist": 1, "pop": 869}