{"buildingID": 4443, "county": "\u666e\u9640", "town": "\u6843\u6d66\u9547", "circleNum": 2, "builtYear": "1999", "builtHeight": 12, "storeNum": 4, "floorArea": 5951.92301948, "buildArea": 23807.6920779, "seiFort": "2", "keyFire": 0, "firehouseDist": 3, "pop": 4761}