{"buildingID": 27079, "county": "\u666e\u9640", "town": "\u957f\u98ce\u65b0\u6751\u8857\u9053", "circleNum": 0, "builtYear": "pre1978", "builtHeight": 107, "storeNum": 35, "floorArea": 72.3340987808, "buildArea": 2531.69345733, "seiFort": "1", "keyFire": 0, "firehouseDist": 1, "pop": 506}