{"buildingID": 15395, "county": "\u666e\u9640", "town": "\u77f3\u6cc9\u8def\u8857\u9053", "circleNum": 1, "builtYear": "pre1978", "builtHeight": 21, "storeNum": 7, "floorArea": 998.211657277, "buildArea": 6987.48160094, "seiFort": "1", "keyFire": 0, "firehouseDist": 2, "pop": 279}