{"buildingID": 16061, "county": "\u666e\u9640", "town": "\u771f\u5982\u9547", "circleNum": 1, "builtYear": "1999", "builtHeight": 11, "storeNum": 3, "floorArea": 234.076374112, "buildArea": 702.229122337, "seiFort": "2", "keyFire": 0, "firehouseDist": 1, "pop": 140}