{"buildingID": 27917, "county": "\u666e\u9640", "town": "\u957f\u98ce\u65b0\u6751\u8857\u9053", "circleNum": 1, "builtYear": "pre1978", "builtHeight": 12, "storeNum": 4, "floorArea": 203.960100443, "buildArea": 815.840401774, "seiFort": "1", "keyFire": 0, "firehouseDist": 2, "pop": 32}