{"buildingID": 11177, "county": "\u666e\u9640", "town": "\u771f\u5982\u9547", "circleNum": 2, "builtYear": "2001", "builtHeight": 50, "storeNum": 16, "floorArea": 36.0324446092, "buildArea": 576.519113747, "seiFort": "3", "keyFire": 0, "firehouseDist": 2, "pop": 19}