{"buildingID": 8035, "county": "\u666e\u9640", "town": "\u957f\u5f81\u9547", "circleNum": 1, "builtYear": "1979-1985", "builtHeight": 8, "storeNum": 2, "floorArea": 495.012685954, "buildArea": 990.025371909, "seiFort": "2", "keyFire": 0, "firehouseDist": 3, "pop": 198}