{"buildingID": 15119, "county": "\u666e\u9640", "town": "\u771f\u5982\u9547", "circleNum": 1, "builtYear": "1996", "builtHeight": 11, "storeNum": 3, "floorArea": 210.672234356, "buildArea": 632.016703068, "seiFort": "2", "keyFire": 0, "firehouseDist": 2, "pop": 126}