{"buildingID": 7115, "county": "\u666e\u9640", "town": "\u957f\u5f81\u9547", "circleNum": 1, "builtYear": "2001", "builtHeight": 52, "storeNum": 17, "floorArea": 1172.70535624, "buildArea": 19935.9910561, "seiFort": "3", "keyFire": 0, "firehouseDist": 1, "pop": 3987}