{"buildingID": 8403, "county": "\u666e\u9640", "town": "\u771f\u5982\u9547", "circleNum": 2, "builtYear": "1999", "builtHeight": 18, "storeNum": 6, "floorArea": 613.809327179, "buildArea": 3682.85596307, "seiFort": "2", "keyFire": 0, "firehouseDist": 2, "pop": 736}