{"buildingID": 18925, "county": "\u666e\u9640", "town": "\u957f\u5f81\u9547", "circleNum": 2, "builtYear": "1979-1985", "builtHeight": 9, "storeNum": 3, "floorArea": 1625.20761672, "buildArea": 4875.62285015, "seiFort": "2", "keyFire": 0, "firehouseDist": 3, "pop": 975}