{"buildingID": 4696, "county": "\u666e\u9640", "town": "\u6843\u6d66\u9547", "circleNum": 2, "builtYear": "1995", "builtHeight": 34, "storeNum": 11, "floorArea": 324.376077501, "buildArea": 3568.13685252, "seiFort": "2", "keyFire": 0, "firehouseDist": 2, "pop": 713}