{"buildingID": 20015, "county": "\u666e\u9640", "town": "\u66f9\u6768\u65b0\u6751\u8857\u9053", "circleNum": 1, "builtYear": "pre1978", "builtHeight": 10, "storeNum": 3, "floorArea": 436.838200932, "buildArea": 1310.5146028, "seiFort": "1", "keyFire": 0, "firehouseDist": 1, "pop": 52}