{"buildingID": 9290, "county": "\u666e\u9640", "town": "\u771f\u5982\u9547", "circleNum": 2, "builtYear": "1979-1985", "builtHeight": 18, "storeNum": 6, "floorArea": 1092.32356783, "buildArea": 6553.94140699, "seiFort": "2", "keyFire": 0, "firehouseDist": 1, "pop": 1310}