{"buildingID": 4468, "county": "\u666e\u9640", "town": "\u6843\u6d66\u9547", "circleNum": 2, "builtYear": "2008", "builtHeight": 22, "storeNum": 7, "floorArea": 319.110189338, "buildArea": 2233.77132537, "seiFort": "3", "keyFire": 0, "firehouseDist": 2, "pop": 446}