{"buildingID": 6348, "county": "\u666e\u9640", "town": "\u6843\u6d66\u9547", "circleNum": 2, "builtYear": "1994", "builtHeight": 14, "storeNum": 4, "floorArea": 772.059418492, "buildArea": 3088.23767397, "seiFort": "2", "keyFire": 0, "firehouseDist": 1, "pop": 617}