{"buildingID": 10288, "county": "\u666e\u9640", "town": "\u957f\u5f81\u9547", "circleNum": 1, "builtYear": "1979-1985", "builtHeight": 18, "storeNum": 6, "floorArea": 563.220425235, "buildArea": 3379.32255141, "seiFort": "2", "keyFire": 0, "firehouseDist": 3, "pop": 675}