{"buildingID": 13534, "county": "\u666e\u9640", "town": "\u771f\u5982\u9547", "circleNum": 1, "builtYear": "1979-1985", "builtHeight": 37, "storeNum": 12, "floorArea": 140.859482907, "buildArea": 1690.31379489, "seiFort": "2", "keyFire": 0, "firehouseDist": 2, "pop": 67}