{"buildingID": 27032, "county": "\u666e\u9640", "town": "\u957f\u98ce\u65b0\u6751\u8857\u9053", "circleNum": 0, "builtYear": "pre1978", "builtHeight": 99, "storeNum": 33, "floorArea": 607.970448256, "buildArea": 20063.0247925, "seiFort": "1", "keyFire": 0, "firehouseDist": 1, "pop": 1003}