{"buildingID": 20023, "county": "\u666e\u9640", "town": "\u66f9\u6768\u65b0\u6751\u8857\u9053", "circleNum": 1, "builtYear": "1979-1985", "builtHeight": 41, "storeNum": 13, "floorArea": 410.03319427, "buildArea": 5330.43152551, "seiFort": "2", "keyFire": 0, "firehouseDist": 1, "pop": 1066}