{"buildingID": 24249, "county": "\u666e\u9640", "town": "\u66f9\u6768\u65b0\u6751\u8857\u9053", "circleNum": 1, "builtYear": "1979-1985", "builtHeight": 3, "storeNum": 1, "floorArea": 84.4262823883, "buildArea": 84.4262823883, "seiFort": "2", "keyFire": 0, "firehouseDist": 2, "pop": 3}