{"buildingID": 9101, "county": "\u666e\u9640", "town": "\u7518\u6cc9\u8def\u8857\u9053", "circleNum": 1, "builtYear": "1995", "builtHeight": 17, "storeNum": 5, "floorArea": 477.177750149, "buildArea": 2385.88875074, "seiFort": "2", "keyFire": 0, "firehouseDist": 3, "pop": 477}