{"buildingID": 4341, "county": "\u666e\u9640", "town": "\u6843\u6d66\u9547", "circleNum": 2, "builtYear": "2006", "builtHeight": 22, "storeNum": 7, "floorArea": 2044.75289776, "buildArea": 14313.2702843, "seiFort": "3", "keyFire": 0, "firehouseDist": 3, "pop": 2862}