{"buildingID": 19996, "county": "\u666e\u9640", "town": "\u66f9\u6768\u65b0\u6751\u8857\u9053", "circleNum": 1, "builtYear": "pre1978", "builtHeight": 86, "storeNum": 28, "floorArea": 530.364783609, "buildArea": 14850.2139411, "seiFort": "1", "keyFire": 0, "firehouseDist": 1, "pop": 594}