{"buildingID": 28570, "county": "\u666e\u9640", "town": "\u957f\u98ce\u65b0\u6751\u8857\u9053", "circleNum": 1, "builtYear": "1979-1985", "builtHeight": 18, "storeNum": 6, "floorArea": 2682.01108302, "buildArea": 16092.0664981, "seiFort": "2", "keyFire": 0, "firehouseDist": 3, "pop": 3218}