{"buildingID": 6089, "county": "\u666e\u9640", "town": "\u6843\u6d66\u9547", "circleNum": 2, "builtYear": "2001", "builtHeight": 10, "storeNum": 3, "floorArea": 404.695814198, "buildArea": 1214.08744259, "seiFort": "3", "keyFire": 0, "firehouseDist": 1, "pop": 242}