{"buildingID": 13040, "county": "\u666e\u9640", "town": "\u77f3\u6cc9\u8def\u8857\u9053", "circleNum": 1, "builtYear": "1979-1985", "builtHeight": 95, "storeNum": 31, "floorArea": 239.695231644, "buildArea": 7430.55218096, "seiFort": "2", "keyFire": 0, "firehouseDist": 3, "pop": 1486}