{"buildingID": 11677, "county": "\u666e\u9640", "town": "\u771f\u5982\u9547", "circleNum": 2, "builtYear": "2015", "builtHeight": 20, "storeNum": 6, "floorArea": 1082.48009557, "buildArea": 6494.88057341, "seiFort": "3", "keyFire": 0, "firehouseDist": 2, "pop": 1298}