{"buildingID": 4920, "county": "\u666e\u9640", "town": "\u6843\u6d66\u9547", "circleNum": 2, "builtYear": "1998", "builtHeight": 14, "storeNum": 4, "floorArea": 392.874696855, "buildArea": 1571.49878742, "seiFort": "2", "keyFire": 0, "firehouseDist": 2, "pop": 314}