{"buildingID": 11039, "county": "\u666e\u9640", "town": "\u7518\u6cc9\u8def\u8857\u9053", "circleNum": 1, "builtYear": "1979-1985", "builtHeight": 19, "storeNum": 6, "floorArea": 501.489761386, "buildArea": 3008.93856832, "seiFort": "2", "keyFire": 0, "firehouseDist": 2, "pop": 601}