{"buildingID": 8210, "county": "\u666e\u9640", "town": "\u6843\u6d66\u9547", "circleNum": 2, "builtYear": "1979-1985", "builtHeight": 12, "storeNum": 4, "floorArea": 2686.77293663, "buildArea": 10747.0917465, "seiFort": "2", "keyFire": 0, "firehouseDist": 2, "pop": 2149}