{"buildingID": 8177, "county": "\u666e\u9640", "town": "\u7518\u6cc9\u8def\u8857\u9053", "circleNum": 1, "builtYear": "1979-1985", "builtHeight": 21, "storeNum": 7, "floorArea": 953.424376195, "buildArea": 6673.97063337, "seiFort": "2", "keyFire": 0, "firehouseDist": 3, "pop": 1334}