{"buildingID": 15085, "county": "\u666e\u9640", "town": "\u771f\u5982\u9547", "circleNum": 2, "builtYear": "1979-1985", "builtHeight": 24, "storeNum": 8, "floorArea": 324.076881766, "buildArea": 2592.61505412, "seiFort": "2", "keyFire": 0, "firehouseDist": 2, "pop": 518}