{"buildingID": 19250, "county": "\u666e\u9640", "town": "\u957f\u5f81\u9547", "circleNum": 2, "builtYear": "1979-1985", "builtHeight": 8, "storeNum": 2, "floorArea": 80.7836917245, "buildArea": 161.567383449, "seiFort": "2", "keyFire": 0, "firehouseDist": 3, "pop": 5}