{"buildingID": 16012, "county": "\u666e\u9640", "town": "\u771f\u5982\u9547", "circleNum": 1, "builtYear": "pre1978", "builtHeight": 16, "storeNum": 5, "floorArea": 5151.29277435, "buildArea": 25756.4638718, "seiFort": "1", "keyFire": 0, "firehouseDist": 2, "pop": 1030}