{"buildingID": 195, "county": "\u666e\u9640", "town": "\u6843\u6d66\u9547", "circleNum": 3, "builtYear": "2008", "builtHeight": 54, "storeNum": 18, "floorArea": 1084.32177937, "buildArea": 19517.7920286, "seiFort": "3", "keyFire": 0, "firehouseDist": 3, "pop": 3903}