{"buildingID": 9641, "county": "\u666e\u9640", "town": "\u7518\u6cc9\u8def\u8857\u9053", "circleNum": 1, "builtYear": "1989", "builtHeight": 23, "storeNum": 7, "floorArea": 2342.94022068, "buildArea": 16400.5815448, "seiFort": "2", "keyFire": 0, "firehouseDist": 3, "pop": 3280}