{"buildingID": 10010, "county": "\u666e\u9640", "town": "\u7518\u6cc9\u8def\u8857\u9053", "circleNum": 1, "builtYear": "1992", "builtHeight": 28, "storeNum": 9, "floorArea": 305.403348653, "buildArea": 2748.63013788, "seiFort": "2", "keyFire": 0, "firehouseDist": 3, "pop": 549}