{"buildingID": 12023, "county": "\u666e\u9640", "town": "\u771f\u5982\u9547", "circleNum": 1, "builtYear": "pre1978", "builtHeight": 44, "storeNum": 14, "floorArea": 283.373036329, "buildArea": 3967.22250861, "seiFort": "1", "keyFire": 0, "firehouseDist": 2, "pop": 158}