{"buildingID": 1745, "county": "\u666e\u9640", "town": "\u6843\u6d66\u9547", "circleNum": 2, "builtYear": "2004", "builtHeight": 17, "storeNum": 5, "floorArea": 237.682872713, "buildArea": 1188.41436356, "seiFort": "3", "keyFire": 0, "firehouseDist": 2, "pop": 237}