{"buildingID": 22610, "county": "\u666e\u9640", "town": "\u957f\u5bff\u8def\u8857\u9053", "circleNum": 0, "builtYear": "1979-1985", "builtHeight": 6, "storeNum": 2, "floorArea": 4742.40992737, "buildArea": 9484.81985474, "seiFort": "2", "keyFire": 0, "firehouseDist": 1, "pop": 1896}