{"buildingID": 5406, "county": "\u666e\u9640", "town": "\u6843\u6d66\u9547", "circleNum": 2, "builtYear": "2000", "builtHeight": 41, "storeNum": 13, "floorArea": 392.125744214, "buildArea": 5097.63467478, "seiFort": "3", "keyFire": 0, "firehouseDist": 1, "pop": 1019}