{"buildingID": 21705, "county": "\u666e\u9640", "town": "\u66f9\u6768\u65b0\u6751\u8857\u9053", "circleNum": 1, "builtYear": "pre1978", "builtHeight": 23, "storeNum": 7, "floorArea": 1333.17083233, "buildArea": 9332.19582634, "seiFort": "1", "keyFire": 0, "firehouseDist": 1, "pop": 373}