{"buildingID": 5880, "county": "\u666e\u9640", "town": "\u6843\u6d66\u9547", "circleNum": 2, "builtYear": "1979-1985", "builtHeight": 6, "storeNum": 2, "floorArea": 451.809573352, "buildArea": 903.619146703, "seiFort": "2", "keyFire": 0, "firehouseDist": 1, "pop": 180}