{"buildingID": 20412, "county": "\u666e\u9640", "town": "\u771f\u5982\u9547", "circleNum": 1, "builtYear": "1998", "builtHeight": 25, "storeNum": 8, "floorArea": 180.571095283, "buildArea": 1444.56876226, "seiFort": "2", "keyFire": 0, "firehouseDist": 1, "pop": 288}