{"buildingID": 10594, "county": "\u666e\u9640", "town": "\u7518\u6cc9\u8def\u8857\u9053", "circleNum": 1, "builtYear": "1990", "builtHeight": 77, "storeNum": 25, "floorArea": 775.753311491, "buildArea": 19393.8327873, "seiFort": "2", "keyFire": 0, "firehouseDist": 2, "pop": 3878}