{"buildingID": 5404, "county": "\u666e\u9640", "town": "\u6843\u6d66\u9547", "circleNum": 2, "builtYear": "1991", "builtHeight": 40, "storeNum": 13, "floorArea": 607.12043796, "buildArea": 7892.56569347, "seiFort": "2", "keyFire": 0, "firehouseDist": 1, "pop": 1578}