{"buildingID": 5704, "county": "\u666e\u9640", "town": "\u6843\u6d66\u9547", "circleNum": 2, "builtYear": "1998", "builtHeight": 51, "storeNum": 17, "floorArea": 78.1242127979, "buildArea": 1328.11161756, "seiFort": "2", "keyFire": 0, "firehouseDist": 2, "pop": 44}