{"buildingID": 13677, "county": "\u666e\u9640", "town": "\u771f\u5982\u9547", "circleNum": 2, "builtYear": "1979-1985", "builtHeight": 10, "storeNum": 3, "floorArea": 4591.13432405, "buildArea": 13773.4029721, "seiFort": "2", "keyFire": 0, "firehouseDist": 2, "pop": 2754}