{"buildingID": 15324, "county": "\u666e\u9640", "town": "\u771f\u5982\u9547", "circleNum": 1, "builtYear": "2007", "builtHeight": 20, "storeNum": 6, "floorArea": 460.295738995, "buildArea": 2761.77443397, "seiFort": "3", "keyFire": 0, "firehouseDist": 2, "pop": 552}