{"buildingID": 14497, "county": "\u666e\u9640", "town": "\u771f\u5982\u9547", "circleNum": 2, "builtYear": "2000", "builtHeight": 14, "storeNum": 4, "floorArea": 318.626575955, "buildArea": 1274.50630382, "seiFort": "3", "keyFire": 0, "firehouseDist": 1, "pop": 254}