{"buildingID": 4728, "county": "\u666e\u9640", "town": "\u6843\u6d66\u9547", "circleNum": 2, "builtYear": "2003", "builtHeight": 38, "storeNum": 12, "floorArea": 208.794896378, "buildArea": 2505.53875653, "seiFort": "3", "keyFire": 0, "firehouseDist": 2, "pop": 501}