{"buildingID": 14593, "county": "\u666e\u9640", "town": "\u771f\u5982\u9547", "circleNum": 1, "builtYear": "2002", "builtHeight": 14, "storeNum": 4, "floorArea": 564.740122518, "buildArea": 2258.96049007, "seiFort": "3", "keyFire": 0, "firehouseDist": 2, "pop": 451}