{"buildingID": 9546, "county": "\u666e\u9640", "town": "\u957f\u5f81\u9547", "circleNum": 1, "builtYear": "1979-1985", "builtHeight": 23, "storeNum": 7, "floorArea": 416.17951181, "buildArea": 2913.25658267, "seiFort": "2", "keyFire": 0, "firehouseDist": 2, "pop": 582}