{"buildingID": 14548, "county": "\u666e\u9640", "town": "\u771f\u5982\u9547", "circleNum": 2, "builtYear": "1996", "builtHeight": 6, "storeNum": 2, "floorArea": 250.825841339, "buildArea": 501.651682678, "seiFort": "2", "keyFire": 0, "firehouseDist": 1, "pop": 100}