{"buildingID": 12037, "county": "\u666e\u9640", "town": "\u771f\u5982\u9547", "circleNum": 1, "builtYear": "pre1978", "builtHeight": 37, "storeNum": 12, "floorArea": 148.715554193, "buildArea": 1784.58665031, "seiFort": "1", "keyFire": 0, "firehouseDist": 2, "pop": 71}