{"buildingID": 14047, "county": "\u666e\u9640", "town": "\u771f\u5982\u9547", "circleNum": 2, "builtYear": "1993", "builtHeight": 10, "storeNum": 3, "floorArea": 279.124908737, "buildArea": 837.374726211, "seiFort": "2", "keyFire": 0, "firehouseDist": 1, "pop": 167}