{"buildingID": 14404, "county": "\u666e\u9640", "town": "\u5b9c\u5ddd\u8def\u8857\u9053", "circleNum": 1, "builtYear": "1979-1985", "builtHeight": 16, "storeNum": 5, "floorArea": 917.179015169, "buildArea": 4585.89507585, "seiFort": "2", "keyFire": 1, "firehouseDist": 1, "pop": 917}