{"buildingID": 12247, "county": "\u666e\u9640", "town": "\u771f\u5982\u9547", "circleNum": 1, "builtYear": "1999", "builtHeight": 8, "storeNum": 2, "floorArea": 343.514839776, "buildArea": 687.029679552, "seiFort": "2", "keyFire": 0, "firehouseDist": 1, "pop": 137}