{"buildingID": 2501, "county": "\u666e\u9640", "town": "\u6843\u6d66\u9547", "circleNum": 2, "builtYear": "1994", "builtHeight": 10, "storeNum": 3, "floorArea": 6273.46644662, "buildArea": 18820.3993399, "seiFort": "2", "keyFire": 0, "firehouseDist": 2, "pop": 3764}