{"buildingID": 9652, "county": "\u666e\u9640", "town": "\u7518\u6cc9\u8def\u8857\u9053", "circleNum": 1, "builtYear": "1979-1985", "builtHeight": 14, "storeNum": 4, "floorArea": 537.856601857, "buildArea": 2151.42640743, "seiFort": "2", "keyFire": 0, "firehouseDist": 3, "pop": 430}