{"buildingID": 23179, "county": "\u666e\u9640", "town": "\u957f\u5bff\u8def\u8857\u9053", "circleNum": 0, "builtYear": "pre1978", "builtHeight": 106, "storeNum": 35, "floorArea": 722.797994731, "buildArea": 25297.9298156, "seiFort": "1", "keyFire": 1, "firehouseDist": 1, "pop": 5059}