{"buildingID": 11916, "county": "\u666e\u9640", "town": "\u771f\u5982\u9547", "circleNum": 1, "builtYear": "pre1978", "builtHeight": 55, "storeNum": 18, "floorArea": 414.54255003, "buildArea": 7461.76590054, "seiFort": "1", "keyFire": 0, "firehouseDist": 2, "pop": 298}