{"buildingID": 1260, "county": "\u666e\u9640", "town": "\u6843\u6d66\u9547", "circleNum": 3, "builtYear": "1997", "builtHeight": 54, "storeNum": 18, "floorArea": 1701.11141641, "buildArea": 30620.0054953, "seiFort": "2", "keyFire": 0, "firehouseDist": 4, "pop": 6124}