{"buildingID": 18877, "county": "\u666e\u9640", "town": "\u957f\u5f81\u9547", "circleNum": 2, "builtYear": "2006", "builtHeight": 12, "storeNum": 4, "floorArea": 1646.27465112, "buildArea": 6585.09860446, "seiFort": "3", "keyFire": 0, "firehouseDist": 3, "pop": 1317}