{"buildingID": 8851, "county": "\u666e\u9640", "town": "\u6843\u6d66\u9547", "circleNum": 2, "builtYear": "1987", "builtHeight": 15, "storeNum": 5, "floorArea": 447.936018367, "buildArea": 2239.68009183, "seiFort": "2", "keyFire": 0, "firehouseDist": 1, "pop": 447}