{"buildingID": 15650, "county": "\u666e\u9640", "town": "\u5b9c\u5ddd\u8def\u8857\u9053", "circleNum": 0, "builtYear": "1979-1985", "builtHeight": 6, "storeNum": 2, "floorArea": 170.102834074, "buildArea": 340.205668147, "seiFort": "2", "keyFire": 0, "firehouseDist": 1, "pop": 17}