{"buildingID": 21237, "county": "\u666e\u9640", "town": "\u771f\u5982\u9547", "circleNum": 1, "builtYear": "1979-1985", "builtHeight": 46, "storeNum": 15, "floorArea": 212.677229158, "buildArea": 3190.15843737, "seiFort": "2", "keyFire": 0, "firehouseDist": 1, "pop": 638}