{"buildingID": 3490, "county": "\u666e\u9640", "town": "\u6843\u6d66\u9547", "circleNum": 2, "builtYear": "1989", "builtHeight": 24, "storeNum": 8, "floorArea": 958.017357304, "buildArea": 7664.13885843, "seiFort": "2", "keyFire": 0, "firehouseDist": 2, "pop": 1532}