{"buildingID": 28844, "county": "\u666e\u9640", "town": "\u957f\u98ce\u65b0\u6751\u8857\u9053", "circleNum": 1, "builtYear": "1990", "builtHeight": 5, "storeNum": 1, "floorArea": 180.735777964, "buildArea": 180.735777964, "seiFort": "2", "keyFire": 0, "firehouseDist": 3, "pop": 36}