{"buildingID": 19139, "county": "\u666e\u9640", "town": "\u957f\u5f81\u9547", "circleNum": 2, "builtYear": "2002", "builtHeight": 56, "storeNum": 18, "floorArea": 898.026683088, "buildArea": 16164.4802956, "seiFort": "3", "keyFire": 0, "firehouseDist": 3, "pop": 3232}