{"buildingID": 29055, "county": "\u666e\u9640", "town": "\u957f\u98ce\u65b0\u6751\u8857\u9053", "circleNum": 1, "builtYear": "pre1978", "builtHeight": 102, "storeNum": 34, "floorArea": 1995.98597621, "buildArea": 67863.5231911, "seiFort": "1", "keyFire": 1, "firehouseDist": 3, "pop": 13572}