{"buildingID": 4604, "county": "\u666e\u9640", "town": "\u6843\u6d66\u9547", "circleNum": 2, "builtYear": "2008", "builtHeight": 22, "storeNum": 7, "floorArea": 508.562865597, "buildArea": 3559.94005918, "seiFort": "3", "keyFire": 0, "firehouseDist": 2, "pop": 711}