{"buildingID": 5133, "county": "\u666e\u9640", "town": "\u6843\u6d66\u9547", "circleNum": 2, "builtYear": "2011", "builtHeight": 157, "storeNum": 52, "floorArea": 1221.47617239, "buildArea": 63516.7609642, "seiFort": "3", "keyFire": 0, "firehouseDist": 2, "pop": 12703}