{"buildingID": 5632, "county": "\u666e\u9640", "town": "\u6843\u6d66\u9547", "circleNum": 2, "builtYear": "1995", "builtHeight": 12, "storeNum": 4, "floorArea": 613.915559139, "buildArea": 2455.66223656, "seiFort": "2", "keyFire": 0, "firehouseDist": 1, "pop": 491}