{"buildingID": 3487, "county": "\u666e\u9640", "town": "\u6843\u6d66\u9547", "circleNum": 2, "builtYear": "2002", "builtHeight": 13, "storeNum": 4, "floorArea": 1192.00575877, "buildArea": 4768.02303506, "seiFort": "3", "keyFire": 0, "firehouseDist": 2, "pop": 953}