{"buildingID": 16183, "county": "\u666e\u9640", "town": "\u77f3\u6cc9\u8def\u8857\u9053", "circleNum": 1, "builtYear": "pre1978", "builtHeight": 19, "storeNum": 6, "floorArea": 479.502669112, "buildArea": 2877.01601467, "seiFort": "1", "keyFire": 0, "firehouseDist": 2, "pop": 115}