{"buildingID": 10141, "county": "\u666e\u9640", "town": "\u771f\u5982\u9547", "circleNum": 2, "builtYear": "2001", "builtHeight": 44, "storeNum": 14, "floorArea": 841.285909933, "buildArea": 11778.0027391, "seiFort": "3", "keyFire": 0, "firehouseDist": 2, "pop": 2355}