{"buildingID": 27009, "county": "\u666e\u9640", "town": "\u957f\u98ce\u65b0\u6751\u8857\u9053", "circleNum": 0, "builtYear": "pre1978", "builtHeight": 87, "storeNum": 29, "floorArea": 598.412432877, "buildArea": 17353.9605534, "seiFort": "1", "keyFire": 0, "firehouseDist": 1, "pop": 867}