{"buildingID": 1004, "county": "\u666e\u9640", "town": "\u6843\u6d66\u9547", "circleNum": 2, "builtYear": "1997", "builtHeight": 49, "storeNum": 16, "floorArea": 125.518898653, "buildArea": 2008.30237846, "seiFort": "2", "keyFire": 0, "firehouseDist": 2, "pop": 66}