{"buildingID": 28056, "county": "\u666e\u9640", "town": "\u957f\u98ce\u65b0\u6751\u8857\u9053", "circleNum": 0, "builtYear": "pre1978", "builtHeight": 54, "storeNum": 18, "floorArea": 2066.84056368, "buildArea": 37203.1301463, "seiFort": "1", "keyFire": 0, "firehouseDist": 2, "pop": 1860}