{"buildingID": 10130, "county": "\u666e\u9640", "town": "\u771f\u5982\u9547", "circleNum": 2, "builtYear": "2005", "builtHeight": 16, "storeNum": 5, "floorArea": 1045.41800549, "buildArea": 5227.09002743, "seiFort": "3", "keyFire": 0, "firehouseDist": 2, "pop": 1045}