{"buildingID": 12419, "county": "\u666e\u9640", "town": "\u7518\u6cc9\u8def\u8857\u9053", "circleNum": 1, "builtYear": "pre1978", "builtHeight": 64, "storeNum": 21, "floorArea": 773.851039539, "buildArea": 16250.8718303, "seiFort": "1", "keyFire": 0, "firehouseDist": 2, "pop": 650}