{"buildingID": 15901, "county": "\u666e\u9640", "town": "\u771f\u5982\u9547", "circleNum": 1, "builtYear": "1989", "builtHeight": 9, "storeNum": 3, "floorArea": 667.987537057, "buildArea": 2003.96261117, "seiFort": "2", "keyFire": 0, "firehouseDist": 2, "pop": 400}