{"buildingID": 15183, "county": "\u666e\u9640", "town": "\u771f\u5982\u9547", "circleNum": 1, "builtYear": "1994", "builtHeight": 8, "storeNum": 2, "floorArea": 510.835351424, "buildArea": 1021.67070285, "seiFort": "2", "keyFire": 0, "firehouseDist": 2, "pop": 204}