{"buildingID": 15497, "county": "\u666e\u9640", "town": "\u77f3\u6cc9\u8def\u8857\u9053", "circleNum": 1, "builtYear": "1979-1985", "builtHeight": 9, "storeNum": 3, "floorArea": 396.94665807, "buildArea": 1190.83997421, "seiFort": "2", "keyFire": 0, "firehouseDist": 2, "pop": 238}