{"buildingID": 9686, "county": "\u666e\u9640", "town": "\u7518\u6cc9\u8def\u8857\u9053", "circleNum": 1, "builtYear": "1979-1985", "builtHeight": 16, "storeNum": 5, "floorArea": 243.878030338, "buildArea": 1219.39015169, "seiFort": "2", "keyFire": 0, "firehouseDist": 2, "pop": 243}