{"buildingID": 27022, "county": "\u666e\u9640", "town": "\u957f\u98ce\u65b0\u6751\u8857\u9053", "circleNum": 0, "builtYear": "pre1978", "builtHeight": 99, "storeNum": 33, "floorArea": 497.429422867, "buildArea": 16415.1709546, "seiFort": "1", "keyFire": 0, "firehouseDist": 1, "pop": 820}