{"buildingID": 28620, "county": "\u666e\u9640", "town": "\u957f\u98ce\u65b0\u6751\u8857\u9053", "circleNum": 1, "builtYear": "1989", "builtHeight": 8, "storeNum": 2, "floorArea": 1460.01973674, "buildArea": 2920.03947348, "seiFort": "2", "keyFire": 0, "firehouseDist": 3, "pop": 584}