{"buildingID": 11076, "county": "\u666e\u9640", "town": "\u7518\u6cc9\u8def\u8857\u9053", "circleNum": 1, "builtYear": "pre1978", "builtHeight": 20, "storeNum": 6, "floorArea": 550.528712712, "buildArea": 3303.17227627, "seiFort": "1", "keyFire": 0, "firehouseDist": 2, "pop": 132}