{"buildingID": 18761, "county": "\u666e\u9640", "town": "\u957f\u5f81\u9547", "circleNum": 2, "builtYear": "1979-1985", "builtHeight": 3, "storeNum": 1, "floorArea": 74.8994753795, "buildArea": 74.8994753795, "seiFort": "2", "keyFire": 0, "firehouseDist": 2, "pop": 2}