{"buildingID": 28802, "county": "\u666e\u9640", "town": "\u957f\u98ce\u65b0\u6751\u8857\u9053", "circleNum": 1, "builtYear": "pre1978", "builtHeight": 100, "storeNum": 33, "floorArea": 1846.46223404, "buildArea": 60933.2537233, "seiFort": "1", "keyFire": 0, "firehouseDist": 3, "pop": 12186}