{"buildingID": 1465, "county": "\u666e\u9640", "town": "\u6843\u6d66\u9547", "circleNum": 3, "builtYear": "1995", "builtHeight": 18, "storeNum": 6, "floorArea": 980.917273482, "buildArea": 5885.50364089, "seiFort": "2", "keyFire": 0, "firehouseDist": 4, "pop": 1177}