{"buildingID": 27192, "county": "\u666e\u9640", "town": "\u957f\u98ce\u65b0\u6751\u8857\u9053", "circleNum": 1, "builtYear": "pre1978", "builtHeight": 6, "storeNum": 2, "floorArea": 45.7206164643, "buildArea": 91.4412329286, "seiFort": "1", "keyFire": 0, "firehouseDist": 2, "pop": 3}