{"buildingID": 15068, "county": "\u666e\u9640", "town": "\u771f\u5982\u9547", "circleNum": 2, "builtYear": "1995", "builtHeight": 18, "storeNum": 6, "floorArea": 155.981835737, "buildArea": 935.891014422, "seiFort": "2", "keyFire": 0, "firehouseDist": 1, "pop": 31}