{"buildingID": 13753, "county": "\u666e\u9640", "town": "\u771f\u5982\u9547", "circleNum": 1, "builtYear": "pre1978", "builtHeight": 16, "storeNum": 5, "floorArea": 1873.54512425, "buildArea": 9367.72562123, "seiFort": "1", "keyFire": 0, "firehouseDist": 2, "pop": 374}