{"buildingID": 20360, "county": "\u666e\u9640", "town": "\u771f\u5982\u9547", "circleNum": 2, "builtYear": "1979-1985", "builtHeight": 9, "storeNum": 3, "floorArea": 613.598987496, "buildArea": 1840.79696249, "seiFort": "2", "keyFire": 0, "firehouseDist": 1, "pop": 368}