{"buildingID": 18531, "county": "\u666e\u9640", "town": "\u957f\u5f81\u9547", "circleNum": 2, "builtYear": "1994", "builtHeight": 36, "storeNum": 12, "floorArea": 243.061440426, "buildArea": 2916.73728511, "seiFort": "2", "keyFire": 0, "firehouseDist": 2, "pop": 583}