{"buildingID": 10677, "county": "\u666e\u9640", "town": "\u771f\u5982\u9547", "circleNum": 2, "builtYear": "1979-1985", "builtHeight": 21, "storeNum": 7, "floorArea": 981.793264283, "buildArea": 6872.55284998, "seiFort": "2", "keyFire": 0, "firehouseDist": 2, "pop": 1374}