{"buildingID": 13699, "county": "\u666e\u9640", "town": "\u771f\u5982\u9547", "circleNum": 2, "builtYear": "1996", "builtHeight": 4, "storeNum": 1, "floorArea": 2054.61431523, "buildArea": 2054.61431523, "seiFort": "2", "keyFire": 0, "firehouseDist": 2, "pop": 410}