{"buildingID": 27254, "county": "\u666e\u9640", "town": "\u957f\u98ce\u65b0\u6751\u8857\u9053", "circleNum": 0, "builtYear": "pre1978", "builtHeight": 6, "storeNum": 2, "floorArea": 3800.36778585, "buildArea": 7600.7355717, "seiFort": "1", "keyFire": 0, "firehouseDist": 2, "pop": 380}