{"buildingID": 10729, "county": "\u666e\u9640", "town": "\u771f\u5982\u9547", "circleNum": 2, "builtYear": "2001", "builtHeight": 31, "storeNum": 10, "floorArea": 60.0704507602, "buildArea": 600.704507602, "seiFort": "3", "keyFire": 0, "firehouseDist": 2, "pop": 20}