{"buildingID": 1128, "county": "\u666e\u9640", "town": "\u6843\u6d66\u9547", "circleNum": 3, "builtYear": "2011", "builtHeight": 54, "storeNum": 18, "floorArea": 2459.96836595, "buildArea": 44279.4305871, "seiFort": "3", "keyFire": 1, "firehouseDist": 5, "pop": 8855}