{"buildingID": 22300, "county": "\u666e\u9640", "town": "\u66f9\u6768\u65b0\u6751\u8857\u9053", "circleNum": 1, "builtYear": "pre1978", "builtHeight": 72, "storeNum": 24, "floorArea": 1028.63930432, "buildArea": 24687.3433036, "seiFort": "1", "keyFire": 0, "firehouseDist": 1, "pop": 987}