{"buildingID": 9262, "county": "\u666e\u9640", "town": "\u6843\u6d66\u9547", "circleNum": 2, "builtYear": "1995", "builtHeight": 12, "storeNum": 4, "floorArea": 263.691553307, "buildArea": 1054.76621323, "seiFort": "2", "keyFire": 0, "firehouseDist": 2, "pop": 210}