{"buildingID": 9209, "county": "\u666e\u9640", "town": "\u6843\u6d66\u9547", "circleNum": 2, "builtYear": "1997", "builtHeight": 17, "storeNum": 5, "floorArea": 405.206025991, "buildArea": 2026.03012996, "seiFort": "2", "keyFire": 0, "firehouseDist": 2, "pop": 405}