{"buildingID": 18798, "county": "\u666e\u9640", "town": "\u957f\u5f81\u9547", "circleNum": 2, "builtYear": "1990", "builtHeight": 35, "storeNum": 11, "floorArea": 1193.26714045, "buildArea": 13125.938545, "seiFort": "2", "keyFire": 0, "firehouseDist": 3, "pop": 2625}