{"buildingID": 12721, "county": "\u666e\u9640", "town": "\u771f\u5982\u9547", "circleNum": 1, "builtYear": "1988", "builtHeight": 21, "storeNum": 7, "floorArea": 805.694475941, "buildArea": 5639.86133159, "seiFort": "2", "keyFire": 0, "firehouseDist": 2, "pop": 1127}