{"buildingID": 19206, "county": "\u666e\u9640", "town": "\u957f\u5f81\u9547", "circleNum": 2, "builtYear": "1979-1985", "builtHeight": 21, "storeNum": 7, "floorArea": 66.7435418871, "buildArea": 467.20479321, "seiFort": "2", "keyFire": 0, "firehouseDist": 3, "pop": 15}