{"buildingID": 13971, "county": "\u666e\u9640", "town": "\u771f\u5982\u9547", "circleNum": 2, "builtYear": "1995", "builtHeight": 18, "storeNum": 6, "floorArea": 166.655696946, "buildArea": 999.934181676, "seiFort": "2", "keyFire": 0, "firehouseDist": 1, "pop": 33}