{"buildingID": 26782, "county": "\u666e\u9640", "town": "\u957f\u98ce\u65b0\u6751\u8857\u9053", "circleNum": 0, "builtYear": "pre1978", "builtHeight": 43, "storeNum": 14, "floorArea": 84.4205309381, "buildArea": 1181.88743313, "seiFort": "1", "keyFire": 0, "firehouseDist": 2, "pop": 59}