{"buildingID": 20345, "county": "\u666e\u9640", "town": "\u957f\u5f81\u9547", "circleNum": 2, "builtYear": "1979-1985", "builtHeight": 7, "storeNum": 2, "floorArea": 597.409887428, "buildArea": 1194.81977486, "seiFort": "2", "keyFire": 0, "firehouseDist": 1, "pop": 238}