{"buildingID": 3104, "county": "\u666e\u9640", "town": "\u6843\u6d66\u9547", "circleNum": 3, "builtYear": "1979-1985", "builtHeight": 18, "storeNum": 6, "floorArea": 1325.35838002, "buildArea": 7952.1502801, "seiFort": "2", "keyFire": 0, "firehouseDist": 3, "pop": 1590}