{"buildingID": 6873, "county": "\u666e\u9640", "town": "\u6843\u6d66\u9547", "circleNum": 2, "builtYear": "2006", "builtHeight": 22, "storeNum": 7, "floorArea": 413.657298054, "buildArea": 2895.60108638, "seiFort": "3", "keyFire": 0, "firehouseDist": 2, "pop": 579}