{"buildingID": 12684, "county": "\u666e\u9640", "town": "\u771f\u5982\u9547", "circleNum": 2, "builtYear": "1989", "builtHeight": 14, "storeNum": 4, "floorArea": 291.065523554, "buildArea": 1164.26209421, "seiFort": "2", "keyFire": 0, "firehouseDist": 2, "pop": 232}