{"buildingID": 24672, "county": "\u666e\u9640", "town": "\u957f\u5f81\u9547", "circleNum": 2, "builtYear": "1979-1985", "builtHeight": 19, "storeNum": 6, "floorArea": 949.524048098, "buildArea": 5697.14428859, "seiFort": "2", "keyFire": 0, "firehouseDist": 2, "pop": 1139}