{"buildingID": 26433, "county": "\u666e\u9640", "town": "\u957f\u98ce\u65b0\u6751\u8857\u9053", "circleNum": 1, "builtYear": "1986", "builtHeight": 20, "storeNum": 6, "floorArea": 188.788596252, "buildArea": 1132.73157751, "seiFort": "2", "keyFire": 0, "firehouseDist": 3, "pop": 226}