{"buildingID": 19025, "county": "\u666e\u9640", "town": "\u957f\u5f81\u9547", "circleNum": 2, "builtYear": "1987", "builtHeight": 12, "storeNum": 4, "floorArea": 1492.83829271, "buildArea": 5971.35317085, "seiFort": "2", "keyFire": 0, "firehouseDist": 3, "pop": 1194}