{"buildingID": 21555, "county": "\u666e\u9640", "town": "\u77f3\u6cc9\u8def\u8857\u9053", "circleNum": 1, "builtYear": "1979-1985", "builtHeight": 7, "storeNum": 2, "floorArea": 3775.74435006, "buildArea": 7551.48870012, "seiFort": "2", "keyFire": 0, "firehouseDist": 2, "pop": 1510}