{"buildingID": 13711, "county": "\u666e\u9640", "town": "\u771f\u5982\u9547", "circleNum": 1, "builtYear": "1990", "builtHeight": 11, "storeNum": 3, "floorArea": 1343.22559503, "buildArea": 4029.67678509, "seiFort": "2", "keyFire": 0, "firehouseDist": 2, "pop": 805}