{"buildingID": 21348, "county": "\u666e\u9640", "town": "\u771f\u5982\u9547", "circleNum": 1, "builtYear": "1987", "builtHeight": 12, "storeNum": 4, "floorArea": 667.518574652, "buildArea": 2670.07429861, "seiFort": "2", "keyFire": 0, "firehouseDist": 2, "pop": 534}