{"buildingID": 5126, "county": "\u666e\u9640", "town": "\u6843\u6d66\u9547", "circleNum": 2, "builtYear": "2002", "builtHeight": 156, "storeNum": 52, "floorArea": 973.082094371, "buildArea": 50600.2689073, "seiFort": "3", "keyFire": 0, "firehouseDist": 2, "pop": 10120}