{"buildingID": 17917, "county": "\u666e\u9640", "town": "\u957f\u5f81\u9547", "circleNum": 2, "builtYear": "1997", "builtHeight": 47, "storeNum": 15, "floorArea": 591.822734156, "buildArea": 8877.34101234, "seiFort": "2", "keyFire": 0, "firehouseDist": 1, "pop": 1775}