{"buildingID": 1885, "county": "\u666e\u9640", "town": "\u6843\u6d66\u9547", "circleNum": 2, "builtYear": "1979-1985", "builtHeight": 6, "storeNum": 2, "floorArea": 332.579650441, "buildArea": 665.159300882, "seiFort": "2", "keyFire": 0, "firehouseDist": 1, "pop": 133}