{"buildingID": 7114, "county": "\u666e\u9640", "town": "\u957f\u5f81\u9547", "circleNum": 1, "builtYear": "1991", "builtHeight": 38, "storeNum": 12, "floorArea": 1289.00596037, "buildArea": 15468.0715245, "seiFort": "2", "keyFire": 0, "firehouseDist": 1, "pop": 3093}