{"buildingID": 24220, "county": "\u666e\u9640", "town": "\u66f9\u6768\u65b0\u6751\u8857\u9053", "circleNum": 1, "builtYear": "pre1978", "builtHeight": 8, "storeNum": 2, "floorArea": 864.822355519, "buildArea": 1729.64471104, "seiFort": "1", "keyFire": 0, "firehouseDist": 1, "pop": 69}