{"buildingID": 4265, "county": "\u666e\u9640", "town": "\u6843\u6d66\u9547", "circleNum": 2, "builtYear": "2001", "builtHeight": 41, "storeNum": 13, "floorArea": 319.465903151, "buildArea": 4153.05674096, "seiFort": "3", "keyFire": 0, "firehouseDist": 2, "pop": 830}