{"buildingID": 5410, "county": "\u666e\u9640", "town": "\u6843\u6d66\u9547", "circleNum": 2, "builtYear": "2000", "builtHeight": 40, "storeNum": 13, "floorArea": 433.155469716, "buildArea": 5631.0211063, "seiFort": "3", "keyFire": 0, "firehouseDist": 1, "pop": 1126}