{"buildingID": 4983, "county": "\u666e\u9640", "town": "\u6843\u6d66\u9547", "circleNum": 2, "builtYear": "1993", "builtHeight": 51, "storeNum": 17, "floorArea": 45.0233920412, "buildArea": 765.397664701, "seiFort": "2", "keyFire": 0, "firehouseDist": 1, "pop": 25}