{"buildingID": 15134, "county": "\u666e\u9640", "town": "\u771f\u5982\u9547", "circleNum": 2, "builtYear": "1999", "builtHeight": 36, "storeNum": 12, "floorArea": 127.473332419, "buildArea": 1529.67998902, "seiFort": "2", "keyFire": 0, "firehouseDist": 1, "pop": 50}