{"buildingID": 3792, "county": "\u666e\u9640", "town": "\u6843\u6d66\u9547", "circleNum": 2, "builtYear": "1988", "builtHeight": 13, "storeNum": 4, "floorArea": 666.720303532, "buildArea": 2666.88121413, "seiFort": "2", "keyFire": 0, "firehouseDist": 2, "pop": 533}