{"buildingID": 14096, "county": "\u666e\u9640", "town": "\u77f3\u6cc9\u8def\u8857\u9053", "circleNum": 1, "builtYear": "2005", "builtHeight": 5, "storeNum": 1, "floorArea": 797.127682099, "buildArea": 797.127682099, "seiFort": "3", "keyFire": 0, "firehouseDist": 2, "pop": 159}