{"buildingID": 672, "county": "\u666e\u9640", "town": "\u6843\u6d66\u9547", "circleNum": 2, "builtYear": "1996", "builtHeight": 15, "storeNum": 5, "floorArea": 3735.89837497, "buildArea": 18679.4918749, "seiFort": "2", "keyFire": 0, "firehouseDist": 2, "pop": 3735}