{"buildingID": 28538, "county": "\u666e\u9640", "town": "\u957f\u98ce\u65b0\u6751\u8857\u9053", "circleNum": 0, "builtYear": "pre1978", "builtHeight": 48, "storeNum": 16, "floorArea": 75.8500793748, "buildArea": 1213.60127, "seiFort": "1", "keyFire": 0, "firehouseDist": 2, "pop": 60}