{"buildingID": 28780, "county": "\u666e\u9640", "town": "\u957f\u98ce\u65b0\u6751\u8857\u9053", "circleNum": 1, "builtYear": "1979-1985", "builtHeight": 14, "storeNum": 4, "floorArea": 1548.66483853, "buildArea": 6194.65935413, "seiFort": "2", "keyFire": 0, "firehouseDist": 3, "pop": 1238}