{"buildingID": 5039, "county": "\u666e\u9640", "town": "\u6843\u6d66\u9547", "circleNum": 2, "builtYear": "2007", "builtHeight": 157, "storeNum": 52, "floorArea": 551.326648353, "buildArea": 28668.9857143, "seiFort": "3", "keyFire": 0, "firehouseDist": 2, "pop": 5733}