{"buildingID": 28678, "county": "\u666e\u9640", "town": "\u957f\u98ce\u65b0\u6751\u8857\u9053", "circleNum": 1, "builtYear": "pre1978", "builtHeight": 16, "storeNum": 5, "floorArea": 1588.68054187, "buildArea": 7943.40270937, "seiFort": "1", "keyFire": 0, "firehouseDist": 3, "pop": 317}