{"buildingID": 21245, "county": "\u666e\u9640", "town": "\u957f\u5f81\u9547", "circleNum": 2, "builtYear": "1999", "builtHeight": 18, "storeNum": 6, "floorArea": 1264.08472101, "buildArea": 7584.50832609, "seiFort": "2", "keyFire": 0, "firehouseDist": 1, "pop": 1516}