{"buildingID": 28227, "county": "\u666e\u9640", "town": "\u957f\u98ce\u65b0\u6751\u8857\u9053", "circleNum": 1, "builtYear": "1994", "builtHeight": 12, "storeNum": 4, "floorArea": 143.736959423, "buildArea": 574.947837693, "seiFort": "2", "keyFire": 0, "firehouseDist": 3, "pop": 22}