{"buildingID": 10928, "county": "\u666e\u9640", "town": "\u957f\u5f81\u9547", "circleNum": 1, "builtYear": "1979-1985", "builtHeight": 13, "storeNum": 4, "floorArea": 1192.90462967, "buildArea": 4771.61851867, "seiFort": "2", "keyFire": 0, "firehouseDist": 3, "pop": 954}