{"buildingID": 3808, "county": "\u666e\u9640", "town": "\u6843\u6d66\u9547", "circleNum": 2, "builtYear": "1990", "builtHeight": 12, "storeNum": 4, "floorArea": 1414.33511437, "buildArea": 5657.34045746, "seiFort": "2", "keyFire": 0, "firehouseDist": 2, "pop": 1131}