{"buildingID": 5129, "county": "\u666e\u9640", "town": "\u6843\u6d66\u9547", "circleNum": 2, "builtYear": "2007", "builtHeight": 156, "storeNum": 52, "floorArea": 653.44691341, "buildArea": 33979.2394973, "seiFort": "3", "keyFire": 0, "firehouseDist": 2, "pop": 6795}