{"buildingID": 28327, "county": "\u666e\u9640", "town": "\u957f\u98ce\u65b0\u6751\u8857\u9053", "circleNum": 1, "builtYear": "pre1978", "builtHeight": 6, "storeNum": 2, "floorArea": 869.767819574, "buildArea": 1739.53563915, "seiFort": "1", "keyFire": 0, "firehouseDist": 2, "pop": 69}