{"buildingID": 12689, "county": "\u666e\u9640", "town": "\u771f\u5982\u9547", "circleNum": 2, "builtYear": "1993", "builtHeight": 13, "storeNum": 4, "floorArea": 277.993160029, "buildArea": 1111.97264012, "seiFort": "2", "keyFire": 0, "firehouseDist": 2, "pop": 222}