{"buildingID": 5669, "county": "\u666e\u9640", "town": "\u6843\u6d66\u9547", "circleNum": 2, "builtYear": "1997", "builtHeight": 52, "storeNum": 17, "floorArea": 57.1013494284, "buildArea": 970.722940283, "seiFort": "2", "keyFire": 0, "firehouseDist": 2, "pop": 32}