{"buildingID": 22904, "county": "\u666e\u9640", "town": "\u957f\u5bff\u8def\u8857\u9053", "circleNum": 0, "builtYear": "1987", "builtHeight": 88, "storeNum": 29, "floorArea": 73.7280546493, "buildArea": 2138.11358483, "seiFort": "2", "keyFire": 0, "firehouseDist": 1, "pop": 106}