{"buildingID": 10714, "county": "\u666e\u9640", "town": "\u771f\u5982\u9547", "circleNum": 2, "builtYear": "2010", "builtHeight": 31, "storeNum": 10, "floorArea": 667.087651339, "buildArea": 6670.87651339, "seiFort": "3", "keyFire": 0, "firehouseDist": 2, "pop": 1334}