{"buildingID": 4659, "county": "\u666e\u9640", "town": "\u6843\u6d66\u9547", "circleNum": 2, "builtYear": "2010", "builtHeight": 15, "storeNum": 5, "floorArea": 3086.26521619, "buildArea": 15431.326081, "seiFort": "3", "keyFire": 0, "firehouseDist": 2, "pop": 3086}