{"buildingID": 7963, "county": "\u666e\u9640", "town": "\u7518\u6cc9\u8def\u8857\u9053", "circleNum": 1, "builtYear": "1988", "builtHeight": 17, "storeNum": 5, "floorArea": 789.296268314, "buildArea": 3946.48134157, "seiFort": "2", "keyFire": 0, "firehouseDist": 3, "pop": 789}