{"buildingID": 19892, "county": "\u666e\u9640", "town": "\u957f\u5bff\u8def\u8857\u9053", "circleNum": 0, "builtYear": "1979-1985", "builtHeight": 60, "storeNum": 20, "floorArea": 958.408901225, "buildArea": 19168.1780245, "seiFort": "2", "keyFire": 0, "firehouseDist": 1, "pop": 3833}