{"buildingID": 22890, "county": "\u666e\u9640", "town": "\u957f\u5bff\u8def\u8857\u9053", "circleNum": 0, "builtYear": "1979-1985", "builtHeight": 86, "storeNum": 28, "floorArea": 558.677603936, "buildArea": 15642.9729102, "seiFort": "2", "keyFire": 0, "firehouseDist": 1, "pop": 3128}