{"buildingID": 13520, "county": "\u666e\u9640", "town": "\u771f\u5982\u9547", "circleNum": 1, "builtYear": "1987", "builtHeight": 25, "storeNum": 8, "floorArea": 587.230271574, "buildArea": 4697.84217259, "seiFort": "2", "keyFire": 1, "firehouseDist": 2, "pop": 939}