{"buildingID": 3132, "county": "\u666e\u9640", "town": "\u6843\u6d66\u9547", "circleNum": 3, "builtYear": "1986", "builtHeight": 18, "storeNum": 6, "floorArea": 492.960684938, "buildArea": 2957.76410963, "seiFort": "2", "keyFire": 0, "firehouseDist": 3, "pop": 591}