{"buildingID": 6665, "county": "\u666e\u9640", "town": "\u6843\u6d66\u9547", "circleNum": 2, "builtYear": "1993", "builtHeight": 13, "storeNum": 4, "floorArea": 603.740355396, "buildArea": 2414.96142158, "seiFort": "2", "keyFire": 0, "firehouseDist": 1, "pop": 482}