{"buildingID": 13044, "county": "\u666e\u9640", "town": "\u77f3\u6cc9\u8def\u8857\u9053", "circleNum": 1, "builtYear": "1993", "builtHeight": 95, "storeNum": 31, "floorArea": 269.348589052, "buildArea": 8349.80626061, "seiFort": "2", "keyFire": 0, "firehouseDist": 3, "pop": 1669}