{"buildingID": 7416, "county": "\u666e\u9640", "town": "\u957f\u5f81\u9547", "circleNum": 1, "builtYear": "1998", "builtHeight": 40, "storeNum": 13, "floorArea": 506.315674895, "buildArea": 6582.10377363, "seiFort": "2", "keyFire": 0, "firehouseDist": 1, "pop": 1316}