{"buildingID": 10475, "county": "\u666e\u9640", "town": "\u7518\u6cc9\u8def\u8857\u9053", "circleNum": 1, "builtYear": "1992", "builtHeight": 21, "storeNum": 7, "floorArea": 413.28479521, "buildArea": 2892.99356647, "seiFort": "2", "keyFire": 0, "firehouseDist": 2, "pop": 578}