{"buildingID": 28704, "county": "\u666e\u9640", "town": "\u957f\u98ce\u65b0\u6751\u8857\u9053", "circleNum": 1, "builtYear": "pre1978", "builtHeight": 40, "storeNum": 13, "floorArea": 59.9410157434, "buildArea": 779.233204665, "seiFort": "1", "keyFire": 0, "firehouseDist": 3, "pop": 31}