{"buildingID": 2330, "county": "\u666e\u9640", "town": "\u6843\u6d66\u9547", "circleNum": 2, "builtYear": "1992", "builtHeight": 14, "storeNum": 4, "floorArea": 248.697863457, "buildArea": 994.791453828, "seiFort": "2", "keyFire": 0, "firehouseDist": 1, "pop": 198}