{"buildingID": 19126, "county": "\u666e\u9640", "town": "\u957f\u5f81\u9547", "circleNum": 2, "builtYear": "2011", "builtHeight": 56, "storeNum": 18, "floorArea": 916.423102686, "buildArea": 16495.6158483, "seiFort": "3", "keyFire": 0, "firehouseDist": 3, "pop": 3299}