{"buildingID": 5356, "county": "\u666e\u9640", "town": "\u6843\u6d66\u9547", "circleNum": 2, "builtYear": "1997", "builtHeight": 18, "storeNum": 6, "floorArea": 1094.54292199, "buildArea": 6567.25753196, "seiFort": "2", "keyFire": 0, "firehouseDist": 2, "pop": 1313}