{"buildingID": 28830, "county": "\u666e\u9640", "town": "\u957f\u98ce\u65b0\u6751\u8857\u9053", "circleNum": 1, "builtYear": "2000", "builtHeight": 3, "storeNum": 1, "floorArea": 467.77543931, "buildArea": 467.77543931, "seiFort": "3", "keyFire": 0, "firehouseDist": 3, "pop": 93}