{"buildingID": 4700, "county": "\u666e\u9640", "town": "\u6843\u6d66\u9547", "circleNum": 2, "builtYear": "1992", "builtHeight": 10, "storeNum": 3, "floorArea": 1805.24667632, "buildArea": 5415.74002897, "seiFort": "2", "keyFire": 0, "firehouseDist": 2, "pop": 1083}