{"buildingID": 19823, "county": "\u666e\u9640", "town": "\u957f\u5f81\u9547", "circleNum": 2, "builtYear": "1979-1985", "builtHeight": 4, "storeNum": 1, "floorArea": 346.262299336, "buildArea": 346.262299336, "seiFort": "2", "keyFire": 0, "firehouseDist": 3, "pop": 69}