{"buildingID": 3268, "county": "\u666e\u9640", "town": "\u6843\u6d66\u9547", "circleNum": 2, "builtYear": "1979-1985", "builtHeight": 11, "storeNum": 3, "floorArea": 13146.9927659, "buildArea": 39440.9782977, "seiFort": "2", "keyFire": 0, "firehouseDist": 2, "pop": 7888}