{"buildingID": 27386, "county": "\u666e\u9640", "town": "\u957f\u98ce\u65b0\u6751\u8857\u9053", "circleNum": 0, "builtYear": "1979-1985", "builtHeight": 21, "storeNum": 7, "floorArea": 583.388108206, "buildArea": 4083.71675744, "seiFort": "2", "keyFire": 0, "firehouseDist": 2, "pop": 816}