{"buildingID": 14621, "county": "\u666e\u9640", "town": "\u771f\u5982\u9547", "circleNum": 1, "builtYear": "pre1978", "builtHeight": 97, "storeNum": 32, "floorArea": 124.542804587, "buildArea": 3985.36974677, "seiFort": "1", "keyFire": 1, "firehouseDist": 2, "pop": 159}