{"buildingID": 24071, "county": "\u666e\u9640", "town": "\u957f\u98ce\u65b0\u6751\u8857\u9053", "circleNum": 1, "builtYear": "pre1978", "builtHeight": 9, "storeNum": 3, "floorArea": 68.8266306591, "buildArea": 206.479891977, "seiFort": "1", "keyFire": 0, "firehouseDist": 3, "pop": 8}