{"buildingID": 28151, "county": "\u666e\u9640", "town": "\u957f\u5bff\u8def\u8857\u9053", "circleNum": 0, "builtYear": "1979-1985", "builtHeight": 91, "storeNum": 30, "floorArea": 1540.06359168, "buildArea": 46201.9077504, "seiFort": "2", "keyFire": 0, "firehouseDist": 1, "pop": 9240}