{"buildingID": 21383, "county": "\u666e\u9640", "town": "\u771f\u5982\u9547", "circleNum": 1, "builtYear": "1979-1985", "builtHeight": 15, "storeNum": 5, "floorArea": 502.326465471, "buildArea": 2511.63232736, "seiFort": "2", "keyFire": 0, "firehouseDist": 1, "pop": 502}