{"buildingID": 22595, "county": "\u666e\u9640", "town": "\u66f9\u6768\u65b0\u6751\u8857\u9053", "circleNum": 1, "builtYear": "pre1978", "builtHeight": 16, "storeNum": 5, "floorArea": 534.708352096, "buildArea": 2673.54176048, "seiFort": "1", "keyFire": 1, "firehouseDist": 2, "pop": 106}