{"buildingID": 10744, "county": "\u666e\u9640", "town": "\u771f\u5982\u9547", "circleNum": 1, "builtYear": "pre1978", "builtHeight": 79, "storeNum": 26, "floorArea": 88.7645012608, "buildArea": 2307.87703278, "seiFort": "1", "keyFire": 0, "firehouseDist": 1, "pop": 92}