{"buildingID": 27463, "county": "\u666e\u9640", "town": "\u957f\u98ce\u65b0\u6751\u8857\u9053", "circleNum": 1, "builtYear": "pre1978", "builtHeight": 18, "storeNum": 6, "floorArea": 315.840577746, "buildArea": 1895.04346647, "seiFort": "1", "keyFire": 0, "firehouseDist": 2, "pop": 75}