{"buildingID": 3310, "county": "\u666e\u9640", "town": "\u6843\u6d66\u9547", "circleNum": 2, "builtYear": "1995", "builtHeight": 17, "storeNum": 5, "floorArea": 1027.94816454, "buildArea": 5139.74082269, "seiFort": "2", "keyFire": 0, "firehouseDist": 1, "pop": 1027}