{"buildingID": 11625, "county": "\u666e\u9640", "town": "\u5b9c\u5ddd\u8def\u8857\u9053", "circleNum": 1, "builtYear": "1979-1985", "builtHeight": 18, "storeNum": 6, "floorArea": 555.70322316, "buildArea": 3334.21933896, "seiFort": "2", "keyFire": 0, "firehouseDist": 2, "pop": 666}