{"buildingID": 22064, "county": "\u666e\u9640", "town": "\u957f\u5bff\u8def\u8857\u9053", "circleNum": 0, "builtYear": "pre1978", "builtHeight": 80, "storeNum": 26, "floorArea": 1820.92152646, "buildArea": 47343.9596879, "seiFort": "1", "keyFire": 0, "firehouseDist": 1, "pop": 2367}