{"buildingID": 11080, "county": "\u666e\u9640", "town": "\u7518\u6cc9\u8def\u8857\u9053", "circleNum": 1, "builtYear": "pre1978", "builtHeight": 60, "storeNum": 20, "floorArea": 165.110241527, "buildArea": 3302.20483054, "seiFort": "1", "keyFire": 0, "firehouseDist": 2, "pop": 132}