{"buildingID": 5960, "county": "\u666e\u9640", "town": "\u6843\u6d66\u9547", "circleNum": 2, "builtYear": "1979-1985", "builtHeight": 6, "storeNum": 2, "floorArea": 130.637622416, "buildArea": 261.275244833, "seiFort": "2", "keyFire": 0, "firehouseDist": 1, "pop": 8}