{"buildingID": 13484, "county": "\u666e\u9640", "town": "\u771f\u5982\u9547", "circleNum": 2, "builtYear": "1989", "builtHeight": 24, "storeNum": 8, "floorArea": 655.014908471, "buildArea": 5240.11926777, "seiFort": "2", "keyFire": 0, "firehouseDist": 2, "pop": 1048}