{"buildingID": 28343, "county": "\u666e\u9640", "town": "\u957f\u98ce\u65b0\u6751\u8857\u9053", "circleNum": 1, "builtYear": "2016", "builtHeight": 6, "storeNum": 2, "floorArea": 66.3034750267, "buildArea": 132.606950053, "seiFort": "3", "keyFire": 0, "firehouseDist": 2, "pop": 5}