{"buildingID": 13290, "county": "\u666e\u9640", "town": "\u771f\u5982\u9547", "circleNum": 2, "builtYear": "1979-1985", "builtHeight": 4, "storeNum": 1, "floorArea": 2891.11964964, "buildArea": 2891.11964964, "seiFort": "2", "keyFire": 0, "firehouseDist": 2, "pop": 578}