{"buildingID": 19018, "county": "\u666e\u9640", "town": "\u957f\u5f81\u9547", "circleNum": 2, "builtYear": "1998", "builtHeight": 24, "storeNum": 8, "floorArea": 2559.78684863, "buildArea": 20478.2947891, "seiFort": "2", "keyFire": 0, "firehouseDist": 3, "pop": 4095}