{"buildingID": 13880, "county": "\u666e\u9640", "town": "\u771f\u5982\u9547", "circleNum": 1, "builtYear": "pre1978", "builtHeight": 59, "storeNum": 19, "floorArea": 91.3385298806, "buildArea": 1735.43206773, "seiFort": "1", "keyFire": 0, "firehouseDist": 2, "pop": 69}