{"buildingID": 10008, "county": "\u666e\u9640", "town": "\u7518\u6cc9\u8def\u8857\u9053", "circleNum": 1, "builtYear": "1979-1985", "builtHeight": 22, "storeNum": 7, "floorArea": 378.501585461, "buildArea": 2649.51109823, "seiFort": "2", "keyFire": 1, "firehouseDist": 3, "pop": 529}