{"buildingID": 20337, "county": "\u666e\u9640", "town": "\u771f\u5982\u9547", "circleNum": 1, "builtYear": "2001", "builtHeight": 13, "storeNum": 4, "floorArea": 735.795576102, "buildArea": 2943.18230441, "seiFort": "3", "keyFire": 0, "firehouseDist": 2, "pop": 588}