{"buildingID": 8762, "county": "\u666e\u9640", "town": "\u7518\u6cc9\u8def\u8857\u9053", "circleNum": 1, "builtYear": "1994", "builtHeight": 45, "storeNum": 15, "floorArea": 672.550217731, "buildArea": 10088.253266, "seiFort": "2", "keyFire": 0, "firehouseDist": 3, "pop": 2017}