{"buildingID": 16341, "county": "\u666e\u9640", "town": "\u771f\u5982\u9547", "circleNum": 2, "builtYear": "1979-1985", "builtHeight": 49, "storeNum": 16, "floorArea": 308.938448244, "buildArea": 4943.01517191, "seiFort": "2", "keyFire": 0, "firehouseDist": 1, "pop": 988}