{"buildingID": 20771, "county": "\u666e\u9640", "town": "\u77f3\u6cc9\u8def\u8857\u9053", "circleNum": 1, "builtYear": "1979-1985", "builtHeight": 3, "storeNum": 1, "floorArea": 923.234795218, "buildArea": 923.234795218, "seiFort": "2", "keyFire": 0, "firehouseDist": 1, "pop": 184}