{"buildingID": 12950, "county": "\u666e\u9640", "town": "\u771f\u5982\u9547", "circleNum": 1, "builtYear": "1987", "builtHeight": 9, "storeNum": 3, "floorArea": 279.400226205, "buildArea": 838.200678616, "seiFort": "2", "keyFire": 0, "firehouseDist": 2, "pop": 167}