{"buildingID": 6589, "county": "\u666e\u9640", "town": "\u6843\u6d66\u9547", "circleNum": 2, "builtYear": "1993", "builtHeight": 22, "storeNum": 7, "floorArea": 3936.61872042, "buildArea": 27556.3310429, "seiFort": "2", "keyFire": 0, "firehouseDist": 1, "pop": 5511}