{"buildingID": 16082, "county": "\u666e\u9640", "town": "\u771f\u5982\u9547", "circleNum": 1, "builtYear": "2000", "builtHeight": 3, "storeNum": 1, "floorArea": 1221.84759781, "buildArea": 1221.84759781, "seiFort": "3", "keyFire": 0, "firehouseDist": 1, "pop": 244}