{"buildingID": 19689, "county": "\u666e\u9640", "town": "\u957f\u5bff\u8def\u8857\u9053", "circleNum": 0, "builtYear": "1979-1985", "builtHeight": 32, "storeNum": 10, "floorArea": 140.016281043, "buildArea": 1400.16281043, "seiFort": "2", "keyFire": 0, "firehouseDist": 1, "pop": 70}