{"buildingID": 10736, "county": "\u666e\u9640", "town": "\u771f\u5982\u9547", "circleNum": 1, "builtYear": "pre1978", "builtHeight": 80, "storeNum": 26, "floorArea": 169.557724178, "buildArea": 4408.50082862, "seiFort": "1", "keyFire": 0, "firehouseDist": 2, "pop": 176}