{"buildingID": 4017, "county": "\u666e\u9640", "town": "\u6843\u6d66\u9547", "circleNum": 2, "builtYear": "pre1978", "builtHeight": 51, "storeNum": 17, "floorArea": 1680.94990101, "buildArea": 28576.1483172, "seiFort": "1", "keyFire": 0, "firehouseDist": 2, "pop": 952}