{"buildingID": 7577, "county": "\u666e\u9640", "town": "\u7518\u6cc9\u8def\u8857\u9053", "circleNum": 1, "builtYear": "pre1978", "builtHeight": 18, "storeNum": 6, "floorArea": 437.888028776, "buildArea": 2627.32817266, "seiFort": "1", "keyFire": 1, "firehouseDist": 3, "pop": 105}