{"buildingID": 15703, "county": "\u666e\u9640", "town": "\u771f\u5982\u9547", "circleNum": 2, "builtYear": "2010", "builtHeight": 30, "storeNum": 10, "floorArea": 1152.09644327, "buildArea": 11520.9644327, "seiFort": "3", "keyFire": 0, "firehouseDist": 1, "pop": 2304}