{"buildingID": 5489, "county": "\u666e\u9640", "town": "\u6843\u6d66\u9547", "circleNum": 2, "builtYear": "2004", "builtHeight": 20, "storeNum": 6, "floorArea": 1257.27079538, "buildArea": 7543.62477228, "seiFort": "3", "keyFire": 0, "firehouseDist": 1, "pop": 1508}