{"buildingID": 12655, "county": "\u666e\u9640", "town": "\u771f\u5982\u9547", "circleNum": 2, "builtYear": "1979-1985", "builtHeight": 41, "storeNum": 13, "floorArea": 395.83911959, "buildArea": 5145.90855467, "seiFort": "2", "keyFire": 0, "firehouseDist": 2, "pop": 1029}