{"buildingID": 27073, "county": "\u666e\u9640", "town": "\u957f\u98ce\u65b0\u6751\u8857\u9053", "circleNum": 0, "builtYear": "pre1978", "builtHeight": 22, "storeNum": 7, "floorArea": 458.661162211, "buildArea": 3210.62813548, "seiFort": "1", "keyFire": 0, "firehouseDist": 1, "pop": 160}