{"buildingID": 3456, "county": "\u666e\u9640", "town": "\u6843\u6d66\u9547", "circleNum": 3, "builtYear": "2000", "builtHeight": 18, "storeNum": 6, "floorArea": 514.557855243, "buildArea": 3087.34713146, "seiFort": "3", "keyFire": 0, "firehouseDist": 3, "pop": 617}