{"buildingID": 19489, "county": "\u666e\u9640", "town": "\u957f\u5f81\u9547", "circleNum": 2, "builtYear": "1979-1985", "builtHeight": 16, "storeNum": 5, "floorArea": 1694.25939393, "buildArea": 8471.29696965, "seiFort": "2", "keyFire": 0, "firehouseDist": 3, "pop": 1694}