{"buildingID": 23713, "county": "\u666e\u9640", "town": "\u66f9\u6768\u65b0\u6751\u8857\u9053", "circleNum": 1, "builtYear": "pre1978", "builtHeight": 18, "storeNum": 6, "floorArea": 72.8711941333, "buildArea": 437.2271648, "seiFort": "1", "keyFire": 0, "firehouseDist": 2, "pop": 17}