{"buildingID": 17092, "county": "\u666e\u9640", "town": "\u77f3\u6cc9\u8def\u8857\u9053", "circleNum": 1, "builtYear": "pre1978", "builtHeight": 79, "storeNum": 26, "floorArea": 684.609370077, "buildArea": 17799.843622, "seiFort": "1", "keyFire": 0, "firehouseDist": 1, "pop": 711}