{"buildingID": 15277, "county": "\u666e\u9640", "town": "\u771f\u5982\u9547", "circleNum": 1, "builtYear": "1998", "builtHeight": 9, "storeNum": 3, "floorArea": 287.239367772, "buildArea": 861.718103315, "seiFort": "2", "keyFire": 0, "firehouseDist": 1, "pop": 172}