{"buildingID": 10723, "county": "\u666e\u9640", "town": "\u771f\u5982\u9547", "circleNum": 2, "builtYear": "2015", "builtHeight": 33, "storeNum": 11, "floorArea": 383.617985736, "buildArea": 4219.7978431, "seiFort": "3", "keyFire": 0, "firehouseDist": 2, "pop": 843}