{"buildingID": 23829, "county": "\u666e\u9640", "town": "\u957f\u5f81\u9547", "circleNum": 1, "builtYear": "1989", "builtHeight": 24, "storeNum": 8, "floorArea": 1401.14043979, "buildArea": 11209.1235184, "seiFort": "2", "keyFire": 0, "firehouseDist": 2, "pop": 2241}