{"buildingID": 23672, "county": "\u666e\u9640", "town": "\u66f9\u6768\u65b0\u6751\u8857\u9053", "circleNum": 1, "builtYear": "2016", "builtHeight": 13, "storeNum": 4, "floorArea": 136.608346563, "buildArea": 546.433386252, "seiFort": "3", "keyFire": 0, "firehouseDist": 1, "pop": 21}