{"buildingID": 22944, "county": "\u666e\u9640", "town": "\u957f\u5bff\u8def\u8857\u9053", "circleNum": 0, "builtYear": "1979-1985", "builtHeight": 24, "storeNum": 8, "floorArea": 611.828312376, "buildArea": 4894.62649901, "seiFort": "2", "keyFire": 0, "firehouseDist": 1, "pop": 978}