{"buildingID": 11467, "county": "\u666e\u9640", "town": "\u771f\u5982\u9547", "circleNum": 1, "builtYear": "1997", "builtHeight": 6, "storeNum": 2, "floorArea": 2223.03676765, "buildArea": 4446.07353529, "seiFort": "2", "keyFire": 0, "firehouseDist": 1, "pop": 889}