{"buildingID": 10026, "county": "\u666e\u9640", "town": "\u7518\u6cc9\u8def\u8857\u9053", "circleNum": 1, "builtYear": "1986", "builtHeight": 16, "storeNum": 5, "floorArea": 34.0857693595, "buildArea": 170.428846797, "seiFort": "2", "keyFire": 0, "firehouseDist": 3, "pop": 6}