{"buildingID": 11676, "county": "\u666e\u9640", "town": "\u771f\u5982\u9547", "circleNum": 2, "builtYear": "2010", "builtHeight": 50, "storeNum": 16, "floorArea": 46.0490590561, "buildArea": 736.784944898, "seiFort": "3", "keyFire": 0, "firehouseDist": 2, "pop": 24}