{"buildingID": 3176, "county": "\u666e\u9640", "town": "\u6843\u6d66\u9547", "circleNum": 3, "builtYear": "2002", "builtHeight": 18, "storeNum": 6, "floorArea": 542.803410576, "buildArea": 3256.82046346, "seiFort": "3", "keyFire": 0, "firehouseDist": 3, "pop": 651}