{"buildingID": 20284, "county": "\u666e\u9640", "town": "\u771f\u5982\u9547", "circleNum": 1, "builtYear": "1979-1985", "builtHeight": 23, "storeNum": 7, "floorArea": 775.904778748, "buildArea": 5431.33345124, "seiFort": "2", "keyFire": 0, "firehouseDist": 1, "pop": 1086}