{"buildingID": 7015, "county": "\u666e\u9640", "town": "\u6843\u6d66\u9547", "circleNum": 2, "builtYear": "1994", "builtHeight": 12, "storeNum": 4, "floorArea": 190.184342061, "buildArea": 760.737368246, "seiFort": "2", "keyFire": 0, "firehouseDist": 1, "pop": 152}