{"buildingID": 2520, "county": "\u666e\u9640", "town": "\u6843\u6d66\u9547", "circleNum": 2, "builtYear": "2007", "builtHeight": 13, "storeNum": 4, "floorArea": 1026.71609399, "buildArea": 4106.86437595, "seiFort": "3", "keyFire": 0, "firehouseDist": 2, "pop": 821}