{"buildingID": 11887, "county": "\u666e\u9640", "town": "\u771f\u5982\u9547", "circleNum": 1, "builtYear": "pre1978", "builtHeight": 18, "storeNum": 6, "floorArea": 522.345275005, "buildArea": 3134.07165003, "seiFort": "1", "keyFire": 0, "firehouseDist": 2, "pop": 125}