{"buildingID": 3351, "county": "\u666e\u9640", "town": "\u6843\u6d66\u9547", "circleNum": 2, "builtYear": "pre1978", "builtHeight": 47, "storeNum": 15, "floorArea": 497.997654139, "buildArea": 7469.96481208, "seiFort": "1", "keyFire": 0, "firehouseDist": 1, "pop": 248}