{"buildingID": 5282, "county": "\u666e\u9640", "town": "\u6843\u6d66\u9547", "circleNum": 2, "builtYear": "1993", "builtHeight": 51, "storeNum": 17, "floorArea": 41.5178975928, "buildArea": 705.804259078, "seiFort": "2", "keyFire": 0, "firehouseDist": 1, "pop": 23}