{"buildingID": 22935, "county": "\u666e\u9640", "town": "\u957f\u5bff\u8def\u8857\u9053", "circleNum": 0, "builtYear": "1979-1985", "builtHeight": 8, "storeNum": 2, "floorArea": 913.558094667, "buildArea": 1827.11618933, "seiFort": "2", "keyFire": 1, "firehouseDist": 1, "pop": 365}