{"buildingID": 16375, "county": "\u666e\u9640", "town": "\u771f\u5982\u9547", "circleNum": 1, "builtYear": "pre1978", "builtHeight": 12, "storeNum": 4, "floorArea": 937.695864956, "buildArea": 3750.78345982, "seiFort": "1", "keyFire": 0, "firehouseDist": 2, "pop": 150}