{"buildingID": 26166, "county": "\u666e\u9640", "town": "\u66f9\u6768\u65b0\u6751\u8857\u9053", "circleNum": 1, "builtYear": "pre1978", "builtHeight": 14, "storeNum": 4, "floorArea": 179.885085563, "buildArea": 719.540342251, "seiFort": "1", "keyFire": 0, "firehouseDist": 2, "pop": 28}