{"buildingID": 12919, "county": "\u666e\u9640", "town": "\u77f3\u6cc9\u8def\u8857\u9053", "circleNum": 1, "builtYear": "1990", "builtHeight": 9, "storeNum": 3, "floorArea": 623.202323945, "buildArea": 1869.60697183, "seiFort": "2", "keyFire": 0, "firehouseDist": 3, "pop": 373}