{"buildingID": 25740, "county": "\u666e\u9640", "town": "\u957f\u5bff\u8def\u8857\u9053", "circleNum": 0, "builtYear": "1979-1985", "builtHeight": 84, "storeNum": 28, "floorArea": 646.961375343, "buildArea": 18114.9185096, "seiFort": "2", "keyFire": 0, "firehouseDist": 2, "pop": 3622}