{"buildingID": 6160, "county": "\u666e\u9640", "town": "\u6843\u6d66\u9547", "circleNum": 2, "builtYear": "2009", "builtHeight": 50, "storeNum": 16, "floorArea": 86.1946083134, "buildArea": 1379.11373302, "seiFort": "3", "keyFire": 0, "firehouseDist": 1, "pop": 45}