{"buildingID": 16745, "county": "\u666e\u9640", "town": "\u77f3\u6cc9\u8def\u8857\u9053", "circleNum": 1, "builtYear": "1979-1985", "builtHeight": 17, "storeNum": 5, "floorArea": 970.558580061, "buildArea": 4852.79290031, "seiFort": "2", "keyFire": 0, "firehouseDist": 2, "pop": 970}