{"buildingID": 17235, "county": "\u666e\u9640", "town": "\u957f\u5f81\u9547", "circleNum": 2, "builtYear": "1979-1985", "builtHeight": 19, "storeNum": 6, "floorArea": 738.70156838, "buildArea": 4432.20941028, "seiFort": "2", "keyFire": 0, "firehouseDist": 1, "pop": 886}