{"buildingID": 12510, "county": "\u666e\u9640", "town": "\u77f3\u6cc9\u8def\u8857\u9053", "circleNum": 1, "builtYear": "1979-1985", "builtHeight": 19, "storeNum": 6, "floorArea": 390.547837172, "buildArea": 2343.28702303, "seiFort": "2", "keyFire": 0, "firehouseDist": 3, "pop": 468}