{"buildingID": 11690, "county": "\u666e\u9640", "town": "\u771f\u5982\u9547", "circleNum": 2, "builtYear": "2015", "builtHeight": 26, "storeNum": 8, "floorArea": 619.557963049, "buildArea": 4956.4637044, "seiFort": "3", "keyFire": 0, "firehouseDist": 2, "pop": 991}