{"buildingID": 20570, "county": "\u666e\u9640", "town": "\u771f\u5982\u9547", "circleNum": 1, "builtYear": "pre1978", "builtHeight": 20, "storeNum": 6, "floorArea": 453.402765149, "buildArea": 2720.41659089, "seiFort": "1", "keyFire": 0, "firehouseDist": 1, "pop": 108}