{"buildingID": 3223, "county": "\u666e\u9640", "town": "\u6843\u6d66\u9547", "circleNum": 2, "builtYear": "1999", "builtHeight": 18, "storeNum": 6, "floorArea": 983.383309581, "buildArea": 5900.29985749, "seiFort": "2", "keyFire": 0, "firehouseDist": 2, "pop": 1180}