{"buildingID": 11256, "county": "\u666e\u9640", "town": "\u7518\u6cc9\u8def\u8857\u9053", "circleNum": 1, "builtYear": "1987", "builtHeight": 21, "storeNum": 7, "floorArea": 754.121488416, "buildArea": 5278.85041891, "seiFort": "2", "keyFire": 0, "firehouseDist": 2, "pop": 1055}