{"buildingID": 7917, "county": "\u666e\u9640", "town": "\u771f\u5982\u9547", "circleNum": 1, "builtYear": "1991", "builtHeight": 41, "storeNum": 13, "floorArea": 425.998724126, "buildArea": 5537.98341364, "seiFort": "2", "keyFire": 0, "firehouseDist": 2, "pop": 1107}