{"buildingID": 10032, "county": "\u666e\u9640", "town": "\u7518\u6cc9\u8def\u8857\u9053", "circleNum": 1, "builtYear": "1986", "builtHeight": 3, "storeNum": 1, "floorArea": 699.729881672, "buildArea": 699.729881672, "seiFort": "2", "keyFire": 0, "firehouseDist": 3, "pop": 139}