{"buildingID": 3183, "county": "\u666e\u9640", "town": "\u6843\u6d66\u9547", "circleNum": 2, "builtYear": "1992", "builtHeight": 12, "storeNum": 4, "floorArea": 2313.87084765, "buildArea": 9255.48339058, "seiFort": "2", "keyFire": 0, "firehouseDist": 2, "pop": 1851}