{"buildingID": 16118, "county": "\u666e\u9640", "town": "\u77f3\u6cc9\u8def\u8857\u9053", "circleNum": 1, "builtYear": "pre1978", "builtHeight": 64, "storeNum": 21, "floorArea": 69.2502462204, "buildArea": 1454.25517063, "seiFort": "1", "keyFire": 0, "firehouseDist": 1, "pop": 58}