{"buildingID": 4204, "county": "\u666e\u9640", "town": "\u6843\u6d66\u9547", "circleNum": 2, "builtYear": "2010", "builtHeight": 16, "storeNum": 5, "floorArea": 324.847602215, "buildArea": 1624.23801107, "seiFort": "3", "keyFire": 0, "firehouseDist": 2, "pop": 324}