{"buildingID": 9248, "county": "\u666e\u9640", "town": "\u6843\u6d66\u9547", "circleNum": 2, "builtYear": "1987", "builtHeight": 11, "storeNum": 3, "floorArea": 240.198881135, "buildArea": 720.596643406, "seiFort": "2", "keyFire": 0, "firehouseDist": 2, "pop": 144}