{"buildingID": 4234, "county": "\u666e\u9640", "town": "\u6843\u6d66\u9547", "circleNum": 2, "builtYear": "2001", "builtHeight": 16, "storeNum": 5, "floorArea": 554.632617211, "buildArea": 2773.16308605, "seiFort": "3", "keyFire": 0, "firehouseDist": 3, "pop": 554}