{"buildingID": 10654, "county": "\u666e\u9640", "town": "\u771f\u5982\u9547", "circleNum": 2, "builtYear": "1994", "builtHeight": 32, "storeNum": 10, "floorArea": 1254.37602289, "buildArea": 12543.7602289, "seiFort": "2", "keyFire": 0, "firehouseDist": 2, "pop": 2508}