{"buildingID": 9373, "county": "\u666e\u9640", "town": "\u957f\u5f81\u9547", "circleNum": 1, "builtYear": "1979-1985", "builtHeight": 13, "storeNum": 4, "floorArea": 688.505846013, "buildArea": 2754.02338405, "seiFort": "2", "keyFire": 0, "firehouseDist": 1, "pop": 550}