{"buildingID": 4354, "county": "\u666e\u9640", "town": "\u6843\u6d66\u9547", "circleNum": 2, "builtYear": "1987", "builtHeight": 15, "storeNum": 5, "floorArea": 323.665269296, "buildArea": 1618.32634648, "seiFort": "2", "keyFire": 0, "firehouseDist": 2, "pop": 323}