{"buildingID": 4513, "county": "\u666e\u9640", "town": "\u6843\u6d66\u9547", "circleNum": 2, "builtYear": "2004", "builtHeight": 13, "storeNum": 4, "floorArea": 686.080102487, "buildArea": 2744.32040995, "seiFort": "3", "keyFire": 0, "firehouseDist": 3, "pop": 548}