{"buildingID": 21483, "county": "\u666e\u9640", "town": "\u66f9\u6768\u65b0\u6751\u8857\u9053", "circleNum": 1, "builtYear": "1979-1985", "builtHeight": 4, "storeNum": 1, "floorArea": 169.367954244, "buildArea": 169.367954244, "seiFort": "2", "keyFire": 0, "firehouseDist": 1, "pop": 6}