{"buildingID": 8811, "county": "\u666e\u9640", "town": "\u6843\u6d66\u9547", "circleNum": 2, "builtYear": "pre1978", "builtHeight": 30, "storeNum": 10, "floorArea": 799.896665666, "buildArea": 7998.96665666, "seiFort": "1", "keyFire": 0, "firehouseDist": 1, "pop": 266}