{"buildingID": 9153, "county": "\u666e\u9640", "town": "\u7518\u6cc9\u8def\u8857\u9053", "circleNum": 1, "builtYear": "1995", "builtHeight": 11, "storeNum": 3, "floorArea": 652.05303629, "buildArea": 1956.15910887, "seiFort": "2", "keyFire": 0, "firehouseDist": 3, "pop": 391}