{"buildingID": 14081, "county": "\u666e\u9640", "town": "\u771f\u5982\u9547", "circleNum": 1, "builtYear": "1990", "builtHeight": 8, "storeNum": 2, "floorArea": 349.899790113, "buildArea": 699.799580226, "seiFort": "2", "keyFire": 0, "firehouseDist": 2, "pop": 139}