{"buildingID": 14, "county": "\u666e\u9640", "town": "\u6843\u6d66\u9547", "circleNum": 3, "builtYear": "1979-1985", "builtHeight": 18, "storeNum": 6, "floorArea": 1242.99655305, "buildArea": 7457.97931828, "seiFort": "2", "keyFire": 0, "firehouseDist": 4, "pop": 1491}