{"buildingID": 4968, "county": "\u666e\u9640", "town": "\u771f\u5982\u9547", "circleNum": 2, "builtYear": "1979-1985", "builtHeight": 21, "storeNum": 7, "floorArea": 881.218053458, "buildArea": 6168.5263742, "seiFort": "2", "keyFire": 0, "firehouseDist": 1, "pop": 1233}