{"buildingID": 27197, "county": "\u666e\u9640", "town": "\u66f9\u6768\u65b0\u6751\u8857\u9053", "circleNum": 1, "builtYear": "pre1978", "builtHeight": 25, "storeNum": 8, "floorArea": 1235.98278156, "buildArea": 9887.86225248, "seiFort": "1", "keyFire": 0, "firehouseDist": 2, "pop": 395}