{"buildingID": 7771, "county": "\u666e\u9640", "town": "\u957f\u5f81\u9547", "circleNum": 1, "builtYear": "1979-1985", "builtHeight": 16, "storeNum": 5, "floorArea": 1171.97617363, "buildArea": 5859.88086815, "seiFort": "2", "keyFire": 0, "firehouseDist": 2, "pop": 1171}