{"buildingID": 1535, "county": "\u666e\u9640", "town": "\u6843\u6d66\u9547", "circleNum": 3, "builtYear": "1996", "builtHeight": 18, "storeNum": 6, "floorArea": 514.700806773, "buildArea": 3088.20484064, "seiFort": "2", "keyFire": 0, "firehouseDist": 3, "pop": 617}