{"buildingID": 208, "county": "\u666e\u9640", "town": "\u6843\u6d66\u9547", "circleNum": 3, "builtYear": "2007", "builtHeight": 54, "storeNum": 18, "floorArea": 651.001431918, "buildArea": 11718.0257745, "seiFort": "3", "keyFire": 0, "firehouseDist": 3, "pop": 2343}