{"buildingID": 19901, "county": "\u666e\u9640", "town": "\u957f\u5bff\u8def\u8857\u9053", "circleNum": 0, "builtYear": "1987", "builtHeight": 24, "storeNum": 8, "floorArea": 914.037701181, "buildArea": 7312.30160945, "seiFort": "2", "keyFire": 0, "firehouseDist": 1, "pop": 1462}