{"buildingID": 10324, "county": "\u666e\u9640", "town": "\u7518\u6cc9\u8def\u8857\u9053", "circleNum": 1, "builtYear": "pre1978", "builtHeight": 26, "storeNum": 8, "floorArea": 110.464259171, "buildArea": 883.714073368, "seiFort": "1", "keyFire": 0, "firehouseDist": 3, "pop": 35}