{"buildingID": 16365, "county": "\u666e\u9640", "town": "\u771f\u5982\u9547", "circleNum": 2, "builtYear": "1990", "builtHeight": 76, "storeNum": 25, "floorArea": 1314.14371412, "buildArea": 32853.5928529, "seiFort": "2", "keyFire": 0, "firehouseDist": 1, "pop": 6570}