{"buildingID": 13362, "county": "\u666e\u9640", "town": "\u771f\u5982\u9547", "circleNum": 1, "builtYear": "pre1978", "builtHeight": 54, "storeNum": 18, "floorArea": 66.2496563149, "buildArea": 1192.49381367, "seiFort": "1", "keyFire": 0, "firehouseDist": 2, "pop": 47}