{"buildingID": 7895, "county": "\u666e\u9640", "town": "\u771f\u5982\u9547", "circleNum": 1, "builtYear": "1988", "builtHeight": 41, "storeNum": 13, "floorArea": 640.020054651, "buildArea": 8320.26071047, "seiFort": "2", "keyFire": 0, "firehouseDist": 2, "pop": 1664}