{"buildingID": 15335, "county": "\u666e\u9640", "town": "\u771f\u5982\u9547", "circleNum": 1, "builtYear": "1992", "builtHeight": 99, "storeNum": 33, "floorArea": 1174.53456491, "buildArea": 38759.640642, "seiFort": "2", "keyFire": 0, "firehouseDist": 2, "pop": 7751}