{"buildingID": 11411, "county": "\u666e\u9640", "town": "\u771f\u5982\u9547", "circleNum": 1, "builtYear": "pre1978", "builtHeight": 33, "storeNum": 11, "floorArea": 131.611807667, "buildArea": 1447.72988434, "seiFort": "1", "keyFire": 0, "firehouseDist": 2, "pop": 57}