{"buildingID": 11008, "county": "\u666e\u9640", "town": "\u771f\u5982\u9547", "circleNum": 1, "builtYear": "1992", "builtHeight": 78, "storeNum": 26, "floorArea": 88.7383680824, "buildArea": 2307.19757014, "seiFort": "2", "keyFire": 0, "firehouseDist": 1, "pop": 92}