{"buildingID": 24370, "county": "\u666e\u9640", "town": "\u957f\u5f81\u9547", "circleNum": 1, "builtYear": "2002", "builtHeight": 17, "storeNum": 5, "floorArea": 1016.86478806, "buildArea": 5084.32394029, "seiFort": "3", "keyFire": 0, "firehouseDist": 2, "pop": 1016}