{"buildingID": 10625, "county": "\u666e\u9640", "town": "\u7518\u6cc9\u8def\u8857\u9053", "circleNum": 1, "builtYear": "1988", "builtHeight": 14, "storeNum": 4, "floorArea": 1340.39924991, "buildArea": 5361.59699966, "seiFort": "2", "keyFire": 0, "firehouseDist": 2, "pop": 1072}