{"buildingID": 19616, "county": "\u666e\u9640", "town": "\u957f\u5f81\u9547", "circleNum": 2, "builtYear": "1979-1985", "builtHeight": 13, "storeNum": 4, "floorArea": 542.424427083, "buildArea": 2169.69770833, "seiFort": "2", "keyFire": 0, "firehouseDist": 4, "pop": 433}