{"buildingID": 3119, "county": "\u666e\u9640", "town": "\u6843\u6d66\u9547", "circleNum": 3, "builtYear": "2001", "builtHeight": 18, "storeNum": 6, "floorArea": 212.484613452, "buildArea": 1274.90768071, "seiFort": "3", "keyFire": 0, "firehouseDist": 3, "pop": 254}