{"buildingID": 29090, "county": "\u666e\u9640", "town": "\u957f\u98ce\u65b0\u6751\u8857\u9053", "circleNum": 1, "builtYear": "pre1978", "builtHeight": 52, "storeNum": 17, "floorArea": 154.610245705, "buildArea": 2628.37417699, "seiFort": "1", "keyFire": 0, "firehouseDist": 3, "pop": 105}