{"buildingID": 2299, "county": "\u666e\u9640", "town": "\u6843\u6d66\u9547", "circleNum": 2, "builtYear": "1986", "builtHeight": 36, "storeNum": 12, "floorArea": 845.63506955, "buildArea": 10147.6208346, "seiFort": "2", "keyFire": 0, "firehouseDist": 1, "pop": 2029}