{"buildingID": 8468, "county": "\u666e\u9640", "town": "\u957f\u5f81\u9547", "circleNum": 1, "builtYear": "1979-1985", "builtHeight": 39, "storeNum": 13, "floorArea": 669.63042222, "buildArea": 8705.19548886, "seiFort": "2", "keyFire": 0, "firehouseDist": 2, "pop": 1741}