{"buildingID": 16351, "county": "\u666e\u9640", "town": "\u771f\u5982\u9547", "circleNum": 2, "builtYear": "1997", "builtHeight": 44, "storeNum": 14, "floorArea": 1264.10809911, "buildArea": 17697.5133876, "seiFort": "2", "keyFire": 0, "firehouseDist": 1, "pop": 3539}