{"buildingID": 23639, "county": "\u666e\u9640", "town": "\u66f9\u6768\u65b0\u6751\u8857\u9053", "circleNum": 1, "builtYear": "pre1978", "builtHeight": 108, "storeNum": 36, "floorArea": 412.882670142, "buildArea": 14863.7761251, "seiFort": "1", "keyFire": 0, "firehouseDist": 1, "pop": 2972}