{"buildingID": 27830, "county": "\u666e\u9640", "town": "\u957f\u98ce\u65b0\u6751\u8857\u9053", "circleNum": 1, "builtYear": "1979-1985", "builtHeight": 12, "storeNum": 4, "floorArea": 782.540317543, "buildArea": 3130.16127017, "seiFort": "2", "keyFire": 0, "firehouseDist": 2, "pop": 626}