{"buildingID": 4520, "county": "\u666e\u9640", "town": "\u6843\u6d66\u9547", "circleNum": 2, "builtYear": "2003", "builtHeight": 52, "storeNum": 17, "floorArea": 69.5955370126, "buildArea": 1183.12412921, "seiFort": "3", "keyFire": 0, "firehouseDist": 2, "pop": 39}