{"buildingID": 8169, "county": "\u666e\u9640", "town": "\u7518\u6cc9\u8def\u8857\u9053", "circleNum": 1, "builtYear": "1990", "builtHeight": 19, "storeNum": 6, "floorArea": 500.908466222, "buildArea": 3005.45079733, "seiFort": "2", "keyFire": 0, "firehouseDist": 3, "pop": 601}