{"buildingID": 7965, "county": "\u666e\u9640", "town": "\u771f\u5982\u9547", "circleNum": 2, "builtYear": "1979-1985", "builtHeight": 18, "storeNum": 6, "floorArea": 867.355336625, "buildArea": 5204.13201975, "seiFort": "2", "keyFire": 0, "firehouseDist": 1, "pop": 1040}