{"buildingID": 28706, "county": "\u666e\u9640", "town": "\u957f\u98ce\u65b0\u6751\u8857\u9053", "circleNum": 1, "builtYear": "1979-1985", "builtHeight": 52, "storeNum": 17, "floorArea": 1513.74079478, "buildArea": 25733.5935113, "seiFort": "2", "keyFire": 0, "firehouseDist": 3, "pop": 5146}