{"buildingID": 4086, "county": "\u666e\u9640", "town": "\u6843\u6d66\u9547", "circleNum": 2, "builtYear": "1995", "builtHeight": 9, "storeNum": 3, "floorArea": 1970.93836742, "buildArea": 5912.81510225, "seiFort": "2", "keyFire": 0, "firehouseDist": 2, "pop": 1182}