{"buildingID": 13047, "county": "\u666e\u9640", "town": "\u77f3\u6cc9\u8def\u8857\u9053", "circleNum": 1, "builtYear": "1993", "builtHeight": 99, "storeNum": 33, "floorArea": 172.36525436, "buildArea": 5688.05339388, "seiFort": "2", "keyFire": 0, "firehouseDist": 3, "pop": 1137}