{"buildingID": 6357, "county": "\u666e\u9640", "town": "\u6843\u6d66\u9547", "circleNum": 2, "builtYear": "1997", "builtHeight": 14, "storeNum": 4, "floorArea": 910.734239961, "buildArea": 3642.93695984, "seiFort": "2", "keyFire": 0, "firehouseDist": 1, "pop": 728}