{"buildingID": 6314, "county": "\u666e\u9640", "town": "\u6843\u6d66\u9547", "circleNum": 2, "builtYear": "1992", "builtHeight": 16, "storeNum": 5, "floorArea": 1210.05443432, "buildArea": 6050.27217161, "seiFort": "2", "keyFire": 0, "firehouseDist": 2, "pop": 1210}