{"buildingID": 544, "county": "\u666e\u9640", "town": "\u6843\u6d66\u9547", "circleNum": 3, "builtYear": "2009", "builtHeight": 54, "storeNum": 18, "floorArea": 1059.97666045, "buildArea": 19079.5798881, "seiFort": "3", "keyFire": 0, "firehouseDist": 4, "pop": 3815}