{"buildingID": 23624, "county": "\u666e\u9640", "town": "\u66f9\u6768\u65b0\u6751\u8857\u9053", "circleNum": 1, "builtYear": "1986", "builtHeight": 18, "storeNum": 6, "floorArea": 868.597396373, "buildArea": 5211.58437824, "seiFort": "2", "keyFire": 0, "firehouseDist": 1, "pop": 1042}