{"buildingID": 7821, "county": "\u666e\u9640", "town": "\u7518\u6cc9\u8def\u8857\u9053", "circleNum": 1, "builtYear": "2000", "builtHeight": 5, "storeNum": 1, "floorArea": 715.407609761, "buildArea": 715.407609761, "seiFort": "3", "keyFire": 0, "firehouseDist": 3, "pop": 143}