{"buildingID": 5415, "county": "\u666e\u9640", "town": "\u6843\u6d66\u9547", "circleNum": 2, "builtYear": "1994", "builtHeight": 44, "storeNum": 14, "floorArea": 90.0142611106, "buildArea": 1260.19965555, "seiFort": "2", "keyFire": 0, "firehouseDist": 1, "pop": 42}