{"buildingID": 26105, "county": "\u666e\u9640", "town": "\u957f\u5f81\u9547", "circleNum": 2, "builtYear": "1979-1985", "builtHeight": 3, "storeNum": 1, "floorArea": 224.643949565, "buildArea": 224.643949565, "seiFort": "2", "keyFire": 0, "firehouseDist": 2, "pop": 44}