{"buildingID": 14567, "county": "\u666e\u9640", "town": "\u771f\u5982\u9547", "circleNum": 2, "builtYear": "1996", "builtHeight": 50, "storeNum": 16, "floorArea": 60.0016090923, "buildArea": 960.025745476, "seiFort": "2", "keyFire": 0, "firehouseDist": 1, "pop": 32}