{"buildingID": 3288, "county": "\u666e\u9640", "town": "\u6843\u6d66\u9547", "circleNum": 2, "builtYear": "1995", "builtHeight": 16, "storeNum": 5, "floorArea": 2997.95836924, "buildArea": 14989.7918462, "seiFort": "2", "keyFire": 0, "firehouseDist": 1, "pop": 2997}