{"buildingID": 15678, "county": "\u666e\u9640", "town": "\u771f\u5982\u9547", "circleNum": 2, "builtYear": "1996", "builtHeight": 20, "storeNum": 6, "floorArea": 675.331793537, "buildArea": 4051.99076122, "seiFort": "2", "keyFire": 0, "firehouseDist": 1, "pop": 810}