{"buildingID": 11014, "county": "\u666e\u9640", "town": "\u771f\u5982\u9547", "circleNum": 1, "builtYear": "1979-1985", "builtHeight": 3, "storeNum": 1, "floorArea": 135.347951697, "buildArea": 135.347951697, "seiFort": "2", "keyFire": 0, "firehouseDist": 2, "pop": 5}