{"buildingID": 14558, "county": "\u666e\u9640", "town": "\u771f\u5982\u9547", "circleNum": 2, "builtYear": "1987", "builtHeight": 50, "storeNum": 16, "floorArea": 77.9915067132, "buildArea": 1247.86410741, "seiFort": "2", "keyFire": 0, "firehouseDist": 1, "pop": 41}