{"buildingID": 3109, "county": "\u666e\u9640", "town": "\u6843\u6d66\u9547", "circleNum": 3, "builtYear": "1979-1985", "builtHeight": 6, "storeNum": 2, "floorArea": 796.710337796, "buildArea": 1593.42067559, "seiFort": "2", "keyFire": 0, "firehouseDist": 3, "pop": 318}