{"buildingID": 20017, "county": "\u666e\u9640", "town": "\u66f9\u6768\u65b0\u6751\u8857\u9053", "circleNum": 1, "builtYear": "pre1978", "builtHeight": 10, "storeNum": 3, "floorArea": 965.601483876, "buildArea": 2896.80445163, "seiFort": "1", "keyFire": 0, "firehouseDist": 1, "pop": 115}