{"buildingID": 23674, "county": "\u666e\u9640", "town": "\u66f9\u6768\u65b0\u6751\u8857\u9053", "circleNum": 1, "builtYear": "1979-1985", "builtHeight": 6, "storeNum": 2, "floorArea": 253.111494426, "buildArea": 506.222988852, "seiFort": "2", "keyFire": 0, "firehouseDist": 1, "pop": 101}