{"buildingID": 8668, "county": "\u666e\u9640", "town": "\u7518\u6cc9\u8def\u8857\u9053", "circleNum": 1, "builtYear": "pre1978", "builtHeight": 10, "storeNum": 3, "floorArea": 918.472353438, "buildArea": 2755.41706031, "seiFort": "1", "keyFire": 0, "firehouseDist": 3, "pop": 110}