{"buildingID": 8859, "county": "\u666e\u9640", "town": "\u771f\u5982\u9547", "circleNum": 2, "builtYear": "1992", "builtHeight": 18, "storeNum": 6, "floorArea": 1200.56999098, "buildArea": 7203.41994585, "seiFort": "2", "keyFire": 0, "firehouseDist": 1, "pop": 1440}