{"buildingID": 14719, "county": "\u666e\u9640", "town": "\u77f3\u6cc9\u8def\u8857\u9053", "circleNum": 1, "builtYear": "1995", "builtHeight": 15, "storeNum": 5, "floorArea": 686.570867259, "buildArea": 3432.8543363, "seiFort": "2", "keyFire": 0, "firehouseDist": 2, "pop": 686}