{"buildingID": 14076, "county": "\u666e\u9640", "town": "\u771f\u5982\u9547", "circleNum": 1, "builtYear": "pre1978", "builtHeight": 15, "storeNum": 5, "floorArea": 583.874638516, "buildArea": 2919.37319258, "seiFort": "1", "keyFire": 0, "firehouseDist": 2, "pop": 116}