{"buildingID": 12574, "county": "\u666e\u9640", "town": "\u771f\u5982\u9547", "circleNum": 2, "builtYear": "1997", "builtHeight": 53, "storeNum": 17, "floorArea": 399.869860697, "buildArea": 6797.78763185, "seiFort": "2", "keyFire": 0, "firehouseDist": 2, "pop": 1359}