{"buildingID": 1969, "county": "\u666e\u9640", "town": "\u6843\u6d66\u9547", "circleNum": 3, "builtYear": "1994", "builtHeight": 18, "storeNum": 6, "floorArea": 539.149521261, "buildArea": 3234.89712757, "seiFort": "2", "keyFire": 0, "firehouseDist": 3, "pop": 646}