{"buildingID": 18535, "county": "\u666e\u9640", "town": "\u957f\u5f81\u9547", "circleNum": 2, "builtYear": "1979-1985", "builtHeight": 47, "storeNum": 15, "floorArea": 898.34696162, "buildArea": 13475.2044243, "seiFort": "2", "keyFire": 0, "firehouseDist": 2, "pop": 2695}