{"buildingID": 18888, "county": "\u666e\u9640", "town": "\u957f\u5f81\u9547", "circleNum": 2, "builtYear": "1979-1985", "builtHeight": 27, "storeNum": 9, "floorArea": 1267.34417643, "buildArea": 11406.0975879, "seiFort": "2", "keyFire": 0, "firehouseDist": 3, "pop": 2281}