{"buildingID": 19677, "county": "\u666e\u9640", "town": "\u957f\u5bff\u8def\u8857\u9053", "circleNum": 0, "builtYear": "1979-1985", "builtHeight": 29, "storeNum": 9, "floorArea": 88.0092583095, "buildArea": 792.083324786, "seiFort": "2", "keyFire": 0, "firehouseDist": 1, "pop": 39}