{"buildingID": 6108, "county": "\u666e\u9640", "town": "\u6843\u6d66\u9547", "circleNum": 2, "builtYear": "2000", "builtHeight": 10, "storeNum": 3, "floorArea": 199.085422669, "buildArea": 597.256268006, "seiFort": "3", "keyFire": 0, "firehouseDist": 1, "pop": 119}