{"buildingID": 185, "county": "\u666e\u9640", "town": "\u6843\u6d66\u9547", "circleNum": 2, "builtYear": "2004", "builtHeight": 66, "storeNum": 22, "floorArea": 640.473303877, "buildArea": 14090.4126853, "seiFort": "3", "keyFire": 0, "firehouseDist": 2, "pop": 2818}