{"buildingID": 18774, "county": "\u666e\u9640", "town": "\u957f\u5f81\u9547", "circleNum": 2, "builtYear": "1996", "builtHeight": 25, "storeNum": 8, "floorArea": 1107.78050634, "buildArea": 8862.24405069, "seiFort": "2", "keyFire": 0, "firehouseDist": 3, "pop": 1772}