{"buildingID": 6151, "county": "\u666e\u9640", "town": "\u6843\u6d66\u9547", "circleNum": 2, "builtYear": "1997", "builtHeight": 12, "storeNum": 4, "floorArea": 878.561893446, "buildArea": 3514.24757378, "seiFort": "2", "keyFire": 0, "firehouseDist": 1, "pop": 702}