{"buildingID": 8208, "county": "\u666e\u9640", "town": "\u6843\u6d66\u9547", "circleNum": 2, "builtYear": "1979-1985", "builtHeight": 15, "storeNum": 5, "floorArea": 2757.95856315, "buildArea": 13789.7928158, "seiFort": "2", "keyFire": 0, "firehouseDist": 2, "pop": 2757}