{"buildingID": 5754, "county": "\u666e\u9640", "town": "\u6843\u6d66\u9547", "circleNum": 2, "builtYear": "1996", "builtHeight": 12, "storeNum": 4, "floorArea": 395.561601592, "buildArea": 1582.24640637, "seiFort": "2", "keyFire": 0, "firehouseDist": 2, "pop": 316}