{"buildingID": 1795, "county": "\u666e\u9640", "town": "\u6843\u6d66\u9547", "circleNum": 2, "builtYear": "2001", "builtHeight": 14, "storeNum": 4, "floorArea": 485.605196807, "buildArea": 1942.42078723, "seiFort": "3", "keyFire": 0, "firehouseDist": 3, "pop": 388}