{"buildingID": 26298, "county": "\u666e\u9640", "town": "\u957f\u5bff\u8def\u8857\u9053", "circleNum": 0, "builtYear": "pre1978", "builtHeight": 86, "storeNum": 28, "floorArea": 1269.96879208, "buildArea": 35559.1261783, "seiFort": "1", "keyFire": 0, "firehouseDist": 1, "pop": 1777}