{"buildingID": 7473, "county": "\u666e\u9640", "town": "\u7518\u6cc9\u8def\u8857\u9053", "circleNum": 1, "builtYear": "1998", "builtHeight": 11, "storeNum": 3, "floorArea": 187.655980786, "buildArea": 562.967942357, "seiFort": "2", "keyFire": 0, "firehouseDist": 3, "pop": 112}