{"buildingID": 1801, "county": "\u666e\u9640", "town": "\u6843\u6d66\u9547", "circleNum": 2, "builtYear": "1996", "builtHeight": 16, "storeNum": 5, "floorArea": 776.119908554, "buildArea": 3880.59954277, "seiFort": "2", "keyFire": 0, "firehouseDist": 2, "pop": 776}