{"buildingID": 10099, "county": "\u666e\u9640", "town": "\u771f\u5982\u9547", "circleNum": 2, "builtYear": "2002", "builtHeight": 22, "storeNum": 7, "floorArea": 47.5146365192, "buildArea": 332.602455635, "seiFort": "3", "keyFire": 0, "firehouseDist": 2, "pop": 11}