{"buildingID": 1162, "county": "\u666e\u9640", "town": "\u6843\u6d66\u9547", "circleNum": 3, "builtYear": "2017", "builtHeight": 54, "storeNum": 18, "floorArea": 742.592071286, "buildArea": 13366.6572831, "seiFort": "3", "keyFire": 0, "firehouseDist": 4, "pop": 2673}