{"buildingID": 27147, "county": "\u666e\u9640", "town": "\u66f9\u6768\u65b0\u6751\u8857\u9053", "circleNum": 1, "builtYear": "pre1978", "builtHeight": 14, "storeNum": 4, "floorArea": 754.088878435, "buildArea": 3016.35551374, "seiFort": "1", "keyFire": 0, "firehouseDist": 2, "pop": 120}