{"buildingID": 3060, "county": "\u666e\u9640", "town": "\u6843\u6d66\u9547", "circleNum": 3, "builtYear": "1979-1985", "builtHeight": 6, "storeNum": 2, "floorArea": 142.958497991, "buildArea": 285.916995982, "seiFort": "2", "keyFire": 0, "firehouseDist": 4, "pop": 9}