{"buildingID": 8241, "county": "\u666e\u9640", "town": "\u6843\u6d66\u9547", "circleNum": 2, "builtYear": "1989", "builtHeight": 12, "storeNum": 4, "floorArea": 1527.61324898, "buildArea": 6110.4529959, "seiFort": "2", "keyFire": 0, "firehouseDist": 1, "pop": 1222}