{"buildingID": 26037, "county": "\u666e\u9640", "town": "\u957f\u5f81\u9547", "circleNum": 1, "builtYear": "1979-1985", "builtHeight": 14, "storeNum": 4, "floorArea": 497.245740147, "buildArea": 1988.98296059, "seiFort": "2", "keyFire": 0, "firehouseDist": 2, "pop": 397}