{"buildingID": 12500, "county": "\u666e\u9640", "town": "\u77f3\u6cc9\u8def\u8857\u9053", "circleNum": 1, "builtYear": "1986", "builtHeight": 6, "storeNum": 2, "floorArea": 353.351986534, "buildArea": 706.703973068, "seiFort": "2", "keyFire": 0, "firehouseDist": 3, "pop": 141}