{"buildingID": 15884, "county": "\u666e\u9640", "town": "\u771f\u5982\u9547", "circleNum": 1, "builtYear": "1998", "builtHeight": 27, "storeNum": 9, "floorArea": 705.763198071, "buildArea": 6351.86878264, "seiFort": "2", "keyFire": 0, "firehouseDist": 1, "pop": 1270}