{"buildingID": 16487, "county": "\u666e\u9640", "town": "\u771f\u5982\u9547", "circleNum": 1, "builtYear": "1979-1985", "builtHeight": 20, "storeNum": 6, "floorArea": 594.128290547, "buildArea": 3564.76974328, "seiFort": "2", "keyFire": 0, "firehouseDist": 1, "pop": 712}