{"buildingID": 4260, "county": "\u666e\u9640", "town": "\u6843\u6d66\u9547", "circleNum": 2, "builtYear": "2002", "builtHeight": 66, "storeNum": 22, "floorArea": 151.527368393, "buildArea": 3333.60210464, "seiFort": "3", "keyFire": 0, "firehouseDist": 2, "pop": 111}