{"buildingID": 15878, "county": "\u666e\u9640", "town": "\u771f\u5982\u9547", "circleNum": 1, "builtYear": "pre1978", "builtHeight": 82, "storeNum": 27, "floorArea": 66.7176102574, "buildArea": 1801.37547695, "seiFort": "1", "keyFire": 0, "firehouseDist": 2, "pop": 72}