{"buildingID": 11238, "county": "\u666e\u9640", "town": "\u7518\u6cc9\u8def\u8857\u9053", "circleNum": 1, "builtYear": "pre1978", "builtHeight": 15, "storeNum": 5, "floorArea": 473.557129178, "buildArea": 2367.78564589, "seiFort": "1", "keyFire": 0, "firehouseDist": 2, "pop": 94}