{"buildingID": 7815, "county": "\u666e\u9640", "town": "\u7518\u6cc9\u8def\u8857\u9053", "circleNum": 1, "builtYear": "1979-1985", "builtHeight": 7, "storeNum": 2, "floorArea": 2526.48379774, "buildArea": 5052.96759548, "seiFort": "2", "keyFire": 0, "firehouseDist": 3, "pop": 1010}