{"buildingID": 3344, "county": "\u666e\u9640", "town": "\u6843\u6d66\u9547", "circleNum": 2, "builtYear": "1979-1985", "builtHeight": 7, "storeNum": 2, "floorArea": 212.640234644, "buildArea": 425.280469287, "seiFort": "2", "keyFire": 0, "firehouseDist": 1, "pop": 85}