{"buildingID": 9299, "county": "\u666e\u9640", "town": "\u6843\u6d66\u9547", "circleNum": 2, "builtYear": "1986", "builtHeight": 63, "storeNum": 21, "floorArea": 943.473063363, "buildArea": 19812.9343306, "seiFort": "2", "keyFire": 0, "firehouseDist": 1, "pop": 3962}