{"buildingID": 28294, "county": "\u666e\u9640", "town": "\u957f\u98ce\u65b0\u6751\u8857\u9053", "circleNum": 1, "builtYear": "pre1978", "builtHeight": 9, "storeNum": 3, "floorArea": 126.397042257, "buildArea": 379.191126771, "seiFort": "1", "keyFire": 0, "firehouseDist": 2, "pop": 15}