{"buildingID": 27302, "county": "\u666e\u9640", "town": "\u957f\u98ce\u65b0\u6751\u8857\u9053", "circleNum": 0, "builtYear": "pre1978", "builtHeight": 6, "storeNum": 2, "floorArea": 39.1870978059, "buildArea": 78.3741956118, "seiFort": "1", "keyFire": 0, "firehouseDist": 1, "pop": 3}