{"buildingID": 3341, "county": "\u666e\u9640", "town": "\u6843\u6d66\u9547", "circleNum": 2, "builtYear": "pre1978", "builtHeight": 45, "storeNum": 15, "floorArea": 448.038122039, "buildArea": 6720.57183058, "seiFort": "1", "keyFire": 0, "firehouseDist": 1, "pop": 224}