{"buildingID": 26539, "county": "\u666e\u9640", "town": "\u957f\u98ce\u65b0\u6751\u8857\u9053", "circleNum": 0, "builtYear": "pre1978", "builtHeight": 60, "storeNum": 20, "floorArea": 126.12589766, "buildArea": 2522.51795321, "seiFort": "1", "keyFire": 0, "firehouseDist": 1, "pop": 126}