{"buildingID": 15099, "county": "\u666e\u9640", "town": "\u771f\u5982\u9547", "circleNum": 2, "builtYear": "1987", "builtHeight": 16, "storeNum": 5, "floorArea": 685.137074671, "buildArea": 3425.68537336, "seiFort": "2", "keyFire": 0, "firehouseDist": 2, "pop": 685}