{"buildingID": 27170, "county": "\u666e\u9640", "town": "\u957f\u98ce\u65b0\u6751\u8857\u9053", "circleNum": 1, "builtYear": "pre1978", "builtHeight": 11, "storeNum": 3, "floorArea": 998.225978661, "buildArea": 2994.67793598, "seiFort": "1", "keyFire": 0, "firehouseDist": 2, "pop": 119}