{"buildingID": 8088, "county": "\u666e\u9640", "town": "\u7518\u6cc9\u8def\u8857\u9053", "circleNum": 1, "builtYear": "1979-1985", "builtHeight": 18, "storeNum": 6, "floorArea": 343.900656765, "buildArea": 2063.40394059, "seiFort": "2", "keyFire": 0, "firehouseDist": 2, "pop": 412}