{"buildingID": 24769, "county": "\u666e\u9640", "town": "\u66f9\u6768\u65b0\u6751\u8857\u9053", "circleNum": 1, "builtYear": "pre1978", "builtHeight": 3, "storeNum": 1, "floorArea": 259.281394718, "buildArea": 259.281394718, "seiFort": "1", "keyFire": 0, "firehouseDist": 1, "pop": 10}