{"buildingID": 20191, "county": "\u666e\u9640", "town": "\u66f9\u6768\u65b0\u6751\u8857\u9053", "circleNum": 1, "builtYear": "pre1978", "builtHeight": 12, "storeNum": 4, "floorArea": 585.369866582, "buildArea": 2341.47946633, "seiFort": "1", "keyFire": 0, "firehouseDist": 2, "pop": 93}