{"buildingID": 13744, "county": "\u666e\u9640", "town": "\u771f\u5982\u9547", "circleNum": 1, "builtYear": "1979-1985", "builtHeight": 16, "storeNum": 5, "floorArea": 1365.07979519, "buildArea": 6825.39897594, "seiFort": "2", "keyFire": 0, "firehouseDist": 2, "pop": 1365}