{"buildingID": 15210, "county": "\u666e\u9640", "town": "\u771f\u5982\u9547", "circleNum": 1, "builtYear": "1996", "builtHeight": 6, "storeNum": 2, "floorArea": 1177.98792992, "buildArea": 2355.97585983, "seiFort": "2", "keyFire": 0, "firehouseDist": 2, "pop": 471}