{"buildingID": 2834, "county": "\u666e\u9640", "town": "\u6843\u6d66\u9547", "circleNum": 2, "builtYear": "2001", "builtHeight": 25, "storeNum": 8, "floorArea": 226.828947154, "buildArea": 1814.63157723, "seiFort": "3", "keyFire": 0, "firehouseDist": 2, "pop": 362}