{"buildingID": 8462, "county": "\u666e\u9640", "town": "\u957f\u5f81\u9547", "circleNum": 1, "builtYear": "1979-1985", "builtHeight": 22, "storeNum": 7, "floorArea": 633.572513895, "buildArea": 4435.00759727, "seiFort": "2", "keyFire": 0, "firehouseDist": 2, "pop": 887}