{"buildingID": 11597, "county": "\u666e\u9640", "town": "\u7518\u6cc9\u8def\u8857\u9053", "circleNum": 1, "builtYear": "pre1978", "builtHeight": 19, "storeNum": 6, "floorArea": 862.750652374, "buildArea": 5176.50391425, "seiFort": "1", "keyFire": 0, "firehouseDist": 3, "pop": 207}