{"buildingID": 1803, "county": "\u666e\u9640", "town": "\u6843\u6d66\u9547", "circleNum": 2, "builtYear": "1994", "builtHeight": 65, "storeNum": 21, "floorArea": 84.6202245609, "buildArea": 1777.02471578, "seiFort": "2", "keyFire": 0, "firehouseDist": 2, "pop": 59}