{"buildingID": 28186, "county": "\u666e\u9640", "town": "\u957f\u98ce\u65b0\u6751\u8857\u9053", "circleNum": 1, "builtYear": "pre1978", "builtHeight": 18, "storeNum": 6, "floorArea": 3542.60207453, "buildArea": 21255.6124472, "seiFort": "1", "keyFire": 0, "firehouseDist": 3, "pop": 850}