{"buildingID": 12904, "county": "\u666e\u9640", "town": "\u77f3\u6cc9\u8def\u8857\u9053", "circleNum": 1, "builtYear": "2017", "builtHeight": 9, "storeNum": 3, "floorArea": 207.073429358, "buildArea": 621.220288075, "seiFort": "3", "keyFire": 0, "firehouseDist": 3, "pop": 124}