{"buildingID": 3177, "county": "\u666e\u9640", "town": "\u6843\u6d66\u9547", "circleNum": 3, "builtYear": "2015", "builtHeight": 18, "storeNum": 6, "floorArea": 313.903262503, "buildArea": 1883.41957502, "seiFort": "3", "keyFire": 0, "firehouseDist": 3, "pop": 376}