{"buildingID": 1752, "county": "\u666e\u9640", "town": "\u6843\u6d66\u9547", "circleNum": 2, "builtYear": "1990", "builtHeight": 17, "storeNum": 5, "floorArea": 335.601580067, "buildArea": 1678.00790034, "seiFort": "2", "keyFire": 0, "firehouseDist": 2, "pop": 335}