{"buildingID": 3287, "county": "\u666e\u9640", "town": "\u6843\u6d66\u9547", "circleNum": 2, "builtYear": "1999", "builtHeight": 10, "storeNum": 3, "floorArea": 2960.55407517, "buildArea": 8881.6622255, "seiFort": "2", "keyFire": 0, "firehouseDist": 1, "pop": 1776}