{"buildingID": 13491, "county": "\u666e\u9640", "town": "\u771f\u5982\u9547", "circleNum": 2, "builtYear": "1989", "builtHeight": 13, "storeNum": 4, "floorArea": 3779.60472035, "buildArea": 15118.4188814, "seiFort": "2", "keyFire": 0, "firehouseDist": 2, "pop": 3023}