{"buildingID": 12319, "county": "\u666e\u9640", "town": "\u771f\u5982\u9547", "circleNum": 1, "builtYear": "1990", "builtHeight": 88, "storeNum": 29, "floorArea": 300.780936736, "buildArea": 8722.64716535, "seiFort": "2", "keyFire": 0, "firehouseDist": 2, "pop": 1744}