{"buildingID": 20936, "county": "\u666e\u9640", "town": "\u957f\u5bff\u8def\u8857\u9053", "circleNum": 0, "builtYear": "1979-1985", "builtHeight": 29, "storeNum": 9, "floorArea": 14.5016444637, "buildArea": 130.514800173, "seiFort": "2", "keyFire": 0, "firehouseDist": 1, "pop": 6}