{"buildingID": 1268, "county": "\u666e\u9640", "town": "\u6843\u6d66\u9547", "circleNum": 3, "builtYear": "1995", "builtHeight": 18, "storeNum": 6, "floorArea": 1091.55263838, "buildArea": 6549.3158303, "seiFort": "2", "keyFire": 0, "firehouseDist": 4, "pop": 1309}