{"buildingID": 15125, "county": "\u666e\u9640", "town": "\u771f\u5982\u9547", "circleNum": 2, "builtYear": "2010", "builtHeight": 32, "storeNum": 10, "floorArea": 662.837613259, "buildArea": 6628.37613259, "seiFort": "3", "keyFire": 0, "firehouseDist": 1, "pop": 1325}