{"buildingID": 26562, "county": "\u666e\u9640", "town": "\u957f\u98ce\u65b0\u6751\u8857\u9053", "circleNum": 1, "builtYear": "pre1978", "builtHeight": 18, "storeNum": 6, "floorArea": 256.861969212, "buildArea": 1541.17181527, "seiFort": "1", "keyFire": 0, "firehouseDist": 2, "pop": 61}