{"buildingID": 14224, "county": "\u666e\u9640", "town": "\u77f3\u6cc9\u8def\u8857\u9053", "circleNum": 1, "builtYear": "1995", "builtHeight": 4, "storeNum": 1, "floorArea": 684.535291033, "buildArea": 684.535291033, "seiFort": "2", "keyFire": 0, "firehouseDist": 2, "pop": 136}