{"buildingID": 12034, "county": "\u666e\u9640", "town": "\u771f\u5982\u9547", "circleNum": 1, "builtYear": "1996", "builtHeight": 55, "storeNum": 18, "floorArea": 36.1729865432, "buildArea": 651.113757778, "seiFort": "2", "keyFire": 0, "firehouseDist": 2, "pop": 26}