{"buildingID": 7006, "county": "\u666e\u9640", "town": "\u6843\u6d66\u9547", "circleNum": 2, "builtYear": "1996", "builtHeight": 12, "storeNum": 4, "floorArea": 210.177569853, "buildArea": 840.710279411, "seiFort": "2", "keyFire": 0, "firehouseDist": 1, "pop": 168}