{"buildingID": 21816, "county": "\u666e\u9640", "town": "\u771f\u5982\u9547", "circleNum": 1, "builtYear": "pre1978", "builtHeight": 12, "storeNum": 4, "floorArea": 713.408978634, "buildArea": 2853.63591454, "seiFort": "1", "keyFire": 0, "firehouseDist": 1, "pop": 114}