{"buildingID": 5295, "county": "\u666e\u9640", "town": "\u6843\u6d66\u9547", "circleNum": 2, "builtYear": "2000", "builtHeight": 30, "storeNum": 10, "floorArea": 1066.07623644, "buildArea": 10660.7623644, "seiFort": "3", "keyFire": 0, "firehouseDist": 1, "pop": 2132}