{"buildingID": 4703, "county": "\u666e\u9640", "town": "\u6843\u6d66\u9547", "circleNum": 2, "builtYear": "2004", "builtHeight": 12, "storeNum": 4, "floorArea": 1071.98057547, "buildArea": 4287.92230189, "seiFort": "3", "keyFire": 0, "firehouseDist": 2, "pop": 857}