{"buildingID": 28054, "county": "\u666e\u9640", "town": "\u957f\u98ce\u65b0\u6751\u8857\u9053", "circleNum": 0, "builtYear": "pre1978", "builtHeight": 98, "storeNum": 32, "floorArea": 148.193177239, "buildArea": 4742.18167164, "seiFort": "1", "keyFire": 0, "firehouseDist": 1, "pop": 237}