{"buildingID": 22334, "county": "\u666e\u9640", "town": "\u66f9\u6768\u65b0\u6751\u8857\u9053", "circleNum": 1, "builtYear": "pre1978", "builtHeight": 11, "storeNum": 3, "floorArea": 575.65803996, "buildArea": 1726.97411988, "seiFort": "1", "keyFire": 0, "firehouseDist": 1, "pop": 69}