{"buildingID": 15522, "county": "\u666e\u9640", "town": "\u77f3\u6cc9\u8def\u8857\u9053", "circleNum": 1, "builtYear": "1988", "builtHeight": 19, "storeNum": 6, "floorArea": 317.515669759, "buildArea": 1905.09401855, "seiFort": "2", "keyFire": 0, "firehouseDist": 2, "pop": 381}