{"buildingID": 20935, "county": "\u666e\u9640", "town": "\u77f3\u6cc9\u8def\u8857\u9053", "circleNum": 1, "builtYear": "pre1978", "builtHeight": 20, "storeNum": 6, "floorArea": 694.795452025, "buildArea": 4168.77271215, "seiFort": "1", "keyFire": 0, "firehouseDist": 1, "pop": 166}