{"buildingID": 5418, "county": "\u666e\u9640", "town": "\u6843\u6d66\u9547", "circleNum": 2, "builtYear": "2000", "builtHeight": 44, "storeNum": 14, "floorArea": 85.0193966687, "buildArea": 1190.27155336, "seiFort": "3", "keyFire": 0, "firehouseDist": 1, "pop": 39}