{"buildingID": 22806, "county": "\u666e\u9640", "town": "\u66f9\u6768\u65b0\u6751\u8857\u9053", "circleNum": 1, "builtYear": "pre1978", "builtHeight": 54, "storeNum": 18, "floorArea": 648.808663281, "buildArea": 11678.5559391, "seiFort": "1", "keyFire": 0, "firehouseDist": 1, "pop": 467}