{"buildingID": 22576, "county": "\u666e\u9640", "town": "\u957f\u5f81\u9547", "circleNum": 2, "builtYear": "1995", "builtHeight": 18, "storeNum": 6, "floorArea": 980.473382168, "buildArea": 5882.84029301, "seiFort": "2", "keyFire": 0, "firehouseDist": 2, "pop": 1176}