{"buildingID": 13022, "county": "\u666e\u9640", "town": "\u77f3\u6cc9\u8def\u8857\u9053", "circleNum": 1, "builtYear": "1989", "builtHeight": 8, "storeNum": 2, "floorArea": 265.289941792, "buildArea": 530.579883584, "seiFort": "2", "keyFire": 0, "firehouseDist": 2, "pop": 106}