{"buildingID": 10741, "county": "\u666e\u9640", "town": "\u771f\u5982\u9547", "circleNum": 1, "builtYear": "pre1978", "builtHeight": 56, "storeNum": 18, "floorArea": 504.064272982, "buildArea": 9073.15691367, "seiFort": "1", "keyFire": 0, "firehouseDist": 2, "pop": 362}