{"buildingID": 21372, "county": "\u666e\u9640", "town": "\u771f\u5982\u9547", "circleNum": 1, "builtYear": "1994", "builtHeight": 17, "storeNum": 5, "floorArea": 564.30758061, "buildArea": 2821.53790305, "seiFort": "2", "keyFire": 0, "firehouseDist": 1, "pop": 564}