{"buildingID": 8669, "county": "\u666e\u9640", "town": "\u7518\u6cc9\u8def\u8857\u9053", "circleNum": 1, "builtYear": "pre1978", "builtHeight": 19, "storeNum": 6, "floorArea": 678.879188096, "buildArea": 4073.27512857, "seiFort": "1", "keyFire": 0, "firehouseDist": 3, "pop": 162}