{"buildingID": 27469, "county": "\u666e\u9640", "town": "\u957f\u98ce\u65b0\u6751\u8857\u9053", "circleNum": 1, "builtYear": "1990", "builtHeight": 11, "storeNum": 3, "floorArea": 5616.29039305, "buildArea": 16848.8711792, "seiFort": "2", "keyFire": 0, "firehouseDist": 2, "pop": 3369}