{"buildingID": 13349, "county": "\u666e\u9640", "town": "\u771f\u5982\u9547", "circleNum": 1, "builtYear": "pre1978", "builtHeight": 58, "storeNum": 19, "floorArea": 53.2020416166, "buildArea": 1010.83879072, "seiFort": "1", "keyFire": 0, "firehouseDist": 2, "pop": 40}