{"buildingID": 2969, "county": "\u666e\u9640", "town": "\u6843\u6d66\u9547", "circleNum": 2, "builtYear": "1994", "builtHeight": 11, "storeNum": 3, "floorArea": 1326.13248046, "buildArea": 3978.39744138, "seiFort": "2", "keyFire": 0, "firehouseDist": 1, "pop": 795}