{"buildingID": 21725, "county": "\u666e\u9640", "town": "\u66f9\u6768\u65b0\u6751\u8857\u9053", "circleNum": 1, "builtYear": "1992", "builtHeight": 107, "storeNum": 35, "floorArea": 216.082830698, "buildArea": 7562.89907443, "seiFort": "2", "keyFire": 0, "firehouseDist": 1, "pop": 1512}