{"buildingID": 5302, "county": "\u666e\u9640", "town": "\u6843\u6d66\u9547", "circleNum": 2, "builtYear": "2000", "builtHeight": 43, "storeNum": 14, "floorArea": 114.026956268, "buildArea": 1596.37738775, "seiFort": "3", "keyFire": 0, "firehouseDist": 1, "pop": 53}