{"buildingID": 4407, "county": "\u666e\u9640", "town": "\u6843\u6d66\u9547", "circleNum": 2, "builtYear": "1987", "builtHeight": 23, "storeNum": 7, "floorArea": 2669.27684568, "buildArea": 18684.9379198, "seiFort": "2", "keyFire": 0, "firehouseDist": 2, "pop": 3736}