{"buildingID": 18586, "county": "\u666e\u9640", "town": "\u957f\u5f81\u9547", "circleNum": 2, "builtYear": "1979-1985", "builtHeight": 6, "storeNum": 2, "floorArea": 259.110757103, "buildArea": 518.221514205, "seiFort": "2", "keyFire": 0, "firehouseDist": 3, "pop": 103}