{"buildingID": 21606, "county": "\u666e\u9640", "town": "\u77f3\u6cc9\u8def\u8857\u9053", "circleNum": 1, "builtYear": "pre1978", "builtHeight": 18, "storeNum": 6, "floorArea": 722.659120176, "buildArea": 4335.95472105, "seiFort": "1", "keyFire": 1, "firehouseDist": 1, "pop": 173}