{"buildingID": 18383, "county": "\u666e\u9640", "town": "\u957f\u5f81\u9547", "circleNum": 2, "builtYear": "1999", "builtHeight": 18, "storeNum": 6, "floorArea": 851.294174459, "buildArea": 5107.76504676, "seiFort": "2", "keyFire": 0, "firehouseDist": 3, "pop": 1021}