{"buildingID": 9448, "county": "\u666e\u9640", "town": "\u957f\u5f81\u9547", "circleNum": 1, "builtYear": "1979-1985", "builtHeight": 52, "storeNum": 17, "floorArea": 556.738653567, "buildArea": 9464.55711065, "seiFort": "2", "keyFire": 0, "firehouseDist": 2, "pop": 1892}