{"buildingID": 4208, "county": "\u666e\u9640", "town": "\u6843\u6d66\u9547", "circleNum": 2, "builtYear": "2003", "builtHeight": 18, "storeNum": 6, "floorArea": 230.101280944, "buildArea": 1380.60768566, "seiFort": "3", "keyFire": 0, "firehouseDist": 2, "pop": 276}