{"buildingID": 7880, "county": "\u666e\u9640", "town": "\u771f\u5982\u9547", "circleNum": 1, "builtYear": "1995", "builtHeight": 45, "storeNum": 15, "floorArea": 37.1139483691, "buildArea": 556.709225537, "seiFort": "2", "keyFire": 0, "firehouseDist": 2, "pop": 22}