{"buildingID": 18802, "county": "\u666e\u9640", "town": "\u957f\u5f81\u9547", "circleNum": 2, "builtYear": "1979-1985", "builtHeight": 17, "storeNum": 5, "floorArea": 992.363532789, "buildArea": 4961.81766395, "seiFort": "2", "keyFire": 0, "firehouseDist": 3, "pop": 992}