{"buildingID": 13893, "county": "\u666e\u9640", "town": "\u771f\u5982\u9547", "circleNum": 1, "builtYear": "1986", "builtHeight": 20, "storeNum": 6, "floorArea": 879.396624899, "buildArea": 5276.37974939, "seiFort": "2", "keyFire": 0, "firehouseDist": 2, "pop": 1055}