{"buildingID": 25339, "county": "\u666e\u9640", "town": "\u957f\u5f81\u9547", "circleNum": 1, "builtYear": "1979-1985", "builtHeight": 12, "storeNum": 4, "floorArea": 792.305006305, "buildArea": 3169.22002522, "seiFort": "2", "keyFire": 0, "firehouseDist": 1, "pop": 633}