{"buildingID": 12569, "county": "\u666e\u9640", "town": "\u771f\u5982\u9547", "circleNum": 2, "builtYear": "1995", "builtHeight": 10, "storeNum": 3, "floorArea": 468.010685127, "buildArea": 1404.03205538, "seiFort": "2", "keyFire": 0, "firehouseDist": 2, "pop": 280}