{"buildingID": 19425, "county": "\u666e\u9640", "town": "\u957f\u5f81\u9547", "circleNum": 2, "builtYear": "2003", "builtHeight": 56, "storeNum": 18, "floorArea": 598.812102418, "buildArea": 10778.6178435, "seiFort": "3", "keyFire": 0, "firehouseDist": 3, "pop": 2155}