{"buildingID": 25782, "county": "\u666e\u9640", "town": "\u66f9\u6768\u65b0\u6751\u8857\u9053", "circleNum": 1, "builtYear": "pre1978", "builtHeight": 8, "storeNum": 2, "floorArea": 97.9363696875, "buildArea": 195.872739375, "seiFort": "1", "keyFire": 0, "firehouseDist": 1, "pop": 7}