{"buildingID": 26680, "county": "\u666e\u9640", "town": "\u957f\u98ce\u65b0\u6751\u8857\u9053", "circleNum": 1, "builtYear": "pre1978", "builtHeight": 18, "storeNum": 6, "floorArea": 327.033494073, "buildArea": 1962.20096444, "seiFort": "1", "keyFire": 0, "firehouseDist": 3, "pop": 78}