{"buildingID": 15748, "county": "\u666e\u9640", "town": "\u771f\u5982\u9547", "circleNum": 2, "builtYear": "1994", "builtHeight": 46, "storeNum": 15, "floorArea": 309.977248247, "buildArea": 4649.65872371, "seiFort": "2", "keyFire": 0, "firehouseDist": 1, "pop": 929}