{"buildingID": 28100, "county": "\u666e\u9640", "town": "\u957f\u98ce\u65b0\u6751\u8857\u9053", "circleNum": 0, "builtYear": "pre1978", "builtHeight": 34, "storeNum": 11, "floorArea": 50.7315696181, "buildArea": 558.047265799, "seiFort": "1", "keyFire": 0, "firehouseDist": 2, "pop": 27}