{"buildingID": 26692, "county": "\u666e\u9640", "town": "\u957f\u98ce\u65b0\u6751\u8857\u9053", "circleNum": 1, "builtYear": "2001", "builtHeight": 24, "storeNum": 8, "floorArea": 615.294976646, "buildArea": 4922.35981317, "seiFort": "3", "keyFire": 0, "firehouseDist": 3, "pop": 984}