{"buildingID": 16770, "county": "\u666e\u9640", "town": "\u77f3\u6cc9\u8def\u8857\u9053", "circleNum": 1, "builtYear": "pre1978", "builtHeight": 15, "storeNum": 5, "floorArea": 605.358204517, "buildArea": 3026.79102259, "seiFort": "1", "keyFire": 1, "firehouseDist": 2, "pop": 121}