{"buildingID": 15716, "county": "\u666e\u9640", "town": "\u771f\u5982\u9547", "circleNum": 2, "builtYear": "1995", "builtHeight": 9, "storeNum": 3, "floorArea": 1782.42088847, "buildArea": 5347.26266541, "seiFort": "2", "keyFire": 0, "firehouseDist": 1, "pop": 1069}