{"buildingID": 26916, "county": "\u666e\u9640", "town": "\u957f\u98ce\u65b0\u6751\u8857\u9053", "circleNum": 1, "builtYear": "1979-1985", "builtHeight": 12, "storeNum": 4, "floorArea": 1038.83012344, "buildArea": 4155.32049377, "seiFort": "2", "keyFire": 1, "firehouseDist": 2, "pop": 831}