{"buildingID": 19175, "county": "\u666e\u9640", "town": "\u957f\u5f81\u9547", "circleNum": 2, "builtYear": "1997", "builtHeight": 14, "storeNum": 4, "floorArea": 1378.88392091, "buildArea": 5515.53568363, "seiFort": "2", "keyFire": 0, "firehouseDist": 3, "pop": 1103}