{"buildingID": 11831, "county": "\u666e\u9640", "town": "\u771f\u5982\u9547", "circleNum": 1, "builtYear": "2010", "builtHeight": 39, "storeNum": 13, "floorArea": 88.9454897856, "buildArea": 1156.29136721, "seiFort": "3", "keyFire": 0, "firehouseDist": 2, "pop": 46}