{"buildingID": 16344, "county": "\u666e\u9640", "town": "\u771f\u5982\u9547", "circleNum": 2, "builtYear": "1991", "builtHeight": 20, "storeNum": 6, "floorArea": 897.32159083, "buildArea": 5383.92954498, "seiFort": "2", "keyFire": 0, "firehouseDist": 1, "pop": 1076}