{"buildingID": 12564, "county": "\u666e\u9640", "town": "\u771f\u5982\u9547", "circleNum": 2, "builtYear": "1993", "builtHeight": 13, "storeNum": 4, "floorArea": 267.156189106, "buildArea": 1068.62475642, "seiFort": "2", "keyFire": 0, "firehouseDist": 2, "pop": 213}