{"buildingID": 20027, "county": "\u666e\u9640", "town": "\u66f9\u6768\u65b0\u6751\u8857\u9053", "circleNum": 1, "builtYear": "1979-1985", "builtHeight": 44, "storeNum": 14, "floorArea": 557.07655894, "buildArea": 7799.07182515, "seiFort": "2", "keyFire": 0, "firehouseDist": 1, "pop": 1559}