{"buildingID": 2008, "county": "\u666e\u9640", "town": "\u6843\u6d66\u9547", "circleNum": 2, "builtYear": "1995", "builtHeight": 13, "storeNum": 4, "floorArea": 724.125545711, "buildArea": 2896.50218284, "seiFort": "2", "keyFire": 0, "firehouseDist": 2, "pop": 579}