{"buildingID": 12740, "county": "\u666e\u9640", "town": "\u771f\u5982\u9547", "circleNum": 1, "builtYear": "1987", "builtHeight": 17, "storeNum": 5, "floorArea": 779.076652752, "buildArea": 3895.38326376, "seiFort": "2", "keyFire": 0, "firehouseDist": 2, "pop": 779}