{"buildingID": 13781, "county": "\u666e\u9640", "town": "\u771f\u5982\u9547", "circleNum": 1, "builtYear": "1979-1985", "builtHeight": 17, "storeNum": 5, "floorArea": 14441.0891667, "buildArea": 72205.4458333, "seiFort": "2", "keyFire": 0, "firehouseDist": 2, "pop": 14441}