{"buildingID": 20667, "county": "\u666e\u9640", "town": "\u77f3\u6cc9\u8def\u8857\u9053", "circleNum": 1, "builtYear": "1979-1985", "builtHeight": 50, "storeNum": 16, "floorArea": 1084.50659656, "buildArea": 17352.1055449, "seiFort": "2", "keyFire": 0, "firehouseDist": 2, "pop": 3470}