{"buildingID": 7862, "county": "\u666e\u9640", "town": "\u771f\u5982\u9547", "circleNum": 2, "builtYear": "1993", "builtHeight": 13, "storeNum": 4, "floorArea": 611.722574393, "buildArea": 2446.89029757, "seiFort": "2", "keyFire": 0, "firehouseDist": 2, "pop": 489}