{"buildingID": 28596, "county": "\u666e\u9640", "town": "\u957f\u98ce\u65b0\u6751\u8857\u9053", "circleNum": 1, "builtYear": "1993", "builtHeight": 13, "storeNum": 4, "floorArea": 3551.78808895, "buildArea": 14207.1523558, "seiFort": "2", "keyFire": 0, "firehouseDist": 3, "pop": 2841}