{"buildingID": 702, "county": "\u666e\u9640", "town": "\u6843\u6d66\u9547", "circleNum": 2, "builtYear": "2004", "builtHeight": 18, "storeNum": 6, "floorArea": 1408.73887396, "buildArea": 8452.43324377, "seiFort": "3", "keyFire": 0, "firehouseDist": 2, "pop": 1690}