{"buildingID": 28080, "county": "\u666e\u9640", "town": "\u957f\u98ce\u65b0\u6751\u8857\u9053", "circleNum": 0, "builtYear": "pre1978", "builtHeight": 16, "storeNum": 5, "floorArea": 917.456881465, "buildArea": 4587.28440733, "seiFort": "1", "keyFire": 0, "firehouseDist": 2, "pop": 229}