{"buildingID": 8987, "county": "\u666e\u9640", "town": "\u957f\u5f81\u9547", "circleNum": 1, "builtYear": "1979-1985", "builtHeight": 50, "storeNum": 16, "floorArea": 395.693715776, "buildArea": 6331.09945242, "seiFort": "2", "keyFire": 0, "firehouseDist": 1, "pop": 1266}