{"buildingID": 8390, "county": "\u666e\u9640", "town": "\u7518\u6cc9\u8def\u8857\u9053", "circleNum": 1, "builtYear": "1979-1985", "builtHeight": 6, "storeNum": 2, "floorArea": 136.587502335, "buildArea": 273.175004671, "seiFort": "2", "keyFire": 0, "firehouseDist": 3, "pop": 10}