{"buildingID": 12333, "county": "\u666e\u9640", "town": "\u771f\u5982\u9547", "circleNum": 1, "builtYear": "1979-1985", "builtHeight": 88, "storeNum": 29, "floorArea": 271.270862226, "buildArea": 7866.85500456, "seiFort": "2", "keyFire": 0, "firehouseDist": 2, "pop": 1573}