{"buildingID": 9193, "county": "\u666e\u9640", "town": "\u771f\u5982\u9547", "circleNum": 2, "builtYear": "1997", "builtHeight": 16, "storeNum": 5, "floorArea": 1011.89593017, "buildArea": 5059.47965084, "seiFort": "2", "keyFire": 0, "firehouseDist": 2, "pop": 1011}