{"buildingID": 23003, "county": "\u666e\u9640", "town": "\u957f\u5bff\u8def\u8857\u9053", "circleNum": 0, "builtYear": "pre1978", "builtHeight": 158, "storeNum": 52, "floorArea": 842.621302565, "buildArea": 43816.3077334, "seiFort": "1", "keyFire": 0, "firehouseDist": 1, "pop": 8763}