{"buildingID": 16798, "county": "\u666e\u9640", "town": "\u771f\u5982\u9547", "circleNum": 1, "builtYear": "pre1978", "builtHeight": 16, "storeNum": 5, "floorArea": 651.479639738, "buildArea": 3257.39819869, "seiFort": "1", "keyFire": 0, "firehouseDist": 1, "pop": 130}