{"buildingID": 16579, "county": "\u666e\u9640", "town": "\u77f3\u6cc9\u8def\u8857\u9053", "circleNum": 1, "builtYear": "1999", "builtHeight": 40, "storeNum": 13, "floorArea": 933.189278899, "buildArea": 12131.4606257, "seiFort": "2", "keyFire": 0, "firehouseDist": 2, "pop": 2426}