{"buildingID": 24727, "county": "\u666e\u9640", "town": "\u957f\u5f81\u9547", "circleNum": 1, "builtYear": "1990", "builtHeight": 18, "storeNum": 6, "floorArea": 1333.40982985, "buildArea": 8000.45897911, "seiFort": "2", "keyFire": 0, "firehouseDist": 2, "pop": 1600}