{"buildingID": 20461, "county": "\u666e\u9640", "town": "\u771f\u5982\u9547", "circleNum": 1, "builtYear": "1979-1985", "builtHeight": 13, "storeNum": 4, "floorArea": 535.902916364, "buildArea": 2143.61166546, "seiFort": "2", "keyFire": 0, "firehouseDist": 1, "pop": 428}