{"buildingID": 22361, "county": "\u666e\u9640", "town": "\u66f9\u6768\u65b0\u6751\u8857\u9053", "circleNum": 1, "builtYear": "pre1978", "builtHeight": 3, "storeNum": 1, "floorArea": 103.025289933, "buildArea": 103.025289933, "seiFort": "1", "keyFire": 1, "firehouseDist": 2, "pop": 4}