{"buildingID": 27219, "county": "\u666e\u9640", "town": "\u957f\u98ce\u65b0\u6751\u8857\u9053", "circleNum": 1, "builtYear": "pre1978", "builtHeight": 28, "storeNum": 9, "floorArea": 1121.71480825, "buildArea": 10095.4332743, "seiFort": "1", "keyFire": 0, "firehouseDist": 2, "pop": 403}