{"buildingID": 7927, "county": "\u666e\u9640", "town": "\u771f\u5982\u9547", "circleNum": 1, "builtYear": "1979-1985", "builtHeight": 31, "storeNum": 10, "floorArea": 511.944359128, "buildArea": 5119.44359128, "seiFort": "2", "keyFire": 0, "firehouseDist": 2, "pop": 1023}