{"buildingID": 21235, "county": "\u666e\u9640", "town": "\u771f\u5982\u9547", "circleNum": 1, "builtYear": "1979-1985", "builtHeight": 3, "storeNum": 1, "floorArea": 70.2254532301, "buildArea": 70.2254532301, "seiFort": "2", "keyFire": 0, "firehouseDist": 1, "pop": 2}