{"buildingID": 9257, "county": "\u666e\u9640", "town": "\u6843\u6d66\u9547", "circleNum": 2, "builtYear": "1989", "builtHeight": 12, "storeNum": 4, "floorArea": 182.130202426, "buildArea": 728.520809703, "seiFort": "2", "keyFire": 0, "firehouseDist": 2, "pop": 145}