{"buildingID": 12631, "county": "\u666e\u9640", "town": "\u771f\u5982\u9547", "circleNum": 2, "builtYear": "1994", "builtHeight": 12, "storeNum": 4, "floorArea": 310.380213223, "buildArea": 1241.52085289, "seiFort": "2", "keyFire": 0, "firehouseDist": 2, "pop": 248}