{"buildingID": 19646, "county": "\u666e\u9640", "town": "\u77f3\u6cc9\u8def\u8857\u9053", "circleNum": 1, "builtYear": "pre1978", "builtHeight": 22, "storeNum": 7, "floorArea": 876.953631828, "buildArea": 6138.67542279, "seiFort": "1", "keyFire": 0, "firehouseDist": 1, "pop": 245}