{"buildingID": 23280, "county": "\u666e\u9640", "town": "\u957f\u5bff\u8def\u8857\u9053", "circleNum": 0, "builtYear": "1979-1985", "builtHeight": 84, "storeNum": 28, "floorArea": 74.3300734558, "buildArea": 2081.24205676, "seiFort": "2", "keyFire": 1, "firehouseDist": 1, "pop": 104}