{"buildingID": 29087, "county": "\u666e\u9640", "town": "\u957f\u98ce\u65b0\u6751\u8857\u9053", "circleNum": 1, "builtYear": "pre1978", "builtHeight": 47, "storeNum": 15, "floorArea": 481.915402044, "buildArea": 7228.73103067, "seiFort": "1", "keyFire": 0, "firehouseDist": 3, "pop": 289}