{"buildingID": 20683, "county": "\u666e\u9640", "town": "\u77f3\u6cc9\u8def\u8857\u9053", "circleNum": 1, "builtYear": "pre1978", "builtHeight": 16, "storeNum": 5, "floorArea": 867.971540496, "buildArea": 4339.85770248, "seiFort": "1", "keyFire": 0, "firehouseDist": 2, "pop": 173}