{"buildingID": 22083, "county": "\u666e\u9640", "town": "\u957f\u5bff\u8def\u8857\u9053", "circleNum": 0, "builtYear": "1979-1985", "builtHeight": 12, "storeNum": 4, "floorArea": 360.491748442, "buildArea": 1441.96699377, "seiFort": "2", "keyFire": 0, "firehouseDist": 1, "pop": 288}