{"buildingID": 24229, "county": "\u666e\u9640", "town": "\u66f9\u6768\u65b0\u6751\u8857\u9053", "circleNum": 1, "builtYear": "1986", "builtHeight": 30, "storeNum": 10, "floorArea": 80.4037261283, "buildArea": 804.037261283, "seiFort": "2", "keyFire": 0, "firehouseDist": 1, "pop": 32}