{"buildingID": 26973, "county": "\u666e\u9640", "town": "\u957f\u98ce\u65b0\u6751\u8857\u9053", "circleNum": 0, "builtYear": "1979-1985", "builtHeight": 18, "storeNum": 6, "floorArea": 80.3999994838, "buildArea": 482.399996903, "seiFort": "2", "keyFire": 0, "firehouseDist": 2, "pop": 24}