{"buildingID": 27807, "county": "\u666e\u9640", "town": "\u957f\u98ce\u65b0\u6751\u8857\u9053", "circleNum": 1, "builtYear": "1979-1985", "builtHeight": 17, "storeNum": 5, "floorArea": 3331.22071409, "buildArea": 16656.1035705, "seiFort": "2", "keyFire": 0, "firehouseDist": 2, "pop": 3331}