{"buildingID": 10012, "county": "\u666e\u9640", "town": "\u7518\u6cc9\u8def\u8857\u9053", "circleNum": 1, "builtYear": "1990", "builtHeight": 8, "storeNum": 2, "floorArea": 471.599961281, "buildArea": 943.199922563, "seiFort": "2", "keyFire": 0, "firehouseDist": 3, "pop": 188}