{"buildingID": 5424, "county": "\u666e\u9640", "town": "\u6843\u6d66\u9547", "circleNum": 2, "builtYear": "2017", "builtHeight": 44, "storeNum": 14, "floorArea": 115.496159145, "buildArea": 1616.94622803, "seiFort": "3", "keyFire": 0, "firehouseDist": 1, "pop": 53}