{"buildingID": 24845, "county": "\u666e\u9640", "town": "\u66f9\u6768\u65b0\u6751\u8857\u9053", "circleNum": 1, "builtYear": "pre1978", "builtHeight": 64, "storeNum": 21, "floorArea": 2074.99331694, "buildArea": 43574.8596558, "seiFort": "1", "keyFire": 0, "firehouseDist": 2, "pop": 1742}