{"buildingID": 7944, "county": "\u666e\u9640", "town": "\u7518\u6cc9\u8def\u8857\u9053", "circleNum": 1, "builtYear": "1987", "builtHeight": 39, "storeNum": 13, "floorArea": 393.31116327, "buildArea": 5113.04512251, "seiFort": "2", "keyFire": 0, "firehouseDist": 3, "pop": 1022}