{"buildingID": 4318, "county": "\u666e\u9640", "town": "\u6843\u6d66\u9547", "circleNum": 2, "builtYear": "1995", "builtHeight": 13, "storeNum": 4, "floorArea": 1659.12259023, "buildArea": 6636.4903609, "seiFort": "2", "keyFire": 0, "firehouseDist": 3, "pop": 1327}