{"buildingID": 16079, "county": "\u666e\u9640", "town": "\u771f\u5982\u9547", "circleNum": 1, "builtYear": "2000", "builtHeight": 7, "storeNum": 2, "floorArea": 11496.4172294, "buildArea": 22992.8344588, "seiFort": "3", "keyFire": 0, "firehouseDist": 1, "pop": 4598}