{"buildingID": 9385, "county": "\u666e\u9640", "town": "\u957f\u5f81\u9547", "circleNum": 1, "builtYear": "1979-1985", "builtHeight": 44, "storeNum": 14, "floorArea": 361.096284115, "buildArea": 5055.34797761, "seiFort": "2", "keyFire": 0, "firehouseDist": 1, "pop": 1011}