{"buildingID": 12633, "county": "\u666e\u9640", "town": "\u771f\u5982\u9547", "circleNum": 2, "builtYear": "1993", "builtHeight": 13, "storeNum": 4, "floorArea": 616.333943656, "buildArea": 2465.33577462, "seiFort": "2", "keyFire": 0, "firehouseDist": 2, "pop": 493}