{"buildingID": 16592, "county": "\u666e\u9640", "town": "\u77f3\u6cc9\u8def\u8857\u9053", "circleNum": 1, "builtYear": "1979-1985", "builtHeight": 40, "storeNum": 13, "floorArea": 1141.88338801, "buildArea": 14844.4840441, "seiFort": "2", "keyFire": 0, "firehouseDist": 2, "pop": 2968}