{"buildingID": 20405, "county": "\u666e\u9640", "town": "\u771f\u5982\u9547", "circleNum": 1, "builtYear": "1987", "builtHeight": 46, "storeNum": 15, "floorArea": 719.799930247, "buildArea": 10796.9989537, "seiFort": "2", "keyFire": 0, "firehouseDist": 1, "pop": 2159}