{"buildingID": 13194, "county": "\u666e\u9640", "town": "\u5b9c\u5ddd\u8def\u8857\u9053", "circleNum": 1, "builtYear": "1979-1985", "builtHeight": 14, "storeNum": 4, "floorArea": 400.556742624, "buildArea": 1602.2269705, "seiFort": "2", "keyFire": 0, "firehouseDist": 2, "pop": 320}