{"buildingID": 21380, "county": "\u666e\u9640", "town": "\u771f\u5982\u9547", "circleNum": 1, "builtYear": "1986", "builtHeight": 9, "storeNum": 3, "floorArea": 206.342518347, "buildArea": 619.027555041, "seiFort": "2", "keyFire": 0, "firehouseDist": 1, "pop": 123}