{"buildingID": 11172, "county": "\u666e\u9640", "town": "\u771f\u5982\u9547", "circleNum": 2, "builtYear": "pre1978", "builtHeight": 69, "storeNum": 23, "floorArea": 359.77807202, "buildArea": 8274.89565647, "seiFort": "1", "keyFire": 0, "firehouseDist": 2, "pop": 275}