{"buildingID": 27307, "county": "\u666e\u9640", "town": "\u957f\u98ce\u65b0\u6751\u8857\u9053", "circleNum": 1, "builtYear": "pre1978", "builtHeight": 16, "storeNum": 5, "floorArea": 194.731727637, "buildArea": 973.658638186, "seiFort": "1", "keyFire": 1, "firehouseDist": 2, "pop": 38}