{"buildingID": 8991, "county": "\u666e\u9640", "town": "\u957f\u5f81\u9547", "circleNum": 1, "builtYear": "1979-1985", "builtHeight": 51, "storeNum": 17, "floorArea": 881.197506984, "buildArea": 14980.3576187, "seiFort": "2", "keyFire": 0, "firehouseDist": 1, "pop": 2996}