{"buildingID": 1762, "county": "\u666e\u9640", "town": "\u6843\u6d66\u9547", "circleNum": 2, "builtYear": "2000", "builtHeight": 14, "storeNum": 4, "floorArea": 759.791961538, "buildArea": 3039.16784615, "seiFort": "3", "keyFire": 0, "firehouseDist": 3, "pop": 607}