{"buildingID": 27303, "county": "\u666e\u9640", "town": "\u957f\u98ce\u65b0\u6751\u8857\u9053", "circleNum": 0, "builtYear": "pre1978", "builtHeight": 14, "storeNum": 4, "floorArea": 1125.41165805, "buildArea": 4501.6466322, "seiFort": "1", "keyFire": 0, "firehouseDist": 1, "pop": 225}