{"buildingID": 10150, "county": "\u666e\u9640", "town": "\u771f\u5982\u9547", "circleNum": 2, "builtYear": "2004", "builtHeight": 47, "storeNum": 15, "floorArea": 87.1072105723, "buildArea": 1306.60815858, "seiFort": "3", "keyFire": 0, "firehouseDist": 2, "pop": 43}