{"buildingID": 29246, "county": "\u666e\u9640", "town": "\u957f\u98ce\u65b0\u6751\u8857\u9053", "circleNum": 1, "builtYear": "pre1978", "builtHeight": 6, "storeNum": 2, "floorArea": 50.2212480471, "buildArea": 100.442496094, "seiFort": "1", "keyFire": 0, "firehouseDist": 3, "pop": 4}