{"buildingID": 6278, "county": "\u666e\u9640", "town": "\u6843\u6d66\u9547", "circleNum": 2, "builtYear": "2003", "builtHeight": 36, "storeNum": 12, "floorArea": 705.470926433, "buildArea": 8465.65111719, "seiFort": "3", "keyFire": 0, "firehouseDist": 1, "pop": 1693}