{"buildingID": 27533, "county": "\u666e\u9640", "town": "\u957f\u98ce\u65b0\u6751\u8857\u9053", "circleNum": 1, "builtYear": "1987", "builtHeight": 5, "storeNum": 1, "floorArea": 224.956814615, "buildArea": 224.956814615, "seiFort": "2", "keyFire": 0, "firehouseDist": 2, "pop": 44}