{"buildingID": 9058, "county": "\u666e\u9640", "town": "\u957f\u5f81\u9547", "circleNum": 1, "builtYear": "1993", "builtHeight": 77, "storeNum": 25, "floorArea": 900.650350123, "buildArea": 22516.2587531, "seiFort": "2", "keyFire": 0, "firehouseDist": 2, "pop": 4503}