{"buildingID": 13617, "county": "\u666e\u9640", "town": "\u771f\u5982\u9547", "circleNum": 1, "builtYear": "1992", "builtHeight": 16, "storeNum": 5, "floorArea": 723.884628963, "buildArea": 3619.42314482, "seiFort": "2", "keyFire": 0, "firehouseDist": 2, "pop": 723}