{"buildingID": 6364, "county": "\u666e\u9640", "town": "\u6843\u6d66\u9547", "circleNum": 2, "builtYear": "1998", "builtHeight": 13, "storeNum": 4, "floorArea": 769.919364145, "buildArea": 3079.67745658, "seiFort": "2", "keyFire": 0, "firehouseDist": 1, "pop": 615}