{"buildingID": 5451, "county": "\u666e\u9640", "town": "\u6843\u6d66\u9547", "circleNum": 2, "builtYear": "2011", "builtHeight": 30, "storeNum": 10, "floorArea": 759.432266633, "buildArea": 7594.32266633, "seiFort": "3", "keyFire": 0, "firehouseDist": 2, "pop": 1518}