{"buildingID": 17336, "county": "\u666e\u9640", "town": "\u957f\u5f81\u9547", "circleNum": 2, "builtYear": "1979-1985", "builtHeight": 17, "storeNum": 5, "floorArea": 1569.52049804, "buildArea": 7847.60249018, "seiFort": "2", "keyFire": 0, "firehouseDist": 2, "pop": 1569}