{"buildingID": 24927, "county": "\u666e\u9640", "town": "\u957f\u5bff\u8def\u8857\u9053", "circleNum": 0, "builtYear": "1979-1985", "builtHeight": 14, "storeNum": 4, "floorArea": 2088.48786349, "buildArea": 8353.95145394, "seiFort": "2", "keyFire": 0, "firehouseDist": 1, "pop": 1670}