{"buildingID": 28122, "county": "\u666e\u9640", "town": "\u957f\u98ce\u65b0\u6751\u8857\u9053", "circleNum": 0, "builtYear": "pre1978", "builtHeight": 44, "storeNum": 14, "floorArea": 548.520778094, "buildArea": 7679.29089332, "seiFort": "1", "keyFire": 0, "firehouseDist": 2, "pop": 383}