{"buildingID": 2065, "county": "\u666e\u9640", "town": "\u6843\u6d66\u9547", "circleNum": 2, "builtYear": "1989", "builtHeight": 12, "storeNum": 4, "floorArea": 205.447007919, "buildArea": 821.788031675, "seiFort": "2", "keyFire": 0, "firehouseDist": 2, "pop": 164}