{"buildingID": 3680, "county": "\u666e\u9640", "town": "\u6843\u6d66\u9547", "circleNum": 2, "builtYear": "1979-1985", "builtHeight": 16, "storeNum": 5, "floorArea": 294.266825973, "buildArea": 1471.33412986, "seiFort": "2", "keyFire": 0, "firehouseDist": 2, "pop": 294}