{"buildingID": 9381, "county": "\u666e\u9640", "town": "\u957f\u5f81\u9547", "circleNum": 1, "builtYear": "2001", "builtHeight": 47, "storeNum": 15, "floorArea": 688.588467854, "buildArea": 10328.8270178, "seiFort": "3", "keyFire": 0, "firehouseDist": 1, "pop": 2065}