{"buildingID": 20390, "county": "\u666e\u9640", "town": "\u771f\u5982\u9547", "circleNum": 1, "builtYear": "2009", "builtHeight": 15, "storeNum": 5, "floorArea": 226.974615894, "buildArea": 1134.87307947, "seiFort": "3", "keyFire": 0, "firehouseDist": 2, "pop": 226}