{"buildingID": 21417, "county": "\u666e\u9640", "town": "\u957f\u5f81\u9547", "circleNum": 1, "builtYear": "1979-1985", "builtHeight": 34, "storeNum": 11, "floorArea": 99.2314454366, "buildArea": 1091.5458998, "seiFort": "2", "keyFire": 0, "firehouseDist": 1, "pop": 43}