{"buildingID": 15515, "county": "\u666e\u9640", "town": "\u77f3\u6cc9\u8def\u8857\u9053", "circleNum": 1, "builtYear": "1986", "builtHeight": 17, "storeNum": 5, "floorArea": 317.515556139, "buildArea": 1587.57778069, "seiFort": "2", "keyFire": 0, "firehouseDist": 2, "pop": 317}