{"buildingID": 28567, "county": "\u666e\u9640", "town": "\u957f\u98ce\u65b0\u6751\u8857\u9053", "circleNum": 1, "builtYear": "pre1978", "builtHeight": 25, "storeNum": 8, "floorArea": 1288.55407939, "buildArea": 10308.4326351, "seiFort": "1", "keyFire": 0, "firehouseDist": 3, "pop": 412}