{"buildingID": 12003, "county": "\u666e\u9640", "town": "\u77f3\u6cc9\u8def\u8857\u9053", "circleNum": 1, "builtYear": "1986", "builtHeight": 20, "storeNum": 6, "floorArea": 131.690371212, "buildArea": 790.142227273, "seiFort": "2", "keyFire": 0, "firehouseDist": 3, "pop": 31}