{"buildingID": 19020, "county": "\u666e\u9640", "town": "\u957f\u5f81\u9547", "circleNum": 2, "builtYear": "1995", "builtHeight": 19, "storeNum": 6, "floorArea": 1951.44711795, "buildArea": 11708.6827077, "seiFort": "2", "keyFire": 0, "firehouseDist": 3, "pop": 2341}