{"buildingID": 20054, "county": "\u666e\u9640", "town": "\u66f9\u6768\u65b0\u6751\u8857\u9053", "circleNum": 1, "builtYear": "pre1978", "builtHeight": 19, "storeNum": 6, "floorArea": 1149.12102283, "buildArea": 6894.72613697, "seiFort": "1", "keyFire": 0, "firehouseDist": 1, "pop": 275}