{"buildingID": 11766, "county": "\u666e\u9640", "town": "\u771f\u5982\u9547", "circleNum": 2, "builtYear": "1996", "builtHeight": 21, "storeNum": 7, "floorArea": 338.986699769, "buildArea": 2372.90689838, "seiFort": "2", "keyFire": 0, "firehouseDist": 2, "pop": 474}