{"buildingID": 26980, "county": "\u666e\u9640", "town": "\u957f\u5bff\u8def\u8857\u9053", "circleNum": 0, "builtYear": "1999", "builtHeight": 24, "storeNum": 8, "floorArea": 6988.20896044, "buildArea": 55905.6716835, "seiFort": "2", "keyFire": 0, "firehouseDist": 1, "pop": 11181}