{"buildingID": 6281, "county": "\u666e\u9640", "town": "\u6843\u6d66\u9547", "circleNum": 2, "builtYear": "pre1978", "builtHeight": 60, "storeNum": 20, "floorArea": 182.115696065, "buildArea": 3642.31392131, "seiFort": "1", "keyFire": 0, "firehouseDist": 2, "pop": 121}