{"buildingID": 11278, "county": "\u666e\u9640", "town": "\u771f\u5982\u9547", "circleNum": 2, "builtYear": "1990", "builtHeight": 14, "storeNum": 4, "floorArea": 960.857472495, "buildArea": 3843.42988998, "seiFort": "2", "keyFire": 0, "firehouseDist": 2, "pop": 768}