{"buildingID": 19149, "county": "\u666e\u9640", "town": "\u957f\u5f81\u9547", "circleNum": 2, "builtYear": "1994", "builtHeight": 56, "storeNum": 18, "floorArea": 704.301098213, "buildArea": 12677.4197678, "seiFort": "2", "keyFire": 0, "firehouseDist": 3, "pop": 2535}