{"buildingID": 28454, "county": "\u666e\u9640", "town": "\u957f\u98ce\u65b0\u6751\u8857\u9053", "circleNum": 0, "builtYear": "pre1978", "builtHeight": 3, "storeNum": 1, "floorArea": 1332.73286605, "buildArea": 1332.73286605, "seiFort": "1", "keyFire": 0, "firehouseDist": 2, "pop": 66}