{"buildingID": 11110, "county": "\u666e\u9640", "town": "\u5b9c\u5ddd\u8def\u8857\u9053", "circleNum": 1, "builtYear": "1979-1985", "builtHeight": 15, "storeNum": 5, "floorArea": 505.870563726, "buildArea": 2529.35281863, "seiFort": "2", "keyFire": 0, "firehouseDist": 2, "pop": 505}