{"buildingID": 12066, "county": "\u666e\u9640", "town": "\u771f\u5982\u9547", "circleNum": 1, "builtYear": "2002", "builtHeight": 16, "storeNum": 5, "floorArea": 804.305429928, "buildArea": 4021.52714964, "seiFort": "3", "keyFire": 0, "firehouseDist": 2, "pop": 804}