{"buildingID": 5777, "county": "\u666e\u9640", "town": "\u6843\u6d66\u9547", "circleNum": 2, "builtYear": "2001", "builtHeight": 14, "storeNum": 4, "floorArea": 743.566791317, "buildArea": 2974.26716527, "seiFort": "3", "keyFire": 0, "firehouseDist": 2, "pop": 594}