{"buildingID": 15147, "county": "\u666e\u9640", "town": "\u771f\u5982\u9547", "circleNum": 2, "builtYear": "2001", "builtHeight": 6, "storeNum": 2, "floorArea": 323.891925986, "buildArea": 647.783851972, "seiFort": "3", "keyFire": 0, "firehouseDist": 1, "pop": 129}