{"buildingID": 9608, "county": "\u666e\u9640", "town": "\u7518\u6cc9\u8def\u8857\u9053", "circleNum": 1, "builtYear": "1995", "builtHeight": 63, "storeNum": 21, "floorArea": 1673.35207809, "buildArea": 35140.3936399, "seiFort": "2", "keyFire": 0, "firehouseDist": 3, "pop": 7028}