{"buildingID": 2072, "county": "\u666e\u9640", "town": "\u6843\u6d66\u9547", "circleNum": 2, "builtYear": "1979-1985", "builtHeight": 4, "storeNum": 1, "floorArea": 517.24861606, "buildArea": 517.24861606, "seiFort": "2", "keyFire": 0, "firehouseDist": 2, "pop": 103}