{"buildingID": 12661, "county": "\u666e\u9640", "town": "\u771f\u5982\u9547", "circleNum": 2, "builtYear": "pre1978", "builtHeight": 37, "storeNum": 12, "floorArea": 63.6358921964, "buildArea": 763.630706356, "seiFort": "1", "keyFire": 0, "firehouseDist": 2, "pop": 25}