{"buildingID": 3304, "county": "\u666e\u9640", "town": "\u6843\u6d66\u9547", "circleNum": 2, "builtYear": "1993", "builtHeight": 30, "storeNum": 10, "floorArea": 112.644965626, "buildArea": 1126.44965626, "seiFort": "2", "keyFire": 0, "firehouseDist": 1, "pop": 37}