{"buildingID": 15892, "county": "\u666e\u9640", "town": "\u771f\u5982\u9547", "circleNum": 1, "builtYear": "1979-1985", "builtHeight": 6, "storeNum": 2, "floorArea": 78.2425285838, "buildArea": 156.485057168, "seiFort": "2", "keyFire": 0, "firehouseDist": 2, "pop": 6}