{"buildingID": 10121, "county": "\u666e\u9640", "town": "\u771f\u5982\u9547", "circleNum": 2, "builtYear": "2007", "builtHeight": 17, "storeNum": 5, "floorArea": 807.810970065, "buildArea": 4039.05485032, "seiFort": "3", "keyFire": 0, "firehouseDist": 2, "pop": 807}