{"buildingID": 1432, "county": "\u666e\u9640", "town": "\u6843\u6d66\u9547", "circleNum": 3, "builtYear": "2002", "builtHeight": 6, "storeNum": 2, "floorArea": 4629.64104063, "buildArea": 9259.28208126, "seiFort": "3", "keyFire": 0, "firehouseDist": 5, "pop": 1851}