{"buildingID": 11819, "county": "\u666e\u9640", "town": "\u771f\u5982\u9547", "circleNum": 1, "builtYear": "pre1978", "builtHeight": 59, "storeNum": 19, "floorArea": 47.2323452583, "buildArea": 897.414559908, "seiFort": "1", "keyFire": 0, "firehouseDist": 2, "pop": 35}