{"buildingID": 16184, "county": "\u666e\u9640", "town": "\u77f3\u6cc9\u8def\u8857\u9053", "circleNum": 1, "builtYear": "1979-1985", "builtHeight": 15, "storeNum": 5, "floorArea": 427.878944977, "buildArea": 2139.39472489, "seiFort": "2", "keyFire": 0, "firehouseDist": 2, "pop": 427}