{"buildingID": 5662, "county": "\u666e\u9640", "town": "\u6843\u6d66\u9547", "circleNum": 2, "builtYear": "2005", "builtHeight": 13, "storeNum": 4, "floorArea": 1284.51452493, "buildArea": 5138.05809971, "seiFort": "3", "keyFire": 0, "firehouseDist": 1, "pop": 1027}