{"buildingID": 543, "county": "\u666e\u9640", "town": "\u6843\u6d66\u9547", "circleNum": 3, "builtYear": "2009", "builtHeight": 54, "storeNum": 18, "floorArea": 1244.76437335, "buildArea": 22405.7587203, "seiFort": "3", "keyFire": 0, "firehouseDist": 4, "pop": 4481}