{"buildingID": 23891, "county": "\u666e\u9640", "town": "\u66f9\u6768\u65b0\u6751\u8857\u9053", "circleNum": 1, "builtYear": "pre1978", "builtHeight": 13, "storeNum": 4, "floorArea": 1402.65306806, "buildArea": 5610.61227223, "seiFort": "1", "keyFire": 0, "firehouseDist": 2, "pop": 224}