{"buildingID": 13458, "county": "\u666e\u9640", "town": "\u771f\u5982\u9547", "circleNum": 2, "builtYear": "1995", "builtHeight": 11, "storeNum": 3, "floorArea": 436.834655736, "buildArea": 1310.50396721, "seiFort": "2", "keyFire": 0, "firehouseDist": 1, "pop": 262}