{"buildingID": 14612, "county": "\u666e\u9640", "town": "\u771f\u5982\u9547", "circleNum": 1, "builtYear": "2002", "builtHeight": 10, "storeNum": 3, "floorArea": 184.738636403, "buildArea": 554.215909209, "seiFort": "3", "keyFire": 0, "firehouseDist": 2, "pop": 110}