{"buildingID": 28284, "county": "\u666e\u9640", "town": "\u957f\u98ce\u65b0\u6751\u8857\u9053", "circleNum": 1, "builtYear": "2001", "builtHeight": 20, "storeNum": 6, "floorArea": 789.694750292, "buildArea": 4738.16850175, "seiFort": "3", "keyFire": 0, "firehouseDist": 2, "pop": 947}