{"buildingID": 3447, "county": "\u666e\u9640", "town": "\u6843\u6d66\u9547", "circleNum": 3, "builtYear": "1995", "builtHeight": 18, "storeNum": 6, "floorArea": 695.012811835, "buildArea": 4170.07687101, "seiFort": "2", "keyFire": 0, "firehouseDist": 3, "pop": 834}