{"buildingID": 8297, "county": "\u666e\u9640", "town": "\u6843\u6d66\u9547", "circleNum": 2, "builtYear": "1979-1985", "builtHeight": 15, "storeNum": 5, "floorArea": 361.978998445, "buildArea": 1809.89499223, "seiFort": "2", "keyFire": 0, "firehouseDist": 2, "pop": 361}