{"buildingID": 1469, "county": "\u666e\u9640", "town": "\u6843\u6d66\u9547", "circleNum": 3, "builtYear": "1979-1985", "builtHeight": 18, "storeNum": 6, "floorArea": 755.668341865, "buildArea": 4534.01005119, "seiFort": "2", "keyFire": 0, "firehouseDist": 4, "pop": 906}