{"buildingID": 5561, "county": "\u666e\u9640", "town": "\u6843\u6d66\u9547", "circleNum": 2, "builtYear": "1994", "builtHeight": 32, "storeNum": 10, "floorArea": 426.220091924, "buildArea": 4262.20091924, "seiFort": "2", "keyFire": 0, "firehouseDist": 1, "pop": 852}