{"buildingID": 13704, "county": "\u666e\u9640", "town": "\u771f\u5982\u9547", "circleNum": 2, "builtYear": "1996", "builtHeight": 13, "storeNum": 4, "floorArea": 515.106855868, "buildArea": 2060.42742347, "seiFort": "2", "keyFire": 0, "firehouseDist": 2, "pop": 412}