{"buildingID": 5859, "county": "\u666e\u9640", "town": "\u6843\u6d66\u9547", "circleNum": 2, "builtYear": "2000", "builtHeight": 19, "storeNum": 6, "floorArea": 668.330447132, "buildArea": 4009.98268279, "seiFort": "3", "keyFire": 0, "firehouseDist": 1, "pop": 801}