{"buildingID": 3454, "county": "\u666e\u9640", "town": "\u6843\u6d66\u9547", "circleNum": 3, "builtYear": "2001", "builtHeight": 18, "storeNum": 6, "floorArea": 294.513362224, "buildArea": 1767.08017334, "seiFort": "3", "keyFire": 0, "firehouseDist": 3, "pop": 353}