{"buildingID": 15811, "county": "\u666e\u9640", "town": "\u77f3\u6cc9\u8def\u8857\u9053", "circleNum": 1, "builtYear": "pre1978", "builtHeight": 80, "storeNum": 26, "floorArea": 219.865751205, "buildArea": 5716.50953132, "seiFort": "1", "keyFire": 0, "firehouseDist": 1, "pop": 228}