{"buildingID": 13833, "county": "\u666e\u9640", "town": "\u77f3\u6cc9\u8def\u8857\u9053", "circleNum": 1, "builtYear": "pre1978", "builtHeight": 92, "storeNum": 30, "floorArea": 130.666140925, "buildArea": 3919.98422774, "seiFort": "1", "keyFire": 0, "firehouseDist": 3, "pop": 156}