{"buildingID": 15290, "county": "\u666e\u9640", "town": "\u771f\u5982\u9547", "circleNum": 1, "builtYear": "1979-1985", "builtHeight": 6, "storeNum": 2, "floorArea": 1570.99055326, "buildArea": 3141.98110653, "seiFort": "2", "keyFire": 0, "firehouseDist": 2, "pop": 628}