{"buildingID": 26476, "county": "\u666e\u9640", "town": "\u957f\u5bff\u8def\u8857\u9053", "circleNum": 0, "builtYear": "1979-1985", "builtHeight": 23, "storeNum": 7, "floorArea": 276.77622668, "buildArea": 1937.43358676, "seiFort": "2", "keyFire": 0, "firehouseDist": 1, "pop": 387}