{"buildingID": 24520, "county": "\u666e\u9640", "town": "\u957f\u5bff\u8def\u8857\u9053", "circleNum": 0, "builtYear": "pre1978", "builtHeight": 104, "storeNum": 34, "floorArea": 112.653177761, "buildArea": 3830.20804387, "seiFort": "1", "keyFire": 1, "firehouseDist": 1, "pop": 766}