{"buildingID": 25431, "county": "\u666e\u9640", "town": "\u66f9\u6768\u65b0\u6751\u8857\u9053", "circleNum": 1, "builtYear": "pre1978", "builtHeight": 41, "storeNum": 13, "floorArea": 34.1527570646, "buildArea": 443.98584184, "seiFort": "1", "keyFire": 0, "firehouseDist": 1, "pop": 17}