{"buildingID": 12318, "county": "\u666e\u9640", "town": "\u771f\u5982\u9547", "circleNum": 1, "builtYear": "1979-1985", "builtHeight": 39, "storeNum": 13, "floorArea": 718.919895653, "buildArea": 9345.95864349, "seiFort": "2", "keyFire": 0, "firehouseDist": 2, "pop": 1869}