{"buildingID": 4777, "county": "\u666e\u9640", "town": "\u6843\u6d66\u9547", "circleNum": 2, "builtYear": "1997", "builtHeight": 20, "storeNum": 6, "floorArea": 732.305004995, "buildArea": 4393.83002997, "seiFort": "2", "keyFire": 0, "firehouseDist": 1, "pop": 878}