{"buildingID": 5600, "county": "\u666e\u9640", "town": "\u6843\u6d66\u9547", "circleNum": 2, "builtYear": "2000", "builtHeight": 13, "storeNum": 4, "floorArea": 387.803744827, "buildArea": 1551.21497931, "seiFort": "3", "keyFire": 0, "firehouseDist": 1, "pop": 310}