{"buildingID": 16452, "county": "\u666e\u9640", "town": "\u77f3\u6cc9\u8def\u8857\u9053", "circleNum": 1, "builtYear": "pre1978", "builtHeight": 12, "storeNum": 4, "floorArea": 653.349627266, "buildArea": 2613.39850907, "seiFort": "1", "keyFire": 0, "firehouseDist": 2, "pop": 104}