{"buildingID": 6913, "county": "\u666e\u9640", "town": "\u6843\u6d66\u9547", "circleNum": 2, "builtYear": "1996", "builtHeight": 89, "storeNum": 29, "floorArea": 352.586407633, "buildArea": 10225.0058213, "seiFort": "2", "keyFire": 0, "firehouseDist": 1, "pop": 2045}