{"buildingID": 3170, "county": "\u666e\u9640", "town": "\u6843\u6d66\u9547", "circleNum": 3, "builtYear": "1999", "builtHeight": 54, "storeNum": 18, "floorArea": 1093.51608414, "buildArea": 19683.2895145, "seiFort": "2", "keyFire": 0, "firehouseDist": 3, "pop": 3936}