{"buildingID": 12944, "county": "\u666e\u9640", "town": "\u771f\u5982\u9547", "circleNum": 1, "builtYear": "1979-1985", "builtHeight": 3, "storeNum": 1, "floorArea": 77.3900793508, "buildArea": 77.3900793508, "seiFort": "2", "keyFire": 0, "firehouseDist": 2, "pop": 3}