{"buildingID": 13631, "county": "\u666e\u9640", "town": "\u771f\u5982\u9547", "circleNum": 1, "builtYear": "1988", "builtHeight": 44, "storeNum": 14, "floorArea": 246.187924615, "buildArea": 3446.63094461, "seiFort": "2", "keyFire": 0, "firehouseDist": 2, "pop": 689}