{"buildingID": 15987, "county": "\u666e\u9640", "town": "\u77f3\u6cc9\u8def\u8857\u9053", "circleNum": 1, "builtYear": "1979-1985", "builtHeight": 3, "storeNum": 1, "floorArea": 166.827423842, "buildArea": 166.827423842, "seiFort": "2", "keyFire": 0, "firehouseDist": 1, "pop": 6}