{"buildingID": 20608, "county": "\u666e\u9640", "town": "\u77f3\u6cc9\u8def\u8857\u9053", "circleNum": 1, "builtYear": "pre1978", "builtHeight": 27, "storeNum": 9, "floorArea": 722.638826655, "buildArea": 6503.74943989, "seiFort": "1", "keyFire": 0, "firehouseDist": 2, "pop": 260}