{"buildingID": 16589, "county": "\u666e\u9640", "town": "\u77f3\u6cc9\u8def\u8857\u9053", "circleNum": 1, "builtYear": "pre1978", "builtHeight": 54, "storeNum": 18, "floorArea": 794.606366601, "buildArea": 14302.9145988, "seiFort": "1", "keyFire": 0, "firehouseDist": 2, "pop": 572}