{"buildingID": 16371, "county": "\u666e\u9640", "town": "\u771f\u5982\u9547", "circleNum": 1, "builtYear": "1991", "builtHeight": 19, "storeNum": 6, "floorArea": 874.213204159, "buildArea": 5245.27922495, "seiFort": "2", "keyFire": 0, "firehouseDist": 2, "pop": 1049}