{"buildingID": 14553, "county": "\u666e\u9640", "town": "\u771f\u5982\u9547", "circleNum": 2, "builtYear": "1996", "builtHeight": 16, "storeNum": 5, "floorArea": 912.308519417, "buildArea": 4561.54259709, "seiFort": "2", "keyFire": 0, "firehouseDist": 1, "pop": 912}