{"buildingID": 19140, "county": "\u666e\u9640", "town": "\u957f\u5f81\u9547", "circleNum": 2, "builtYear": "1989", "builtHeight": 56, "storeNum": 18, "floorArea": 921.647700594, "buildArea": 16589.6586107, "seiFort": "2", "keyFire": 0, "firehouseDist": 3, "pop": 3317}