{"buildingID": 13703, "county": "\u666e\u9640", "town": "\u771f\u5982\u9547", "circleNum": 2, "builtYear": "1997", "builtHeight": 15, "storeNum": 5, "floorArea": 876.582900545, "buildArea": 4382.91450272, "seiFort": "2", "keyFire": 0, "firehouseDist": 2, "pop": 876}