{"buildingID": 19190, "county": "\u666e\u9640", "town": "\u957f\u5f81\u9547", "circleNum": 2, "builtYear": "1989", "builtHeight": 13, "storeNum": 4, "floorArea": 1711.66615292, "buildArea": 6846.66461169, "seiFort": "2", "keyFire": 0, "firehouseDist": 3, "pop": 1369}