{"buildingID": 12006, "county": "\u666e\u9640", "town": "\u77f3\u6cc9\u8def\u8857\u9053", "circleNum": 1, "builtYear": "2000", "builtHeight": 16, "storeNum": 5, "floorArea": 138.727231431, "buildArea": 693.636157153, "seiFort": "3", "keyFire": 0, "firehouseDist": 3, "pop": 27}