{"buildingID": 4420, "county": "\u666e\u9640", "town": "\u6843\u6d66\u9547", "circleNum": 2, "builtYear": "2003", "builtHeight": 13, "storeNum": 4, "floorArea": 1886.25371665, "buildArea": 7545.01486659, "seiFort": "3", "keyFire": 0, "firehouseDist": 3, "pop": 1509}