{"buildingID": 13554, "county": "\u666e\u9640", "town": "\u77f3\u6cc9\u8def\u8857\u9053", "circleNum": 1, "builtYear": "2003", "builtHeight": 3, "storeNum": 1, "floorArea": 884.597322538, "buildArea": 884.597322538, "seiFort": "3", "keyFire": 0, "firehouseDist": 2, "pop": 176}