{"buildingID": 21721, "county": "\u666e\u9640", "town": "\u77f3\u6cc9\u8def\u8857\u9053", "circleNum": 1, "builtYear": "pre1978", "builtHeight": 40, "storeNum": 13, "floorArea": 105.530327834, "buildArea": 1371.89426184, "seiFort": "1", "keyFire": 0, "firehouseDist": 1, "pop": 54}