{"buildingID": 24892, "county": "\u666e\u9640", "town": "\u957f\u98ce\u65b0\u6751\u8857\u9053", "circleNum": 0, "builtYear": "1979-1985", "builtHeight": 183, "storeNum": 61, "floorArea": 1885.00393287, "buildArea": 114985.239905, "seiFort": "2", "keyFire": 0, "firehouseDist": 2, "pop": 22997}