{"buildingID": 4405, "county": "\u666e\u9640", "town": "\u6843\u6d66\u9547", "circleNum": 2, "builtYear": "1996", "builtHeight": 23, "storeNum": 7, "floorArea": 2049.09267797, "buildArea": 14343.6487458, "seiFort": "2", "keyFire": 0, "firehouseDist": 2, "pop": 2868}