{"buildingID": 16611, "county": "\u666e\u9640", "town": "\u771f\u5982\u9547", "circleNum": 2, "builtYear": "1993", "builtHeight": 11, "storeNum": 3, "floorArea": 287.151212399, "buildArea": 861.453637196, "seiFort": "2", "keyFire": 0, "firehouseDist": 1, "pop": 172}