{"buildingID": 17389, "county": "\u666e\u9640", "town": "\u957f\u5f81\u9547", "circleNum": 2, "builtYear": "1986", "builtHeight": 18, "storeNum": 6, "floorArea": 1420.54582219, "buildArea": 8523.27493314, "seiFort": "2", "keyFire": 0, "firehouseDist": 2, "pop": 1704}