{"buildingID": 16877, "county": "\u666e\u9640", "town": "\u77f3\u6cc9\u8def\u8857\u9053", "circleNum": 1, "builtYear": "1991", "builtHeight": 6, "storeNum": 2, "floorArea": 385.496918654, "buildArea": 770.993837309, "seiFort": "2", "keyFire": 0, "firehouseDist": 2, "pop": 154}