{"buildingID": 11316, "county": "\u666e\u9640", "town": "\u771f\u5982\u9547", "circleNum": 1, "builtYear": "pre1978", "builtHeight": 45, "storeNum": 15, "floorArea": 54.7121056483, "buildArea": 820.681584724, "seiFort": "1", "keyFire": 0, "firehouseDist": 2, "pop": 32}