{"buildingID": 15317, "county": "\u666e\u9640", "town": "\u77f3\u6cc9\u8def\u8857\u9053", "circleNum": 1, "builtYear": "1988", "builtHeight": 7, "storeNum": 2, "floorArea": 717.236931389, "buildArea": 1434.47386278, "seiFort": "2", "keyFire": 0, "firehouseDist": 2, "pop": 286}