{"buildingID": 6184, "county": "\u666e\u9640", "town": "\u6843\u6d66\u9547", "circleNum": 2, "builtYear": "2005", "builtHeight": 50, "storeNum": 16, "floorArea": 241.560197299, "buildArea": 3864.96315679, "seiFort": "3", "keyFire": 0, "firehouseDist": 1, "pop": 772}