{"buildingID": 23709, "county": "\u666e\u9640", "town": "\u66f9\u6768\u65b0\u6751\u8857\u9053", "circleNum": 1, "builtYear": "pre1978", "builtHeight": 90, "storeNum": 30, "floorArea": 1119.6834184, "buildArea": 33590.5025519, "seiFort": "1", "keyFire": 0, "firehouseDist": 2, "pop": 1343}