{"buildingID": 21704, "county": "\u666e\u9640", "town": "\u66f9\u6768\u65b0\u6751\u8857\u9053", "circleNum": 1, "builtYear": "1987", "builtHeight": 8, "storeNum": 2, "floorArea": 2137.28532079, "buildArea": 4274.57064157, "seiFort": "2", "keyFire": 0, "firehouseDist": 1, "pop": 854}