{"buildingID": 23939, "county": "\u666e\u9640", "town": "\u957f\u5f81\u9547", "circleNum": 1, "builtYear": "1986", "builtHeight": 19, "storeNum": 6, "floorArea": 1872.83164293, "buildArea": 11236.9898576, "seiFort": "2", "keyFire": 0, "firehouseDist": 2, "pop": 2247}