{"buildingID": 14917, "county": "\u666e\u9640", "town": "\u5b9c\u5ddd\u8def\u8857\u9053", "circleNum": 0, "builtYear": "pre1978", "builtHeight": 107, "storeNum": 35, "floorArea": 308.262070283, "buildArea": 10789.1724599, "seiFort": "1", "keyFire": 0, "firehouseDist": 1, "pop": 2157}