{"buildingID": 21407, "county": "\u666e\u9640", "town": "\u771f\u5982\u9547", "circleNum": 1, "builtYear": "1988", "builtHeight": 11, "storeNum": 3, "floorArea": 141.520443002, "buildArea": 424.561329007, "seiFort": "2", "keyFire": 0, "firehouseDist": 1, "pop": 16}