{"buildingID": 4979, "county": "\u666e\u9640", "town": "\u6843\u6d66\u9547", "circleNum": 2, "builtYear": "1994", "builtHeight": 32, "storeNum": 10, "floorArea": 404.709230884, "buildArea": 4047.09230884, "seiFort": "2", "keyFire": 0, "firehouseDist": 1, "pop": 809}