{"buildingID": 11165, "county": "\u666e\u9640", "town": "\u771f\u5982\u9547", "circleNum": 2, "builtYear": "1997", "builtHeight": 9, "storeNum": 3, "floorArea": 708.442268138, "buildArea": 2125.32680441, "seiFort": "2", "keyFire": 0, "firehouseDist": 2, "pop": 425}