{"buildingID": 4853, "county": "\u666e\u9640", "town": "\u6843\u6d66\u9547", "circleNum": 2, "builtYear": "2003", "builtHeight": 22, "storeNum": 7, "floorArea": 604.953317742, "buildArea": 4234.67322419, "seiFort": "3", "keyFire": 0, "firehouseDist": 2, "pop": 846}