{"buildingID": 14561, "county": "\u666e\u9640", "town": "\u771f\u5982\u9547", "circleNum": 2, "builtYear": "2010", "builtHeight": 31, "storeNum": 10, "floorArea": 156.490724119, "buildArea": 1564.90724119, "seiFort": "3", "keyFire": 0, "firehouseDist": 1, "pop": 52}