{"buildingID": 4817, "county": "\u666e\u9640", "town": "\u6843\u6d66\u9547", "circleNum": 2, "builtYear": "1991", "builtHeight": 62, "storeNum": 20, "floorArea": 51.2506102924, "buildArea": 1025.01220585, "seiFort": "2", "keyFire": 0, "firehouseDist": 2, "pop": 34}