{"buildingID": 12471, "county": "\u666e\u9640", "town": "\u771f\u5982\u9547", "circleNum": 1, "builtYear": "1989", "builtHeight": 27, "storeNum": 9, "floorArea": 327.06317673, "buildArea": 2943.56859057, "seiFort": "2", "keyFire": 0, "firehouseDist": 2, "pop": 588}