{"buildingID": 23563, "county": "\u666e\u9640", "town": "\u66f9\u6768\u65b0\u6751\u8857\u9053", "circleNum": 1, "builtYear": "1993", "builtHeight": 20, "storeNum": 6, "floorArea": 60.7905462133, "buildArea": 364.74327728, "seiFort": "2", "keyFire": 0, "firehouseDist": 1, "pop": 14}