{"buildingID": 9614, "county": "\u666e\u9640", "town": "\u7518\u6cc9\u8def\u8857\u9053", "circleNum": 1, "builtYear": "2001", "builtHeight": 13, "storeNum": 4, "floorArea": 120.458895173, "buildArea": 481.835580691, "seiFort": "3", "keyFire": 0, "firehouseDist": 3, "pop": 19}