{"buildingID": 22395, "county": "\u666e\u9640", "town": "\u66f9\u6768\u65b0\u6751\u8857\u9053", "circleNum": 1, "builtYear": "pre1978", "builtHeight": 16, "storeNum": 5, "floorArea": 199.987162699, "buildArea": 999.935813494, "seiFort": "1", "keyFire": 0, "firehouseDist": 1, "pop": 39}