{"buildingID": 1773, "county": "\u666e\u9640", "town": "\u6843\u6d66\u9547", "circleNum": 2, "builtYear": "2000", "builtHeight": 11, "storeNum": 3, "floorArea": 425.643741122, "buildArea": 1276.93122337, "seiFort": "3", "keyFire": 0, "firehouseDist": 2, "pop": 255}