{"buildingID": 19598, "county": "\u666e\u9640", "town": "\u957f\u98ce\u65b0\u6751\u8857\u9053", "circleNum": 1, "builtYear": "1988", "builtHeight": 10, "storeNum": 3, "floorArea": 1928.57798814, "buildArea": 5785.73396441, "seiFort": "2", "keyFire": 0, "firehouseDist": 3, "pop": 1157}