{"buildingID": 12930, "county": "\u666e\u9640", "town": "\u771f\u5982\u9547", "circleNum": 1, "builtYear": "1987", "builtHeight": 9, "storeNum": 3, "floorArea": 730.170853958, "buildArea": 2190.51256188, "seiFort": "2", "keyFire": 0, "firehouseDist": 2, "pop": 438}