{"buildingID": 15167, "county": "\u666e\u9640", "town": "\u771f\u5982\u9547", "circleNum": 1, "builtYear": "1988", "builtHeight": 6, "storeNum": 2, "floorArea": 339.344625454, "buildArea": 678.689250908, "seiFort": "2", "keyFire": 0, "firehouseDist": 2, "pop": 135}