{"buildingID": 6009, "county": "\u666e\u9640", "town": "\u6843\u6d66\u9547", "circleNum": 2, "builtYear": "1979-1985", "builtHeight": 70, "storeNum": 23, "floorArea": 107.89738888, "buildArea": 2481.63994424, "seiFort": "2", "keyFire": 0, "firehouseDist": 2, "pop": 82}