{"buildingID": 9653, "county": "\u666e\u9640", "town": "\u7518\u6cc9\u8def\u8857\u9053", "circleNum": 1, "builtYear": "1994", "builtHeight": 6, "storeNum": 2, "floorArea": 253.886756323, "buildArea": 507.773512646, "seiFort": "2", "keyFire": 0, "firehouseDist": 3, "pop": 101}