{"buildingID": 1390, "county": "\u666e\u9640", "town": "\u6843\u6d66\u9547", "circleNum": 2, "builtYear": "1997", "builtHeight": 15, "storeNum": 5, "floorArea": 928.747166491, "buildArea": 4643.73583245, "seiFort": "2", "keyFire": 0, "firehouseDist": 1, "pop": 928}