{"buildingID": 25919, "county": "\u666e\u9640", "town": "\u957f\u98ce\u65b0\u6751\u8857\u9053", "circleNum": 1, "builtYear": "pre1978", "builtHeight": 3, "storeNum": 1, "floorArea": 193.898557641, "buildArea": 193.898557641, "seiFort": "1", "keyFire": 0, "firehouseDist": 3, "pop": 7}