{"buildingID": 9084, "county": "\u666e\u9640", "town": "\u7518\u6cc9\u8def\u8857\u9053", "circleNum": 1, "builtYear": "1990", "builtHeight": 17, "storeNum": 5, "floorArea": 568.575237181, "buildArea": 2842.87618591, "seiFort": "2", "keyFire": 0, "firehouseDist": 3, "pop": 568}