{"buildingID": 27031, "county": "\u666e\u9640", "town": "\u957f\u98ce\u65b0\u6751\u8857\u9053", "circleNum": 0, "builtYear": "pre1978", "builtHeight": 100, "storeNum": 33, "floorArea": 110.544015031, "buildArea": 3647.95249602, "seiFort": "1", "keyFire": 0, "firehouseDist": 1, "pop": 729}