{"buildingID": 1244, "county": "\u666e\u9640", "town": "\u6843\u6d66\u9547", "circleNum": 3, "builtYear": "2017", "builtHeight": 18, "storeNum": 6, "floorArea": 328.201649038, "buildArea": 1969.20989423, "seiFort": "3", "keyFire": 0, "firehouseDist": 3, "pop": 393}