{"buildingID": 28673, "county": "\u666e\u9640", "town": "\u957f\u98ce\u65b0\u6751\u8857\u9053", "circleNum": 1, "builtYear": "pre1978", "builtHeight": 13, "storeNum": 4, "floorArea": 492.276971474, "buildArea": 1969.1078859, "seiFort": "1", "keyFire": 0, "firehouseDist": 3, "pop": 78}