{"buildingID": 6027, "county": "\u666e\u9640", "town": "\u6843\u6d66\u9547", "circleNum": 2, "builtYear": "1994", "builtHeight": 15, "storeNum": 5, "floorArea": 355.109095155, "buildArea": 1775.54547577, "seiFort": "2", "keyFire": 0, "firehouseDist": 2, "pop": 355}