{"buildingID": 1025, "county": "\u666e\u9640", "town": "\u6843\u6d66\u9547", "circleNum": 3, "builtYear": "1987", "builtHeight": 54, "storeNum": 18, "floorArea": 558.37983786, "buildArea": 10050.8370815, "seiFort": "2", "keyFire": 0, "firehouseDist": 4, "pop": 2010}