{"buildingID": 27434, "county": "\u666e\u9640", "town": "\u957f\u98ce\u65b0\u6751\u8857\u9053", "circleNum": 0, "builtYear": "pre1978", "builtHeight": 6, "storeNum": 2, "floorArea": 36.1701028293, "buildArea": 72.3402056585, "seiFort": "1", "keyFire": 0, "firehouseDist": 1, "pop": 3}