{"buildingID": 10731, "county": "\u666e\u9640", "town": "\u771f\u5982\u9547", "circleNum": 2, "builtYear": "pre1978", "builtHeight": 17, "storeNum": 5, "floorArea": 993.859630816, "buildArea": 4969.29815408, "seiFort": "1", "keyFire": 0, "firehouseDist": 2, "pop": 165}