{"buildingID": 11836, "county": "\u666e\u9640", "town": "\u771f\u5982\u9547", "circleNum": 1, "builtYear": "1979-1985", "builtHeight": 59, "storeNum": 19, "floorArea": 92.4517303291, "buildArea": 1756.58287625, "seiFort": "2", "keyFire": 0, "firehouseDist": 2, "pop": 70}