{"buildingID": 27964, "county": "\u666e\u9640", "town": "\u957f\u98ce\u65b0\u6751\u8857\u9053", "circleNum": 1, "builtYear": "1992", "builtHeight": 14, "storeNum": 4, "floorArea": 253.865691686, "buildArea": 1015.46276675, "seiFort": "2", "keyFire": 0, "firehouseDist": 2, "pop": 203}