{"buildingID": 1451, "county": "\u666e\u9640", "town": "\u6843\u6d66\u9547", "circleNum": 3, "builtYear": "2003", "builtHeight": 18, "storeNum": 6, "floorArea": 733.153020956, "buildArea": 4398.91812574, "seiFort": "3", "keyFire": 0, "firehouseDist": 5, "pop": 879}