{"buildingID": 10883, "county": "\u666e\u9640", "town": "\u957f\u5f81\u9547", "circleNum": 1, "builtYear": "1979-1985", "builtHeight": 68, "storeNum": 22, "floorArea": 892.214874437, "buildArea": 19628.7272376, "seiFort": "2", "keyFire": 0, "firehouseDist": 3, "pop": 3925}