{"buildingID": 21886, "county": "\u666e\u9640", "town": "\u957f\u5bff\u8def\u8857\u9053", "circleNum": 0, "builtYear": "1979-1985", "builtHeight": 19, "storeNum": 6, "floorArea": 600.694640158, "buildArea": 3604.16784095, "seiFort": "2", "keyFire": 1, "firehouseDist": 1, "pop": 720}