{"buildingID": 22845, "county": "\u666e\u9640", "town": "\u66f9\u6768\u65b0\u6751\u8857\u9053", "circleNum": 1, "builtYear": "pre1978", "builtHeight": 33, "storeNum": 11, "floorArea": 467.871459611, "buildArea": 5146.58605572, "seiFort": "1", "keyFire": 0, "firehouseDist": 1, "pop": 205}