{"buildingID": 15917, "county": "\u666e\u9640", "town": "\u771f\u5982\u9547", "circleNum": 1, "builtYear": "2000", "builtHeight": 59, "storeNum": 19, "floorArea": 90.3343368339, "buildArea": 1716.35239984, "seiFort": "3", "keyFire": 0, "firehouseDist": 1, "pop": 68}