{"buildingID": 4814, "county": "\u666e\u9640", "town": "\u6843\u6d66\u9547", "circleNum": 2, "builtYear": "2003", "builtHeight": 79, "storeNum": 26, "floorArea": 1016.69881062, "buildArea": 26434.169076, "seiFort": "3", "keyFire": 0, "firehouseDist": 2, "pop": 5286}