{"buildingID": 18921, "county": "\u666e\u9640", "town": "\u957f\u5f81\u9547", "circleNum": 2, "builtYear": "2001", "builtHeight": 24, "storeNum": 8, "floorArea": 734.825827783, "buildArea": 5878.60662226, "seiFort": "3", "keyFire": 0, "firehouseDist": 3, "pop": 1175}