{"buildingID": 4245, "county": "\u666e\u9640", "town": "\u6843\u6d66\u9547", "circleNum": 2, "builtYear": "1994", "builtHeight": 76, "storeNum": 25, "floorArea": 1130.27270865, "buildArea": 28256.8177163, "seiFort": "2", "keyFire": 0, "firehouseDist": 2, "pop": 5651}