{"buildingID": 19458, "county": "\u666e\u9640", "town": "\u957f\u5f81\u9547", "circleNum": 2, "builtYear": "1979-1985", "builtHeight": 21, "storeNum": 7, "floorArea": 3833.3044373, "buildArea": 26833.1310611, "seiFort": "2", "keyFire": 0, "firehouseDist": 4, "pop": 5366}