{"buildingID": 16575, "county": "\u666e\u9640", "town": "\u77f3\u6cc9\u8def\u8857\u9053", "circleNum": 1, "builtYear": "1998", "builtHeight": 3, "storeNum": 1, "floorArea": 1016.13560247, "buildArea": 1016.13560247, "seiFort": "2", "keyFire": 0, "firehouseDist": 2, "pop": 203}