{"buildingID": 9611, "county": "\u666e\u9640", "town": "\u7518\u6cc9\u8def\u8857\u9053", "circleNum": 1, "builtYear": "1979-1985", "builtHeight": 6, "storeNum": 2, "floorArea": 189.739723732, "buildArea": 379.479447464, "seiFort": "2", "keyFire": 0, "firehouseDist": 3, "pop": 75}