{"buildingID": 6146, "county": "\u666e\u9640", "town": "\u6843\u6d66\u9547", "circleNum": 2, "builtYear": "1993", "builtHeight": 13, "storeNum": 4, "floorArea": 931.867263534, "buildArea": 3727.46905413, "seiFort": "2", "keyFire": 0, "firehouseDist": 1, "pop": 745}