{"buildingID": 661, "county": "\u666e\u9640", "town": "\u6843\u6d66\u9547", "circleNum": 2, "builtYear": "2013", "builtHeight": 22, "storeNum": 7, "floorArea": 1919.88470618, "buildArea": 13439.1929432, "seiFort": "3", "keyFire": 0, "firehouseDist": 2, "pop": 2687}