{"buildingID": 13780, "county": "\u666e\u9640", "town": "\u771f\u5982\u9547", "circleNum": 1, "builtYear": "1979-1985", "builtHeight": 54, "storeNum": 18, "floorArea": 1446.32223732, "buildArea": 26033.8002717, "seiFort": "2", "keyFire": 0, "firehouseDist": 2, "pop": 5206}