{"buildingID": 28326, "county": "\u666e\u9640", "town": "\u957f\u98ce\u65b0\u6751\u8857\u9053", "circleNum": 1, "builtYear": "1985", "builtHeight": 9, "storeNum": 3, "floorArea": 483.184284404, "buildArea": 1449.55285321, "seiFort": "2", "keyFire": 0, "firehouseDist": 2, "pop": 289}