{"buildingID": 26521, "county": "\u666e\u9640", "town": "\u957f\u98ce\u65b0\u6751\u8857\u9053", "circleNum": 0, "builtYear": "pre1978", "builtHeight": 75, "storeNum": 25, "floorArea": 142.703134354, "buildArea": 3567.57835886, "seiFort": "1", "keyFire": 0, "firehouseDist": 1, "pop": 178}