{"buildingID": 4404, "county": "\u666e\u9640", "town": "\u6843\u6d66\u9547", "circleNum": 2, "builtYear": "1979-1985", "builtHeight": 20, "storeNum": 6, "floorArea": 1734.41476381, "buildArea": 10406.4885828, "seiFort": "2", "keyFire": 0, "firehouseDist": 2, "pop": 2081}