{"buildingID": 4373, "county": "\u666e\u9640", "town": "\u6843\u6d66\u9547", "circleNum": 2, "builtYear": "1994", "builtHeight": 19, "storeNum": 6, "floorArea": 535.544230792, "buildArea": 3213.26538475, "seiFort": "2", "keyFire": 0, "firehouseDist": 2, "pop": 642}