{"buildingID": 5750, "county": "\u666e\u9640", "town": "\u6843\u6d66\u9547", "circleNum": 2, "builtYear": "1997", "builtHeight": 10, "storeNum": 3, "floorArea": 709.778771574, "buildArea": 2129.33631472, "seiFort": "2", "keyFire": 0, "firehouseDist": 2, "pop": 425}