{"buildingID": 677, "county": "\u666e\u9640", "town": "\u6843\u6d66\u9547", "circleNum": 2, "builtYear": "1991", "builtHeight": 15, "storeNum": 5, "floorArea": 2117.25718555, "buildArea": 10586.2859277, "seiFort": "2", "keyFire": 0, "firehouseDist": 2, "pop": 2117}