{"buildingID": 4566, "county": "\u666e\u9640", "town": "\u6843\u6d66\u9547", "circleNum": 2, "builtYear": "1994", "builtHeight": 49, "storeNum": 16, "floorArea": 142.340675318, "buildArea": 2277.45080509, "seiFort": "2", "keyFire": 0, "firehouseDist": 2, "pop": 75}