{"buildingID": 26705, "county": "\u666e\u9640", "town": "\u957f\u98ce\u65b0\u6751\u8857\u9053", "circleNum": 0, "builtYear": "1979-1985", "builtHeight": 40, "storeNum": 13, "floorArea": 1317.89295096, "buildArea": 17132.6083625, "seiFort": "2", "keyFire": 0, "firehouseDist": 2, "pop": 3426}