{"buildingID": 20378, "county": "\u666e\u9640", "town": "\u771f\u5982\u9547", "circleNum": 1, "builtYear": "2009", "builtHeight": 39, "storeNum": 13, "floorArea": 786.247564269, "buildArea": 10221.2183355, "seiFort": "3", "keyFire": 0, "firehouseDist": 2, "pop": 2044}