{"buildingID": 14091, "county": "\u666e\u9640", "town": "\u77f3\u6cc9\u8def\u8857\u9053", "circleNum": 1, "builtYear": "pre1978", "builtHeight": 45, "storeNum": 15, "floorArea": 506.624940294, "buildArea": 7599.37410441, "seiFort": "1", "keyFire": 0, "firehouseDist": 2, "pop": 303}