{"buildingID": 18301, "county": "\u666e\u9640", "town": "\u957f\u5f81\u9547", "circleNum": 2, "builtYear": "1998", "builtHeight": 32, "storeNum": 10, "floorArea": 966.262166207, "buildArea": 9662.62166207, "seiFort": "2", "keyFire": 0, "firehouseDist": 2, "pop": 1932}