{"buildingID": 27555, "county": "\u666e\u9640", "town": "\u957f\u98ce\u65b0\u6751\u8857\u9053", "circleNum": 1, "builtYear": "1987", "builtHeight": 20, "storeNum": 6, "floorArea": 363.592554721, "buildArea": 2181.55532833, "seiFort": "2", "keyFire": 0, "firehouseDist": 3, "pop": 436}