{"buildingID": 6183, "county": "\u666e\u9640", "town": "\u6843\u6d66\u9547", "circleNum": 2, "builtYear": "1979-1985", "builtHeight": 23, "storeNum": 7, "floorArea": 121.337225349, "buildArea": 849.360577441, "seiFort": "2", "keyFire": 0, "firehouseDist": 1, "pop": 28}