{"buildingID": 20891, "county": "\u666e\u9640", "town": "\u77f3\u6cc9\u8def\u8857\u9053", "circleNum": 1, "builtYear": "pre1978", "builtHeight": 16, "storeNum": 5, "floorArea": 1135.39319706, "buildArea": 5676.96598529, "seiFort": "1", "keyFire": 0, "firehouseDist": 2, "pop": 227}