{"buildingID": 20822, "county": "\u666e\u9640", "town": "\u77f3\u6cc9\u8def\u8857\u9053", "circleNum": 1, "builtYear": "pre1978", "builtHeight": 20, "storeNum": 6, "floorArea": 457.908394714, "buildArea": 2747.45036828, "seiFort": "1", "keyFire": 0, "firehouseDist": 2, "pop": 109}