{"buildingID": 1593, "county": "\u666e\u9640", "town": "\u6843\u6d66\u9547", "circleNum": 3, "builtYear": "2014", "builtHeight": 18, "storeNum": 6, "floorArea": 825.508397437, "buildArea": 4953.05038462, "seiFort": "3", "keyFire": 0, "firehouseDist": 3, "pop": 990}