{"buildingID": 12652, "county": "\u666e\u9640", "town": "\u771f\u5982\u9547", "circleNum": 2, "builtYear": "pre1978", "builtHeight": 40, "storeNum": 13, "floorArea": 64.1296018322, "buildArea": 833.684823819, "seiFort": "1", "keyFire": 0, "firehouseDist": 2, "pop": 27}