{"buildingID": 15526, "county": "\u666e\u9640", "town": "\u77f3\u6cc9\u8def\u8857\u9053", "circleNum": 1, "builtYear": "1979-1985", "builtHeight": 34, "storeNum": 11, "floorArea": 357.772904097, "buildArea": 3935.50194507, "seiFort": "2", "keyFire": 0, "firehouseDist": 1, "pop": 787}