{"buildingID": 4542, "county": "\u666e\u9640", "town": "\u6843\u6d66\u9547", "circleNum": 2, "builtYear": "1990", "builtHeight": 44, "storeNum": 14, "floorArea": 160.193607959, "buildArea": 2242.71051143, "seiFort": "2", "keyFire": 0, "firehouseDist": 2, "pop": 74}