{"buildingID": 1920, "county": "\u666e\u9640", "town": "\u6843\u6d66\u9547", "circleNum": 2, "builtYear": "1989", "builtHeight": 16, "storeNum": 5, "floorArea": 1151.29389479, "buildArea": 5756.46947394, "seiFort": "2", "keyFire": 0, "firehouseDist": 2, "pop": 1151}