{"buildingID": 28722, "county": "\u666e\u9640", "town": "\u957f\u98ce\u65b0\u6751\u8857\u9053", "circleNum": 1, "builtYear": "1979-1985", "builtHeight": 6, "storeNum": 2, "floorArea": 47.9867858351, "buildArea": 95.9735716701, "seiFort": "2", "keyFire": 0, "firehouseDist": 3, "pop": 3}