{"buildingID": 8785, "county": "\u666e\u9640", "town": "\u6843\u6d66\u9547", "circleNum": 2, "builtYear": "2000", "builtHeight": 18, "storeNum": 6, "floorArea": 753.570027655, "buildArea": 4521.42016593, "seiFort": "3", "keyFire": 0, "firehouseDist": 2, "pop": 904}