{"buildingID": 8727, "county": "\u666e\u9640", "town": "\u7518\u6cc9\u8def\u8857\u9053", "circleNum": 1, "builtYear": "1995", "builtHeight": 17, "storeNum": 5, "floorArea": 822.577120776, "buildArea": 4112.88560388, "seiFort": "2", "keyFire": 0, "firehouseDist": 3, "pop": 822}