{"buildingID": 13713, "county": "\u666e\u9640", "town": "\u771f\u5982\u9547", "circleNum": 1, "builtYear": "1992", "builtHeight": 18, "storeNum": 6, "floorArea": 250.26348779, "buildArea": 1501.58092674, "seiFort": "2", "keyFire": 0, "firehouseDist": 2, "pop": 300}