{"buildingID": 4693, "county": "\u666e\u9640", "town": "\u6843\u6d66\u9547", "circleNum": 2, "builtYear": "2008", "builtHeight": 25, "storeNum": 8, "floorArea": 2545.51380116, "buildArea": 20364.1104093, "seiFort": "3", "keyFire": 0, "firehouseDist": 2, "pop": 4072}