{"buildingID": 5630, "county": "\u666e\u9640", "town": "\u6843\u6d66\u9547", "circleNum": 2, "builtYear": "2001", "builtHeight": 13, "storeNum": 4, "floorArea": 1802.38315025, "buildArea": 7209.53260102, "seiFort": "3", "keyFire": 0, "firehouseDist": 1, "pop": 1441}