{"buildingID": 3786, "county": "\u666e\u9640", "town": "\u6843\u6d66\u9547", "circleNum": 3, "builtYear": "2000", "builtHeight": 18, "storeNum": 6, "floorArea": 652.367380121, "buildArea": 3914.20428073, "seiFort": "3", "keyFire": 0, "firehouseDist": 3, "pop": 782}