{"buildingID": 11027, "county": "\u666e\u9640", "town": "\u957f\u5f81\u9547", "circleNum": 1, "builtYear": "1979-1985", "builtHeight": 71, "storeNum": 23, "floorArea": 784.566731687, "buildArea": 18045.0348288, "seiFort": "2", "keyFire": 0, "firehouseDist": 3, "pop": 3609}