{"buildingID": 6721, "county": "\u666e\u9640", "town": "\u957f\u5f81\u9547", "circleNum": 1, "builtYear": "1992", "builtHeight": 51, "storeNum": 17, "floorArea": 976.608849165, "buildArea": 16602.3504358, "seiFort": "2", "keyFire": 0, "firehouseDist": 1, "pop": 3320}