{"buildingID": 29406, "county": "\u666e\u9640", "town": "\u957f\u98ce\u65b0\u6751\u8857\u9053", "circleNum": 1, "builtYear": "1979-1985", "builtHeight": 20, "storeNum": 6, "floorArea": 1202.86882174, "buildArea": 7217.21293042, "seiFort": "2", "keyFire": 0, "firehouseDist": 3, "pop": 1443}