{"buildingID": 9832, "county": "\u666e\u9640", "town": "\u771f\u5982\u9547", "circleNum": 1, "builtYear": "1989", "builtHeight": 16, "storeNum": 5, "floorArea": 303.008774949, "buildArea": 1515.04387474, "seiFort": "2", "keyFire": 0, "firehouseDist": 2, "pop": 303}