{"buildingID": 27955, "county": "\u666e\u9640", "town": "\u957f\u98ce\u65b0\u6751\u8857\u9053", "circleNum": 0, "builtYear": "pre1978", "builtHeight": 10, "storeNum": 3, "floorArea": 1114.87970256, "buildArea": 3344.63910769, "seiFort": "1", "keyFire": 0, "firehouseDist": 2, "pop": 167}