{"buildingID": 18995, "county": "\u666e\u9640", "town": "\u957f\u5f81\u9547", "circleNum": 2, "builtYear": "1979-1985", "builtHeight": 56, "storeNum": 18, "floorArea": 2471.67727719, "buildArea": 44490.1909894, "seiFort": "2", "keyFire": 0, "firehouseDist": 3, "pop": 8898}