{"buildingID": 28009, "county": "\u666e\u9640", "town": "\u957f\u98ce\u65b0\u6751\u8857\u9053", "circleNum": 0, "builtYear": "1991", "builtHeight": 36, "storeNum": 12, "floorArea": 1616.4153011, "buildArea": 19396.9836132, "seiFort": "2", "keyFire": 0, "firehouseDist": 2, "pop": 3879}