{"buildingID": 2296, "county": "\u666e\u9640", "town": "\u6843\u6d66\u9547", "circleNum": 2, "builtYear": "pre1978", "builtHeight": 33, "storeNum": 11, "floorArea": 435.523971958, "buildArea": 4790.76369154, "seiFort": "1", "keyFire": 0, "firehouseDist": 1, "pop": 159}