{"buildingID": 27496, "county": "\u666e\u9640", "town": "\u957f\u98ce\u65b0\u6751\u8857\u9053", "circleNum": 1, "builtYear": "2015", "builtHeight": 9, "storeNum": 3, "floorArea": 1175.85078428, "buildArea": 3527.55235284, "seiFort": "3", "keyFire": 0, "firehouseDist": 2, "pop": 705}