{"buildingID": 18204, "county": "\u666e\u9640", "town": "\u957f\u5f81\u9547", "circleNum": 2, "builtYear": "1999", "builtHeight": 22, "storeNum": 7, "floorArea": 883.013213839, "buildArea": 6181.09249687, "seiFort": "2", "keyFire": 0, "firehouseDist": 2, "pop": 1236}