{"buildingID": 22326, "county": "\u666e\u9640", "town": "\u66f9\u6768\u65b0\u6751\u8857\u9053", "circleNum": 1, "builtYear": "pre1978", "builtHeight": 18, "storeNum": 6, "floorArea": 791.737974758, "buildArea": 4750.42784855, "seiFort": "1", "keyFire": 0, "firehouseDist": 1, "pop": 190}