{"buildingID": 5111, "county": "\u666e\u9640", "town": "\u6843\u6d66\u9547", "circleNum": 2, "builtYear": "2010", "builtHeight": 38, "storeNum": 12, "floorArea": 1046.09374232, "buildArea": 12553.1249078, "seiFort": "3", "keyFire": 0, "firehouseDist": 2, "pop": 2510}