{"buildingID": 12778, "county": "\u666e\u9640", "town": "\u771f\u5982\u9547", "circleNum": 1, "builtYear": "2015", "builtHeight": 17, "storeNum": 5, "floorArea": 855.647396665, "buildArea": 4278.23698332, "seiFort": "3", "keyFire": 0, "firehouseDist": 2, "pop": 855}