{"buildingID": 28495, "county": "\u666e\u9640", "town": "\u957f\u98ce\u65b0\u6751\u8857\u9053", "circleNum": 0, "builtYear": "1988", "builtHeight": 6, "storeNum": 2, "floorArea": 52.25333262, "buildArea": 104.50666524, "seiFort": "2", "keyFire": 0, "firehouseDist": 2, "pop": 5}