{"buildingID": 1492, "county": "\u666e\u9640", "town": "\u6843\u6d66\u9547", "circleNum": 3, "builtYear": "1995", "builtHeight": 18, "storeNum": 6, "floorArea": 728.122673747, "buildArea": 4368.73604248, "seiFort": "2", "keyFire": 0, "firehouseDist": 3, "pop": 873}