{"buildingID": 3019, "county": "\u666e\u9640", "town": "\u6843\u6d66\u9547", "circleNum": 2, "builtYear": "2012", "builtHeight": 20, "storeNum": 6, "floorArea": 635.555974079, "buildArea": 3813.33584447, "seiFort": "3", "keyFire": 0, "firehouseDist": 1, "pop": 762}