{"buildingID": 13633, "county": "\u666e\u9640", "town": "\u771f\u5982\u9547", "circleNum": 1, "builtYear": "1988", "builtHeight": 6, "storeNum": 2, "floorArea": 256.219306286, "buildArea": 512.438612572, "seiFort": "2", "keyFire": 0, "firehouseDist": 2, "pop": 102}