{"buildingID": 9265, "county": "\u666e\u9640", "town": "\u6843\u6d66\u9547", "circleNum": 2, "builtYear": "1995", "builtHeight": 10, "storeNum": 3, "floorArea": 235.692571792, "buildArea": 707.077715375, "seiFort": "2", "keyFire": 0, "firehouseDist": 2, "pop": 141}