{"buildingID": 4652, "county": "\u666e\u9640", "town": "\u6843\u6d66\u9547", "circleNum": 2, "builtYear": "1997", "builtHeight": 26, "storeNum": 8, "floorArea": 2234.77290929, "buildArea": 17878.1832743, "seiFort": "2", "keyFire": 0, "firehouseDist": 2, "pop": 3575}