{"buildingID": 11306, "county": "\u666e\u9640", "town": "\u771f\u5982\u9547", "circleNum": 2, "builtYear": "1993", "builtHeight": 14, "storeNum": 4, "floorArea": 804.051538697, "buildArea": 3216.20615479, "seiFort": "2", "keyFire": 0, "firehouseDist": 2, "pop": 643}