{"buildingID": 8702, "county": "\u666e\u9640", "town": "\u7518\u6cc9\u8def\u8857\u9053", "circleNum": 1, "builtYear": "pre1978", "builtHeight": 18, "storeNum": 6, "floorArea": 586.354637487, "buildArea": 3518.12782492, "seiFort": "1", "keyFire": 0, "firehouseDist": 3, "pop": 140}