{"buildingID": 10496, "county": "\u666e\u9640", "town": "\u7518\u6cc9\u8def\u8857\u9053", "circleNum": 1, "builtYear": "1990", "builtHeight": 14, "storeNum": 4, "floorArea": 268.528566183, "buildArea": 1074.11426473, "seiFort": "2", "keyFire": 0, "firehouseDist": 2, "pop": 214}