{"buildingID": 4776, "county": "\u666e\u9640", "town": "\u6843\u6d66\u9547", "circleNum": 2, "builtYear": "2001", "builtHeight": 20, "storeNum": 6, "floorArea": 741.332000645, "buildArea": 4447.99200387, "seiFort": "3", "keyFire": 0, "firehouseDist": 1, "pop": 889}