{"buildingID": 4891, "county": "\u666e\u9640", "town": "\u6843\u6d66\u9547", "circleNum": 2, "builtYear": "1997", "builtHeight": 10, "storeNum": 3, "floorArea": 748.680090115, "buildArea": 2246.04027034, "seiFort": "2", "keyFire": 0, "firehouseDist": 2, "pop": 449}