{"buildingID": 4950, "county": "\u666e\u9640", "town": "\u771f\u5982\u9547", "circleNum": 2, "builtYear": "1992", "builtHeight": 12, "storeNum": 4, "floorArea": 259.201936583, "buildArea": 1036.80774633, "seiFort": "2", "keyFire": 0, "firehouseDist": 1, "pop": 207}