{"buildingID": 27562, "county": "\u666e\u9640", "town": "\u957f\u98ce\u65b0\u6751\u8857\u9053", "circleNum": 1, "builtYear": "1979-1985", "builtHeight": 98, "storeNum": 32, "floorArea": 1073.73706495, "buildArea": 34359.5860783, "seiFort": "2", "keyFire": 0, "firehouseDist": 3, "pop": 6871}