{"buildingID": 18455, "county": "\u666e\u9640", "town": "\u957f\u5f81\u9547", "circleNum": 2, "builtYear": "1997", "builtHeight": 55, "storeNum": 18, "floorArea": 877.892735875, "buildArea": 15802.0692458, "seiFort": "2", "keyFire": 0, "firehouseDist": 2, "pop": 3160}