{"buildingID": 18778, "county": "\u666e\u9640", "town": "\u957f\u5f81\u9547", "circleNum": 2, "builtYear": "2002", "builtHeight": 20, "storeNum": 6, "floorArea": 887.392143944, "buildArea": 5324.35286366, "seiFort": "3", "keyFire": 0, "firehouseDist": 3, "pop": 1064}