{"buildingID": 15089, "county": "\u666e\u9640", "town": "\u771f\u5982\u9547", "circleNum": 2, "builtYear": "pre1978", "builtHeight": 31, "storeNum": 10, "floorArea": 204.318958274, "buildArea": 2043.18958274, "seiFort": "1", "keyFire": 0, "firehouseDist": 2, "pop": 68}