{"buildingID": 26802, "county": "\u666e\u9640", "town": "\u66f9\u6768\u65b0\u6751\u8857\u9053", "circleNum": 1, "builtYear": "pre1978", "builtHeight": 15, "storeNum": 5, "floorArea": 34.1539792846, "buildArea": 170.769896423, "seiFort": "1", "keyFire": 0, "firehouseDist": 2, "pop": 6}