{"buildingID": 19769, "county": "\u666e\u9640", "town": "\u957f\u5f81\u9547", "circleNum": 2, "builtYear": "1979-1985", "builtHeight": 10, "storeNum": 3, "floorArea": 143.393358485, "buildArea": 430.180075456, "seiFort": "2", "keyFire": 0, "firehouseDist": 3, "pop": 14}