{"buildingID": 1767, "county": "\u666e\u9640", "town": "\u6843\u6d66\u9547", "circleNum": 2, "builtYear": "2001", "builtHeight": 13, "storeNum": 4, "floorArea": 824.802401136, "buildArea": 3299.20960454, "seiFort": "3", "keyFire": 0, "firehouseDist": 3, "pop": 659}