{"buildingID": 11024, "county": "\u666e\u9640", "town": "\u957f\u5f81\u9547", "circleNum": 1, "builtYear": "1979-1985", "builtHeight": 99, "storeNum": 33, "floorArea": 41.2146280911, "buildArea": 1360.082727, "seiFort": "2", "keyFire": 0, "firehouseDist": 3, "pop": 272}