{"buildingID": 18424, "county": "\u666e\u9640", "town": "\u957f\u5f81\u9547", "circleNum": 2, "builtYear": "1995", "builtHeight": 59, "storeNum": 19, "floorArea": 478.770508429, "buildArea": 9096.63966015, "seiFort": "2", "keyFire": 0, "firehouseDist": 3, "pop": 1819}