{"buildingID": 15865, "county": "\u666e\u9640", "town": "\u771f\u5982\u9547", "circleNum": 1, "builtYear": "1994", "builtHeight": 18, "storeNum": 6, "floorArea": 858.383441798, "buildArea": 5150.30065079, "seiFort": "2", "keyFire": 0, "firehouseDist": 2, "pop": 1030}