{"buildingID": 25922, "county": "\u666e\u9640", "town": "\u957f\u98ce\u65b0\u6751\u8857\u9053", "circleNum": 1, "builtYear": "pre1978", "builtHeight": 18, "storeNum": 6, "floorArea": 622.799761279, "buildArea": 3736.79856767, "seiFort": "1", "keyFire": 0, "firehouseDist": 3, "pop": 149}