{"buildingID": 6919, "county": "\u666e\u9640", "town": "\u6843\u6d66\u9547", "circleNum": 2, "builtYear": "2005", "builtHeight": 91, "storeNum": 30, "floorArea": 1042.7017382, "buildArea": 31281.052146, "seiFort": "3", "keyFire": 0, "firehouseDist": 1, "pop": 6256}