{"buildingID": 11852, "county": "\u666e\u9640", "town": "\u771f\u5982\u9547", "circleNum": 1, "builtYear": "1979-1985", "builtHeight": 58, "storeNum": 19, "floorArea": 147.595091187, "buildArea": 2804.30673255, "seiFort": "2", "keyFire": 0, "firehouseDist": 2, "pop": 112}