{"buildingID": 2844, "county": "\u666e\u9640", "town": "\u6843\u6d66\u9547", "circleNum": 2, "builtYear": "1994", "builtHeight": 13, "storeNum": 4, "floorArea": 552.147290032, "buildArea": 2208.58916013, "seiFort": "2", "keyFire": 0, "firehouseDist": 2, "pop": 441}