{"buildingID": 12733, "county": "\u666e\u9640", "town": "\u771f\u5982\u9547", "circleNum": 1, "builtYear": "1979-1985", "builtHeight": 15, "storeNum": 5, "floorArea": 762.352639445, "buildArea": 3811.76319723, "seiFort": "2", "keyFire": 0, "firehouseDist": 2, "pop": 762}