{"buildingID": 28621, "county": "\u666e\u9640", "town": "\u957f\u98ce\u65b0\u6751\u8857\u9053", "circleNum": 1, "builtYear": "2017", "builtHeight": 9, "storeNum": 3, "floorArea": 400.681913685, "buildArea": 1202.04574106, "seiFort": "3", "keyFire": 0, "firehouseDist": 3, "pop": 240}