{"buildingID": 1519, "county": "\u666e\u9640", "town": "\u6843\u6d66\u9547", "circleNum": 2, "builtYear": "1986", "builtHeight": 18, "storeNum": 6, "floorArea": 295.594860018, "buildArea": 1773.56916011, "seiFort": "2", "keyFire": 0, "firehouseDist": 2, "pop": 354}