{"buildingID": 29007, "county": "\u666e\u9640", "town": "\u957f\u98ce\u65b0\u6751\u8857\u9053", "circleNum": 1, "builtYear": "pre1978", "builtHeight": 5, "storeNum": 1, "floorArea": 393.099228968, "buildArea": 393.099228968, "seiFort": "1", "keyFire": 0, "firehouseDist": 3, "pop": 15}