{"buildingID": 7911, "county": "\u666e\u9640", "town": "\u771f\u5982\u9547", "circleNum": 1, "builtYear": "1996", "builtHeight": 13, "storeNum": 4, "floorArea": 214.820661839, "buildArea": 859.282647356, "seiFort": "2", "keyFire": 0, "firehouseDist": 2, "pop": 171}