{"buildingID": 19429, "county": "\u666e\u9640", "town": "\u957f\u5f81\u9547", "circleNum": 2, "builtYear": "1990", "builtHeight": 56, "storeNum": 18, "floorArea": 727.550186476, "buildArea": 13095.9033566, "seiFort": "2", "keyFire": 0, "firehouseDist": 3, "pop": 2619}