{"buildingID": 5427, "county": "\u666e\u9640", "town": "\u6843\u6d66\u9547", "circleNum": 2, "builtYear": "1993", "builtHeight": 43, "storeNum": 14, "floorArea": 96.4992599679, "buildArea": 1350.98963955, "seiFort": "2", "keyFire": 0, "firehouseDist": 1, "pop": 45}