{"buildingID": 5304, "county": "\u666e\u9640", "town": "\u6843\u6d66\u9547", "circleNum": 2, "builtYear": "2000", "builtHeight": 43, "storeNum": 14, "floorArea": 112.999360652, "buildArea": 1581.99104913, "seiFort": "3", "keyFire": 0, "firehouseDist": 1, "pop": 52}