{"buildingID": 2583, "county": "\u666e\u9640", "town": "\u6843\u6d66\u9547", "circleNum": 2, "builtYear": "2009", "builtHeight": 32, "storeNum": 10, "floorArea": 83.6436089004, "buildArea": 836.436089004, "seiFort": "3", "keyFire": 0, "firehouseDist": 1, "pop": 27}