{"buildingID": 14072, "county": "\u666e\u9640", "town": "\u771f\u5982\u9547", "circleNum": 1, "builtYear": "1995", "builtHeight": 12, "storeNum": 4, "floorArea": 738.047649809, "buildArea": 2952.19059924, "seiFort": "2", "keyFire": 0, "firehouseDist": 2, "pop": 590}