{"buildingID": 13914, "county": "\u666e\u9640", "town": "\u771f\u5982\u9547", "circleNum": 1, "builtYear": "1990", "builtHeight": 15, "storeNum": 5, "floorArea": 325.739647931, "buildArea": 1628.69823966, "seiFort": "2", "keyFire": 0, "firehouseDist": 2, "pop": 325}