{"buildingID": 8860, "county": "\u666e\u9640", "town": "\u6843\u6d66\u9547", "circleNum": 2, "builtYear": "1979-1985", "builtHeight": 6, "storeNum": 2, "floorArea": 384.906077666, "buildArea": 769.812155332, "seiFort": "2", "keyFire": 0, "firehouseDist": 1, "pop": 153}