{"buildingID": 24779, "county": "\u666e\u9640", "town": "\u66f9\u6768\u65b0\u6751\u8857\u9053", "circleNum": 1, "builtYear": "pre1978", "builtHeight": 17, "storeNum": 5, "floorArea": 454.744587368, "buildArea": 2273.72293684, "seiFort": "1", "keyFire": 0, "firehouseDist": 1, "pop": 90}