{"buildingID": 13043, "county": "\u666e\u9640", "town": "\u77f3\u6cc9\u8def\u8857\u9053", "circleNum": 1, "builtYear": "1989", "builtHeight": 92, "storeNum": 30, "floorArea": 140.709787352, "buildArea": 4221.29362055, "seiFort": "2", "keyFire": 0, "firehouseDist": 3, "pop": 844}