{"buildingID": 25944, "county": "\u666e\u9640", "town": "\u957f\u98ce\u65b0\u6751\u8857\u9053", "circleNum": 0, "builtYear": "pre1978", "builtHeight": 36, "storeNum": 12, "floorArea": 91.9172499277, "buildArea": 1103.00699913, "seiFort": "1", "keyFire": 0, "firehouseDist": 2, "pop": 55}