{"buildingID": 21297, "county": "\u666e\u9640", "town": "\u957f\u5f81\u9547", "circleNum": 2, "builtYear": "1994", "builtHeight": 90, "storeNum": 30, "floorArea": 84.0459116789, "buildArea": 2521.37735037, "seiFort": "2", "keyFire": 0, "firehouseDist": 1, "pop": 504}