{"buildingID": 10072, "county": "\u666e\u9640", "town": "\u6843\u6d66\u9547", "circleNum": 2, "builtYear": "1999", "builtHeight": 22, "storeNum": 7, "floorArea": 720.912275755, "buildArea": 5046.38593028, "seiFort": "2", "keyFire": 0, "firehouseDist": 2, "pop": 1009}