{"buildingID": 24233, "county": "\u666e\u9640", "town": "\u66f9\u6768\u65b0\u6751\u8857\u9053", "circleNum": 1, "builtYear": "1979-1985", "builtHeight": 70, "storeNum": 23, "floorArea": 37.6902183467, "buildArea": 866.875021973, "seiFort": "2", "keyFire": 0, "firehouseDist": 1, "pop": 34}