{"buildingID": 3778, "county": "\u666e\u9640", "town": "\u6843\u6d66\u9547", "circleNum": 3, "builtYear": "2010", "builtHeight": 6, "storeNum": 2, "floorArea": 4675.10539877, "buildArea": 9350.21079754, "seiFort": "3", "keyFire": 0, "firehouseDist": 4, "pop": 1870}