{"buildingID": 28381, "county": "\u666e\u9640", "town": "\u957f\u98ce\u65b0\u6751\u8857\u9053", "circleNum": 0, "builtYear": "1995", "builtHeight": 12, "storeNum": 4, "floorArea": 829.029655354, "buildArea": 3316.11862142, "seiFort": "2", "keyFire": 0, "firehouseDist": 2, "pop": 663}