{"buildingID": 5470, "county": "\u666e\u9640", "town": "\u6843\u6d66\u9547", "circleNum": 2, "builtYear": "1979-1985", "builtHeight": 83, "storeNum": 27, "floorArea": 337.555205364, "buildArea": 9113.99054482, "seiFort": "2", "keyFire": 0, "firehouseDist": 2, "pop": 1822}