{"buildingID": 12259, "county": "\u666e\u9640", "town": "\u771f\u5982\u9547", "circleNum": 1, "builtYear": "1987", "builtHeight": 29, "storeNum": 9, "floorArea": 993.996883195, "buildArea": 8945.97194876, "seiFort": "2", "keyFire": 0, "firehouseDist": 1, "pop": 1789}