{"buildingID": 27295, "county": "\u666e\u9640", "town": "\u957f\u98ce\u65b0\u6751\u8857\u9053", "circleNum": 0, "builtYear": "pre1978", "builtHeight": 94, "storeNum": 31, "floorArea": 936.00112511, "buildArea": 29016.0348784, "seiFort": "1", "keyFire": 0, "firehouseDist": 2, "pop": 1450}