{"buildingID": 11815, "county": "\u666e\u9640", "town": "\u771f\u5982\u9547", "circleNum": 1, "builtYear": "1979-1985", "builtHeight": 49, "storeNum": 16, "floorArea": 848.255653627, "buildArea": 13572.090458, "seiFort": "2", "keyFire": 0, "firehouseDist": 2, "pop": 2714}