{"buildingID": 24903, "county": "\u666e\u9640", "town": "\u66f9\u6768\u65b0\u6751\u8857\u9053", "circleNum": 1, "builtYear": "pre1978", "builtHeight": 8, "storeNum": 2, "floorArea": 739.745457226, "buildArea": 1479.49091445, "seiFort": "1", "keyFire": 0, "firehouseDist": 2, "pop": 59}