{"buildingID": 5475, "county": "\u666e\u9640", "town": "\u6843\u6d66\u9547", "circleNum": 2, "builtYear": "2009", "builtHeight": 102, "storeNum": 34, "floorArea": 242.197362561, "buildArea": 8234.71032709, "seiFort": "3", "keyFire": 0, "firehouseDist": 2, "pop": 1646}