{"buildingID": 22297, "county": "\u666e\u9640", "town": "\u66f9\u6768\u65b0\u6751\u8857\u9053", "circleNum": 1, "builtYear": "pre1978", "builtHeight": 49, "storeNum": 16, "floorArea": 323.442484039, "buildArea": 5175.07974462, "seiFort": "1", "keyFire": 0, "firehouseDist": 1, "pop": 207}