{"buildingID": 16776, "county": "\u666e\u9640", "town": "\u771f\u5982\u9547", "circleNum": 1, "builtYear": "pre1978", "builtHeight": 16, "storeNum": 5, "floorArea": 624.679339633, "buildArea": 3123.39669817, "seiFort": "1", "keyFire": 1, "firehouseDist": 1, "pop": 124}