{"buildingID": 2584, "county": "\u666e\u9640", "town": "\u6843\u6d66\u9547", "circleNum": 2, "builtYear": "2008", "builtHeight": 17, "storeNum": 5, "floorArea": 4918.59674013, "buildArea": 24592.9837007, "seiFort": "3", "keyFire": 0, "firehouseDist": 1, "pop": 4918}