{"buildingID": 6332, "county": "\u666e\u9640", "town": "\u6843\u6d66\u9547", "circleNum": 2, "builtYear": "1993", "builtHeight": 8, "storeNum": 2, "floorArea": 2652.38354604, "buildArea": 5304.76709209, "seiFort": "2", "keyFire": 0, "firehouseDist": 1, "pop": 1060}