{"buildingID": 7974, "county": "\u666e\u9640", "town": "\u6843\u6d66\u9547", "circleNum": 2, "builtYear": "1995", "builtHeight": 65, "storeNum": 21, "floorArea": 822.521903851, "buildArea": 17272.9599809, "seiFort": "2", "keyFire": 0, "firehouseDist": 1, "pop": 3454}