{"buildingID": 20638, "county": "\u666e\u9640", "town": "\u771f\u5982\u9547", "circleNum": 1, "builtYear": "pre1978", "builtHeight": 12, "storeNum": 4, "floorArea": 790.330408033, "buildArea": 3161.32163213, "seiFort": "1", "keyFire": 0, "firehouseDist": 1, "pop": 126}