{"buildingID": 17133, "county": "\u666e\u9640", "town": "\u957f\u5f81\u9547", "circleNum": 2, "builtYear": "1979-1985", "builtHeight": 10, "storeNum": 3, "floorArea": 352.598546459, "buildArea": 1057.79563938, "seiFort": "2", "keyFire": 0, "firehouseDist": 1, "pop": 211}