{"buildingID": 18495, "county": "\u666e\u9640", "town": "\u957f\u5f81\u9547", "circleNum": 2, "builtYear": "1979-1985", "builtHeight": 6, "storeNum": 2, "floorArea": 1859.15125149, "buildArea": 3718.30250298, "seiFort": "2", "keyFire": 0, "firehouseDist": 3, "pop": 743}