{"buildingID": 26095, "county": "\u666e\u9640", "town": "\u957f\u5f81\u9547", "circleNum": 1, "builtYear": "1979-1985", "builtHeight": 8, "storeNum": 2, "floorArea": 960.779917182, "buildArea": 1921.55983436, "seiFort": "2", "keyFire": 1, "firehouseDist": 2, "pop": 384}