{"buildingID": 23582, "county": "\u666e\u9640", "town": "\u66f9\u6768\u65b0\u6751\u8857\u9053", "circleNum": 1, "builtYear": "1998", "builtHeight": 14, "storeNum": 4, "floorArea": 80.3833841328, "buildArea": 321.533536531, "seiFort": "2", "keyFire": 0, "firehouseDist": 1, "pop": 12}