{"buildingID": 4582, "county": "\u666e\u9640", "town": "\u6843\u6d66\u9547", "circleNum": 2, "builtYear": "2003", "builtHeight": 74, "storeNum": 24, "floorArea": 515.684599665, "buildArea": 12376.430392, "seiFort": "3", "keyFire": 0, "firehouseDist": 2, "pop": 2475}