{"buildingID": 2349, "county": "\u666e\u9640", "town": "\u6843\u6d66\u9547", "circleNum": 2, "builtYear": "1994", "builtHeight": 15, "storeNum": 5, "floorArea": 352.833920366, "buildArea": 1764.16960183, "seiFort": "2", "keyFire": 0, "firehouseDist": 1, "pop": 352}