{"buildingID": 1101, "county": "\u666e\u9640", "town": "\u6843\u6d66\u9547", "circleNum": 3, "builtYear": "2001", "builtHeight": 18, "storeNum": 6, "floorArea": 900.763505131, "buildArea": 5404.58103078, "seiFort": "3", "keyFire": 0, "firehouseDist": 5, "pop": 1080}