{"buildingID": 14602, "county": "\u666e\u9640", "town": "\u771f\u5982\u9547", "circleNum": 1, "builtYear": "1994", "builtHeight": 12, "storeNum": 4, "floorArea": 342.879040169, "buildArea": 1371.51616067, "seiFort": "2", "keyFire": 0, "firehouseDist": 2, "pop": 274}