{"buildingID": 4623, "county": "\u666e\u9640", "town": "\u6843\u6d66\u9547", "circleNum": 2, "builtYear": "pre1978", "builtHeight": 68, "storeNum": 22, "floorArea": 903.438780467, "buildArea": 19875.6531703, "seiFort": "1", "keyFire": 0, "firehouseDist": 2, "pop": 662}