{"buildingID": 6513, "county": "\u666e\u9640", "town": "\u6843\u6d66\u9547", "circleNum": 2, "builtYear": "2006", "builtHeight": 18, "storeNum": 6, "floorArea": 783.551960261, "buildArea": 4701.31176157, "seiFort": "3", "keyFire": 0, "firehouseDist": 1, "pop": 940}