{"buildingID": 26290, "county": "\u666e\u9640", "town": "\u957f\u98ce\u65b0\u6751\u8857\u9053", "circleNum": 0, "builtYear": "pre1978", "builtHeight": 10, "storeNum": 3, "floorArea": 449.754191952, "buildArea": 1349.26257586, "seiFort": "1", "keyFire": 1, "firehouseDist": 2, "pop": 67}