{"buildingID": 13460, "county": "\u666e\u9640", "town": "\u771f\u5982\u9547", "circleNum": 2, "builtYear": "1979-1985", "builtHeight": 14, "storeNum": 4, "floorArea": 419.314109957, "buildArea": 1677.25643983, "seiFort": "2", "keyFire": 0, "firehouseDist": 2, "pop": 335}