{"buildingID": 28878, "county": "\u666e\u9640", "town": "\u957f\u98ce\u65b0\u6751\u8857\u9053", "circleNum": 0, "builtYear": "pre1978", "builtHeight": 5, "storeNum": 1, "floorArea": 1314.84511566, "buildArea": 1314.84511566, "seiFort": "1", "keyFire": 0, "firehouseDist": 3, "pop": 65}