{"buildingID": 27534, "county": "\u666e\u9640", "town": "\u957f\u98ce\u65b0\u6751\u8857\u9053", "circleNum": 1, "builtYear": "pre1978", "builtHeight": 6, "storeNum": 2, "floorArea": 703.952432607, "buildArea": 1407.90486521, "seiFort": "1", "keyFire": 0, "firehouseDist": 2, "pop": 56}