{"buildingID": 10013, "county": "\u666e\u9640", "town": "\u7518\u6cc9\u8def\u8857\u9053", "circleNum": 1, "builtYear": "1986", "builtHeight": 16, "storeNum": 5, "floorArea": 245.368091689, "buildArea": 1226.84045844, "seiFort": "2", "keyFire": 0, "firehouseDist": 2, "pop": 245}