{"buildingID": 16332, "county": "\u666e\u9640", "town": "\u771f\u5982\u9547", "circleNum": 2, "builtYear": "2000", "builtHeight": 46, "storeNum": 15, "floorArea": 424.018710025, "buildArea": 6360.28065037, "seiFort": "3", "keyFire": 0, "firehouseDist": 1, "pop": 1272}