{"buildingID": 8749, "county": "\u666e\u9640", "town": "\u957f\u5f81\u9547", "circleNum": 1, "builtYear": "1979-1985", "builtHeight": 6, "storeNum": 2, "floorArea": 189.919370073, "buildArea": 379.838740146, "seiFort": "2", "keyFire": 0, "firehouseDist": 3, "pop": 75}