{"buildingID": 15234, "county": "\u666e\u9640", "town": "\u77f3\u6cc9\u8def\u8857\u9053", "circleNum": 1, "builtYear": "1995", "builtHeight": 45, "storeNum": 15, "floorArea": 1302.24209292, "buildArea": 19533.6313938, "seiFort": "2", "keyFire": 0, "firehouseDist": 2, "pop": 3906}