{"buildingID": 2580, "county": "\u666e\u9640", "town": "\u6843\u6d66\u9547", "circleNum": 2, "builtYear": "2009", "builtHeight": 24, "storeNum": 8, "floorArea": 239.999895589, "buildArea": 1919.99916471, "seiFort": "3", "keyFire": 0, "firehouseDist": 1, "pop": 383}