{"buildingID": 14066, "county": "\u666e\u9640", "town": "\u771f\u5982\u9547", "circleNum": 1, "builtYear": "1990", "builtHeight": 26, "storeNum": 8, "floorArea": 1433.96775713, "buildArea": 11471.742057, "seiFort": "2", "keyFire": 0, "firehouseDist": 2, "pop": 2294}