{"buildingID": 10523, "county": "\u666e\u9640", "town": "\u7518\u6cc9\u8def\u8857\u9053", "circleNum": 1, "builtYear": "pre1978", "builtHeight": 18, "storeNum": 6, "floorArea": 328.355662839, "buildArea": 1970.13397704, "seiFort": "1", "keyFire": 0, "firehouseDist": 3, "pop": 78}