{"buildingID": 17547, "county": "\u666e\u9640", "town": "\u771f\u5982\u9547", "circleNum": 1, "builtYear": "pre1978", "builtHeight": 15, "storeNum": 5, "floorArea": 503.475472144, "buildArea": 2517.37736072, "seiFort": "1", "keyFire": 0, "firehouseDist": 1, "pop": 100}