{"buildingID": 27561, "county": "\u666e\u9640", "town": "\u957f\u98ce\u65b0\u6751\u8857\u9053", "circleNum": 1, "builtYear": "pre1978", "builtHeight": 20, "storeNum": 6, "floorArea": 334.67864123, "buildArea": 2008.07184738, "seiFort": "1", "keyFire": 0, "firehouseDist": 3, "pop": 80}