{"buildingID": 10999, "county": "\u666e\u9640", "town": "\u771f\u5982\u9547", "circleNum": 1, "builtYear": "1992", "builtHeight": 74, "storeNum": 24, "floorArea": 619.665506497, "buildArea": 14871.9721559, "seiFort": "2", "keyFire": 0, "firehouseDist": 1, "pop": 2974}