{"buildingID": 12653, "county": "\u666e\u9640", "town": "\u771f\u5982\u9547", "circleNum": 2, "builtYear": "pre1978", "builtHeight": 43, "storeNum": 14, "floorArea": 399.302659712, "buildArea": 5590.23723596, "seiFort": "1", "keyFire": 0, "firehouseDist": 2, "pop": 186}