{"buildingID": 10559, "county": "\u666e\u9640", "town": "\u7518\u6cc9\u8def\u8857\u9053", "circleNum": 1, "builtYear": "1979-1985", "builtHeight": 17, "storeNum": 5, "floorArea": 333.527735811, "buildArea": 1667.63867906, "seiFort": "2", "keyFire": 0, "firehouseDist": 3, "pop": 333}