{"buildingID": 5358, "county": "\u666e\u9640", "town": "\u6843\u6d66\u9547", "circleNum": 2, "builtYear": "1979-1985", "builtHeight": 18, "storeNum": 6, "floorArea": 346.159143976, "buildArea": 2076.95486385, "seiFort": "2", "keyFire": 0, "firehouseDist": 2, "pop": 415}