{"buildingID": 28311, "county": "\u666e\u9640", "town": "\u957f\u98ce\u65b0\u6751\u8857\u9053", "circleNum": 1, "builtYear": "2017", "builtHeight": 17, "storeNum": 5, "floorArea": 369.289779749, "buildArea": 1846.44889874, "seiFort": "3", "keyFire": 0, "firehouseDist": 2, "pop": 369}