{"buildingID": 26535, "county": "\u666e\u9640", "town": "\u957f\u98ce\u65b0\u6751\u8857\u9053", "circleNum": 0, "builtYear": "pre1978", "builtHeight": 99, "storeNum": 33, "floorArea": 42.7119701659, "buildArea": 1409.49501547, "seiFort": "1", "keyFire": 0, "firehouseDist": 1, "pop": 70}