{"buildingID": 15255, "county": "\u666e\u9640", "town": "\u771f\u5982\u9547", "circleNum": 1, "builtYear": "1996", "builtHeight": 6, "storeNum": 2, "floorArea": 1289.41664314, "buildArea": 2578.83328629, "seiFort": "2", "keyFire": 0, "firehouseDist": 2, "pop": 515}