{"buildingID": 26665, "county": "\u666e\u9640", "town": "\u957f\u98ce\u65b0\u6751\u8857\u9053", "circleNum": 1, "builtYear": "pre1978", "builtHeight": 6, "storeNum": 2, "floorArea": 14.5203540426, "buildArea": 29.0407080851, "seiFort": "1", "keyFire": 0, "firehouseDist": 2, "pop": 1}