{"buildingID": 4895, "county": "\u666e\u9640", "town": "\u6843\u6d66\u9547", "circleNum": 2, "builtYear": "1997", "builtHeight": 13, "storeNum": 4, "floorArea": 644.691079647, "buildArea": 2578.76431859, "seiFort": "2", "keyFire": 0, "firehouseDist": 2, "pop": 515}