{"buildingID": 6165, "county": "\u666e\u9640", "town": "\u6843\u6d66\u9547", "circleNum": 2, "builtYear": "2007", "builtHeight": 54, "storeNum": 18, "floorArea": 332.759664187, "buildArea": 5989.67395536, "seiFort": "3", "keyFire": 0, "firehouseDist": 1, "pop": 1197}