{"buildingID": 17105, "county": "\u666e\u9640", "town": "\u957f\u5f81\u9547", "circleNum": 2, "builtYear": "2000", "builtHeight": 16, "storeNum": 5, "floorArea": 1120.16219148, "buildArea": 5600.81095738, "seiFort": "3", "keyFire": 0, "firehouseDist": 1, "pop": 1120}