{"buildingID": 2010, "county": "\u666e\u9640", "town": "\u6843\u6d66\u9547", "circleNum": 2, "builtYear": "1979-1985", "builtHeight": 8, "storeNum": 2, "floorArea": 2649.46897679, "buildArea": 5298.93795359, "seiFort": "2", "keyFire": 0, "firehouseDist": 2, "pop": 1059}