{"buildingID": 16943, "county": "\u666e\u9640", "town": "\u77f3\u6cc9\u8def\u8857\u9053", "circleNum": 1, "builtYear": "1979-1985", "builtHeight": 13, "storeNum": 4, "floorArea": 715.837560028, "buildArea": 2863.35024011, "seiFort": "2", "keyFire": 0, "firehouseDist": 2, "pop": 572}