{"buildingID": 27038, "county": "\u666e\u9640", "town": "\u957f\u98ce\u65b0\u6751\u8857\u9053", "circleNum": 0, "builtYear": "2002", "builtHeight": 107, "storeNum": 35, "floorArea": 200.992182726, "buildArea": 7034.72639542, "seiFort": "3", "keyFire": 0, "firehouseDist": 1, "pop": 1406}