{"buildingID": 14573, "county": "\u666e\u9640", "town": "\u771f\u5982\u9547", "circleNum": 2, "builtYear": "2001", "builtHeight": 72, "storeNum": 24, "floorArea": 352.156865686, "buildArea": 8451.76477647, "seiFort": "3", "keyFire": 0, "firehouseDist": 1, "pop": 1690}