{"buildingID": 1824, "county": "\u666e\u9640", "town": "\u6843\u6d66\u9547", "circleNum": 2, "builtYear": "1994", "builtHeight": 10, "storeNum": 3, "floorArea": 243.977504966, "buildArea": 731.932514898, "seiFort": "2", "keyFire": 0, "firehouseDist": 2, "pop": 146}