{"buildingID": 5527, "county": "\u666e\u9640", "town": "\u6843\u6d66\u9547", "circleNum": 2, "builtYear": "1994", "builtHeight": 14, "storeNum": 4, "floorArea": 707.845402559, "buildArea": 2831.38161024, "seiFort": "2", "keyFire": 0, "firehouseDist": 2, "pop": 566}