{"buildingID": 6179, "county": "\u666e\u9640", "town": "\u6843\u6d66\u9547", "circleNum": 2, "builtYear": "1998", "builtHeight": 41, "storeNum": 13, "floorArea": 1064.63409667, "buildArea": 13840.2432566, "seiFort": "2", "keyFire": 0, "firehouseDist": 1, "pop": 2768}