{"buildingID": 27997, "county": "\u666e\u9640", "town": "\u957f\u98ce\u65b0\u6751\u8857\u9053", "circleNum": 1, "builtYear": "1979-1985", "builtHeight": 6, "storeNum": 2, "floorArea": 142.977698952, "buildArea": 285.955397904, "seiFort": "2", "keyFire": 0, "firehouseDist": 2, "pop": 11}