{"buildingID": 12428, "county": "\u666e\u9640", "town": "\u7518\u6cc9\u8def\u8857\u9053", "circleNum": 1, "builtYear": "pre1978", "builtHeight": 16, "storeNum": 5, "floorArea": 560.475698135, "buildArea": 2802.37849068, "seiFort": "1", "keyFire": 0, "firehouseDist": 2, "pop": 112}