{"buildingID": 4725, "county": "\u666e\u9640", "town": "\u6843\u6d66\u9547", "circleNum": 2, "builtYear": "1993", "builtHeight": 35, "storeNum": 11, "floorArea": 187.247439031, "buildArea": 2059.72182935, "seiFort": "2", "keyFire": 0, "firehouseDist": 2, "pop": 411}