{"buildingID": 10812, "county": "\u666e\u9640", "town": "\u957f\u5f81\u9547", "circleNum": 1, "builtYear": "1979-1985", "builtHeight": 18, "storeNum": 6, "floorArea": 1711.00555148, "buildArea": 10266.0333089, "seiFort": "2", "keyFire": 0, "firehouseDist": 2, "pop": 2053}