{"buildingID": 13830, "county": "\u666e\u9640", "town": "\u77f3\u6cc9\u8def\u8857\u9053", "circleNum": 1, "builtYear": "pre1978", "builtHeight": 94, "storeNum": 31, "floorArea": 1115.09706372, "buildArea": 34568.0089752, "seiFort": "1", "keyFire": 0, "firehouseDist": 2, "pop": 1382}