{"buildingID": 8990, "county": "\u666e\u9640", "town": "\u957f\u5f81\u9547", "circleNum": 1, "builtYear": "1979-1985", "builtHeight": 48, "storeNum": 16, "floorArea": 855.583590806, "buildArea": 13689.3374529, "seiFort": "2", "keyFire": 0, "firehouseDist": 1, "pop": 2737}