{"buildingID": 19617, "county": "\u666e\u9640", "town": "\u957f\u5f81\u9547", "circleNum": 2, "builtYear": "1979-1985", "builtHeight": 13, "storeNum": 4, "floorArea": 398.844282564, "buildArea": 1595.37713026, "seiFort": "2", "keyFire": 0, "firehouseDist": 4, "pop": 319}