{"buildingID": 9280, "county": "\u666e\u9640", "town": "\u6843\u6d66\u9547", "circleNum": 2, "builtYear": "1992", "builtHeight": 19, "storeNum": 6, "floorArea": 558.461658202, "buildArea": 3350.76994921, "seiFort": "2", "keyFire": 0, "firehouseDist": 2, "pop": 670}