{"buildingID": 15910, "county": "\u666e\u9640", "town": "\u771f\u5982\u9547", "circleNum": 1, "builtYear": "1990", "builtHeight": 55, "storeNum": 18, "floorArea": 590.609312127, "buildArea": 10630.9676183, "seiFort": "2", "keyFire": 0, "firehouseDist": 1, "pop": 2126}