{"buildingID": 11713, "county": "\u666e\u9640", "town": "\u7518\u6cc9\u8def\u8857\u9053", "circleNum": 1, "builtYear": "pre1978", "builtHeight": 18, "storeNum": 6, "floorArea": 773.524022803, "buildArea": 4641.14413682, "seiFort": "1", "keyFire": 0, "firehouseDist": 2, "pop": 185}