{"buildingID": 13676, "county": "\u666e\u9640", "town": "\u771f\u5982\u9547", "circleNum": 2, "builtYear": "1997", "builtHeight": 10, "storeNum": 3, "floorArea": 286.791816783, "buildArea": 860.375450348, "seiFort": "2", "keyFire": 0, "firehouseDist": 2, "pop": 172}