{"buildingID": 10543, "county": "\u666e\u9640", "town": "\u7518\u6cc9\u8def\u8857\u9053", "circleNum": 1, "builtYear": "pre1978", "builtHeight": 57, "storeNum": 19, "floorArea": 345.095498049, "buildArea": 6556.81446294, "seiFort": "1", "keyFire": 0, "firehouseDist": 3, "pop": 262}