{"buildingID": 5088, "county": "\u666e\u9640", "town": "\u6843\u6d66\u9547", "circleNum": 2, "builtYear": "2005", "builtHeight": 18, "storeNum": 6, "floorArea": 575.653606437, "buildArea": 3453.92163862, "seiFort": "3", "keyFire": 0, "firehouseDist": 2, "pop": 690}