{"buildingID": 10881, "county": "\u666e\u9640", "town": "\u957f\u5f81\u9547", "circleNum": 1, "builtYear": "2010", "builtHeight": 51, "storeNum": 17, "floorArea": 507.159323639, "buildArea": 8621.70850187, "seiFort": "3", "keyFire": 0, "firehouseDist": 3, "pop": 1724}