{"buildingID": 23349, "county": "\u666e\u9640", "town": "\u957f\u5f81\u9547", "circleNum": 1, "builtYear": "1979-1985", "builtHeight": 99, "storeNum": 33, "floorArea": 1240.42238509, "buildArea": 40933.9387081, "seiFort": "2", "keyFire": 0, "firehouseDist": 2, "pop": 8186}