{"buildingID": 7564, "county": "\u666e\u9640", "town": "\u7518\u6cc9\u8def\u8857\u9053", "circleNum": 1, "builtYear": "1979-1985", "builtHeight": 19, "storeNum": 6, "floorArea": 813.877548142, "buildArea": 4883.26528885, "seiFort": "2", "keyFire": 0, "firehouseDist": 2, "pop": 976}