{"buildingID": 2514, "county": "\u666e\u9640", "town": "\u6843\u6d66\u9547", "circleNum": 2, "builtYear": "1990", "builtHeight": 15, "storeNum": 5, "floorArea": 1886.70492007, "buildArea": 9433.52460035, "seiFort": "2", "keyFire": 0, "firehouseDist": 2, "pop": 1886}