{"buildingID": 27877, "county": "\u666e\u9640", "town": "\u957f\u98ce\u65b0\u6751\u8857\u9053", "circleNum": 0, "builtYear": "1979-1985", "builtHeight": 52, "storeNum": 17, "floorArea": 740.14534394, "buildArea": 12582.470847, "seiFort": "2", "keyFire": 0, "firehouseDist": 2, "pop": 2516}