{"buildingID": 14136, "county": "\u666e\u9640", "town": "\u77f3\u6cc9\u8def\u8857\u9053", "circleNum": 1, "builtYear": "1999", "builtHeight": 7, "storeNum": 2, "floorArea": 3043.90577127, "buildArea": 6087.81154254, "seiFort": "2", "keyFire": 0, "firehouseDist": 2, "pop": 1217}