{"buildingID": 7576, "county": "\u666e\u9640", "town": "\u7518\u6cc9\u8def\u8857\u9053", "circleNum": 1, "builtYear": "pre1978", "builtHeight": 17, "storeNum": 5, "floorArea": 633.283031546, "buildArea": 3166.41515773, "seiFort": "1", "keyFire": 0, "firehouseDist": 3, "pop": 126}