{"buildingID": 4477, "county": "\u666e\u9640", "town": "\u6843\u6d66\u9547", "circleNum": 2, "builtYear": "2005", "builtHeight": 25, "storeNum": 8, "floorArea": 920.778514132, "buildArea": 7366.22811305, "seiFort": "3", "keyFire": 0, "firehouseDist": 2, "pop": 1473}