{"buildingID": 14867, "county": "\u666e\u9640", "town": "\u5b9c\u5ddd\u8def\u8857\u9053", "circleNum": 0, "builtYear": "1979-1985", "builtHeight": 61, "storeNum": 20, "floorArea": 708.413586238, "buildArea": 14168.2717248, "seiFort": "2", "keyFire": 0, "firehouseDist": 1, "pop": 2833}