{"buildingID": 19132, "county": "\u666e\u9640", "town": "\u957f\u5f81\u9547", "circleNum": 2, "builtYear": "1979-1985", "builtHeight": 20, "storeNum": 6, "floorArea": 4318.21540557, "buildArea": 25909.2924334, "seiFort": "2", "keyFire": 0, "firehouseDist": 3, "pop": 5181}