{"buildingID": 15757, "county": "\u666e\u9640", "town": "\u771f\u5982\u9547", "circleNum": 2, "builtYear": "2001", "builtHeight": 36, "storeNum": 12, "floorArea": 911.856660355, "buildArea": 10942.2799243, "seiFort": "3", "keyFire": 0, "firehouseDist": 1, "pop": 2188}