{"buildingID": 23148, "county": "\u666e\u9640", "town": "\u957f\u5bff\u8def\u8857\u9053", "circleNum": 0, "builtYear": "1979-1985", "builtHeight": 39, "storeNum": 13, "floorArea": 1206.21906418, "buildArea": 15680.8478343, "seiFort": "2", "keyFire": 0, "firehouseDist": 2, "pop": 3136}