{"buildingID": 19182, "county": "\u666e\u9640", "town": "\u957f\u5f81\u9547", "circleNum": 2, "builtYear": "1979-1985", "builtHeight": 14, "storeNum": 4, "floorArea": 1310.41611333, "buildArea": 5241.66445332, "seiFort": "2", "keyFire": 0, "firehouseDist": 3, "pop": 1048}