{"buildingID": 2673, "county": "\u666e\u9640", "town": "\u6843\u6d66\u9547", "circleNum": 2, "builtYear": "1993", "builtHeight": 12, "storeNum": 4, "floorArea": 1039.17545831, "buildArea": 4156.70183325, "seiFort": "2", "keyFire": 0, "firehouseDist": 1, "pop": 831}