{"buildingID": 12706, "county": "\u666e\u9640", "town": "\u771f\u5982\u9547", "circleNum": 1, "builtYear": "1979-1985", "builtHeight": 22, "storeNum": 7, "floorArea": 94.2451461112, "buildArea": 659.716022778, "seiFort": "2", "keyFire": 0, "firehouseDist": 2, "pop": 26}