{"buildingID": 21589, "county": "\u666e\u9640", "town": "\u77f3\u6cc9\u8def\u8857\u9053", "circleNum": 1, "builtYear": "pre1978", "builtHeight": 18, "storeNum": 6, "floorArea": 1143.03152646, "buildArea": 6858.18915877, "seiFort": "1", "keyFire": 0, "firehouseDist": 1, "pop": 274}