{"buildingID": 15152, "county": "\u666e\u9640", "town": "\u771f\u5982\u9547", "circleNum": 2, "builtYear": "1993", "builtHeight": 13, "storeNum": 4, "floorArea": 259.840466561, "buildArea": 1039.36186624, "seiFort": "2", "keyFire": 0, "firehouseDist": 1, "pop": 207}