{"buildingID": 4812, "county": "\u666e\u9640", "town": "\u6843\u6d66\u9547", "circleNum": 2, "builtYear": "2010", "builtHeight": 83, "storeNum": 27, "floorArea": 91.0310303728, "buildArea": 2457.83782006, "seiFort": "3", "keyFire": 0, "firehouseDist": 2, "pop": 81}