{"buildingID": 8708, "county": "\u666e\u9640", "town": "\u7518\u6cc9\u8def\u8857\u9053", "circleNum": 1, "builtYear": "1987", "builtHeight": 43, "storeNum": 14, "floorArea": 80.2675564144, "buildArea": 1123.7457898, "seiFort": "2", "keyFire": 0, "firehouseDist": 3, "pop": 44}