{"buildingID": 15721, "county": "\u666e\u9640", "town": "\u771f\u5982\u9547", "circleNum": 2, "builtYear": "1994", "builtHeight": 11, "storeNum": 3, "floorArea": 520.766343381, "buildArea": 1562.29903014, "seiFort": "2", "keyFire": 0, "firehouseDist": 1, "pop": 312}