{"buildingID": 6315, "county": "\u666e\u9640", "town": "\u6843\u6d66\u9547", "circleNum": 2, "builtYear": "2000", "builtHeight": 11, "storeNum": 3, "floorArea": 689.254622468, "buildArea": 2067.76386741, "seiFort": "3", "keyFire": 0, "firehouseDist": 2, "pop": 413}