{"buildingID": 13646, "county": "\u666e\u9640", "town": "\u771f\u5982\u9547", "circleNum": 1, "builtYear": "1993", "builtHeight": 15, "storeNum": 5, "floorArea": 571.387914933, "buildArea": 2856.93957467, "seiFort": "2", "keyFire": 0, "firehouseDist": 2, "pop": 571}