{"buildingID": 20746, "county": "\u666e\u9640", "town": "\u957f\u5bff\u8def\u8857\u9053", "circleNum": 0, "builtYear": "1979-1985", "builtHeight": 41, "storeNum": 13, "floorArea": 1123.99269823, "buildArea": 14611.9050771, "seiFort": "2", "keyFire": 0, "firehouseDist": 1, "pop": 2922}