{"buildingID": 26713, "county": "\u666e\u9640", "town": "\u957f\u98ce\u65b0\u6751\u8857\u9053", "circleNum": 1, "builtYear": "pre1978", "builtHeight": 16, "storeNum": 5, "floorArea": 375.793793095, "buildArea": 1878.96896548, "seiFort": "1", "keyFire": 0, "firehouseDist": 2, "pop": 75}