{"buildingID": 9213, "county": "\u666e\u9640", "town": "\u771f\u5982\u9547", "circleNum": 2, "builtYear": "2007", "builtHeight": 17, "storeNum": 5, "floorArea": 1177.68419577, "buildArea": 5888.42097887, "seiFort": "3", "keyFire": 0, "firehouseDist": 2, "pop": 1177}