{"buildingID": 7475, "county": "\u666e\u9640", "town": "\u7518\u6cc9\u8def\u8857\u9053", "circleNum": 1, "builtYear": "1996", "builtHeight": 37, "storeNum": 12, "floorArea": 729.609227727, "buildArea": 8755.31073272, "seiFort": "2", "keyFire": 0, "firehouseDist": 3, "pop": 1751}