{"buildingID": 9263, "county": "\u666e\u9640", "town": "\u6843\u6d66\u9547", "circleNum": 2, "builtYear": "1993", "builtHeight": 11, "storeNum": 3, "floorArea": 266.756246666, "buildArea": 800.268739999, "seiFort": "2", "keyFire": 0, "firehouseDist": 1, "pop": 160}