{"buildingID": 27827, "county": "\u666e\u9640", "town": "\u957f\u98ce\u65b0\u6751\u8857\u9053", "circleNum": 1, "builtYear": "1979-1985", "builtHeight": 15, "storeNum": 5, "floorArea": 743.213236639, "buildArea": 3716.0661832, "seiFort": "2", "keyFire": 0, "firehouseDist": 2, "pop": 743}