{"buildingID": 15059, "county": "\u666e\u9640", "town": "\u771f\u5982\u9547", "circleNum": 2, "builtYear": "2010", "builtHeight": 33, "storeNum": 11, "floorArea": 126.985950033, "buildArea": 1396.84545036, "seiFort": "3", "keyFire": 0, "firehouseDist": 1, "pop": 46}