{"buildingID": 10886, "county": "\u666e\u9640", "town": "\u957f\u5f81\u9547", "circleNum": 1, "builtYear": "2016", "builtHeight": 69, "storeNum": 23, "floorArea": 897.746285896, "buildArea": 20648.1645756, "seiFort": "3", "keyFire": 0, "firehouseDist": 3, "pop": 4129}