{"buildingID": 2785, "county": "\u666e\u9640", "town": "\u6843\u6d66\u9547", "circleNum": 2, "builtYear": "1988", "builtHeight": 13, "storeNum": 4, "floorArea": 422.539752367, "buildArea": 1690.15900947, "seiFort": "2", "keyFire": 0, "firehouseDist": 2, "pop": 338}