{"buildingID": 5433, "county": "\u666e\u9640", "town": "\u6843\u6d66\u9547", "circleNum": 2, "builtYear": "2001", "builtHeight": 18, "storeNum": 6, "floorArea": 905.493137565, "buildArea": 5432.95882539, "seiFort": "3", "keyFire": 0, "firehouseDist": 1, "pop": 1086}