{"buildingID": 20285, "county": "\u666e\u9640", "town": "\u771f\u5982\u9547", "circleNum": 1, "builtYear": "1979-1985", "builtHeight": 21, "storeNum": 7, "floorArea": 671.951932579, "buildArea": 4703.66352806, "seiFort": "2", "keyFire": 0, "firehouseDist": 1, "pop": 940}