{"buildingID": 28531, "county": "\u666e\u9640", "town": "\u957f\u98ce\u65b0\u6751\u8857\u9053", "circleNum": 0, "builtYear": "1990", "builtHeight": 36, "storeNum": 12, "floorArea": 1950.03121233, "buildArea": 23400.374548, "seiFort": "2", "keyFire": 0, "firehouseDist": 2, "pop": 4680}