{"buildingID": 15257, "county": "\u666e\u9640", "town": "\u771f\u5982\u9547", "circleNum": 1, "builtYear": "pre1978", "builtHeight": 34, "storeNum": 11, "floorArea": 1824.87845025, "buildArea": 20073.6629528, "seiFort": "1", "keyFire": 0, "firehouseDist": 2, "pop": 802}