{"buildingID": 10644, "county": "\u666e\u9640", "town": "\u6843\u6d66\u9547", "circleNum": 2, "builtYear": "1996", "builtHeight": 10, "storeNum": 3, "floorArea": 1673.00011957, "buildArea": 5019.0003587, "seiFort": "2", "keyFire": 0, "firehouseDist": 2, "pop": 1003}