{"buildingID": 15445, "county": "\u666e\u9640", "town": "\u77f3\u6cc9\u8def\u8857\u9053", "circleNum": 1, "builtYear": "1996", "builtHeight": 8, "storeNum": 2, "floorArea": 1782.65818742, "buildArea": 3565.31637485, "seiFort": "2", "keyFire": 0, "firehouseDist": 2, "pop": 713}