{"buildingID": 27876, "county": "\u666e\u9640", "town": "\u957f\u98ce\u65b0\u6751\u8857\u9053", "circleNum": 0, "builtYear": "1990", "builtHeight": 46, "storeNum": 15, "floorArea": 125.619766836, "buildArea": 1884.29650254, "seiFort": "2", "keyFire": 0, "firehouseDist": 2, "pop": 94}