{"buildingID": 4665, "county": "\u666e\u9640", "town": "\u6843\u6d66\u9547", "circleNum": 2, "builtYear": "1997", "builtHeight": 15, "storeNum": 5, "floorArea": 2970.93688087, "buildArea": 14854.6844044, "seiFort": "2", "keyFire": 0, "firehouseDist": 2, "pop": 2970}