{"buildingID": 29130, "county": "\u666e\u9640", "town": "\u957f\u98ce\u65b0\u6751\u8857\u9053", "circleNum": 1, "builtYear": "1979-1985", "builtHeight": 9, "storeNum": 3, "floorArea": 28.1243429624, "buildArea": 84.3730288871, "seiFort": "2", "keyFire": 0, "firehouseDist": 3, "pop": 3}