{"buildingID": 1165, "county": "\u666e\u9640", "town": "\u6843\u6d66\u9547", "circleNum": 3, "builtYear": "2005", "builtHeight": 18, "storeNum": 6, "floorArea": 770.459161143, "buildArea": 4622.75496686, "seiFort": "3", "keyFire": 0, "firehouseDist": 4, "pop": 924}