{"buildingID": 9633, "county": "\u666e\u9640", "town": "\u7518\u6cc9\u8def\u8857\u9053", "circleNum": 1, "builtYear": "1991", "builtHeight": 8, "storeNum": 2, "floorArea": 255.907305264, "buildArea": 511.814610528, "seiFort": "2", "keyFire": 0, "firehouseDist": 3, "pop": 102}