{"buildingID": 28388, "county": "\u666e\u9640", "town": "\u957f\u98ce\u65b0\u6751\u8857\u9053", "circleNum": 0, "builtYear": "1979-1985", "builtHeight": 87, "storeNum": 29, "floorArea": 884.320551277, "buildArea": 25645.295987, "seiFort": "2", "keyFire": 0, "firehouseDist": 2, "pop": 5129}