{"buildingID": 16065, "county": "\u666e\u9640", "town": "\u771f\u5982\u9547", "circleNum": 1, "builtYear": "1999", "builtHeight": 6, "storeNum": 2, "floorArea": 658.642034467, "buildArea": 1317.28406893, "seiFort": "2", "keyFire": 0, "firehouseDist": 1, "pop": 263}