{"buildingID": 11469, "county": "\u666e\u9640", "town": "\u771f\u5982\u9547", "circleNum": 1, "builtYear": "1997", "builtHeight": 6, "storeNum": 2, "floorArea": 501.159817977, "buildArea": 1002.31963595, "seiFort": "2", "keyFire": 0, "firehouseDist": 1, "pop": 200}