{"buildingID": 9222, "county": "\u666e\u9640", "town": "\u6843\u6d66\u9547", "circleNum": 2, "builtYear": "1987", "builtHeight": 11, "storeNum": 3, "floorArea": 266.738408136, "buildArea": 800.215224409, "seiFort": "2", "keyFire": 0, "firehouseDist": 2, "pop": 160}