{"buildingID": 4932, "county": "\u666e\u9640", "town": "\u771f\u5982\u9547", "circleNum": 2, "builtYear": "1996", "builtHeight": 15, "storeNum": 5, "floorArea": 613.917144284, "buildArea": 3069.58572142, "seiFort": "2", "keyFire": 0, "firehouseDist": 1, "pop": 613}