{"buildingID": 10942, "county": "\u666e\u9640", "town": "\u7518\u6cc9\u8def\u8857\u9053", "circleNum": 1, "builtYear": "1979-1985", "builtHeight": 15, "storeNum": 5, "floorArea": 815.726344147, "buildArea": 4078.63172074, "seiFort": "2", "keyFire": 0, "firehouseDist": 3, "pop": 815}