{"buildingID": 29160, "county": "\u666e\u9640", "town": "\u957f\u98ce\u65b0\u6751\u8857\u9053", "circleNum": 1, "builtYear": "1979-1985", "builtHeight": 6, "storeNum": 2, "floorArea": 212.43460309, "buildArea": 424.86920618, "seiFort": "2", "keyFire": 0, "firehouseDist": 3, "pop": 84}