{"buildingID": 19228, "county": "\u666e\u9640", "town": "\u957f\u5f81\u9547", "circleNum": 2, "builtYear": "1979-1985", "builtHeight": 21, "storeNum": 7, "floorArea": 3330.98585097, "buildArea": 23316.9009568, "seiFort": "2", "keyFire": 0, "firehouseDist": 3, "pop": 4663}