{"buildingID": 16826, "county": "\u666e\u9640", "town": "\u771f\u5982\u9547", "circleNum": 1, "builtYear": "1979-1985", "builtHeight": 27, "storeNum": 9, "floorArea": 1320.88174779, "buildArea": 11887.9357301, "seiFort": "2", "keyFire": 0, "firehouseDist": 1, "pop": 2377}