{"buildingID": 15049, "county": "\u666e\u9640", "town": "\u771f\u5982\u9547", "circleNum": 2, "builtYear": "2001", "builtHeight": 35, "storeNum": 11, "floorArea": 715.012472034, "buildArea": 7865.13719238, "seiFort": "3", "keyFire": 0, "firehouseDist": 1, "pop": 1573}