{"buildingID": 14348, "county": "\u666e\u9640", "town": "\u77f3\u6cc9\u8def\u8857\u9053", "circleNum": 1, "builtYear": "1988", "builtHeight": 51, "storeNum": 17, "floorArea": 152.171759903, "buildArea": 2586.91991834, "seiFort": "2", "keyFire": 0, "firehouseDist": 2, "pop": 103}