{"buildingID": 22923, "county": "\u666e\u9640", "town": "\u957f\u5bff\u8def\u8857\u9053", "circleNum": 0, "builtYear": "1979-1985", "builtHeight": 6, "storeNum": 2, "floorArea": 10.5308795623, "buildArea": 21.0617591247, "seiFort": "2", "keyFire": 0, "firehouseDist": 1, "pop": 1}