{"buildingID": 25612, "county": "\u666e\u9640", "town": "\u66f9\u6768\u65b0\u6751\u8857\u9053", "circleNum": 1, "builtYear": "pre1978", "builtHeight": 40, "storeNum": 13, "floorArea": 45.7302331032, "buildArea": 594.493030342, "seiFort": "1", "keyFire": 0, "firehouseDist": 2, "pop": 23}