{"buildingID": 4259, "county": "\u666e\u9640", "town": "\u6843\u6d66\u9547", "circleNum": 2, "builtYear": "2001", "builtHeight": 65, "storeNum": 21, "floorArea": 148.526880849, "buildArea": 3119.06449783, "seiFort": "3", "keyFire": 0, "firehouseDist": 2, "pop": 103}