{"buildingID": 24936, "county": "\u666e\u9640", "town": "\u957f\u5bff\u8def\u8857\u9053", "circleNum": 0, "builtYear": "1979-1985", "builtHeight": 15, "storeNum": 5, "floorArea": 185.831580403, "buildArea": 929.157902013, "seiFort": "2", "keyFire": 1, "firehouseDist": 1, "pop": 185}