{"buildingID": 15534, "county": "\u666e\u9640", "town": "\u77f3\u6cc9\u8def\u8857\u9053", "circleNum": 1, "builtYear": "pre1978", "builtHeight": 54, "storeNum": 18, "floorArea": 313.646977692, "buildArea": 5645.64559845, "seiFort": "1", "keyFire": 0, "firehouseDist": 1, "pop": 225}