{"buildingID": 27488, "county": "\u666e\u9640", "town": "\u957f\u98ce\u65b0\u6751\u8857\u9053", "circleNum": 1, "builtYear": "1989", "builtHeight": 3, "storeNum": 1, "floorArea": 144.979817898, "buildArea": 144.979817898, "seiFort": "2", "keyFire": 0, "firehouseDist": 2, "pop": 5}