{"buildingID": 1027, "county": "\u666e\u9640", "town": "\u6843\u6d66\u9547", "circleNum": 3, "builtYear": "1994", "builtHeight": 99, "storeNum": 33, "floorArea": 907.244450065, "buildArea": 29939.0668522, "seiFort": "2", "keyFire": 0, "firehouseDist": 4, "pop": 5987}