{"buildingID": 15964, "county": "\u666e\u9640", "town": "\u771f\u5982\u9547", "circleNum": 1, "builtYear": "1999", "builtHeight": 39, "storeNum": 13, "floorArea": 109.424943012, "buildArea": 1422.52425916, "seiFort": "2", "keyFire": 0, "firehouseDist": 1, "pop": 56}