{"buildingID": 5622, "county": "\u666e\u9640", "town": "\u6843\u6d66\u9547", "circleNum": 2, "builtYear": "2017", "builtHeight": 13, "storeNum": 4, "floorArea": 977.953676843, "buildArea": 3911.81470737, "seiFort": "3", "keyFire": 0, "firehouseDist": 1, "pop": 782}