{"buildingID": 19715, "county": "\u666e\u9640", "town": "\u957f\u5f81\u9547", "circleNum": 2, "builtYear": "1979-1985", "builtHeight": 18, "storeNum": 6, "floorArea": 275.726214448, "buildArea": 1654.35728669, "seiFort": "2", "keyFire": 0, "firehouseDist": 3, "pop": 330}