{"buildingID": 27759, "county": "\u666e\u9640", "town": "\u957f\u98ce\u65b0\u6751\u8857\u9053", "circleNum": 1, "builtYear": "pre1978", "builtHeight": 11, "storeNum": 3, "floorArea": 933.204953623, "buildArea": 2799.61486087, "seiFort": "1", "keyFire": 0, "firehouseDist": 2, "pop": 111}