{"buildingID": 28408, "county": "\u666e\u9640", "town": "\u957f\u98ce\u65b0\u6751\u8857\u9053", "circleNum": 1, "builtYear": "1988", "builtHeight": 60, "storeNum": 20, "floorArea": 115.846177946, "buildArea": 2316.92355893, "seiFort": "2", "keyFire": 0, "firehouseDist": 2, "pop": 92}