{"buildingID": 27841, "county": "\u666e\u9640", "town": "\u957f\u98ce\u65b0\u6751\u8857\u9053", "circleNum": 1, "builtYear": "1979-1985", "builtHeight": 5, "storeNum": 1, "floorArea": 305.656316424, "buildArea": 305.656316424, "seiFort": "2", "keyFire": 0, "firehouseDist": 2, "pop": 61}