{"buildingID": 27284, "county": "\u666e\u9640", "town": "\u957f\u98ce\u65b0\u6751\u8857\u9053", "circleNum": 0, "builtYear": "pre1978", "builtHeight": 54, "storeNum": 18, "floorArea": 779.68692993, "buildArea": 14034.3647387, "seiFort": "1", "keyFire": 0, "firehouseDist": 1, "pop": 701}