{"buildingID": 15231, "county": "\u666e\u9640", "town": "\u771f\u5982\u9547", "circleNum": 1, "builtYear": "1985", "builtHeight": 6, "storeNum": 2, "floorArea": 274.029413062, "buildArea": 548.058826123, "seiFort": "2", "keyFire": 0, "firehouseDist": 2, "pop": 109}