{"buildingID": 19976, "county": "\u666e\u9640", "town": "\u957f\u98ce\u65b0\u6751\u8857\u9053", "circleNum": 1, "builtYear": "1979-1985", "builtHeight": 15, "storeNum": 5, "floorArea": 209.827954554, "buildArea": 1049.13977277, "seiFort": "2", "keyFire": 0, "firehouseDist": 2, "pop": 209}