{"buildingID": 20277, "county": "\u666e\u9640", "town": "\u771f\u5982\u9547", "circleNum": 1, "builtYear": "pre1978", "builtHeight": 20, "storeNum": 6, "floorArea": 459.978411352, "buildArea": 2759.87046811, "seiFort": "1", "keyFire": 1, "firehouseDist": 1, "pop": 110}