{"buildingID": 28097, "county": "\u666e\u9640", "town": "\u957f\u98ce\u65b0\u6751\u8857\u9053", "circleNum": 0, "builtYear": "pre1978", "builtHeight": 32, "storeNum": 10, "floorArea": 128.586522753, "buildArea": 1285.86522753, "seiFort": "1", "keyFire": 0, "firehouseDist": 1, "pop": 64}