{"buildingID": 21858, "county": "\u666e\u9640", "town": "\u957f\u5bff\u8def\u8857\u9053", "circleNum": 0, "builtYear": "pre1978", "builtHeight": 103, "storeNum": 34, "floorArea": 100.203828641, "buildArea": 3406.93017379, "seiFort": "1", "keyFire": 0, "firehouseDist": 1, "pop": 681}