{"buildingID": 19117, "county": "\u666e\u9640", "town": "\u957f\u5f81\u9547", "circleNum": 2, "builtYear": "1997", "builtHeight": 41, "storeNum": 13, "floorArea": 625.825525666, "buildArea": 8135.73183366, "seiFort": "2", "keyFire": 0, "firehouseDist": 3, "pop": 1627}