{"buildingID": 11669, "county": "\u666e\u9640", "town": "\u771f\u5982\u9547", "circleNum": 2, "builtYear": "pre1978", "builtHeight": 68, "storeNum": 22, "floorArea": 104.574451144, "buildArea": 2300.63792517, "seiFort": "1", "keyFire": 0, "firehouseDist": 2, "pop": 76}