{"buildingID": 1233, "county": "\u666e\u9640", "town": "\u6843\u6d66\u9547", "circleNum": 3, "builtYear": "1996", "builtHeight": 54, "storeNum": 18, "floorArea": 797.428847279, "buildArea": 14353.719251, "seiFort": "2", "keyFire": 0, "firehouseDist": 3, "pop": 2870}