{"buildingID": 2321, "county": "\u666e\u9640", "town": "\u6843\u6d66\u9547", "circleNum": 2, "builtYear": "1992", "builtHeight": 27, "storeNum": 9, "floorArea": 226.267554619, "buildArea": 2036.40799157, "seiFort": "2", "keyFire": 0, "firehouseDist": 1, "pop": 407}