{"buildingID": 12611, "county": "\u666e\u9640", "town": "\u771f\u5982\u9547", "circleNum": 2, "builtYear": "1979-1985", "builtHeight": 16, "storeNum": 5, "floorArea": 1205.81932761, "buildArea": 6029.09663805, "seiFort": "2", "keyFire": 0, "firehouseDist": 2, "pop": 1205}