{"buildingID": 20196, "county": "\u666e\u9640", "town": "\u66f9\u6768\u65b0\u6751\u8857\u9053", "circleNum": 1, "builtYear": "pre1978", "builtHeight": 13, "storeNum": 4, "floorArea": 923.604976145, "buildArea": 3694.41990458, "seiFort": "1", "keyFire": 0, "firehouseDist": 2, "pop": 147}