{"buildingID": 1440, "county": "\u666e\u9640", "town": "\u6843\u6d66\u9547", "circleNum": 3, "builtYear": "2004", "builtHeight": 18, "storeNum": 6, "floorArea": 485.546208628, "buildArea": 2913.27725177, "seiFort": "3", "keyFire": 0, "firehouseDist": 5, "pop": 582}