{"buildingID": 9603, "county": "\u666e\u9640", "town": "\u7518\u6cc9\u8def\u8857\u9053", "circleNum": 1, "builtYear": "2001", "builtHeight": 23, "storeNum": 7, "floorArea": 391.502220846, "buildArea": 2740.51554592, "seiFort": "3", "keyFire": 0, "firehouseDist": 3, "pop": 548}