{"buildingID": 13526, "county": "\u666e\u9640", "town": "\u771f\u5982\u9547", "circleNum": 1, "builtYear": "1995", "builtHeight": 49, "storeNum": 16, "floorArea": 137.396153895, "buildArea": 2198.33846233, "seiFort": "2", "keyFire": 0, "firehouseDist": 2, "pop": 87}