{"buildingID": 2855, "county": "\u666e\u9640", "town": "\u6843\u6d66\u9547", "circleNum": 2, "builtYear": "1979-1985", "builtHeight": 15, "storeNum": 5, "floorArea": 1381.08667441, "buildArea": 6905.43337207, "seiFort": "2", "keyFire": 0, "firehouseDist": 2, "pop": 1381}