{"buildingID": 12746, "county": "\u666e\u9640", "town": "\u771f\u5982\u9547", "circleNum": 1, "builtYear": "1986", "builtHeight": 16, "storeNum": 5, "floorArea": 740.804877602, "buildArea": 3704.02438801, "seiFort": "2", "keyFire": 0, "firehouseDist": 2, "pop": 740}