{"buildingID": 29185, "county": "\u666e\u9640", "town": "\u957f\u98ce\u65b0\u6751\u8857\u9053", "circleNum": 1, "builtYear": "1987", "builtHeight": 6, "storeNum": 2, "floorArea": 376.676390795, "buildArea": 753.352781591, "seiFort": "2", "keyFire": 0, "firehouseDist": 3, "pop": 150}