{"buildingID": 14805, "county": "\u666e\u9640", "town": "\u77f3\u6cc9\u8def\u8857\u9053", "circleNum": 1, "builtYear": "1988", "builtHeight": 91, "storeNum": 30, "floorArea": 1237.12512051, "buildArea": 37113.7536154, "seiFort": "2", "keyFire": 1, "firehouseDist": 2, "pop": 7422}