{"buildingID": 4257, "county": "\u666e\u9640", "town": "\u6843\u6d66\u9547", "circleNum": 2, "builtYear": "2001", "builtHeight": 38, "storeNum": 12, "floorArea": 364.948526594, "buildArea": 4379.38231913, "seiFort": "3", "keyFire": 0, "firehouseDist": 2, "pop": 875}