{"buildingID": 6385, "county": "\u666e\u9640", "town": "\u6843\u6d66\u9547", "circleNum": 2, "builtYear": "2009", "builtHeight": 30, "storeNum": 10, "floorArea": 348.764160488, "buildArea": 3487.64160488, "seiFort": "3", "keyFire": 0, "firehouseDist": 1, "pop": 697}