{"buildingID": 25157, "county": "\u666e\u9640", "town": "\u957f\u5bff\u8def\u8857\u9053", "circleNum": 0, "builtYear": "pre1978", "builtHeight": 82, "storeNum": 27, "floorArea": 1119.48671222, "buildArea": 30226.1412298, "seiFort": "1", "keyFire": 0, "firehouseDist": 2, "pop": 1511}