{"buildingID": 2528, "county": "\u666e\u9640", "town": "\u6843\u6d66\u9547", "circleNum": 2, "builtYear": "2003", "builtHeight": 10, "storeNum": 3, "floorArea": 1715.57766224, "buildArea": 5146.73298671, "seiFort": "3", "keyFire": 0, "firehouseDist": 2, "pop": 1029}