{"buildingID": 18237, "county": "\u666e\u9640", "town": "\u957f\u5f81\u9547", "circleNum": 2, "builtYear": "1979-1985", "builtHeight": 6, "storeNum": 2, "floorArea": 615.877538166, "buildArea": 1231.75507633, "seiFort": "2", "keyFire": 1, "firehouseDist": 2, "pop": 246}