{"buildingID": 24247, "county": "\u666e\u9640", "town": "\u66f9\u6768\u65b0\u6751\u8857\u9053", "circleNum": 1, "builtYear": "1986", "builtHeight": 13, "storeNum": 4, "floorArea": 80.9080168903, "buildArea": 323.632067561, "seiFort": "2", "keyFire": 0, "firehouseDist": 1, "pop": 12}