{"buildingID": 19601, "county": "\u666e\u9640", "town": "\u957f\u5f81\u9547", "circleNum": 2, "builtYear": "1979-1985", "builtHeight": 4, "storeNum": 1, "floorArea": 255.149630149, "buildArea": 255.149630149, "seiFort": "2", "keyFire": 0, "firehouseDist": 4, "pop": 51}