{"buildingID": 19614, "county": "\u666e\u9640", "town": "\u957f\u5f81\u9547", "circleNum": 2, "builtYear": "1979-1985", "builtHeight": 9, "storeNum": 3, "floorArea": 156.518818582, "buildArea": 469.556455745, "seiFort": "2", "keyFire": 0, "firehouseDist": 4, "pop": 15}