{"buildingID": 16619, "county": "\u666e\u9640", "town": "\u771f\u5982\u9547", "circleNum": 2, "builtYear": "1997", "builtHeight": 76, "storeNum": 25, "floorArea": 1274.81050033, "buildArea": 31870.2625082, "seiFort": "2", "keyFire": 0, "firehouseDist": 1, "pop": 6374}