{"buildingID": 5535, "county": "\u666e\u9640", "town": "\u6843\u6d66\u9547", "circleNum": 2, "builtYear": "2002", "builtHeight": 13, "storeNum": 4, "floorArea": 403.534942577, "buildArea": 1614.13977031, "seiFort": "3", "keyFire": 0, "firehouseDist": 2, "pop": 322}