{"buildingID": 14331, "county": "\u666e\u9640", "town": "\u77f3\u6cc9\u8def\u8857\u9053", "circleNum": 1, "builtYear": "pre1978", "builtHeight": 24, "storeNum": 8, "floorArea": 787.457124542, "buildArea": 6299.65699633, "seiFort": "1", "keyFire": 0, "firehouseDist": 2, "pop": 251}