{"buildingID": 25817, "county": "\u666e\u9640", "town": "\u66f9\u6768\u65b0\u6751\u8857\u9053", "circleNum": 1, "builtYear": "pre1978", "builtHeight": 8, "storeNum": 2, "floorArea": 307.945734191, "buildArea": 615.891468383, "seiFort": "1", "keyFire": 0, "firehouseDist": 1, "pop": 24}