{"buildingID": 16396, "county": "\u666e\u9640", "town": "\u771f\u5982\u9547", "circleNum": 1, "builtYear": "1988", "builtHeight": 16, "storeNum": 5, "floorArea": 936.278932571, "buildArea": 4681.39466286, "seiFort": "2", "keyFire": 0, "firehouseDist": 1, "pop": 936}