{"buildingID": 10548, "county": "\u666e\u9640", "town": "\u7518\u6cc9\u8def\u8857\u9053", "circleNum": 1, "builtYear": "pre1978", "builtHeight": 15, "storeNum": 5, "floorArea": 990.508809362, "buildArea": 4952.54404681, "seiFort": "1", "keyFire": 0, "firehouseDist": 3, "pop": 198}