{"buildingID": 9307, "county": "\u666e\u9640", "town": "\u6843\u6d66\u9547", "circleNum": 2, "builtYear": "1987", "builtHeight": 7, "storeNum": 2, "floorArea": 5105.67269853, "buildArea": 10211.3453971, "seiFort": "2", "keyFire": 0, "firehouseDist": 1, "pop": 2042}