{"buildingID": 24862, "county": "\u666e\u9640", "town": "\u66f9\u6768\u65b0\u6751\u8857\u9053", "circleNum": 1, "builtYear": "1995", "builtHeight": 21, "storeNum": 7, "floorArea": 669.223127595, "buildArea": 4684.56189316, "seiFort": "2", "keyFire": 0, "firehouseDist": 1, "pop": 936}