{"buildingID": 1145, "county": "\u666e\u9640", "town": "\u6843\u6d66\u9547", "circleNum": 3, "builtYear": "1997", "builtHeight": 18, "storeNum": 6, "floorArea": 808.634002458, "buildArea": 4851.80401475, "seiFort": "2", "keyFire": 0, "firehouseDist": 4, "pop": 970}