{"buildingID": 24805, "county": "\u666e\u9640", "town": "\u66f9\u6768\u65b0\u6751\u8857\u9053", "circleNum": 1, "builtYear": "pre1978", "builtHeight": 41, "storeNum": 13, "floorArea": 73.3362869994, "buildArea": 953.371730992, "seiFort": "1", "keyFire": 0, "firehouseDist": 1, "pop": 38}