{"buildingID": 6387, "county": "\u666e\u9640", "town": "\u6843\u6d66\u9547", "circleNum": 2, "builtYear": "2009", "builtHeight": 42, "storeNum": 14, "floorArea": 638.417114829, "buildArea": 8937.8396076, "seiFort": "3", "keyFire": 0, "firehouseDist": 2, "pop": 1787}