{"buildingID": 27102, "county": "\u666e\u9640", "town": "\u957f\u5bff\u8def\u8857\u9053", "circleNum": 0, "builtYear": "pre1978", "builtHeight": 63, "storeNum": 21, "floorArea": 1039.67763465, "buildArea": 21833.2303277, "seiFort": "1", "keyFire": 0, "firehouseDist": 1, "pop": 1091}