{"buildingID": 5894, "county": "\u666e\u9640", "town": "\u6843\u6d66\u9547", "circleNum": 2, "builtYear": "2000", "builtHeight": 19, "storeNum": 6, "floorArea": 324.161126959, "buildArea": 1944.96676175, "seiFort": "3", "keyFire": 0, "firehouseDist": 1, "pop": 388}