{"buildingID": 27989, "county": "\u666e\u9640", "town": "\u957f\u98ce\u65b0\u6751\u8857\u9053", "circleNum": 1, "builtYear": "1993", "builtHeight": 6, "storeNum": 2, "floorArea": 150.502793097, "buildArea": 301.005586193, "seiFort": "2", "keyFire": 0, "firehouseDist": 2, "pop": 12}