{"buildingID": 16208, "county": "\u666e\u9640", "town": "\u5b9c\u5ddd\u8def\u8857\u9053", "circleNum": 0, "builtYear": "pre1978", "builtHeight": 104, "storeNum": 34, "floorArea": 216.240919467, "buildArea": 7352.19126188, "seiFort": "1", "keyFire": 0, "firehouseDist": 1, "pop": 1470}