{"buildingID": 17939, "county": "\u666e\u9640", "town": "\u957f\u5f81\u9547", "circleNum": 2, "builtYear": "1987", "builtHeight": 19, "storeNum": 6, "floorArea": 835.401037304, "buildArea": 5012.40622382, "seiFort": "2", "keyFire": 0, "firehouseDist": 2, "pop": 1002}