{"buildingID": 11912, "county": "\u666e\u9640", "town": "\u7518\u6cc9\u8def\u8857\u9053", "circleNum": 1, "builtYear": "1988", "builtHeight": 9, "storeNum": 3, "floorArea": 779.145851053, "buildArea": 2337.43755316, "seiFort": "2", "keyFire": 0, "firehouseDist": 3, "pop": 467}