{"buildingID": 28619, "county": "\u666e\u9640", "town": "\u957f\u98ce\u65b0\u6751\u8857\u9053", "circleNum": 1, "builtYear": "2014", "builtHeight": 6, "storeNum": 2, "floorArea": 1114.35413627, "buildArea": 2228.70827255, "seiFort": "3", "keyFire": 0, "firehouseDist": 3, "pop": 445}