{"buildingID": 3334, "county": "\u666e\u9640", "town": "\u6843\u6d66\u9547", "circleNum": 2, "builtYear": "1979-1985", "builtHeight": 11, "storeNum": 3, "floorArea": 2719.1990465, "buildArea": 8157.5971395, "seiFort": "2", "keyFire": 0, "firehouseDist": 1, "pop": 1631}