{"buildingID": 4943, "county": "\u666e\u9640", "town": "\u771f\u5982\u9547", "circleNum": 2, "builtYear": "1995", "builtHeight": 22, "storeNum": 7, "floorArea": 833.227838308, "buildArea": 5832.59486816, "seiFort": "2", "keyFire": 0, "firehouseDist": 1, "pop": 1166}