{"buildingID": 23653, "county": "\u666e\u9640", "town": "\u66f9\u6768\u65b0\u6751\u8857\u9053", "circleNum": 1, "builtYear": "1993", "builtHeight": 6, "storeNum": 2, "floorArea": 102.477745389, "buildArea": 204.955490779, "seiFort": "2", "keyFire": 0, "firehouseDist": 1, "pop": 8}