{"buildingID": 1813, "county": "\u666e\u9640", "town": "\u6843\u6d66\u9547", "circleNum": 2, "builtYear": "1998", "builtHeight": 77, "storeNum": 25, "floorArea": 87.1087094293, "buildArea": 2177.71773573, "seiFort": "2", "keyFire": 0, "firehouseDist": 2, "pop": 72}