{"buildingID": 12729, "county": "\u666e\u9640", "town": "\u771f\u5982\u9547", "circleNum": 1, "builtYear": "pre1978", "builtHeight": 16, "storeNum": 5, "floorArea": 1116.83679556, "buildArea": 5584.18397778, "seiFort": "1", "keyFire": 0, "firehouseDist": 2, "pop": 223}