{"buildingID": 20968, "county": "\u666e\u9640", "town": "\u957f\u5bff\u8def\u8857\u9053", "circleNum": 0, "builtYear": "1979-1985", "builtHeight": 15, "storeNum": 5, "floorArea": 108.64781015, "buildArea": 543.239050752, "seiFort": "2", "keyFire": 0, "firehouseDist": 1, "pop": 27}