{"buildingID": 16067, "county": "\u666e\u9640", "town": "\u771f\u5982\u9547", "circleNum": 1, "builtYear": "2003", "builtHeight": 6, "storeNum": 2, "floorArea": 257.181484663, "buildArea": 514.362969326, "seiFort": "3", "keyFire": 0, "firehouseDist": 1, "pop": 102}