{"buildingID": 29039, "county": "\u666e\u9640", "town": "\u957f\u98ce\u65b0\u6751\u8857\u9053", "circleNum": 1, "builtYear": "pre1978", "builtHeight": 99, "storeNum": 33, "floorArea": 1617.45616712, "buildArea": 53376.0535149, "seiFort": "1", "keyFire": 0, "firehouseDist": 3, "pop": 2135}