{"buildingID": 13355, "county": "\u666e\u9640", "town": "\u771f\u5982\u9547", "circleNum": 1, "builtYear": "pre1978", "builtHeight": 58, "storeNum": 19, "floorArea": 69.7543954296, "buildArea": 1325.33351316, "seiFort": "1", "keyFire": 1, "firehouseDist": 2, "pop": 53}