{"buildingID": 28561, "county": "\u666e\u9640", "town": "\u957f\u98ce\u65b0\u6751\u8857\u9053", "circleNum": 1, "builtYear": "pre1978", "builtHeight": 12, "storeNum": 4, "floorArea": 244.04942904, "buildArea": 976.19771616, "seiFort": "1", "keyFire": 0, "firehouseDist": 3, "pop": 39}