{"buildingID": 3174, "county": "\u666e\u9640", "town": "\u6843\u6d66\u9547", "circleNum": 3, "builtYear": "1992", "builtHeight": 54, "storeNum": 18, "floorArea": 887.928958062, "buildArea": 15982.7212451, "seiFort": "2", "keyFire": 0, "firehouseDist": 3, "pop": 3196}