{"buildingID": 7141, "county": "\u666e\u9640", "town": "\u957f\u5f81\u9547", "circleNum": 1, "builtYear": "1993", "builtHeight": 43, "storeNum": 14, "floorArea": 481.620990376, "buildArea": 6742.69386526, "seiFort": "2", "keyFire": 0, "firehouseDist": 1, "pop": 1348}