{"buildingID": 13106, "county": "\u666e\u9640", "town": "\u7518\u6cc9\u8def\u8857\u9053", "circleNum": 1, "builtYear": "pre1978", "builtHeight": 49, "storeNum": 16, "floorArea": 501.126709612, "buildArea": 8018.02735379, "seiFort": "1", "keyFire": 1, "firehouseDist": 2, "pop": 320}