{"buildingID": 26259, "county": "\u666e\u9640", "town": "\u957f\u98ce\u65b0\u6751\u8857\u9053", "circleNum": 0, "builtYear": "pre1978", "builtHeight": 105, "storeNum": 35, "floorArea": 1497.11899809, "buildArea": 52399.1649331, "seiFort": "1", "keyFire": 1, "firehouseDist": 1, "pop": 10479}