{"buildingID": 5130, "county": "\u666e\u9640", "town": "\u6843\u6d66\u9547", "circleNum": 2, "builtYear": "2001", "builtHeight": 156, "storeNum": 52, "floorArea": 559.213244036, "buildArea": 29079.0886899, "seiFort": "3", "keyFire": 0, "firehouseDist": 2, "pop": 5815}