{"buildingID": 17882, "county": "\u666e\u9640", "town": "\u957f\u5bff\u8def\u8857\u9053", "circleNum": 0, "builtYear": "pre1978", "builtHeight": 99, "storeNum": 33, "floorArea": 876.987774639, "buildArea": 28940.5965631, "seiFort": "1", "keyFire": 1, "firehouseDist": 1, "pop": 1447}