{"buildingID": 5197, "county": "\u666e\u9640", "town": "\u6843\u6d66\u9547", "circleNum": 2, "builtYear": "2006", "builtHeight": 12, "storeNum": 4, "floorArea": 261.833375381, "buildArea": 1047.33350152, "seiFort": "3", "keyFire": 0, "firehouseDist": 2, "pop": 209}