{"buildingID": 10093, "county": "\u666e\u9640", "town": "\u771f\u5982\u9547", "circleNum": 2, "builtYear": "2005", "builtHeight": 18, "storeNum": 6, "floorArea": 67.9734299537, "buildArea": 407.840579722, "seiFort": "3", "keyFire": 0, "firehouseDist": 2, "pop": 13}