{"buildingID": 8996, "county": "\u666e\u9640", "town": "\u957f\u5f81\u9547", "circleNum": 1, "builtYear": "1979-1985", "builtHeight": 54, "storeNum": 18, "floorArea": 1192.74953566, "buildArea": 21469.4916419, "seiFort": "2", "keyFire": 0, "firehouseDist": 1, "pop": 4293}