{"buildingID": 10623, "county": "\u666e\u9640", "town": "\u7518\u6cc9\u8def\u8857\u9053", "circleNum": 1, "builtYear": "pre1978", "builtHeight": 19, "storeNum": 6, "floorArea": 730.773407864, "buildArea": 4384.64044718, "seiFort": "1", "keyFire": 0, "firehouseDist": 2, "pop": 175}