{"buildingID": 9551, "county": "\u666e\u9640", "town": "\u957f\u5f81\u9547", "circleNum": 1, "builtYear": "1979-1985", "builtHeight": 29, "storeNum": 9, "floorArea": 37.6973718522, "buildArea": 339.27634667, "seiFort": "2", "keyFire": 0, "firehouseDist": 2, "pop": 13}