{"buildingID": 12447, "county": "\u666e\u9640", "town": "\u5b9c\u5ddd\u8def\u8857\u9053", "circleNum": 1, "builtYear": "1979-1985", "builtHeight": 16, "storeNum": 5, "floorArea": 886.112353697, "buildArea": 4430.56176849, "seiFort": "2", "keyFire": 0, "firehouseDist": 2, "pop": 886}