{"buildingID": 5274, "county": "\u666e\u9640", "town": "\u6843\u6d66\u9547", "circleNum": 2, "builtYear": "1997", "builtHeight": 11, "storeNum": 3, "floorArea": 373.047164547, "buildArea": 1119.14149364, "seiFort": "2", "keyFire": 0, "firehouseDist": 1, "pop": 223}