{"buildingID": 6634, "county": "\u666e\u9640", "town": "\u6843\u6d66\u9547", "circleNum": 2, "builtYear": "2009", "builtHeight": 40, "storeNum": 13, "floorArea": 832.062592711, "buildArea": 10816.8137052, "seiFort": "3", "keyFire": 0, "firehouseDist": 2, "pop": 2163}