{"buildingID": 6492, "county": "\u666e\u9640", "town": "\u6843\u6d66\u9547", "circleNum": 2, "builtYear": "2005", "builtHeight": 13, "storeNum": 4, "floorArea": 342.105678322, "buildArea": 1368.42271329, "seiFort": "3", "keyFire": 0, "firehouseDist": 1, "pop": 273}