{"buildingID": 16544, "county": "\u666e\u9640", "town": "\u771f\u5982\u9547", "circleNum": 1, "builtYear": "1988", "builtHeight": 3, "storeNum": 1, "floorArea": 4704.80961428, "buildArea": 4704.80961428, "seiFort": "2", "keyFire": 0, "firehouseDist": 1, "pop": 940}