{"buildingID": 5456, "county": "\u666e\u9640", "town": "\u6843\u6d66\u9547", "circleNum": 2, "builtYear": "1994", "builtHeight": 3, "storeNum": 1, "floorArea": 10217.0280419, "buildArea": 10217.0280419, "seiFort": "2", "keyFire": 0, "firehouseDist": 2, "pop": 2043}