{"buildingID": 10529, "county": "\u666e\u9640", "town": "\u7518\u6cc9\u8def\u8857\u9053", "circleNum": 1, "builtYear": "pre1978", "builtHeight": 52, "storeNum": 17, "floorArea": 393.318629936, "buildArea": 6686.41670891, "seiFort": "1", "keyFire": 0, "firehouseDist": 3, "pop": 267}