{"buildingID": 5604, "county": "\u666e\u9640", "town": "\u6843\u6d66\u9547", "circleNum": 2, "builtYear": "2000", "builtHeight": 16, "storeNum": 5, "floorArea": 403.324461157, "buildArea": 2016.62230578, "seiFort": "3", "keyFire": 0, "firehouseDist": 1, "pop": 403}