{"buildingID": 20062, "county": "\u666e\u9640", "town": "\u66f9\u6768\u65b0\u6751\u8857\u9053", "circleNum": 1, "builtYear": "pre1978", "builtHeight": 70, "storeNum": 23, "floorArea": 286.634708066, "buildArea": 6592.59828552, "seiFort": "1", "keyFire": 1, "firehouseDist": 1, "pop": 263}