{"buildingID": 10069, "county": "\u666e\u9640", "town": "\u771f\u5982\u9547", "circleNum": 2, "builtYear": "2001", "builtHeight": 20, "storeNum": 6, "floorArea": 1525.82112738, "buildArea": 9154.92676429, "seiFort": "3", "keyFire": 0, "firehouseDist": 2, "pop": 1830}