{"buildingID": 23186, "county": "\u666e\u9640", "town": "\u957f\u5bff\u8def\u8857\u9053", "circleNum": 0, "builtYear": "pre1978", "builtHeight": 71, "storeNum": 23, "floorArea": 888.360537026, "buildArea": 20432.2923516, "seiFort": "1", "keyFire": 0, "firehouseDist": 1, "pop": 1021}