{"buildingID": 2496, "county": "\u666e\u9640", "town": "\u6843\u6d66\u9547", "circleNum": 2, "builtYear": "1999", "builtHeight": 15, "storeNum": 5, "floorArea": 654.010142332, "buildArea": 3270.05071166, "seiFort": "2", "keyFire": 0, "firehouseDist": 2, "pop": 654}