{"buildingID": 9628, "county": "\u666e\u9640", "town": "\u7518\u6cc9\u8def\u8857\u9053", "circleNum": 1, "builtYear": "1986", "builtHeight": 17, "storeNum": 5, "floorArea": 653.982433572, "buildArea": 3269.91216786, "seiFort": "2", "keyFire": 0, "firehouseDist": 3, "pop": 653}