{"buildingID": 16977, "county": "\u666e\u9640", "town": "\u77f3\u6cc9\u8def\u8857\u9053", "circleNum": 1, "builtYear": "pre1978", "builtHeight": 19, "storeNum": 6, "floorArea": 428.843806763, "buildArea": 2573.06284058, "seiFort": "1", "keyFire": 1, "firehouseDist": 2, "pop": 102}