{"buildingID": 22804, "county": "\u666e\u9640", "town": "\u66f9\u6768\u65b0\u6751\u8857\u9053", "circleNum": 1, "builtYear": "pre1978", "builtHeight": 53, "storeNum": 17, "floorArea": 756.865782939, "buildArea": 12866.71831, "seiFort": "1", "keyFire": 0, "firehouseDist": 1, "pop": 514}