{"buildingID": 4807, "county": "\u666e\u9640", "town": "\u6843\u6d66\u9547", "circleNum": 2, "builtYear": "2004", "builtHeight": 67, "storeNum": 22, "floorArea": 52.7428474702, "buildArea": 1160.34264435, "seiFort": "3", "keyFire": 0, "firehouseDist": 2, "pop": 38}