{"buildingID": 1380, "county": "\u666e\u9640", "town": "\u6843\u6d66\u9547", "circleNum": 2, "builtYear": "2007", "builtHeight": 25, "storeNum": 8, "floorArea": 265.349143643, "buildArea": 2122.79314915, "seiFort": "3", "keyFire": 0, "firehouseDist": 1, "pop": 424}