{"buildingID": 26285, "county": "\u666e\u9640", "town": "\u957f\u98ce\u65b0\u6751\u8857\u9053", "circleNum": 0, "builtYear": "pre1978", "builtHeight": 8, "storeNum": 2, "floorArea": 510.042487627, "buildArea": 1020.08497525, "seiFort": "1", "keyFire": 0, "firehouseDist": 2, "pop": 51}