{"buildingID": 6219, "county": "\u666e\u9640", "town": "\u6843\u6d66\u9547", "circleNum": 2, "builtYear": "1995", "builtHeight": 62, "storeNum": 20, "floorArea": 182.202989477, "buildArea": 3644.05978955, "seiFort": "2", "keyFire": 0, "firehouseDist": 2, "pop": 728}