{"buildingID": 24692, "county": "\u666e\u9640", "town": "\u957f\u5f81\u9547", "circleNum": 1, "builtYear": "1994", "builtHeight": 19, "storeNum": 6, "floorArea": 890.258093435, "buildArea": 5341.54856061, "seiFort": "2", "keyFire": 0, "firehouseDist": 2, "pop": 1068}