{"buildingID": 18318, "county": "\u666e\u9640", "town": "\u957f\u5f81\u9547", "circleNum": 2, "builtYear": "1979-1985", "builtHeight": 17, "storeNum": 5, "floorArea": 486.310837722, "buildArea": 2431.55418861, "seiFort": "2", "keyFire": 0, "firehouseDist": 2, "pop": 486}