{"buildingID": 22913, "county": "\u666e\u9640", "town": "\u957f\u5bff\u8def\u8857\u9053", "circleNum": 0, "builtYear": "1979-1985", "builtHeight": 89, "storeNum": 29, "floorArea": 81.7455972792, "buildArea": 2370.6223211, "seiFort": "2", "keyFire": 0, "firehouseDist": 1, "pop": 118}