{"buildingID": 17253, "county": "\u666e\u9640", "town": "\u957f\u5f81\u9547", "circleNum": 2, "builtYear": "1979-1985", "builtHeight": 14, "storeNum": 4, "floorArea": 1726.90983339, "buildArea": 6907.63933358, "seiFort": "2", "keyFire": 0, "firehouseDist": 1, "pop": 1381}