{"buildingID": 27931, "county": "\u666e\u9640", "town": "\u957f\u98ce\u65b0\u6751\u8857\u9053", "circleNum": 1, "builtYear": "pre1978", "builtHeight": 14, "storeNum": 4, "floorArea": 1559.35794686, "buildArea": 6237.43178743, "seiFort": "1", "keyFire": 0, "firehouseDist": 2, "pop": 249}