{"buildingID": 2375, "county": "\u666e\u9640", "town": "\u6843\u6d66\u9547", "circleNum": 3, "builtYear": "1996", "builtHeight": 18, "storeNum": 6, "floorArea": 900.89583903, "buildArea": 5405.37503418, "seiFort": "2", "keyFire": 1, "firehouseDist": 3, "pop": 1081}