{"buildingID": 12831, "county": "\u666e\u9640", "town": "\u77f3\u6cc9\u8def\u8857\u9053", "circleNum": 1, "builtYear": "1989", "builtHeight": 10, "storeNum": 3, "floorArea": 380.187399211, "buildArea": 1140.56219763, "seiFort": "2", "keyFire": 0, "firehouseDist": 2, "pop": 228}