{"buildingID": 19956, "county": "\u666e\u9640", "town": "\u66f9\u6768\u65b0\u6751\u8857\u9053", "circleNum": 1, "builtYear": "1988", "builtHeight": 6, "storeNum": 2, "floorArea": 176.168502915, "buildArea": 352.33700583, "seiFort": "2", "keyFire": 0, "firehouseDist": 1, "pop": 14}