{"buildingID": 29229, "county": "\u666e\u9640", "town": "\u957f\u98ce\u65b0\u6751\u8857\u9053", "circleNum": 1, "builtYear": "pre1978", "builtHeight": 13, "storeNum": 4, "floorArea": 466.234830984, "buildArea": 1864.93932394, "seiFort": "1", "keyFire": 0, "firehouseDist": 3, "pop": 74}