{"buildingID": 12617, "county": "\u666e\u9640", "town": "\u771f\u5982\u9547", "circleNum": 2, "builtYear": "2002", "builtHeight": 12, "storeNum": 4, "floorArea": 548.371377539, "buildArea": 2193.48551016, "seiFort": "3", "keyFire": 0, "firehouseDist": 2, "pop": 438}