{"buildingID": 4240, "county": "\u666e\u9640", "town": "\u6843\u6d66\u9547", "circleNum": 2, "builtYear": "2001", "builtHeight": 49, "storeNum": 16, "floorArea": 615.128840079, "buildArea": 9842.06144126, "seiFort": "3", "keyFire": 0, "firehouseDist": 2, "pop": 1968}