{"buildingID": 4552, "county": "\u666e\u9640", "town": "\u6843\u6d66\u9547", "circleNum": 2, "builtYear": "1996", "builtHeight": 44, "storeNum": 14, "floorArea": 253.756761438, "buildArea": 3552.59466013, "seiFort": "2", "keyFire": 0, "firehouseDist": 2, "pop": 710}