{"buildingID": 28778, "county": "\u666e\u9640", "town": "\u957f\u98ce\u65b0\u6751\u8857\u9053", "circleNum": 1, "builtYear": "pre1978", "builtHeight": 7, "storeNum": 2, "floorArea": 414.392126354, "buildArea": 828.784252708, "seiFort": "1", "keyFire": 0, "firehouseDist": 3, "pop": 33}