{"buildingID": 9094, "county": "\u666e\u9640", "town": "\u7518\u6cc9\u8def\u8857\u9053", "circleNum": 1, "builtYear": "1993", "builtHeight": 8, "storeNum": 2, "floorArea": 704.269809682, "buildArea": 1408.53961936, "seiFort": "2", "keyFire": 0, "firehouseDist": 3, "pop": 281}