{"buildingID": 22772, "county": "\u666e\u9640", "town": "\u957f\u98ce\u65b0\u6751\u8857\u9053", "circleNum": 1, "builtYear": "1979-1985", "builtHeight": 9, "storeNum": 3, "floorArea": 904.223005817, "buildArea": 2712.66901745, "seiFort": "2", "keyFire": 0, "firehouseDist": 2, "pop": 542}