{"buildingID": 1809, "county": "\u666e\u9640", "town": "\u6843\u6d66\u9547", "circleNum": 2, "builtYear": "pre1978", "builtHeight": 74, "storeNum": 24, "floorArea": 277.257531146, "buildArea": 6654.18074751, "seiFort": "1", "keyFire": 0, "firehouseDist": 2, "pop": 221}