{"buildingID": 10607, "county": "\u666e\u9640", "town": "\u7518\u6cc9\u8def\u8857\u9053", "circleNum": 1, "builtYear": "1986", "builtHeight": 13, "storeNum": 4, "floorArea": 726.036009744, "buildArea": 2904.14403898, "seiFort": "2", "keyFire": 0, "firehouseDist": 2, "pop": 580}