{"buildingID": 7741, "county": "\u666e\u9640", "town": "\u7518\u6cc9\u8def\u8857\u9053", "circleNum": 1, "builtYear": "1990", "builtHeight": 20, "storeNum": 6, "floorArea": 630.435263083, "buildArea": 3782.6115785, "seiFort": "2", "keyFire": 0, "firehouseDist": 3, "pop": 756}