{"buildingID": 13294, "county": "\u666e\u9640", "town": "\u771f\u5982\u9547", "circleNum": 2, "builtYear": "1997", "builtHeight": 6, "storeNum": 2, "floorArea": 406.826134641, "buildArea": 813.652269282, "seiFort": "2", "keyFire": 0, "firehouseDist": 2, "pop": 162}