{"buildingID": 7877, "county": "\u666e\u9640", "town": "\u771f\u5982\u9547", "circleNum": 1, "builtYear": "1988", "builtHeight": 48, "storeNum": 16, "floorArea": 45.6500594981, "buildArea": 730.400951969, "seiFort": "2", "keyFire": 0, "firehouseDist": 2, "pop": 29}