{"buildingID": 6239, "county": "\u666e\u9640", "town": "\u6843\u6d66\u9547", "circleNum": 2, "builtYear": "1979-1985", "builtHeight": 17, "storeNum": 5, "floorArea": 1883.75468054, "buildArea": 9418.77340269, "seiFort": "2", "keyFire": 0, "firehouseDist": 2, "pop": 1883}