{"buildingID": 28176, "county": "\u666e\u9640", "town": "\u957f\u98ce\u65b0\u6751\u8857\u9053", "circleNum": 1, "builtYear": "1989", "builtHeight": 24, "storeNum": 8, "floorArea": 135.065129106, "buildArea": 1080.52103285, "seiFort": "2", "keyFire": 0, "firehouseDist": 3, "pop": 43}