{"buildingID": 5459, "county": "\u666e\u9640", "town": "\u6843\u6d66\u9547", "circleNum": 2, "builtYear": "1994", "builtHeight": 108, "storeNum": 36, "floorArea": 282.340231226, "buildArea": 10164.2483241, "seiFort": "2", "keyFire": 0, "firehouseDist": 2, "pop": 2032}