{"buildingID": 6655, "county": "\u666e\u9640", "town": "\u6843\u6d66\u9547", "circleNum": 2, "builtYear": "2009", "builtHeight": 42, "storeNum": 14, "floorArea": 532.185562874, "buildArea": 7450.59788024, "seiFort": "3", "keyFire": 0, "firehouseDist": 1, "pop": 1490}