{"buildingID": 18923, "county": "\u666e\u9640", "town": "\u957f\u5f81\u9547", "circleNum": 2, "builtYear": "2002", "builtHeight": 20, "storeNum": 6, "floorArea": 1009.73569109, "buildArea": 6058.41414652, "seiFort": "3", "keyFire": 0, "firehouseDist": 3, "pop": 1211}