{"buildingID": 27971, "county": "\u666e\u9640", "town": "\u957f\u98ce\u65b0\u6751\u8857\u9053", "circleNum": 1, "builtYear": "1991", "builtHeight": 16, "storeNum": 5, "floorArea": 261.325193934, "buildArea": 1306.62596967, "seiFort": "2", "keyFire": 0, "firehouseDist": 2, "pop": 261}