{"buildingID": 16765, "county": "\u666e\u9640", "town": "\u77f3\u6cc9\u8def\u8857\u9053", "circleNum": 1, "builtYear": "pre1978", "builtHeight": 13, "storeNum": 4, "floorArea": 638.022564305, "buildArea": 2552.09025722, "seiFort": "1", "keyFire": 0, "firehouseDist": 2, "pop": 102}