{"buildingID": 8543, "county": "\u666e\u9640", "town": "\u957f\u5f81\u9547", "circleNum": 1, "builtYear": "2010", "builtHeight": 58, "storeNum": 19, "floorArea": 1366.90453235, "buildArea": 25971.1861146, "seiFort": "3", "keyFire": 0, "firehouseDist": 2, "pop": 5194}