{"buildingID": 28609, "county": "\u666e\u9640", "town": "\u957f\u98ce\u65b0\u6751\u8857\u9053", "circleNum": 1, "builtYear": "1979-1985", "builtHeight": 101, "storeNum": 33, "floorArea": 1368.01840897, "buildArea": 45144.6074959, "seiFort": "2", "keyFire": 0, "firehouseDist": 3, "pop": 9028}