{"buildingID": 13707, "county": "\u666e\u9640", "town": "\u771f\u5982\u9547", "circleNum": 2, "builtYear": "1989", "builtHeight": 17, "storeNum": 5, "floorArea": 1246.57692503, "buildArea": 6232.88462517, "seiFort": "2", "keyFire": 0, "firehouseDist": 2, "pop": 1246}