{"buildingID": 18516, "county": "\u666e\u9640", "town": "\u957f\u5f81\u9547", "circleNum": 2, "builtYear": "1979-1985", "builtHeight": 34, "storeNum": 11, "floorArea": 1005.49285407, "buildArea": 11060.4213948, "seiFort": "2", "keyFire": 0, "firehouseDist": 2, "pop": 2212}