{"buildingID": 12330, "county": "\u666e\u9640", "town": "\u771f\u5982\u9547", "circleNum": 1, "builtYear": "1990", "builtHeight": 84, "storeNum": 28, "floorArea": 184.489160993, "buildArea": 5165.69650781, "seiFort": "2", "keyFire": 0, "firehouseDist": 2, "pop": 1033}