{"buildingID": 28027, "county": "\u666e\u9640", "town": "\u957f\u98ce\u65b0\u6751\u8857\u9053", "circleNum": 0, "builtYear": "1979-1985", "builtHeight": 7, "storeNum": 2, "floorArea": 1642.07357497, "buildArea": 3284.14714994, "seiFort": "2", "keyFire": 0, "firehouseDist": 2, "pop": 656}