{"buildingID": 3364, "county": "\u666e\u9640", "town": "\u6843\u6d66\u9547", "circleNum": 2, "builtYear": "1979-1985", "builtHeight": 45, "storeNum": 15, "floorArea": 187.617535151, "buildArea": 2814.26302727, "seiFort": "2", "keyFire": 0, "firehouseDist": 1, "pop": 562}