{"buildingID": 13344, "county": "\u666e\u9640", "town": "\u771f\u5982\u9547", "circleNum": 1, "builtYear": "1993", "builtHeight": 20, "storeNum": 6, "floorArea": 970.233300224, "buildArea": 5821.39980134, "seiFort": "2", "keyFire": 0, "firehouseDist": 2, "pop": 1164}