{"buildingID": 5447, "county": "\u666e\u9640", "town": "\u6843\u6d66\u9547", "circleNum": 2, "builtYear": "2008", "builtHeight": 104, "storeNum": 34, "floorArea": 2823.07815967, "buildArea": 95984.6574287, "seiFort": "3", "keyFire": 0, "firehouseDist": 2, "pop": 19196}