{"buildingID": 6874, "county": "\u666e\u9640", "town": "\u6843\u6d66\u9547", "circleNum": 2, "builtYear": "1992", "builtHeight": 22, "storeNum": 7, "floorArea": 760.316894348, "buildArea": 5322.21826044, "seiFort": "2", "keyFire": 0, "firehouseDist": 2, "pop": 1064}