{"buildingID": 15310, "county": "\u666e\u9640", "town": "\u77f3\u6cc9\u8def\u8857\u9053", "circleNum": 1, "builtYear": "2003", "builtHeight": 7, "storeNum": 2, "floorArea": 1514.86456658, "buildArea": 3029.72913316, "seiFort": "3", "keyFire": 0, "firehouseDist": 2, "pop": 605}