{"buildingID": 8973, "county": "\u666e\u9640", "town": "\u6843\u6d66\u9547", "circleNum": 2, "builtYear": "1979-1985", "builtHeight": 8, "storeNum": 2, "floorArea": 3614.45565329, "buildArea": 7228.91130659, "seiFort": "2", "keyFire": 0, "firehouseDist": 1, "pop": 1445}