{"buildingID": 24248, "county": "\u666e\u9640", "town": "\u66f9\u6768\u65b0\u6751\u8857\u9053", "circleNum": 1, "builtYear": "1986", "builtHeight": 13, "storeNum": 4, "floorArea": 42.7159327392, "buildArea": 170.863730957, "seiFort": "2", "keyFire": 0, "firehouseDist": 2, "pop": 6}