{"buildingID": 10139, "county": "\u666e\u9640", "town": "\u6843\u6d66\u9547", "circleNum": 2, "builtYear": "1999", "builtHeight": 7, "storeNum": 2, "floorArea": 885.092802481, "buildArea": 1770.18560496, "seiFort": "2", "keyFire": 0, "firehouseDist": 1, "pop": 354}