{"buildingID": 5466, "county": "\u666e\u9640", "town": "\u6843\u6d66\u9547", "circleNum": 2, "builtYear": "1979-1985", "builtHeight": 83, "storeNum": 27, "floorArea": 362.654367506, "buildArea": 9791.66792266, "seiFort": "2", "keyFire": 0, "firehouseDist": 2, "pop": 1958}