{"buildingID": 22435, "county": "\u666e\u9640", "town": "\u77f3\u6cc9\u8def\u8857\u9053", "circleNum": 1, "builtYear": "pre1978", "builtHeight": 14, "storeNum": 4, "floorArea": 679.333659969, "buildArea": 2717.33463988, "seiFort": "1", "keyFire": 0, "firehouseDist": 1, "pop": 108}