{"buildingID": 7905, "county": "\u666e\u9640", "town": "\u771f\u5982\u9547", "circleNum": 1, "builtYear": "pre1978", "builtHeight": 40, "storeNum": 13, "floorArea": 615.423175945, "buildArea": 8000.50128729, "seiFort": "1", "keyFire": 0, "firehouseDist": 2, "pop": 320}