{"buildingID": 19428, "county": "\u666e\u9640", "town": "\u957f\u5f81\u9547", "circleNum": 2, "builtYear": "1995", "builtHeight": 60, "storeNum": 20, "floorArea": 1472.31565728, "buildArea": 29446.3131455, "seiFort": "2", "keyFire": 0, "firehouseDist": 3, "pop": 5889}