{"buildingID": 8655, "county": "\u666e\u9640", "town": "\u7518\u6cc9\u8def\u8857\u9053", "circleNum": 1, "builtYear": "pre1978", "builtHeight": 18, "storeNum": 6, "floorArea": 668.807968864, "buildArea": 4012.84781318, "seiFort": "1", "keyFire": 0, "firehouseDist": 3, "pop": 160}