{"buildingID": 8866, "county": "\u666e\u9640", "town": "\u6843\u6d66\u9547", "circleNum": 2, "builtYear": "1979-1985", "builtHeight": 3, "storeNum": 1, "floorArea": 144.812898121, "buildArea": 144.812898121, "seiFort": "2", "keyFire": 0, "firehouseDist": 1, "pop": 4}