{"buildingID": 24698, "county": "\u666e\u9640", "town": "\u957f\u5f81\u9547", "circleNum": 1, "builtYear": "1994", "builtHeight": 19, "storeNum": 6, "floorArea": 1255.13954446, "buildArea": 7530.83726673, "seiFort": "2", "keyFire": 0, "firehouseDist": 2, "pop": 1506}