{"buildingID": 3369, "county": "\u666e\u9640", "town": "\u6843\u6d66\u9547", "circleNum": 2, "builtYear": "1979-1985", "builtHeight": 3, "storeNum": 1, "floorArea": 87.8708768278, "buildArea": 87.8708768278, "seiFort": "2", "keyFire": 0, "firehouseDist": 1, "pop": 2}