{"buildingID": 19628, "county": "\u666e\u9640", "town": "\u957f\u98ce\u65b0\u6751\u8857\u9053", "circleNum": 1, "builtYear": "1979-1985", "builtHeight": 27, "storeNum": 9, "floorArea": 2358.85902079, "buildArea": 21229.7311871, "seiFort": "2", "keyFire": 1, "firehouseDist": 4, "pop": 4245}