{"buildingID": 2983, "county": "\u666e\u9640", "town": "\u6843\u6d66\u9547", "circleNum": 2, "builtYear": "1994", "builtHeight": 14, "storeNum": 4, "floorArea": 594.109941056, "buildArea": 2376.43976422, "seiFort": "2", "keyFire": 0, "firehouseDist": 1, "pop": 475}