{"buildingID": 17337, "county": "\u666e\u9640", "town": "\u957f\u5f81\u9547", "circleNum": 2, "builtYear": "1993", "builtHeight": 19, "storeNum": 6, "floorArea": 836.145261329, "buildArea": 5016.87156797, "seiFort": "2", "keyFire": 0, "firehouseDist": 1, "pop": 1003}