{"buildingID": 23817, "county": "\u666e\u9640", "town": "\u957f\u5f81\u9547", "circleNum": 1, "builtYear": "2010", "builtHeight": 39, "storeNum": 13, "floorArea": 2470.14819773, "buildArea": 32111.9265705, "seiFort": "3", "keyFire": 0, "firehouseDist": 2, "pop": 6422}