{"buildingID": 14806, "county": "\u666e\u9640", "town": "\u77f3\u6cc9\u8def\u8857\u9053", "circleNum": 1, "builtYear": "1988", "builtHeight": 20, "storeNum": 6, "floorArea": 929.445249608, "buildArea": 5576.67149765, "seiFort": "2", "keyFire": 0, "firehouseDist": 2, "pop": 1115}