{"buildingID": 28385, "county": "\u666e\u9640", "town": "\u957f\u98ce\u65b0\u6751\u8857\u9053", "circleNum": 0, "builtYear": "pre1978", "builtHeight": 85, "storeNum": 28, "floorArea": 2003.20582207, "buildArea": 56089.7630178, "seiFort": "1", "keyFire": 0, "firehouseDist": 2, "pop": 2804}