{"buildingID": 22009, "county": "\u666e\u9640", "town": "\u957f\u5bff\u8def\u8857\u9053", "circleNum": 0, "builtYear": "1979-1985", "builtHeight": 53, "storeNum": 17, "floorArea": 556.422845523, "buildArea": 9459.1883739, "seiFort": "2", "keyFire": 0, "firehouseDist": 1, "pop": 1891}