{"buildingID": 9048, "county": "\u666e\u9640", "town": "\u957f\u5f81\u9547", "circleNum": 1, "builtYear": "1979-1985", "builtHeight": 19, "storeNum": 6, "floorArea": 589.010306285, "buildArea": 3534.06183771, "seiFort": "2", "keyFire": 0, "firehouseDist": 2, "pop": 706}