{"buildingID": 28046, "county": "\u666e\u9640", "town": "\u957f\u98ce\u65b0\u6751\u8857\u9053", "circleNum": 0, "builtYear": "pre1978", "builtHeight": 53, "storeNum": 17, "floorArea": 775.652597094, "buildArea": 13186.0941506, "seiFort": "1", "keyFire": 0, "firehouseDist": 2, "pop": 659}