{"buildingID": 29095, "county": "\u666e\u9640", "town": "\u957f\u98ce\u65b0\u6751\u8857\u9053", "circleNum": 1, "builtYear": "pre1978", "builtHeight": 51, "storeNum": 17, "floorArea": 140.553964867, "buildArea": 2389.41740274, "seiFort": "1", "keyFire": 0, "firehouseDist": 3, "pop": 95}