{"buildingID": 12469, "county": "\u666e\u9640", "town": "\u771f\u5982\u9547", "circleNum": 1, "builtYear": "pre1978", "builtHeight": 68, "storeNum": 22, "floorArea": 23.6094643775, "buildArea": 519.408216306, "seiFort": "1", "keyFire": 0, "firehouseDist": 2, "pop": 20}