{"buildingID": 22564, "county": "\u666e\u9640", "town": "\u957f\u5f81\u9547", "circleNum": 2, "builtYear": "1998", "builtHeight": 18, "storeNum": 6, "floorArea": 1313.38159101, "buildArea": 7880.28954604, "seiFort": "2", "keyFire": 0, "firehouseDist": 2, "pop": 1576}