{"buildingID": 27208, "county": "\u666e\u9640", "town": "\u66f9\u6768\u65b0\u6751\u8857\u9053", "circleNum": 1, "builtYear": "pre1978", "builtHeight": 17, "storeNum": 5, "floorArea": 439.111799572, "buildArea": 2195.55899786, "seiFort": "1", "keyFire": 0, "firehouseDist": 2, "pop": 87}