{"buildingID": 27749, "county": "\u666e\u9640", "town": "\u957f\u98ce\u65b0\u6751\u8857\u9053", "circleNum": 1, "builtYear": "1990", "builtHeight": 15, "storeNum": 5, "floorArea": 815.753676941, "buildArea": 4078.76838471, "seiFort": "2", "keyFire": 0, "firehouseDist": 2, "pop": 815}