{"buildingID": 10998, "county": "\u666e\u9640", "town": "\u771f\u5982\u9547", "circleNum": 1, "builtYear": "pre1978", "builtHeight": 66, "storeNum": 22, "floorArea": 389.144316567, "buildArea": 8561.17496448, "seiFort": "1", "keyFire": 0, "firehouseDist": 2, "pop": 342}