{"buildingID": 9583, "county": "\u666e\u9640", "town": "\u957f\u5f81\u9547", "circleNum": 1, "builtYear": "1979-1985", "builtHeight": 5, "storeNum": 1, "floorArea": 613.706658911, "buildArea": 613.706658911, "seiFort": "2", "keyFire": 0, "firehouseDist": 2, "pop": 122}