{"buildingID": 13923, "county": "\u666e\u9640", "town": "\u771f\u5982\u9547", "circleNum": 1, "builtYear": "1989", "builtHeight": 13, "storeNum": 4, "floorArea": 553.566413352, "buildArea": 2214.26565341, "seiFort": "2", "keyFire": 0, "firehouseDist": 2, "pop": 442}