{"buildingID": 19151, "county": "\u666e\u9640", "town": "\u957f\u5f81\u9547", "circleNum": 2, "builtYear": "1979-1985", "builtHeight": 56, "storeNum": 18, "floorArea": 707.617789161, "buildArea": 12737.1202049, "seiFort": "2", "keyFire": 0, "firehouseDist": 3, "pop": 2547}