{"buildingID": 11041, "county": "\u666e\u9640", "town": "\u7518\u6cc9\u8def\u8857\u9053", "circleNum": 1, "builtYear": "pre1978", "builtHeight": 21, "storeNum": 7, "floorArea": 476.573402486, "buildArea": 3336.0138174, "seiFort": "1", "keyFire": 0, "firehouseDist": 2, "pop": 133}