{"buildingID": 24732, "county": "\u666e\u9640", "town": "\u957f\u5f81\u9547", "circleNum": 1, "builtYear": "2003", "builtHeight": 14, "storeNum": 4, "floorArea": 1618.99185987, "buildArea": 6475.96743947, "seiFort": "3", "keyFire": 0, "firehouseDist": 2, "pop": 1295}