{"buildingID": 3655, "county": "\u666e\u9640", "town": "\u6843\u6d66\u9547", "circleNum": 2, "builtYear": "1979-1985", "builtHeight": 7, "storeNum": 2, "floorArea": 3025.83328437, "buildArea": 6051.66656874, "seiFort": "2", "keyFire": 0, "firehouseDist": 2, "pop": 1210}