{"buildingID": 11833, "county": "\u666e\u9640", "town": "\u771f\u5982\u9547", "circleNum": 1, "builtYear": "1979-1985", "builtHeight": 55, "storeNum": 18, "floorArea": 106.524464418, "buildArea": 1917.44035952, "seiFort": "2", "keyFire": 0, "firehouseDist": 2, "pop": 76}