{"buildingID": 8237, "county": "\u666e\u9640", "town": "\u6843\u6d66\u9547", "circleNum": 2, "builtYear": "2017", "builtHeight": 18, "storeNum": 6, "floorArea": 666.608181857, "buildArea": 3999.64909114, "seiFort": "3", "keyFire": 0, "firehouseDist": 1, "pop": 799}