{"buildingID": 2662, "county": "\u666e\u9640", "town": "\u6843\u6d66\u9547", "circleNum": 2, "builtYear": "1979-1985", "builtHeight": 21, "storeNum": 7, "floorArea": 1176.92880612, "buildArea": 8238.50164287, "seiFort": "2", "keyFire": 0, "firehouseDist": 1, "pop": 1647}