{"buildingID": 16406, "county": "\u666e\u9640", "town": "\u771f\u5982\u9547", "circleNum": 1, "builtYear": "pre1978", "builtHeight": 18, "storeNum": 6, "floorArea": 775.155589057, "buildArea": 4650.93353434, "seiFort": "1", "keyFire": 0, "firehouseDist": 1, "pop": 186}