{"buildingID": 17858, "county": "\u666e\u9640", "town": "\u77f3\u6cc9\u8def\u8857\u9053", "circleNum": 1, "builtYear": "1979-1985", "builtHeight": 10, "storeNum": 3, "floorArea": 935.56595579, "buildArea": 2806.69786737, "seiFort": "2", "keyFire": 0, "firehouseDist": 2, "pop": 561}