{"buildingID": 19196, "county": "\u666e\u9640", "town": "\u957f\u5f81\u9547", "circleNum": 2, "builtYear": "1997", "builtHeight": 15, "storeNum": 5, "floorArea": 1118.68703316, "buildArea": 5593.43516578, "seiFort": "2", "keyFire": 0, "firehouseDist": 3, "pop": 1118}