{"buildingID": 4570, "county": "\u666e\u9640", "town": "\u6843\u6d66\u9547", "circleNum": 2, "builtYear": "2003", "builtHeight": 80, "storeNum": 26, "floorArea": 92.1128362089, "buildArea": 2394.93374143, "seiFort": "3", "keyFire": 0, "firehouseDist": 2, "pop": 79}