{"buildingID": 18746, "county": "\u666e\u9640", "town": "\u957f\u5f81\u9547", "circleNum": 2, "builtYear": "1999", "builtHeight": 79, "storeNum": 26, "floorArea": 819.961222984, "buildArea": 21318.9917976, "seiFort": "2", "keyFire": 0, "firehouseDist": 2, "pop": 4263}