{"buildingID": 17330, "county": "\u666e\u9640", "town": "\u957f\u5f81\u9547", "circleNum": 2, "builtYear": "1989", "builtHeight": 17, "storeNum": 5, "floorArea": 1358.19750187, "buildArea": 6790.98750936, "seiFort": "2", "keyFire": 0, "firehouseDist": 1, "pop": 1358}