{"buildingID": 2089, "county": "\u666e\u9640", "town": "\u6843\u6d66\u9547", "circleNum": 2, "builtYear": "1979-1985", "builtHeight": 7, "storeNum": 2, "floorArea": 576.961437033, "buildArea": 1153.92287407, "seiFort": "2", "keyFire": 0, "firehouseDist": 2, "pop": 230}