{"buildingID": 2531, "county": "\u666e\u9640", "town": "\u6843\u6d66\u9547", "circleNum": 2, "builtYear": "2000", "builtHeight": 13, "storeNum": 4, "floorArea": 836.799838752, "buildArea": 3347.19935501, "seiFort": "3", "keyFire": 0, "firehouseDist": 2, "pop": 669}