{"buildingID": 14377, "county": "\u666e\u9640", "town": "\u77f3\u6cc9\u8def\u8857\u9053", "circleNum": 1, "builtYear": "1987", "builtHeight": 18, "storeNum": 6, "floorArea": 310.315003236, "buildArea": 1861.89001942, "seiFort": "2", "keyFire": 0, "firehouseDist": 2, "pop": 372}