{"buildingID": 12958, "county": "\u666e\u9640", "town": "\u771f\u5982\u9547", "circleNum": 1, "builtYear": "1987", "builtHeight": 23, "storeNum": 7, "floorArea": 98.9988186141, "buildArea": 692.991730299, "seiFort": "2", "keyFire": 0, "firehouseDist": 2, "pop": 27}