{"buildingID": 23652, "county": "\u666e\u9640", "town": "\u66f9\u6768\u65b0\u6751\u8857\u9053", "circleNum": 1, "builtYear": "pre1978", "builtHeight": 107, "storeNum": 35, "floorArea": 417.380805301, "buildArea": 14608.3281855, "seiFort": "1", "keyFire": 0, "firehouseDist": 1, "pop": 2921}