{"buildingID": 6093, "county": "\u666e\u9640", "town": "\u6843\u6d66\u9547", "circleNum": 2, "builtYear": "2005", "builtHeight": 16, "storeNum": 5, "floorArea": 796.615341697, "buildArea": 3983.07670848, "seiFort": "3", "keyFire": 0, "firehouseDist": 1, "pop": 796}