{"buildingID": 12043, "county": "\u666e\u9640", "town": "\u771f\u5982\u9547", "circleNum": 1, "builtYear": "1979-1985", "builtHeight": 26, "storeNum": 8, "floorArea": 415.982941823, "buildArea": 3327.86353458, "seiFort": "2", "keyFire": 0, "firehouseDist": 2, "pop": 665}