{"buildingID": 16044, "county": "\u666e\u9640", "town": "\u771f\u5982\u9547", "circleNum": 1, "builtYear": "1993", "builtHeight": 6, "storeNum": 2, "floorArea": 628.919331491, "buildArea": 1257.83866298, "seiFort": "2", "keyFire": 0, "firehouseDist": 1, "pop": 251}