{"buildingID": 5576, "county": "\u666e\u9640", "town": "\u6843\u6d66\u9547", "circleNum": 2, "builtYear": "2001", "builtHeight": 12, "storeNum": 4, "floorArea": 833.801717173, "buildArea": 3335.20686869, "seiFort": "3", "keyFire": 0, "firehouseDist": 2, "pop": 667}