{"buildingID": 13382, "county": "\u666e\u9640", "town": "\u77f3\u6cc9\u8def\u8857\u9053", "circleNum": 1, "builtYear": "1979-1985", "builtHeight": 17, "storeNum": 5, "floorArea": 292.420953104, "buildArea": 1462.10476552, "seiFort": "2", "keyFire": 0, "firehouseDist": 2, "pop": 292}