{"buildingID": 12460, "county": "\u666e\u9640", "town": "\u771f\u5982\u9547", "circleNum": 1, "builtYear": "1997", "builtHeight": 59, "storeNum": 19, "floorArea": 139.155175053, "buildArea": 2643.94832601, "seiFort": "2", "keyFire": 0, "firehouseDist": 2, "pop": 105}