{"buildingID": 4621, "county": "\u666e\u9640", "town": "\u6843\u6d66\u9547", "circleNum": 2, "builtYear": "1989", "builtHeight": 71, "storeNum": 23, "floorArea": 527.081953969, "buildArea": 12122.8849413, "seiFort": "2", "keyFire": 0, "firehouseDist": 2, "pop": 2424}