{"buildingID": 19650, "county": "\u666e\u9640", "town": "\u77f3\u6cc9\u8def\u8857\u9053", "circleNum": 1, "builtYear": "pre1978", "builtHeight": 48, "storeNum": 16, "floorArea": 60.2338605024, "buildArea": 963.741768038, "seiFort": "1", "keyFire": 0, "firehouseDist": 1, "pop": 38}