{"buildingID": 16496, "county": "\u666e\u9640", "town": "\u771f\u5982\u9547", "circleNum": 1, "builtYear": "pre1978", "builtHeight": 12, "storeNum": 4, "floorArea": 1233.29884903, "buildArea": 4933.19539613, "seiFort": "1", "keyFire": 0, "firehouseDist": 1, "pop": 197}