{"buildingID": 12572, "county": "\u666e\u9640", "town": "\u771f\u5982\u9547", "circleNum": 2, "builtYear": "1996", "builtHeight": 14, "storeNum": 4, "floorArea": 456.39832843, "buildArea": 1825.59331372, "seiFort": "2", "keyFire": 0, "firehouseDist": 2, "pop": 365}