{"buildingID": 10262, "county": "\u666e\u9640", "town": "\u6843\u6d66\u9547", "circleNum": 2, "builtYear": "1999", "builtHeight": 3, "storeNum": 1, "floorArea": 657.177805174, "buildArea": 657.177805174, "seiFort": "2", "keyFire": 0, "firehouseDist": 2, "pop": 131}