{"buildingID": 22511, "county": "\u666e\u9640", "town": "\u957f\u5bff\u8def\u8857\u9053", "circleNum": 0, "builtYear": "pre1978", "builtHeight": 102, "storeNum": 34, "floorArea": 308.754922516, "buildArea": 10497.6673656, "seiFort": "1", "keyFire": 0, "firehouseDist": 1, "pop": 2099}