{"buildingID": 27164, "county": "\u666e\u9640", "town": "\u957f\u98ce\u65b0\u6751\u8857\u9053", "circleNum": 1, "builtYear": "2013", "builtHeight": 12, "storeNum": 4, "floorArea": 322.864584833, "buildArea": 1291.45833933, "seiFort": "3", "keyFire": 0, "firehouseDist": 2, "pop": 258}