{"buildingID": 13481, "county": "\u666e\u9640", "town": "\u771f\u5982\u9547", "circleNum": 2, "builtYear": "1992", "builtHeight": 9, "storeNum": 3, "floorArea": 941.857522198, "buildArea": 2825.57256659, "seiFort": "2", "keyFire": 0, "firehouseDist": 2, "pop": 565}