{"buildingID": 23722, "county": "\u666e\u9640", "town": "\u66f9\u6768\u65b0\u6751\u8857\u9053", "circleNum": 1, "builtYear": "1986", "builtHeight": 5, "storeNum": 1, "floorArea": 134.18175688, "buildArea": 134.18175688, "seiFort": "2", "keyFire": 0, "firehouseDist": 1, "pop": 5}