{"buildingID": 27052, "county": "\u666e\u9640", "town": "\u957f\u98ce\u65b0\u6751\u8857\u9053", "circleNum": 0, "builtYear": "pre1978", "builtHeight": 20, "storeNum": 6, "floorArea": 353.639089086, "buildArea": 2121.83453451, "seiFort": "1", "keyFire": 0, "firehouseDist": 1, "pop": 106}