{"buildingID": 2828, "county": "\u666e\u9640", "town": "\u6843\u6d66\u9547", "circleNum": 2, "builtYear": "2000", "builtHeight": 16, "storeNum": 5, "floorArea": 1070.53144176, "buildArea": 5352.65720881, "seiFort": "3", "keyFire": 0, "firehouseDist": 2, "pop": 1070}