{"buildingID": 28068, "county": "\u666e\u9640", "town": "\u957f\u98ce\u65b0\u6751\u8857\u9053", "circleNum": 1, "builtYear": "pre1978", "builtHeight": 21, "storeNum": 7, "floorArea": 96.4592195069, "buildArea": 675.214536549, "seiFort": "1", "keyFire": 0, "firehouseDist": 2, "pop": 27}