{"buildingID": 26774, "county": "\u666e\u9640", "town": "\u957f\u98ce\u65b0\u6751\u8857\u9053", "circleNum": 0, "builtYear": "pre1978", "builtHeight": 7, "storeNum": 2, "floorArea": 78.3898514374, "buildArea": 156.779702875, "seiFort": "1", "keyFire": 1, "firehouseDist": 2, "pop": 7}