{"buildingID": 7823, "county": "\u666e\u9640", "town": "\u7518\u6cc9\u8def\u8857\u9053", "circleNum": 1, "builtYear": "2000", "builtHeight": 7, "storeNum": 2, "floorArea": 334.639294839, "buildArea": 669.278589678, "seiFort": "3", "keyFire": 0, "firehouseDist": 3, "pop": 133}