{"buildingID": 26911, "county": "\u666e\u9640", "town": "\u957f\u98ce\u65b0\u6751\u8857\u9053", "circleNum": 1, "builtYear": "1994", "builtHeight": 46, "storeNum": 15, "floorArea": 1079.81915788, "buildArea": 16197.2873682, "seiFort": "2", "keyFire": 0, "firehouseDist": 2, "pop": 3239}