{"buildingID": 10154, "county": "\u666e\u9640", "town": "\u6843\u6d66\u9547", "circleNum": 2, "builtYear": "1979-1985", "builtHeight": 7, "storeNum": 2, "floorArea": 8246.02461618, "buildArea": 16492.0492324, "seiFort": "2", "keyFire": 0, "firehouseDist": 1, "pop": 3298}