{"buildingID": 28622, "county": "\u666e\u9640", "town": "\u957f\u98ce\u65b0\u6751\u8857\u9053", "circleNum": 1, "builtYear": "2017", "builtHeight": 11, "storeNum": 3, "floorArea": 221.1822814, "buildArea": 663.546844201, "seiFort": "3", "keyFire": 0, "firehouseDist": 3, "pop": 132}