{"buildingID": 15326, "county": "\u666e\u9640", "town": "\u771f\u5982\u9547", "circleNum": 1, "builtYear": "1995", "builtHeight": 75, "storeNum": 25, "floorArea": 1336.20603431, "buildArea": 33405.1508577, "seiFort": "2", "keyFire": 0, "firehouseDist": 2, "pop": 6681}