{"buildingID": 5959, "county": "\u666e\u9640", "town": "\u6843\u6d66\u9547", "circleNum": 2, "builtYear": "1979-1985", "builtHeight": 18, "storeNum": 6, "floorArea": 172.161186183, "buildArea": 1032.9671171, "seiFort": "2", "keyFire": 0, "firehouseDist": 1, "pop": 34}