{"buildingID": 2730, "county": "\u666e\u9640", "town": "\u6843\u6d66\u9547", "circleNum": 3, "builtYear": "1993", "builtHeight": 18, "storeNum": 6, "floorArea": 788.962661948, "buildArea": 4733.77597169, "seiFort": "2", "keyFire": 0, "firehouseDist": 3, "pop": 946}