{"buildingID": 7752, "county": "\u666e\u9640", "town": "\u7518\u6cc9\u8def\u8857\u9053", "circleNum": 1, "builtYear": "1992", "builtHeight": 17, "storeNum": 5, "floorArea": 475.370066988, "buildArea": 2376.85033494, "seiFort": "2", "keyFire": 0, "firehouseDist": 3, "pop": 475}