{"buildingID": 1686, "county": "\u666e\u9640", "town": "\u6843\u6d66\u9547", "circleNum": 3, "builtYear": "1998", "builtHeight": 18, "storeNum": 6, "floorArea": 762.661185026, "buildArea": 4575.96711016, "seiFort": "2", "keyFire": 0, "firehouseDist": 3, "pop": 915}