{"buildingID": 23118, "county": "\u666e\u9640", "town": "\u66f9\u6768\u65b0\u6751\u8857\u9053", "circleNum": 1, "builtYear": "pre1978", "builtHeight": 11, "storeNum": 3, "floorArea": 4747.83933771, "buildArea": 14243.5180131, "seiFort": "1", "keyFire": 0, "firehouseDist": 2, "pop": 569}