{"buildingID": 16207, "county": "\u666e\u9640", "town": "\u5b9c\u5ddd\u8def\u8857\u9053", "circleNum": 0, "builtYear": "pre1978", "builtHeight": 104, "storeNum": 34, "floorArea": 203.217740217, "buildArea": 6909.40316739, "seiFort": "1", "keyFire": 0, "firehouseDist": 1, "pop": 1381}