{"buildingID": 540, "county": "\u666e\u9640", "town": "\u6843\u6d66\u9547", "circleNum": 3, "builtYear": "2010", "builtHeight": 54, "storeNum": 18, "floorArea": 778.002935924, "buildArea": 14004.0528466, "seiFort": "3", "keyFire": 0, "firehouseDist": 4, "pop": 2800}