{"buildingID": 19773, "county": "\u666e\u9640", "town": "\u957f\u5f81\u9547", "circleNum": 2, "builtYear": "1979-1985", "builtHeight": 8, "storeNum": 2, "floorArea": 109.551054622, "buildArea": 219.102109244, "seiFort": "2", "keyFire": 0, "firehouseDist": 3, "pop": 7}