{"buildingID": 7642, "county": "\u666e\u9640", "town": "\u957f\u5f81\u9547", "circleNum": 1, "builtYear": "1995", "builtHeight": 76, "storeNum": 25, "floorArea": 353.987476943, "buildArea": 8849.68692358, "seiFort": "2", "keyFire": 0, "firehouseDist": 1, "pop": 1769}