{"buildingID": 4833, "county": "\u666e\u9640", "town": "\u6843\u6d66\u9547", "circleNum": 2, "builtYear": "1994", "builtHeight": 52, "storeNum": 17, "floorArea": 62.6902088427, "buildArea": 1065.73355033, "seiFort": "2", "keyFire": 0, "firehouseDist": 2, "pop": 35}