{"buildingID": 28406, "county": "\u666e\u9640", "town": "\u957f\u98ce\u65b0\u6751\u8857\u9053", "circleNum": 1, "builtYear": "pre1978", "builtHeight": 60, "storeNum": 20, "floorArea": 60.1815375722, "buildArea": 1203.63075144, "seiFort": "1", "keyFire": 0, "firehouseDist": 2, "pop": 48}