{"buildingID": 20563, "county": "\u666e\u9640", "town": "\u771f\u5982\u9547", "circleNum": 1, "builtYear": "1991", "builtHeight": 27, "storeNum": 9, "floorArea": 1235.51216762, "buildArea": 11119.6095086, "seiFort": "2", "keyFire": 0, "firehouseDist": 1, "pop": 2223}