{"buildingID": 23187, "county": "\u666e\u9640", "town": "\u957f\u5bff\u8def\u8857\u9053", "circleNum": 0, "builtYear": "pre1978", "builtHeight": 109, "storeNum": 36, "floorArea": 1189.40459568, "buildArea": 42818.5654446, "seiFort": "1", "keyFire": 1, "firehouseDist": 1, "pop": 8563}