{"buildingID": 15131, "county": "\u666e\u9640", "town": "\u771f\u5982\u9547", "circleNum": 2, "builtYear": "1993", "builtHeight": 3, "storeNum": 1, "floorArea": 1055.26871076, "buildArea": 1055.26871076, "seiFort": "2", "keyFire": 0, "firehouseDist": 1, "pop": 211}