{"buildingID": 14672, "county": "\u666e\u9640", "town": "\u77f3\u6cc9\u8def\u8857\u9053", "circleNum": 1, "builtYear": "1989", "builtHeight": 9, "storeNum": 3, "floorArea": 180.437478486, "buildArea": 541.312435457, "seiFort": "2", "keyFire": 0, "firehouseDist": 2, "pop": 108}