{"buildingID": 18808, "county": "\u666e\u9640", "town": "\u957f\u5f81\u9547", "circleNum": 2, "builtYear": "1997", "builtHeight": 18, "storeNum": 6, "floorArea": 1175.13695305, "buildArea": 7050.82171831, "seiFort": "2", "keyFire": 0, "firehouseDist": 3, "pop": 1410}