{"buildingID": 13702, "county": "\u666e\u9640", "town": "\u771f\u5982\u9547", "circleNum": 2, "builtYear": "1987", "builtHeight": 5, "storeNum": 1, "floorArea": 1380.31632157, "buildArea": 1380.31632157, "seiFort": "2", "keyFire": 0, "firehouseDist": 2, "pop": 276}