{"buildingID": 1409, "county": "\u666e\u9640", "town": "\u6843\u6d66\u9547", "circleNum": 2, "builtYear": "2004", "builtHeight": 13, "storeNum": 4, "floorArea": 902.686337431, "buildArea": 3610.74534973, "seiFort": "3", "keyFire": 0, "firehouseDist": 1, "pop": 722}