{"buildingID": 9064, "county": "\u666e\u9640", "town": "\u7518\u6cc9\u8def\u8857\u9053", "circleNum": 1, "builtYear": "1997", "builtHeight": 21, "storeNum": 7, "floorArea": 510.131493631, "buildArea": 3570.92045542, "seiFort": "2", "keyFire": 0, "firehouseDist": 3, "pop": 714}