{"buildingID": 23597, "county": "\u666e\u9640", "town": "\u66f9\u6768\u65b0\u6751\u8857\u9053", "circleNum": 1, "builtYear": "1985", "builtHeight": 7, "storeNum": 2, "floorArea": 119.083600013, "buildArea": 238.167200026, "seiFort": "2", "keyFire": 0, "firehouseDist": 1, "pop": 9}