{"buildingID": 23717, "county": "\u666e\u9640", "town": "\u66f9\u6768\u65b0\u6751\u8857\u9053", "circleNum": 1, "builtYear": "pre1978", "builtHeight": 6, "storeNum": 2, "floorArea": 56.7870861603, "buildArea": 113.574172321, "seiFort": "1", "keyFire": 0, "firehouseDist": 1, "pop": 4}