{"buildingID": 8197, "county": "\u666e\u9640", "town": "\u6843\u6d66\u9547", "circleNum": 2, "builtYear": "1979-1985", "builtHeight": 7, "storeNum": 2, "floorArea": 539.807907908, "buildArea": 1079.61581582, "seiFort": "2", "keyFire": 0, "firehouseDist": 2, "pop": 215}