{"buildingID": 4894, "county": "\u666e\u9640", "town": "\u6843\u6d66\u9547", "circleNum": 2, "builtYear": "1995", "builtHeight": 10, "storeNum": 3, "floorArea": 363.209559346, "buildArea": 1089.62867804, "seiFort": "2", "keyFire": 0, "firehouseDist": 2, "pop": 217}