{"buildingID": 6318, "county": "\u666e\u9640", "town": "\u6843\u6d66\u9547", "circleNum": 2, "builtYear": "2017", "builtHeight": 11, "storeNum": 3, "floorArea": 220.233916741, "buildArea": 660.701750222, "seiFort": "3", "keyFire": 0, "firehouseDist": 1, "pop": 132}