{"buildingID": 26786, "county": "\u666e\u9640", "town": "\u957f\u98ce\u65b0\u6751\u8857\u9053", "circleNum": 0, "builtYear": "pre1978", "builtHeight": 20, "storeNum": 6, "floorArea": 373.859464233, "buildArea": 2243.1567854, "seiFort": "1", "keyFire": 0, "firehouseDist": 2, "pop": 112}