{"buildingID": 16412, "county": "\u666e\u9640", "town": "\u771f\u5982\u9547", "circleNum": 1, "builtYear": "pre1978", "builtHeight": 14, "storeNum": 4, "floorArea": 933.276352144, "buildArea": 3733.10540858, "seiFort": "1", "keyFire": 0, "firehouseDist": 1, "pop": 149}