{"buildingID": 23250, "county": "\u666e\u9640", "town": "\u957f\u5bff\u8def\u8857\u9053", "circleNum": 0, "builtYear": "1979-1985", "builtHeight": 9, "storeNum": 3, "floorArea": 1783.69473007, "buildArea": 5351.08419021, "seiFort": "2", "keyFire": 0, "firehouseDist": 1, "pop": 1070}