{"buildingID": 12784, "county": "\u666e\u9640", "town": "\u771f\u5982\u9547", "circleNum": 1, "builtYear": "pre1978", "builtHeight": 11, "storeNum": 3, "floorArea": 1423.14917745, "buildArea": 4269.44753235, "seiFort": "1", "keyFire": 0, "firehouseDist": 2, "pop": 170}