{"buildingID": 16836, "county": "\u666e\u9640", "town": "\u77f3\u6cc9\u8def\u8857\u9053", "circleNum": 1, "builtYear": "2007", "builtHeight": 3, "storeNum": 1, "floorArea": 1164.03835945, "buildArea": 1164.03835945, "seiFort": "3", "keyFire": 0, "firehouseDist": 2, "pop": 232}