{"buildingID": 27400, "county": "\u666e\u9640", "town": "\u957f\u98ce\u65b0\u6751\u8857\u9053", "circleNum": 0, "builtYear": "pre1978", "builtHeight": 9, "storeNum": 3, "floorArea": 417.064330043, "buildArea": 1251.19299013, "seiFort": "1", "keyFire": 0, "firehouseDist": 2, "pop": 62}