{"buildingID": 10317, "county": "\u666e\u9640", "town": "\u7518\u6cc9\u8def\u8857\u9053", "circleNum": 1, "builtYear": "1979-1985", "builtHeight": 14, "storeNum": 4, "floorArea": 931.416279595, "buildArea": 3725.66511838, "seiFort": "2", "keyFire": 0, "firehouseDist": 3, "pop": 745}