{"buildingID": 17244, "county": "\u666e\u9640", "town": "\u957f\u5f81\u9547", "circleNum": 2, "builtYear": "1997", "builtHeight": 20, "storeNum": 6, "floorArea": 833.554379674, "buildArea": 5001.32627804, "seiFort": "2", "keyFire": 0, "firehouseDist": 2, "pop": 1000}