{"buildingID": 3755, "county": "\u666e\u9640", "town": "\u6843\u6d66\u9547", "circleNum": 3, "builtYear": "2008", "builtHeight": 6, "storeNum": 2, "floorArea": 5837.63271073, "buildArea": 11675.2654215, "seiFort": "3", "keyFire": 0, "firehouseDist": 4, "pop": 2335}