{"buildingID": 13627, "county": "\u666e\u9640", "town": "\u771f\u5982\u9547", "circleNum": 1, "builtYear": "1988", "builtHeight": 6, "storeNum": 2, "floorArea": 528.886624671, "buildArea": 1057.77324934, "seiFort": "2", "keyFire": 0, "firehouseDist": 2, "pop": 211}