{"buildingID": 11121, "county": "\u666e\u9640", "town": "\u7518\u6cc9\u8def\u8857\u9053", "circleNum": 1, "builtYear": "1979-1985", "builtHeight": 9, "storeNum": 3, "floorArea": 362.670561488, "buildArea": 1088.01168446, "seiFort": "2", "keyFire": 0, "firehouseDist": 2, "pop": 217}