{"buildingID": 7257, "county": "\u666e\u9640", "town": "\u6843\u6d66\u9547", "circleNum": 2, "builtYear": "1979-1985", "builtHeight": 18, "storeNum": 6, "floorArea": 1432.33253256, "buildArea": 8593.99519534, "seiFort": "2", "keyFire": 0, "firehouseDist": 2, "pop": 1718}