{"buildingID": 22324, "county": "\u666e\u9640", "town": "\u66f9\u6768\u65b0\u6751\u8857\u9053", "circleNum": 1, "builtYear": "pre1978", "builtHeight": 11, "storeNum": 3, "floorArea": 1015.21846898, "buildArea": 3045.65540693, "seiFort": "1", "keyFire": 0, "firehouseDist": 1, "pop": 121}