{"buildingID": 8328, "county": "\u666e\u9640", "town": "\u6843\u6d66\u9547", "circleNum": 2, "builtYear": "1993", "builtHeight": 18, "storeNum": 6, "floorArea": 217.955713572, "buildArea": 1307.73428143, "seiFort": "2", "keyFire": 0, "firehouseDist": 1, "pop": 261}