{"buildingID": 11549, "county": "\u666e\u9640", "town": "\u771f\u5982\u9547", "circleNum": 1, "builtYear": "1991", "builtHeight": 45, "storeNum": 15, "floorArea": 31.1088863302, "buildArea": 466.633294954, "seiFort": "2", "keyFire": 0, "firehouseDist": 2, "pop": 18}