{"buildingID": 9642, "county": "\u666e\u9640", "town": "\u7518\u6cc9\u8def\u8857\u9053", "circleNum": 1, "builtYear": "1994", "builtHeight": 23, "storeNum": 7, "floorArea": 806.91805509, "buildArea": 5648.42638563, "seiFort": "2", "keyFire": 0, "firehouseDist": 3, "pop": 1129}