{"buildingID": 8342, "county": "\u666e\u9640", "town": "\u957f\u5f81\u9547", "circleNum": 1, "builtYear": "1979-1985", "builtHeight": 9, "storeNum": 3, "floorArea": 686.088030028, "buildArea": 2058.26409008, "seiFort": "2", "keyFire": 0, "firehouseDist": 1, "pop": 411}