{"buildingID": 5467, "county": "\u666e\u9640", "town": "\u6843\u6d66\u9547", "circleNum": 2, "builtYear": "2009", "builtHeight": 97, "storeNum": 32, "floorArea": 168.488000145, "buildArea": 5391.61600463, "seiFort": "3", "keyFire": 0, "firehouseDist": 2, "pop": 1078}