{"buildingID": 10133, "county": "\u666e\u9640", "town": "\u771f\u5982\u9547", "circleNum": 2, "builtYear": "2003", "builtHeight": 15, "storeNum": 5, "floorArea": 88.9973161106, "buildArea": 444.986580553, "seiFort": "3", "keyFire": 0, "firehouseDist": 2, "pop": 14}