{"buildingID": 27642, "county": "\u666e\u9640", "town": "\u957f\u98ce\u65b0\u6751\u8857\u9053", "circleNum": 1, "builtYear": "pre1978", "builtHeight": 87, "storeNum": 29, "floorArea": 1537.36509263, "buildArea": 44583.5876862, "seiFort": "1", "keyFire": 0, "firehouseDist": 3, "pop": 1783}