{"buildingID": 10269, "county": "\u666e\u9640", "town": "\u957f\u5f81\u9547", "circleNum": 1, "builtYear": "1988", "builtHeight": 50, "storeNum": 16, "floorArea": 939.624810278, "buildArea": 15033.9969645, "seiFort": "2", "keyFire": 0, "firehouseDist": 2, "pop": 3006}