{"buildingID": 24226, "county": "\u666e\u9640", "town": "\u66f9\u6768\u65b0\u6751\u8857\u9053", "circleNum": 1, "builtYear": "pre1978", "builtHeight": 18, "storeNum": 6, "floorArea": 306.54941679, "buildArea": 1839.29650074, "seiFort": "1", "keyFire": 0, "firehouseDist": 2, "pop": 73}