{"buildingID": 28413, "county": "\u666e\u9640", "town": "\u957f\u98ce\u65b0\u6751\u8857\u9053", "circleNum": 1, "builtYear": "pre1978", "builtHeight": 54, "storeNum": 18, "floorArea": 121.859430399, "buildArea": 2193.46974719, "seiFort": "1", "keyFire": 0, "firehouseDist": 2, "pop": 87}