{"buildingID": 13919, "county": "\u666e\u9640", "town": "\u771f\u5982\u9547", "circleNum": 1, "builtYear": "1989", "builtHeight": 15, "storeNum": 5, "floorArea": 325.223771988, "buildArea": 1626.11885994, "seiFort": "2", "keyFire": 0, "firehouseDist": 2, "pop": 325}