{"buildingID": 21211, "county": "\u666e\u9640", "town": "\u66f9\u6768\u65b0\u6751\u8857\u9053", "circleNum": 1, "builtYear": "pre1978", "builtHeight": 3, "storeNum": 1, "floorArea": 127.15309828, "buildArea": 127.15309828, "seiFort": "1", "keyFire": 0, "firehouseDist": 2, "pop": 5}