{"buildingID": 7142, "county": "\u666e\u9640", "town": "\u957f\u5f81\u9547", "circleNum": 1, "builtYear": "1994", "builtHeight": 42, "storeNum": 14, "floorArea": 509.216261917, "buildArea": 7129.02766684, "seiFort": "2", "keyFire": 0, "firehouseDist": 1, "pop": 1425}