{"buildingID": 10253, "county": "\u666e\u9640", "town": "\u771f\u5982\u9547", "circleNum": 2, "builtYear": "2005", "builtHeight": 59, "storeNum": 19, "floorArea": 32.5301124559, "buildArea": 618.072136661, "seiFort": "3", "keyFire": 0, "firehouseDist": 2, "pop": 20}