{"buildingID": 21741, "county": "\u666e\u9640", "town": "\u66f9\u6768\u65b0\u6751\u8857\u9053", "circleNum": 1, "builtYear": "pre1978", "builtHeight": 3, "storeNum": 1, "floorArea": 116.587883142, "buildArea": 116.587883142, "seiFort": "1", "keyFire": 0, "firehouseDist": 1, "pop": 4}