{"buildingID": 14646, "county": "\u666e\u9640", "town": "\u77f3\u6cc9\u8def\u8857\u9053", "circleNum": 1, "builtYear": "1979-1985", "builtHeight": 45, "storeNum": 15, "floorArea": 908.713962284, "buildArea": 13630.7094343, "seiFort": "2", "keyFire": 0, "firehouseDist": 2, "pop": 2726}