{"buildingID": 8697, "county": "\u666e\u9640", "town": "\u7518\u6cc9\u8def\u8857\u9053", "circleNum": 1, "builtYear": "1995", "builtHeight": 16, "storeNum": 5, "floorArea": 389.562275715, "buildArea": 1947.81137858, "seiFort": "2", "keyFire": 0, "firehouseDist": 3, "pop": 389}