{"buildingID": 6154, "county": "\u666e\u9640", "town": "\u6843\u6d66\u9547", "circleNum": 2, "builtYear": "1994", "builtHeight": 12, "storeNum": 4, "floorArea": 731.077379042, "buildArea": 2924.30951617, "seiFort": "2", "keyFire": 0, "firehouseDist": 1, "pop": 584}