{"buildingID": 18952, "county": "\u666e\u9640", "town": "\u957f\u5f81\u9547", "circleNum": 2, "builtYear": "2003", "builtHeight": 21, "storeNum": 7, "floorArea": 1101.46041742, "buildArea": 7710.22292197, "seiFort": "3", "keyFire": 0, "firehouseDist": 3, "pop": 1542}