{"buildingID": 1860, "county": "\u666e\u9640", "town": "\u6843\u6d66\u9547", "circleNum": 2, "builtYear": "2009", "builtHeight": 35, "storeNum": 11, "floorArea": 779.924385481, "buildArea": 8579.16824029, "seiFort": "3", "keyFire": 0, "firehouseDist": 2, "pop": 1715}