{"buildingID": 1468, "county": "\u666e\u9640", "town": "\u6843\u6d66\u9547", "circleNum": 3, "builtYear": "1992", "builtHeight": 18, "storeNum": 6, "floorArea": 4157.25055378, "buildArea": 24943.5033227, "seiFort": "2", "keyFire": 0, "firehouseDist": 4, "pop": 4988}