{"buildingID": 17803, "county": "\u666e\u9640", "town": "\u957f\u5f81\u9547", "circleNum": 2, "builtYear": "1979-1985", "builtHeight": 6, "storeNum": 2, "floorArea": 701.925178521, "buildArea": 1403.85035704, "seiFort": "2", "keyFire": 0, "firehouseDist": 4, "pop": 280}