{"buildingID": 16849, "county": "\u666e\u9640", "town": "\u77f3\u6cc9\u8def\u8857\u9053", "circleNum": 1, "builtYear": "2007", "builtHeight": 6, "storeNum": 2, "floorArea": 584.032673579, "buildArea": 1168.06534716, "seiFort": "3", "keyFire": 0, "firehouseDist": 2, "pop": 233}