{"buildingID": 26516, "county": "\u666e\u9640", "town": "\u957f\u5bff\u8def\u8857\u9053", "circleNum": 0, "builtYear": "1979-1985", "builtHeight": 35, "storeNum": 11, "floorArea": 3353.06044329, "buildArea": 36883.6648762, "seiFort": "2", "keyFire": 1, "firehouseDist": 1, "pop": 7376}