{"buildingID": 7476, "county": "\u666e\u9640", "town": "\u957f\u5f81\u9547", "circleNum": 1, "builtYear": "1989", "builtHeight": 66, "storeNum": 22, "floorArea": 430.753604961, "buildArea": 9476.57930913, "seiFort": "2", "keyFire": 0, "firehouseDist": 1, "pop": 1895}