{"buildingID": 5801, "county": "\u666e\u9640", "town": "\u6843\u6d66\u9547", "circleNum": 2, "builtYear": "2002", "builtHeight": 11, "storeNum": 3, "floorArea": 794.451861862, "buildArea": 2383.35558558, "seiFort": "3", "keyFire": 0, "firehouseDist": 2, "pop": 476}