{"buildingID": 5796, "county": "\u666e\u9640", "town": "\u6843\u6d66\u9547", "circleNum": 2, "builtYear": "2001", "builtHeight": 12, "storeNum": 4, "floorArea": 520.468948093, "buildArea": 2081.87579237, "seiFort": "3", "keyFire": 0, "firehouseDist": 2, "pop": 416}