{"buildingID": 12044, "county": "\u666e\u9640", "town": "\u771f\u5982\u9547", "circleNum": 1, "builtYear": "1979-1985", "builtHeight": 22, "storeNum": 7, "floorArea": 788.757510582, "buildArea": 5521.30257407, "seiFort": "2", "keyFire": 0, "firehouseDist": 2, "pop": 1104}