{"buildingID": 12688, "county": "\u666e\u9640", "town": "\u771f\u5982\u9547", "circleNum": 2, "builtYear": "1992", "builtHeight": 14, "storeNum": 4, "floorArea": 397.598071814, "buildArea": 1590.39228726, "seiFort": "2", "keyFire": 0, "firehouseDist": 2, "pop": 318}