{"buildingID": 18322, "county": "\u666e\u9640", "town": "\u957f\u5f81\u9547", "circleNum": 2, "builtYear": "1994", "builtHeight": 22, "storeNum": 7, "floorArea": 1306.63823652, "buildArea": 9146.46765564, "seiFort": "2", "keyFire": 0, "firehouseDist": 3, "pop": 1829}