{"buildingID": 5650, "county": "\u666e\u9640", "town": "\u6843\u6d66\u9547", "circleNum": 2, "builtYear": "1991", "builtHeight": 33, "storeNum": 11, "floorArea": 98.0391189464, "buildArea": 1078.43030841, "seiFort": "2", "keyFire": 0, "firehouseDist": 1, "pop": 35}