{"buildingID": 19643, "county": "\u666e\u9640", "town": "\u957f\u98ce\u65b0\u6751\u8857\u9053", "circleNum": 1, "builtYear": "1979-1985", "builtHeight": 6, "storeNum": 2, "floorArea": 179.729402794, "buildArea": 359.458805587, "seiFort": "2", "keyFire": 0, "firehouseDist": 4, "pop": 14}