{"buildingID": 20627, "county": "\u666e\u9640", "town": "\u771f\u5982\u9547", "circleNum": 1, "builtYear": "1998", "builtHeight": 51, "storeNum": 17, "floorArea": 607.07209584, "buildArea": 10320.2256293, "seiFort": "2", "keyFire": 0, "firehouseDist": 2, "pop": 2064}