{"buildingID": 28247, "county": "\u666e\u9640", "town": "\u957f\u98ce\u65b0\u6751\u8857\u9053", "circleNum": 1, "builtYear": "pre1978", "builtHeight": 54, "storeNum": 18, "floorArea": 1540.66223493, "buildArea": 27731.9202288, "seiFort": "1", "keyFire": 0, "firehouseDist": 3, "pop": 1109}