{"buildingID": 7847, "county": "\u666e\u9640", "town": "\u7518\u6cc9\u8def\u8857\u9053", "circleNum": 1, "builtYear": "pre1978", "builtHeight": 67, "storeNum": 22, "floorArea": 482.21591385, "buildArea": 10608.7501047, "seiFort": "1", "keyFire": 1, "firehouseDist": 3, "pop": 424}