{"buildingID": 14637, "county": "\u666e\u9640", "town": "\u77f3\u6cc9\u8def\u8857\u9053", "circleNum": 1, "builtYear": "2017", "builtHeight": 6, "storeNum": 2, "floorArea": 6810.03114181, "buildArea": 13620.0622836, "seiFort": "3", "keyFire": 0, "firehouseDist": 2, "pop": 2724}