{"buildingID": 19444, "county": "\u666e\u9640", "town": "\u957f\u5f81\u9547", "circleNum": 2, "builtYear": "1987", "builtHeight": 21, "storeNum": 7, "floorArea": 3168.28607041, "buildArea": 22178.0024929, "seiFort": "2", "keyFire": 0, "firehouseDist": 4, "pop": 4435}