{"buildingID": 26776, "county": "\u666e\u9640", "town": "\u957f\u98ce\u65b0\u6751\u8857\u9053", "circleNum": 0, "builtYear": "pre1978", "builtHeight": 16, "storeNum": 5, "floorArea": 759.802149589, "buildArea": 3799.01074794, "seiFort": "1", "keyFire": 0, "firehouseDist": 2, "pop": 189}