{"buildingID": 8428, "county": "\u666e\u9640", "town": "\u771f\u5982\u9547", "circleNum": 1, "builtYear": "1994", "builtHeight": 16, "storeNum": 5, "floorArea": 412.560715676, "buildArea": 2062.80357838, "seiFort": "2", "keyFire": 0, "firehouseDist": 1, "pop": 412}