{"buildingID": 2794, "county": "\u666e\u9640", "town": "\u6843\u6d66\u9547", "circleNum": 2, "builtYear": "1979-1985", "builtHeight": 10, "storeNum": 3, "floorArea": 2084.60264654, "buildArea": 6253.80793962, "seiFort": "2", "keyFire": 0, "firehouseDist": 2, "pop": 1250}