{"buildingID": 25175, "county": "\u666e\u9640", "town": "\u957f\u5bff\u8def\u8857\u9053", "circleNum": 0, "builtYear": "1979-1985", "builtHeight": 6, "storeNum": 2, "floorArea": 174.902728238, "buildArea": 349.805456476, "seiFort": "2", "keyFire": 1, "firehouseDist": 2, "pop": 17}