{"buildingID": 23718, "county": "\u666e\u9640", "town": "\u66f9\u6768\u65b0\u6751\u8857\u9053", "circleNum": 1, "builtYear": "pre1978", "builtHeight": 99, "storeNum": 33, "floorArea": 105.535879164, "buildArea": 3482.68401242, "seiFort": "1", "keyFire": 1, "firehouseDist": 2, "pop": 139}