{"buildingID": 13312, "county": "\u666e\u9640", "town": "\u771f\u5982\u9547", "circleNum": 2, "builtYear": "1994", "builtHeight": 14, "storeNum": 4, "floorArea": 489.779683651, "buildArea": 1959.1187346, "seiFort": "2", "keyFire": 0, "firehouseDist": 2, "pop": 391}