{"buildingID": 27968, "county": "\u666e\u9640", "town": "\u957f\u98ce\u65b0\u6751\u8857\u9053", "circleNum": 1, "builtYear": "1986", "builtHeight": 14, "storeNum": 4, "floorArea": 642.156108336, "buildArea": 2568.62443334, "seiFort": "2", "keyFire": 0, "firehouseDist": 2, "pop": 513}