{"buildingID": 2516, "county": "\u666e\u9640", "town": "\u6843\u6d66\u9547", "circleNum": 2, "builtYear": "1993", "builtHeight": 8, "storeNum": 2, "floorArea": 2767.91447864, "buildArea": 5535.82895728, "seiFort": "2", "keyFire": 0, "firehouseDist": 2, "pop": 1107}