{"buildingID": 4549, "county": "\u666e\u9640", "town": "\u6843\u6d66\u9547", "circleNum": 2, "builtYear": "1990", "builtHeight": 41, "storeNum": 13, "floorArea": 139.799231526, "buildArea": 1817.39000984, "seiFort": "2", "keyFire": 0, "firehouseDist": 2, "pop": 60}