{"buildingID": 19224, "county": "\u666e\u9640", "town": "\u957f\u5f81\u9547", "circleNum": 2, "builtYear": "2005", "builtHeight": 16, "storeNum": 5, "floorArea": 1151.69995054, "buildArea": 5758.49975268, "seiFort": "3", "keyFire": 0, "firehouseDist": 3, "pop": 1151}