{"buildingID": 21390, "county": "\u666e\u9640", "town": "\u957f\u5f81\u9547", "circleNum": 1, "builtYear": "2010", "builtHeight": 36, "storeNum": 12, "floorArea": 805.294603171, "buildArea": 9663.53523806, "seiFort": "3", "keyFire": 0, "firehouseDist": 1, "pop": 1932}