{"buildingID": 14552, "county": "\u666e\u9640", "town": "\u771f\u5982\u9547", "circleNum": 2, "builtYear": "1997", "builtHeight": 15, "storeNum": 5, "floorArea": 314.802376722, "buildArea": 1574.01188361, "seiFort": "2", "keyFire": 0, "firehouseDist": 1, "pop": 314}