{"buildingID": 1676, "county": "\u666e\u9640", "town": "\u6843\u6d66\u9547", "circleNum": 3, "builtYear": "2002", "builtHeight": 18, "storeNum": 6, "floorArea": 668.427927082, "buildArea": 4010.56756249, "seiFort": "3", "keyFire": 0, "firehouseDist": 3, "pop": 802}