{"buildingID": 27862, "county": "\u666e\u9640", "town": "\u957f\u98ce\u65b0\u6751\u8857\u9053", "circleNum": 1, "builtYear": "1988", "builtHeight": 22, "storeNum": 7, "floorArea": 1537.30035542, "buildArea": 10761.1024879, "seiFort": "2", "keyFire": 0, "firehouseDist": 2, "pop": 2152}