{"buildingID": 7744, "county": "\u666e\u9640", "town": "\u7518\u6cc9\u8def\u8857\u9053", "circleNum": 1, "builtYear": "1985", "builtHeight": 9, "storeNum": 3, "floorArea": 281.637294655, "buildArea": 844.911883966, "seiFort": "2", "keyFire": 0, "firehouseDist": 3, "pop": 168}