{"buildingID": 7953, "county": "\u666e\u9640", "town": "\u7518\u6cc9\u8def\u8857\u9053", "circleNum": 1, "builtYear": "1979-1985", "builtHeight": 6, "storeNum": 2, "floorArea": 625.421421928, "buildArea": 1250.84284386, "seiFort": "2", "keyFire": 0, "firehouseDist": 3, "pop": 250}