{"buildingID": 24217, "county": "\u666e\u9640", "town": "\u66f9\u6768\u65b0\u6751\u8857\u9053", "circleNum": 1, "builtYear": "1988", "builtHeight": 3, "storeNum": 1, "floorArea": 222.607121542, "buildArea": 222.607121542, "seiFort": "2", "keyFire": 0, "firehouseDist": 1, "pop": 44}