{"buildingID": 4849, "county": "\u666e\u9640", "town": "\u6843\u6d66\u9547", "circleNum": 2, "builtYear": "2006", "builtHeight": 22, "storeNum": 7, "floorArea": 193.842033534, "buildArea": 1356.89423474, "seiFort": "3", "keyFire": 0, "firehouseDist": 2, "pop": 271}