{"buildingID": 13886, "county": "\u666e\u9640", "town": "\u771f\u5982\u9547", "circleNum": 1, "builtYear": "pre1978", "builtHeight": 54, "storeNum": 18, "floorArea": 133.995409205, "buildArea": 2411.91736569, "seiFort": "1", "keyFire": 0, "firehouseDist": 2, "pop": 96}