{"buildingID": 12916, "county": "\u666e\u9640", "town": "\u77f3\u6cc9\u8def\u8857\u9053", "circleNum": 1, "builtYear": "1979-1985", "builtHeight": 11, "storeNum": 3, "floorArea": 274.938597076, "buildArea": 824.815791228, "seiFort": "2", "keyFire": 0, "firehouseDist": 3, "pop": 164}