{"buildingID": 23331, "county": "\u666e\u9640", "town": "\u957f\u5bff\u8def\u8857\u9053", "circleNum": 0, "builtYear": "1979-1985", "builtHeight": 26, "storeNum": 8, "floorArea": 1052.57703717, "buildArea": 8420.61629732, "seiFort": "2", "keyFire": 0, "firehouseDist": 1, "pop": 1684}