{"buildingID": 13108, "county": "\u666e\u9640", "town": "\u7518\u6cc9\u8def\u8857\u9053", "circleNum": 1, "builtYear": "pre1978", "builtHeight": 53, "storeNum": 17, "floorArea": 478.512177203, "buildArea": 8134.70701245, "seiFort": "1", "keyFire": 1, "firehouseDist": 2, "pop": 325}