{"buildingID": 9839, "county": "\u666e\u9640", "town": "\u771f\u5982\u9547", "circleNum": 1, "builtYear": "1993", "builtHeight": 13, "storeNum": 4, "floorArea": 301.265314861, "buildArea": 1205.06125944, "seiFort": "2", "keyFire": 0, "firehouseDist": 2, "pop": 241}