{"buildingID": 4763, "county": "\u666e\u9640", "town": "\u6843\u6d66\u9547", "circleNum": 2, "builtYear": "1992", "builtHeight": 20, "storeNum": 6, "floorArea": 282.157181141, "buildArea": 1692.94308685, "seiFort": "2", "keyFire": 0, "firehouseDist": 1, "pop": 338}