{"buildingID": 28310, "county": "\u666e\u9640", "town": "\u957f\u98ce\u65b0\u6751\u8857\u9053", "circleNum": 1, "builtYear": "2013", "builtHeight": 4, "storeNum": 1, "floorArea": 956.349247953, "buildArea": 956.349247953, "seiFort": "3", "keyFire": 0, "firehouseDist": 2, "pop": 191}