{"buildingID": 25938, "county": "\u666e\u9640", "town": "\u957f\u98ce\u65b0\u6751\u8857\u9053", "circleNum": 1, "builtYear": "pre1978", "builtHeight": 54, "storeNum": 18, "floorArea": 874.325978442, "buildArea": 15737.867612, "seiFort": "1", "keyFire": 0, "firehouseDist": 3, "pop": 629}