{"buildingID": 15528, "county": "\u666e\u9640", "town": "\u77f3\u6cc9\u8def\u8857\u9053", "circleNum": 1, "builtYear": "pre1978", "builtHeight": 61, "storeNum": 20, "floorArea": 96.8487329133, "buildArea": 1936.97465827, "seiFort": "1", "keyFire": 0, "firehouseDist": 1, "pop": 77}