{"buildingID": 24579, "county": "\u666e\u9640", "town": "\u957f\u5bff\u8def\u8857\u9053", "circleNum": 0, "builtYear": "pre1978", "builtHeight": 104, "storeNum": 34, "floorArea": 540.279499555, "buildArea": 18369.5029849, "seiFort": "1", "keyFire": 0, "firehouseDist": 1, "pop": 3673}