{"buildingID": 6660, "county": "\u666e\u9640", "town": "\u6843\u6d66\u9547", "circleNum": 2, "builtYear": "1988", "builtHeight": 36, "storeNum": 12, "floorArea": 388.140050532, "buildArea": 4657.68060638, "seiFort": "2", "keyFire": 0, "firehouseDist": 1, "pop": 931}