{"buildingID": 15003, "county": "\u666e\u9640", "town": "\u771f\u5982\u9547", "circleNum": 2, "builtYear": "1995", "builtHeight": 13, "storeNum": 4, "floorArea": 259.222611506, "buildArea": 1036.89044602, "seiFort": "2", "keyFire": 0, "firehouseDist": 1, "pop": 207}