{"buildingID": 20430, "county": "\u666e\u9640", "town": "\u771f\u5982\u9547", "circleNum": 1, "builtYear": "1995", "builtHeight": 3, "storeNum": 1, "floorArea": 1356.57817281, "buildArea": 1356.57817281, "seiFort": "2", "keyFire": 0, "firehouseDist": 1, "pop": 271}