{"buildingID": 15142, "county": "\u666e\u9640", "town": "\u771f\u5982\u9547", "circleNum": 2, "builtYear": "1997", "builtHeight": 12, "storeNum": 4, "floorArea": 379.90422222, "buildArea": 1519.61688888, "seiFort": "2", "keyFire": 0, "firehouseDist": 1, "pop": 303}