{"buildingID": 1039, "county": "\u666e\u9640", "town": "\u6843\u6d66\u9547", "circleNum": 3, "builtYear": "1979-1985", "builtHeight": 18, "storeNum": 6, "floorArea": 90.3478241123, "buildArea": 542.086944674, "seiFort": "2", "keyFire": 0, "firehouseDist": 3, "pop": 18}