{"buildingID": 16339, "county": "\u666e\u9640", "town": "\u771f\u5982\u9547", "circleNum": 2, "builtYear": "1997", "builtHeight": 10, "storeNum": 3, "floorArea": 185.453664259, "buildArea": 556.360992777, "seiFort": "2", "keyFire": 0, "firehouseDist": 1, "pop": 111}