{"buildingID": 6221, "county": "\u666e\u9640", "town": "\u6843\u6d66\u9547", "circleNum": 2, "builtYear": "1995", "builtHeight": 62, "storeNum": 20, "floorArea": 187.215355285, "buildArea": 3744.3071057, "seiFort": "2", "keyFire": 0, "firehouseDist": 2, "pop": 748}