{"buildingID": 14295, "county": "\u666e\u9640", "town": "\u77f3\u6cc9\u8def\u8857\u9053", "circleNum": 1, "builtYear": "pre1978", "builtHeight": 79, "storeNum": 26, "floorArea": 329.310090378, "buildArea": 8562.06234984, "seiFort": "1", "keyFire": 0, "firehouseDist": 2, "pop": 342}