{"buildingID": 15983, "county": "\u666e\u9640", "town": "\u771f\u5982\u9547", "circleNum": 1, "builtYear": "pre1978", "builtHeight": 20, "storeNum": 6, "floorArea": 437.157169209, "buildArea": 2622.94301525, "seiFort": "1", "keyFire": 0, "firehouseDist": 1, "pop": 104}