{"buildingID": 12012, "county": "\u666e\u9640", "town": "\u77f3\u6cc9\u8def\u8857\u9053", "circleNum": 1, "builtYear": "1993", "builtHeight": 12, "storeNum": 4, "floorArea": 62.8295286149, "buildArea": 251.318114459, "seiFort": "2", "keyFire": 0, "firehouseDist": 3, "pop": 10}