{"buildingID": 12420, "county": "\u666e\u9640", "town": "\u7518\u6cc9\u8def\u8857\u9053", "circleNum": 1, "builtYear": "pre1978", "builtHeight": 25, "storeNum": 8, "floorArea": 915.367896673, "buildArea": 7322.94317338, "seiFort": "1", "keyFire": 0, "firehouseDist": 2, "pop": 292}