{"buildingID": 26647, "county": "\u666e\u9640", "town": "\u66f9\u6768\u65b0\u6751\u8857\u9053", "circleNum": 1, "builtYear": "pre1978", "builtHeight": 23, "storeNum": 7, "floorArea": 84.3891325526, "buildArea": 590.723927868, "seiFort": "1", "keyFire": 0, "firehouseDist": 2, "pop": 23}