{"buildingID": 29223, "county": "\u666e\u9640", "town": "\u957f\u98ce\u65b0\u6751\u8857\u9053", "circleNum": 1, "builtYear": "pre1978", "builtHeight": 50, "storeNum": 16, "floorArea": 785.983012568, "buildArea": 12575.7282011, "seiFort": "1", "keyFire": 0, "firehouseDist": 3, "pop": 503}