{"buildingID": 4268, "county": "\u666e\u9640", "town": "\u6843\u6d66\u9547", "circleNum": 2, "builtYear": "2001", "builtHeight": 48, "storeNum": 16, "floorArea": 677.203330563, "buildArea": 10835.253289, "seiFort": "3", "keyFire": 0, "firehouseDist": 2, "pop": 2167}