{"buildingID": 14363, "county": "\u666e\u9640", "town": "\u77f3\u6cc9\u8def\u8857\u9053", "circleNum": 1, "builtYear": "2010", "builtHeight": 55, "storeNum": 18, "floorArea": 160.719197405, "buildArea": 2892.94555329, "seiFort": "3", "keyFire": 0, "firehouseDist": 2, "pop": 115}