{"buildingID": 2387, "county": "\u666e\u9640", "town": "\u6843\u6d66\u9547", "circleNum": 3, "builtYear": "1997", "builtHeight": 18, "storeNum": 6, "floorArea": 806.088180887, "buildArea": 4836.52908532, "seiFort": "2", "keyFire": 1, "firehouseDist": 3, "pop": 967}