{"buildingID": 15337, "county": "\u666e\u9640", "town": "\u771f\u5982\u9547", "circleNum": 1, "builtYear": "1997", "builtHeight": 99, "storeNum": 33, "floorArea": 714.127936727, "buildArea": 23566.221912, "seiFort": "2", "keyFire": 0, "firehouseDist": 2, "pop": 4713}