{"buildingID": 8915, "county": "\u666e\u9640", "town": "\u957f\u5f81\u9547", "circleNum": 1, "builtYear": "1979-1985", "builtHeight": 97, "storeNum": 32, "floorArea": 46.6563522116, "buildArea": 1493.00327077, "seiFort": "2", "keyFire": 0, "firehouseDist": 1, "pop": 298}