{"buildingID": 10081, "county": "\u666e\u9640", "town": "\u771f\u5982\u9547", "circleNum": 2, "builtYear": "1996", "builtHeight": 9, "storeNum": 3, "floorArea": 405.839121283, "buildArea": 1217.51736385, "seiFort": "2", "keyFire": 0, "firehouseDist": 2, "pop": 243}