{"buildingID": 13370, "county": "\u666e\u9640", "town": "\u771f\u5982\u9547", "circleNum": 1, "builtYear": "1994", "builtHeight": 14, "storeNum": 4, "floorArea": 110.424819849, "buildArea": 441.699279397, "seiFort": "2", "keyFire": 0, "firehouseDist": 2, "pop": 17}