{"buildingID": 11005, "county": "\u666e\u9640", "town": "\u771f\u5982\u9547", "circleNum": 1, "builtYear": "2017", "builtHeight": 79, "storeNum": 26, "floorArea": 110.317467236, "buildArea": 2868.25414812, "seiFort": "3", "keyFire": 0, "firehouseDist": 1, "pop": 114}