{"buildingID": 4948, "county": "\u666e\u9640", "town": "\u771f\u5982\u9547", "circleNum": 2, "builtYear": "1995", "builtHeight": 13, "storeNum": 4, "floorArea": 267.723520658, "buildArea": 1070.89408263, "seiFort": "2", "keyFire": 0, "firehouseDist": 1, "pop": 214}