{"buildingID": 12360, "county": "\u666e\u9640", "town": "\u7518\u6cc9\u8def\u8857\u9053", "circleNum": 1, "builtYear": "pre1978", "builtHeight": 23, "storeNum": 7, "floorArea": 823.538859735, "buildArea": 5764.77201814, "seiFort": "1", "keyFire": 0, "firehouseDist": 2, "pop": 230}