{"buildingID": 20463, "county": "\u666e\u9640", "town": "\u771f\u5982\u9547", "circleNum": 1, "builtYear": "1987", "builtHeight": 6, "storeNum": 2, "floorArea": 369.416333454, "buildArea": 738.832666908, "seiFort": "2", "keyFire": 0, "firehouseDist": 1, "pop": 147}