{"buildingID": 1062, "county": "\u666e\u9640", "town": "\u6843\u6d66\u9547", "circleNum": 3, "builtYear": "1979-1985", "builtHeight": 6, "storeNum": 2, "floorArea": 153.395098714, "buildArea": 306.790197428, "seiFort": "2", "keyFire": 0, "firehouseDist": 3, "pop": 10}