{"buildingID": 10996, "county": "\u666e\u9640", "town": "\u771f\u5982\u9547", "circleNum": 1, "builtYear": "pre1978", "builtHeight": 47, "storeNum": 15, "floorArea": 44.1182513212, "buildArea": 661.773769818, "seiFort": "1", "keyFire": 0, "firehouseDist": 2, "pop": 26}