{"buildingID": 5096, "county": "\u666e\u9640", "town": "\u6843\u6d66\u9547", "circleNum": 2, "builtYear": "2004", "builtHeight": 17, "storeNum": 5, "floorArea": 550.944502705, "buildArea": 2754.72251353, "seiFort": "3", "keyFire": 0, "firehouseDist": 2, "pop": 550}