{"buildingID": 2856, "county": "\u666e\u9640", "town": "\u6843\u6d66\u9547", "circleNum": 2, "builtYear": "1979-1985", "builtHeight": 13, "storeNum": 4, "floorArea": 2711.4629447, "buildArea": 10845.8517788, "seiFort": "2", "keyFire": 0, "firehouseDist": 2, "pop": 2169}