{"buildingID": 697, "county": "\u666e\u9640", "town": "\u6843\u6d66\u9547", "circleNum": 2, "builtYear": "1997", "builtHeight": 62, "storeNum": 20, "floorArea": 428.926862278, "buildArea": 8578.53724556, "seiFort": "2", "keyFire": 0, "firehouseDist": 2, "pop": 1715}