{"buildingID": 15560, "county": "\u666e\u9640", "town": "\u5b9c\u5ddd\u8def\u8857\u9053", "circleNum": 1, "builtYear": "1979-1985", "builtHeight": 21, "storeNum": 7, "floorArea": 1300.32693218, "buildArea": 9102.28852527, "seiFort": "2", "keyFire": 0, "firehouseDist": 1, "pop": 1820}