{"buildingID": 16083, "county": "\u666e\u9640", "town": "\u771f\u5982\u9547", "circleNum": 1, "builtYear": "1999", "builtHeight": 3, "storeNum": 1, "floorArea": 624.217029424, "buildArea": 624.217029424, "seiFort": "2", "keyFire": 0, "firehouseDist": 1, "pop": 124}