{"buildingID": 15908, "county": "\u666e\u9640", "town": "\u771f\u5982\u9547", "circleNum": 1, "builtYear": "1999", "builtHeight": 37, "storeNum": 12, "floorArea": 53.2035036076, "buildArea": 638.442043291, "seiFort": "2", "keyFire": 0, "firehouseDist": 1, "pop": 25}