{"buildingID": 27518, "county": "\u666e\u9640", "town": "\u957f\u98ce\u65b0\u6751\u8857\u9053", "circleNum": 1, "builtYear": "2009", "builtHeight": 7, "storeNum": 2, "floorArea": 503.212644278, "buildArea": 1006.42528856, "seiFort": "3", "keyFire": 0, "firehouseDist": 2, "pop": 201}