{"buildingID": 20468, "county": "\u666e\u9640", "town": "\u771f\u5982\u9547", "circleNum": 1, "builtYear": "1979-1985", "builtHeight": 13, "storeNum": 4, "floorArea": 363.350833342, "buildArea": 1453.40333337, "seiFort": "2", "keyFire": 0, "firehouseDist": 1, "pop": 290}