{"buildingID": 10070, "county": "\u666e\u9640", "town": "\u771f\u5982\u9547", "circleNum": 2, "builtYear": "2008", "builtHeight": 20, "storeNum": 6, "floorArea": 1142.59981822, "buildArea": 6855.5989093, "seiFort": "3", "keyFire": 0, "firehouseDist": 2, "pop": 1371}