{"buildingID": 1787, "county": "\u666e\u9640", "town": "\u6843\u6d66\u9547", "circleNum": 2, "builtYear": "2001", "builtHeight": 15, "storeNum": 5, "floorArea": 815.162784126, "buildArea": 4075.81392063, "seiFort": "3", "keyFire": 0, "firehouseDist": 3, "pop": 815}