{"buildingID": 15870, "county": "\u666e\u9640", "town": "\u771f\u5982\u9547", "circleNum": 1, "builtYear": "1988", "builtHeight": 24, "storeNum": 8, "floorArea": 983.951563764, "buildArea": 7871.61251011, "seiFort": "2", "keyFire": 0, "firehouseDist": 2, "pop": 1574}