{"buildingID": 1661, "county": "\u666e\u9640", "town": "\u6843\u6d66\u9547", "circleNum": 3, "builtYear": "1999", "builtHeight": 18, "storeNum": 6, "floorArea": 973.543623875, "buildArea": 5841.26174325, "seiFort": "2", "keyFire": 0, "firehouseDist": 3, "pop": 1168}