{"buildingID": 28548, "county": "\u666e\u9640", "town": "\u957f\u98ce\u65b0\u6751\u8857\u9053", "circleNum": 1, "builtYear": "1979-1985", "builtHeight": 3, "storeNum": 1, "floorArea": 2122.24135491, "buildArea": 2122.24135491, "seiFort": "2", "keyFire": 0, "firehouseDist": 3, "pop": 424}