{"buildingID": 11170, "county": "\u666e\u9640", "town": "\u771f\u5982\u9547", "circleNum": 2, "builtYear": "1997", "builtHeight": 56, "storeNum": 18, "floorArea": 84.0783214298, "buildArea": 1513.40978574, "seiFort": "2", "keyFire": 0, "firehouseDist": 2, "pop": 50}