{"buildingID": 15746, "county": "\u666e\u9640", "town": "\u771f\u5982\u9547", "circleNum": 2, "builtYear": "1995", "builtHeight": 24, "storeNum": 8, "floorArea": 304.314789361, "buildArea": 2434.51831489, "seiFort": "2", "keyFire": 0, "firehouseDist": 1, "pop": 486}