{"buildingID": 7149, "county": "\u666e\u9640", "town": "\u957f\u5f81\u9547", "circleNum": 1, "builtYear": "1990", "builtHeight": 47, "storeNum": 15, "floorArea": 527.473124411, "buildArea": 7912.09686616, "seiFort": "2", "keyFire": 0, "firehouseDist": 1, "pop": 1582}