{"buildingID": 4656, "county": "\u666e\u9640", "town": "\u6843\u6d66\u9547", "circleNum": 2, "builtYear": "1998", "builtHeight": 26, "storeNum": 8, "floorArea": 1119.63596036, "buildArea": 8957.08768288, "seiFort": "2", "keyFire": 0, "firehouseDist": 2, "pop": 1791}