{"buildingID": 2864, "county": "\u666e\u9640", "town": "\u6843\u6d66\u9547", "circleNum": 2, "builtYear": "1990", "builtHeight": 12, "storeNum": 4, "floorArea": 3797.98221644, "buildArea": 15191.9288658, "seiFort": "2", "keyFire": 0, "firehouseDist": 2, "pop": 3038}