{"buildingID": 12957, "county": "\u666e\u9640", "town": "\u771f\u5982\u9547", "circleNum": 1, "builtYear": "1998", "builtHeight": 52, "storeNum": 17, "floorArea": 1260.38826171, "buildArea": 21426.6004491, "seiFort": "2", "keyFire": 0, "firehouseDist": 2, "pop": 4285}