{"buildingID": 13905, "county": "\u666e\u9640", "town": "\u771f\u5982\u9547", "circleNum": 1, "builtYear": "1994", "builtHeight": 10, "storeNum": 3, "floorArea": 779.365195233, "buildArea": 2338.0955857, "seiFort": "2", "keyFire": 0, "firehouseDist": 2, "pop": 467}