{"buildingID": 5714, "county": "\u666e\u9640", "town": "\u6843\u6d66\u9547", "circleNum": 2, "builtYear": "1979-1985", "builtHeight": 62, "storeNum": 20, "floorArea": 320.857148262, "buildArea": 6417.14296523, "seiFort": "2", "keyFire": 0, "firehouseDist": 2, "pop": 1283}