{"buildingID": 15074, "county": "\u666e\u9640", "town": "\u771f\u5982\u9547", "circleNum": 2, "builtYear": "2009", "builtHeight": 13, "storeNum": 4, "floorArea": 217.312101505, "buildArea": 869.24840602, "seiFort": "3", "keyFire": 0, "firehouseDist": 2, "pop": 173}