{"buildingID": 22791, "county": "\u666e\u9640", "town": "\u66f9\u6768\u65b0\u6751\u8857\u9053", "circleNum": 1, "builtYear": "1988", "builtHeight": 3, "storeNum": 1, "floorArea": 169.867641787, "buildArea": 169.867641787, "seiFort": "2", "keyFire": 0, "firehouseDist": 1, "pop": 6}