{"buildingID": 18456, "county": "\u666e\u9640", "town": "\u957f\u5f81\u9547", "circleNum": 2, "builtYear": "1994", "builtHeight": 53, "storeNum": 17, "floorArea": 911.154487592, "buildArea": 15489.6262891, "seiFort": "2", "keyFire": 0, "firehouseDist": 3, "pop": 3097}