{"buildingID": 23366, "county": "\u666e\u9640", "town": "\u957f\u5f81\u9547", "circleNum": 2, "builtYear": "1997", "builtHeight": 19, "storeNum": 6, "floorArea": 1035.04817568, "buildArea": 6210.28905406, "seiFort": "2", "keyFire": 0, "firehouseDist": 2, "pop": 1242}