{"buildingID": 7654, "county": "\u666e\u9640", "town": "\u957f\u5f81\u9547", "circleNum": 1, "builtYear": "1995", "builtHeight": 40, "storeNum": 13, "floorArea": 548.336230976, "buildArea": 7128.37100268, "seiFort": "2", "keyFire": 0, "firehouseDist": 1, "pop": 1425}