{"buildingID": 6273, "county": "\u666e\u9640", "town": "\u6843\u6d66\u9547", "circleNum": 2, "builtYear": "1979-1985", "builtHeight": 37, "storeNum": 12, "floorArea": 737.75492965, "buildArea": 8853.0591558, "seiFort": "2", "keyFire": 0, "firehouseDist": 2, "pop": 1770}