{"buildingID": 4535, "county": "\u666e\u9640", "town": "\u6843\u6d66\u9547", "circleNum": 2, "builtYear": "2017", "builtHeight": 52, "storeNum": 17, "floorArea": 226.918888321, "buildArea": 3857.62110147, "seiFort": "3", "keyFire": 0, "firehouseDist": 2, "pop": 771}