{"buildingID": 11478, "county": "\u666e\u9640", "town": "\u771f\u5982\u9547", "circleNum": 1, "builtYear": "2001", "builtHeight": 6, "storeNum": 2, "floorArea": 594.064422053, "buildArea": 1188.12884411, "seiFort": "3", "keyFire": 0, "firehouseDist": 1, "pop": 237}