{"buildingID": 9296, "county": "\u666e\u9640", "town": "\u6843\u6d66\u9547", "circleNum": 2, "builtYear": "2001", "builtHeight": 67, "storeNum": 22, "floorArea": 795.874001166, "buildArea": 17509.2280256, "seiFort": "3", "keyFire": 0, "firehouseDist": 1, "pop": 3501}