{"buildingID": 26449, "county": "\u666e\u9640", "town": "\u957f\u98ce\u65b0\u6751\u8857\u9053", "circleNum": 1, "builtYear": "1979-1985", "builtHeight": 139, "storeNum": 46, "floorArea": 1787.87542075, "buildArea": 82242.2693545, "seiFort": "2", "keyFire": 0, "firehouseDist": 2, "pop": 16448}