{"buildingID": 15509, "county": "\u666e\u9640", "town": "\u77f3\u6cc9\u8def\u8857\u9053", "circleNum": 1, "builtYear": "pre1978", "builtHeight": 16, "storeNum": 5, "floorArea": 960.070875442, "buildArea": 4800.35437721, "seiFort": "1", "keyFire": 0, "firehouseDist": 2, "pop": 192}