{"buildingID": 24205, "county": "\u666e\u9640", "town": "\u66f9\u6768\u65b0\u6751\u8857\u9053", "circleNum": 1, "builtYear": "pre1978", "builtHeight": 56, "storeNum": 18, "floorArea": 2152.78879332, "buildArea": 38750.1982798, "seiFort": "1", "keyFire": 0, "firehouseDist": 1, "pop": 1550}