{"buildingID": 23583, "county": "\u666e\u9640", "town": "\u66f9\u6768\u65b0\u6751\u8857\u9053", "circleNum": 1, "builtYear": "1995", "builtHeight": 18, "storeNum": 6, "floorArea": 96.462699077, "buildArea": 578.776194462, "seiFort": "2", "keyFire": 0, "firehouseDist": 1, "pop": 23}