{"buildingID": 11162, "county": "\u666e\u9640", "town": "\u771f\u5982\u9547", "circleNum": 2, "builtYear": "1997", "builtHeight": 17, "storeNum": 5, "floorArea": 513.573012037, "buildArea": 2567.86506019, "seiFort": "2", "keyFire": 0, "firehouseDist": 2, "pop": 513}