{"buildingID": 10017, "county": "\u666e\u9640", "town": "\u7518\u6cc9\u8def\u8857\u9053", "circleNum": 1, "builtYear": "1986", "builtHeight": 18, "storeNum": 6, "floorArea": 219.807674259, "buildArea": 1318.84604556, "seiFort": "2", "keyFire": 0, "firehouseDist": 3, "pop": 263}