{"buildingID": 22732, "county": "\u666e\u9640", "town": "\u957f\u5bff\u8def\u8857\u9053", "circleNum": 0, "builtYear": "pre1978", "builtHeight": 81, "storeNum": 27, "floorArea": 1082.45066458, "buildArea": 29226.1679438, "seiFort": "1", "keyFire": 0, "firehouseDist": 1, "pop": 1461}