{"buildingID": 22138, "county": "\u666e\u9640", "town": "\u957f\u5f81\u9547", "circleNum": 2, "builtYear": "1999", "builtHeight": 12, "storeNum": 4, "floorArea": 24225.1967256, "buildArea": 96900.7869024, "seiFort": "2", "keyFire": 1, "firehouseDist": 1, "pop": 19380}