{"buildingID": 26425, "county": "\u666e\u9640", "town": "\u957f\u98ce\u65b0\u6751\u8857\u9053", "circleNum": 1, "builtYear": "1987", "builtHeight": 6, "storeNum": 2, "floorArea": 74.303604077, "buildArea": 148.607208154, "seiFort": "2", "keyFire": 0, "firehouseDist": 2, "pop": 5}