{"buildingID": 2720, "county": "\u666e\u9640", "town": "\u6843\u6d66\u9547", "circleNum": 3, "builtYear": "1979-1985", "builtHeight": 18, "storeNum": 6, "floorArea": 824.648949915, "buildArea": 4947.89369949, "seiFort": "2", "keyFire": 0, "firehouseDist": 3, "pop": 989}