{"buildingID": 18205, "county": "\u666e\u9640", "town": "\u957f\u5f81\u9547", "circleNum": 2, "builtYear": "1998", "builtHeight": 20, "storeNum": 6, "floorArea": 1034.54783579, "buildArea": 6207.28701477, "seiFort": "2", "keyFire": 0, "firehouseDist": 2, "pop": 1241}