{"buildingID": 1411, "county": "\u666e\u9640", "town": "\u6843\u6d66\u9547", "circleNum": 2, "builtYear": "2002", "builtHeight": 23, "storeNum": 7, "floorArea": 279.358953875, "buildArea": 1955.51267712, "seiFort": "3", "keyFire": 0, "firehouseDist": 1, "pop": 391}