{"buildingID": 13841, "county": "\u666e\u9640", "town": "\u77f3\u6cc9\u8def\u8857\u9053", "circleNum": 1, "builtYear": "1989", "builtHeight": 95, "storeNum": 31, "floorArea": 813.604067554, "buildArea": 25221.7260942, "seiFort": "2", "keyFire": 0, "firehouseDist": 3, "pop": 5044}