{"buildingID": 10255, "county": "\u666e\u9640", "town": "\u771f\u5982\u9547", "circleNum": 2, "builtYear": "2004", "builtHeight": 53, "storeNum": 17, "floorArea": 152.136948877, "buildArea": 2586.3281309, "seiFort": "3", "keyFire": 0, "firehouseDist": 2, "pop": 86}