{"buildingID": 26938, "county": "\u666e\u9640", "town": "\u957f\u98ce\u65b0\u6751\u8857\u9053", "circleNum": 1, "builtYear": "1997", "builtHeight": 94, "storeNum": 31, "floorArea": 115.716223805, "buildArea": 3587.20293795, "seiFort": "2", "keyFire": 0, "firehouseDist": 2, "pop": 717}