{"buildingID": 23377, "county": "\u666e\u9640", "town": "\u957f\u5f81\u9547", "circleNum": 1, "builtYear": "2010", "builtHeight": 34, "storeNum": 11, "floorArea": 713.653361216, "buildArea": 7850.18697338, "seiFort": "3", "keyFire": 0, "firehouseDist": 2, "pop": 1570}