{"buildingID": 23899, "county": "\u666e\u9640", "town": "\u66f9\u6768\u65b0\u6751\u8857\u9053", "circleNum": 1, "builtYear": "1979-1985", "builtHeight": 120, "storeNum": 40, "floorArea": 1375.02130417, "buildArea": 55000.8521667, "seiFort": "2", "keyFire": 0, "firehouseDist": 2, "pop": 11000}