{"buildingID": 28988, "county": "\u666e\u9640", "town": "\u957f\u98ce\u65b0\u6751\u8857\u9053", "circleNum": 1, "builtYear": "pre1978", "builtHeight": 8, "storeNum": 2, "floorArea": 333.448031169, "buildArea": 666.896062339, "seiFort": "1", "keyFire": 0, "firehouseDist": 3, "pop": 26}