{"buildingID": 26749, "county": "\u666e\u9640", "town": "\u66f9\u6768\u65b0\u6751\u8857\u9053", "circleNum": 1, "builtYear": "pre1978", "builtHeight": 38, "storeNum": 12, "floorArea": 727.068673797, "buildArea": 8724.82408556, "seiFort": "1", "keyFire": 0, "firehouseDist": 2, "pop": 348}