{"buildingID": 5045, "county": "\u666e\u9640", "town": "\u6843\u6d66\u9547", "circleNum": 2, "builtYear": "2009", "builtHeight": 157, "storeNum": 52, "floorArea": 1296.08828253, "buildArea": 67396.5906916, "seiFort": "3", "keyFire": 0, "firehouseDist": 2, "pop": 13479}