{"buildingID": 12837, "county": "\u666e\u9640", "town": "\u7518\u6cc9\u8def\u8857\u9053", "circleNum": 1, "builtYear": "pre1978", "builtHeight": 15, "storeNum": 5, "floorArea": 713.176965756, "buildArea": 3565.88482878, "seiFort": "1", "keyFire": 0, "firehouseDist": 2, "pop": 142}