{"buildingID": 23867, "county": "\u666e\u9640", "town": "\u957f\u5f81\u9547", "circleNum": 2, "builtYear": "1979-1985", "builtHeight": 16, "storeNum": 5, "floorArea": 365.768583218, "buildArea": 1828.84291609, "seiFort": "2", "keyFire": 0, "firehouseDist": 2, "pop": 365}