{"buildingID": 28335, "county": "\u666e\u9640", "town": "\u957f\u98ce\u65b0\u6751\u8857\u9053", "circleNum": 1, "builtYear": "pre1978", "builtHeight": 20, "storeNum": 6, "floorArea": 899.719388376, "buildArea": 5398.31633025, "seiFort": "1", "keyFire": 0, "firehouseDist": 2, "pop": 215}