{"buildingID": 17976, "county": "\u666e\u9640", "town": "\u957f\u5f81\u9547", "circleNum": 2, "builtYear": "1989", "builtHeight": 17, "storeNum": 5, "floorArea": 1067.08729188, "buildArea": 5335.43645942, "seiFort": "2", "keyFire": 0, "firehouseDist": 2, "pop": 1067}