{"buildingID": 14570, "county": "\u666e\u9640", "town": "\u771f\u5982\u9547", "circleNum": 2, "builtYear": "2001", "builtHeight": 75, "storeNum": 25, "floorArea": 130.062882802, "buildArea": 3251.57207004, "seiFort": "3", "keyFire": 0, "firehouseDist": 1, "pop": 108}