{"buildingID": 12551, "county": "\u666e\u9640", "town": "\u6843\u6d66\u9547", "circleNum": 2, "builtYear": "2007", "builtHeight": 12, "storeNum": 4, "floorArea": 187.207813348, "buildArea": 748.831253392, "seiFort": "3", "keyFire": 0, "firehouseDist": 2, "pop": 149}