{"buildingID": 12929, "county": "\u666e\u9640", "town": "\u771f\u5982\u9547", "circleNum": 1, "builtYear": "pre1978", "builtHeight": 48, "storeNum": 16, "floorArea": 1080.49410343, "buildArea": 17287.9056549, "seiFort": "1", "keyFire": 0, "firehouseDist": 2, "pop": 691}