{"buildingID": 12678, "county": "\u666e\u9640", "town": "\u771f\u5982\u9547", "circleNum": 2, "builtYear": "1994", "builtHeight": 13, "storeNum": 4, "floorArea": 252.526249348, "buildArea": 1010.10499739, "seiFort": "2", "keyFire": 0, "firehouseDist": 2, "pop": 202}