{"buildingID": 13894, "county": "\u666e\u9640", "town": "\u771f\u5982\u9547", "circleNum": 1, "builtYear": "1994", "builtHeight": 23, "storeNum": 7, "floorArea": 37.1418836162, "buildArea": 259.993185314, "seiFort": "2", "keyFire": 0, "firehouseDist": 2, "pop": 10}