{"buildingID": 5450, "county": "\u666e\u9640", "town": "\u6843\u6d66\u9547", "circleNum": 2, "builtYear": "2008", "builtHeight": 51, "storeNum": 17, "floorArea": 1508.64918079, "buildArea": 25647.0360734, "seiFort": "3", "keyFire": 0, "firehouseDist": 2, "pop": 5129}