{"buildingID": 4639, "county": "\u666e\u9640", "town": "\u6843\u6d66\u9547", "circleNum": 2, "builtYear": "1991", "builtHeight": 13, "storeNum": 4, "floorArea": 369.983716295, "buildArea": 1479.93486518, "seiFort": "2", "keyFire": 0, "firehouseDist": 2, "pop": 295}