{"buildingID": 1942, "county": "\u666e\u9640", "town": "\u6843\u6d66\u9547", "circleNum": 3, "builtYear": "1993", "builtHeight": 18, "storeNum": 6, "floorArea": 387.175061855, "buildArea": 2323.05037113, "seiFort": "2", "keyFire": 0, "firehouseDist": 4, "pop": 464}