{"buildingID": 16024, "county": "\u666e\u9640", "town": "\u771f\u5982\u9547", "circleNum": 1, "builtYear": "2004", "builtHeight": 6, "storeNum": 2, "floorArea": 581.181046282, "buildArea": 1162.36209256, "seiFort": "3", "keyFire": 0, "firehouseDist": 1, "pop": 232}