{"buildingID": 5629, "county": "\u666e\u9640", "town": "\u6843\u6d66\u9547", "circleNum": 2, "builtYear": "2002", "builtHeight": 13, "storeNum": 4, "floorArea": 1828.41872792, "buildArea": 7313.67491168, "seiFort": "3", "keyFire": 0, "firehouseDist": 1, "pop": 1462}