{"buildingID": 27729, "county": "\u666e\u9640", "town": "\u957f\u98ce\u65b0\u6751\u8857\u9053", "circleNum": 1, "builtYear": "pre1978", "builtHeight": 3, "storeNum": 1, "floorArea": 131.728515263, "buildArea": 131.728515263, "seiFort": "1", "keyFire": 0, "firehouseDist": 2, "pop": 5}