{"buildingID": 7686, "county": "\u666e\u9640", "town": "\u957f\u5f81\u9547", "circleNum": 1, "builtYear": "1979-1985", "builtHeight": 15, "storeNum": 5, "floorArea": 1365.94553404, "buildArea": 6829.72767018, "seiFort": "2", "keyFire": 0, "firehouseDist": 1, "pop": 1365}