{"buildingID": 23917, "county": "\u666e\u9640", "town": "\u957f\u5bff\u8def\u8857\u9053", "circleNum": 0, "builtYear": "pre1978", "builtHeight": 100, "storeNum": 33, "floorArea": 883.641124381, "buildArea": 29160.1571046, "seiFort": "1", "keyFire": 0, "firehouseDist": 1, "pop": 5832}