{"buildingID": 13782, "county": "\u666e\u9640", "town": "\u771f\u5982\u9547", "circleNum": 1, "builtYear": "pre1978", "builtHeight": 31, "storeNum": 10, "floorArea": 678.428992662, "buildArea": 6784.28992662, "seiFort": "1", "keyFire": 0, "firehouseDist": 2, "pop": 271}