{"buildingID": 6588, "county": "\u666e\u9640", "town": "\u6843\u6d66\u9547", "circleNum": 2, "builtYear": "1997", "builtHeight": 15, "storeNum": 5, "floorArea": 1099.60142288, "buildArea": 5498.00711439, "seiFort": "2", "keyFire": 0, "firehouseDist": 1, "pop": 1099}