{"buildingID": 20304, "county": "\u666e\u9640", "town": "\u957f\u5f81\u9547", "circleNum": 2, "builtYear": "1979-1985", "builtHeight": 19, "storeNum": 6, "floorArea": 1099.85818551, "buildArea": 6599.14911308, "seiFort": "2", "keyFire": 0, "firehouseDist": 1, "pop": 1319}