{"buildingID": 15750, "county": "\u666e\u9640", "town": "\u771f\u5982\u9547", "circleNum": 2, "builtYear": "1998", "builtHeight": 21, "storeNum": 7, "floorArea": 668.704782502, "buildArea": 4680.93347752, "seiFort": "2", "keyFire": 0, "firehouseDist": 1, "pop": 936}