{"buildingID": 2384, "county": "\u666e\u9640", "town": "\u6843\u6d66\u9547", "circleNum": 3, "builtYear": "1987", "builtHeight": 18, "storeNum": 6, "floorArea": 552.471747974, "buildArea": 3314.83048785, "seiFort": "2", "keyFire": 0, "firehouseDist": 3, "pop": 662}