{"buildingID": 14546, "county": "\u666e\u9640", "town": "\u771f\u5982\u9547", "circleNum": 2, "builtYear": "1999", "builtHeight": 14, "storeNum": 4, "floorArea": 415.763281189, "buildArea": 1663.05312475, "seiFort": "2", "keyFire": 0, "firehouseDist": 1, "pop": 332}