{"buildingID": 5047, "county": "\u666e\u9640", "town": "\u6843\u6d66\u9547", "circleNum": 2, "builtYear": "1996", "builtHeight": 156, "storeNum": 52, "floorArea": 839.393997674, "buildArea": 43648.487879, "seiFort": "2", "keyFire": 0, "firehouseDist": 2, "pop": 8729}