{"buildingID": 20153, "county": "\u666e\u9640", "town": "\u957f\u98ce\u65b0\u6751\u8857\u9053", "circleNum": 0, "builtYear": "pre1978", "builtHeight": 26, "storeNum": 8, "floorArea": 2176.44918573, "buildArea": 17411.5934859, "seiFort": "1", "keyFire": 0, "firehouseDist": 2, "pop": 870}