{"buildingID": 2585, "county": "\u666e\u9640", "town": "\u6843\u6d66\u9547", "circleNum": 2, "builtYear": "2001", "builtHeight": 13, "storeNum": 4, "floorArea": 1812.25323071, "buildArea": 7249.01292286, "seiFort": "3", "keyFire": 0, "firehouseDist": 1, "pop": 1449}