{"buildingID": 14023, "county": "\u666e\u9640", "town": "\u5b9c\u5ddd\u8def\u8857\u9053", "circleNum": 0, "builtYear": "pre1978", "builtHeight": 104, "storeNum": 34, "floorArea": 239.955926287, "buildArea": 8158.50149375, "seiFort": "1", "keyFire": 0, "firehouseDist": 1, "pop": 1631}