{"buildingID": 23404, "county": "\u666e\u9640", "town": "\u957f\u5f81\u9547", "circleNum": 1, "builtYear": "1999", "builtHeight": 31, "storeNum": 10, "floorArea": 800.407884873, "buildArea": 8004.07884873, "seiFort": "2", "keyFire": 0, "firehouseDist": 2, "pop": 1600}