{"buildingID": 16755, "county": "\u666e\u9640", "town": "\u77f3\u6cc9\u8def\u8857\u9053", "circleNum": 1, "builtYear": "1996", "builtHeight": 40, "storeNum": 13, "floorArea": 949.626100923, "buildArea": 12345.139312, "seiFort": "2", "keyFire": 0, "firehouseDist": 2, "pop": 2469}