{"buildingID": 28820, "county": "\u666e\u9640", "town": "\u957f\u98ce\u65b0\u6751\u8857\u9053", "circleNum": 1, "builtYear": "pre1978", "builtHeight": 52, "storeNum": 17, "floorArea": 326.26626437, "buildArea": 5546.52649429, "seiFort": "1", "keyFire": 0, "firehouseDist": 3, "pop": 221}