{"buildingID": 11150, "county": "\u666e\u9640", "town": "\u7518\u6cc9\u8def\u8857\u9053", "circleNum": 1, "builtYear": "pre1978", "builtHeight": 26, "storeNum": 8, "floorArea": 879.892167754, "buildArea": 7039.13734203, "seiFort": "1", "keyFire": 0, "firehouseDist": 2, "pop": 281}