{"buildingID": 8127, "county": "\u666e\u9640", "town": "\u771f\u5982\u9547", "circleNum": 2, "builtYear": "2001", "builtHeight": 12, "storeNum": 4, "floorArea": 422.692952433, "buildArea": 1690.77180973, "seiFort": "3", "keyFire": 0, "firehouseDist": 2, "pop": 338}