{"buildingID": 10530, "county": "\u666e\u9640", "town": "\u7518\u6cc9\u8def\u8857\u9053", "circleNum": 1, "builtYear": "pre1978", "builtHeight": 21, "storeNum": 7, "floorArea": 608.816207901, "buildArea": 4261.7134553, "seiFort": "1", "keyFire": 0, "firehouseDist": 3, "pop": 170}