{"buildingID": 28595, "county": "\u666e\u9640", "town": "\u957f\u98ce\u65b0\u6751\u8857\u9053", "circleNum": 1, "builtYear": "pre1978", "builtHeight": 6, "storeNum": 2, "floorArea": 1075.03136949, "buildArea": 2150.06273899, "seiFort": "1", "keyFire": 0, "firehouseDist": 3, "pop": 86}