{"buildingID": 26432, "county": "\u666e\u9640", "town": "\u957f\u98ce\u65b0\u6751\u8857\u9053", "circleNum": 1, "builtYear": "2000", "builtHeight": 9, "storeNum": 3, "floorArea": 1039.28672052, "buildArea": 3117.86016156, "seiFort": "3", "keyFire": 0, "firehouseDist": 3, "pop": 623}