{"buildingID": 22666, "county": "\u666e\u9640", "town": "\u957f\u5bff\u8def\u8857\u9053", "circleNum": 0, "builtYear": "pre1978", "builtHeight": 71, "storeNum": 23, "floorArea": 996.596275126, "buildArea": 22921.7143279, "seiFort": "1", "keyFire": 0, "firehouseDist": 1, "pop": 1146}