{"buildingID": 28739, "county": "\u666e\u9640", "town": "\u957f\u98ce\u65b0\u6751\u8857\u9053", "circleNum": 1, "builtYear": "pre1978", "builtHeight": 13, "storeNum": 4, "floorArea": 403.734923632, "buildArea": 1614.93969453, "seiFort": "1", "keyFire": 0, "firehouseDist": 3, "pop": 64}