{"buildingID": 7889, "county": "\u666e\u9640", "town": "\u771f\u5982\u9547", "circleNum": 1, "builtYear": "1989", "builtHeight": 12, "storeNum": 4, "floorArea": 867.947055532, "buildArea": 3471.78822213, "seiFort": "2", "keyFire": 0, "firehouseDist": 2, "pop": 694}