{"buildingID": 2639, "county": "\u666e\u9640", "town": "\u6843\u6d66\u9547", "circleNum": 2, "builtYear": "1999", "builtHeight": 7, "storeNum": 2, "floorArea": 4793.39208521, "buildArea": 9586.78417043, "seiFort": "2", "keyFire": 0, "firehouseDist": 2, "pop": 1917}