{"buildingID": 22067, "county": "\u666e\u9640", "town": "\u957f\u5bff\u8def\u8857\u9053", "circleNum": 0, "builtYear": "1988", "builtHeight": 94, "storeNum": 31, "floorArea": 1058.75023465, "buildArea": 32821.2572741, "seiFort": "2", "keyFire": 0, "firehouseDist": 1, "pop": 6564}