{"buildingID": 3184, "county": "\u666e\u9640", "town": "\u6843\u6d66\u9547", "circleNum": 2, "builtYear": "1998", "builtHeight": 15, "storeNum": 5, "floorArea": 798.649567689, "buildArea": 3993.24783844, "seiFort": "2", "keyFire": 0, "firehouseDist": 2, "pop": 798}