{"buildingID": 1576, "county": "\u666e\u9640", "town": "\u6843\u6d66\u9547", "circleNum": 2, "builtYear": "2003", "builtHeight": 14, "storeNum": 4, "floorArea": 808.639955896, "buildArea": 3234.55982358, "seiFort": "3", "keyFire": 0, "firehouseDist": 2, "pop": 646}