{"buildingID": 27265, "county": "\u666e\u9640", "town": "\u957f\u98ce\u65b0\u6751\u8857\u9053", "circleNum": 0, "builtYear": "pre1978", "builtHeight": 33, "storeNum": 11, "floorArea": 1634.36473066, "buildArea": 17978.0120372, "seiFort": "1", "keyFire": 0, "firehouseDist": 2, "pop": 898}