{"buildingID": 8684, "county": "\u666e\u9640", "town": "\u7518\u6cc9\u8def\u8857\u9053", "circleNum": 1, "builtYear": "2017", "builtHeight": 20, "storeNum": 6, "floorArea": 797.540821609, "buildArea": 4785.24492965, "seiFort": "3", "keyFire": 0, "firehouseDist": 3, "pop": 957}