{"buildingID": 28191, "county": "\u666e\u9640", "town": "\u957f\u98ce\u65b0\u6751\u8857\u9053", "circleNum": 1, "builtYear": "2010", "builtHeight": 30, "storeNum": 10, "floorArea": 1591.74170033, "buildArea": 15917.4170033, "seiFort": "3", "keyFire": 1, "firehouseDist": 3, "pop": 3183}