{"buildingID": 6320, "county": "\u666e\u9640", "town": "\u6843\u6d66\u9547", "circleNum": 2, "builtYear": "2005", "builtHeight": 16, "storeNum": 5, "floorArea": 855.962754157, "buildArea": 4279.81377079, "seiFort": "3", "keyFire": 0, "firehouseDist": 2, "pop": 855}