{"buildingID": 28677, "county": "\u666e\u9640", "town": "\u957f\u98ce\u65b0\u6751\u8857\u9053", "circleNum": 1, "builtYear": "pre1978", "builtHeight": 48, "storeNum": 16, "floorArea": 85.3896302286, "buildArea": 1366.23408366, "seiFort": "1", "keyFire": 0, "firehouseDist": 3, "pop": 54}