{"buildingID": 4732, "county": "\u666e\u9640", "town": "\u6843\u6d66\u9547", "circleNum": 2, "builtYear": "1992", "builtHeight": 35, "storeNum": 11, "floorArea": 263.378706722, "buildArea": 2897.16577394, "seiFort": "2", "keyFire": 0, "firehouseDist": 2, "pop": 579}