{"buildingID": 29181, "county": "\u666e\u9640", "town": "\u957f\u98ce\u65b0\u6751\u8857\u9053", "circleNum": 1, "builtYear": "1987", "builtHeight": 8, "storeNum": 2, "floorArea": 506.214149037, "buildArea": 1012.42829807, "seiFort": "2", "keyFire": 0, "firehouseDist": 3, "pop": 202}