{"buildingID": 19446, "county": "\u666e\u9640", "town": "\u957f\u5f81\u9547", "circleNum": 2, "builtYear": "1992", "builtHeight": 21, "storeNum": 7, "floorArea": 3639.93722659, "buildArea": 25479.5605861, "seiFort": "2", "keyFire": 0, "firehouseDist": 4, "pop": 5095}