{"buildingID": 7670, "county": "\u666e\u9640", "town": "\u957f\u5f81\u9547", "circleNum": 1, "builtYear": "1979-1985", "builtHeight": 24, "storeNum": 8, "floorArea": 1071.10587663, "buildArea": 8568.84701303, "seiFort": "2", "keyFire": 0, "firehouseDist": 2, "pop": 1713}