{"buildingID": 14334, "county": "\u666e\u9640", "town": "\u5b9c\u5ddd\u8def\u8857\u9053", "circleNum": 1, "builtYear": "1979-1985", "builtHeight": 20, "storeNum": 6, "floorArea": 470.144777735, "buildArea": 2820.86866641, "seiFort": "2", "keyFire": 0, "firehouseDist": 2, "pop": 564}