{"buildingID": 3455, "county": "\u666e\u9640", "town": "\u6843\u6d66\u9547", "circleNum": 3, "builtYear": "2000", "builtHeight": 18, "storeNum": 6, "floorArea": 476.808818265, "buildArea": 2860.85290959, "seiFort": "3", "keyFire": 0, "firehouseDist": 3, "pop": 572}