{"buildingID": 3379, "county": "\u666e\u9640", "town": "\u6843\u6d66\u9547", "circleNum": 2, "builtYear": "1996", "builtHeight": 18, "storeNum": 6, "floorArea": 345.654266048, "buildArea": 2073.92559629, "seiFort": "2", "keyFire": 0, "firehouseDist": 1, "pop": 414}