{"buildingID": 8678, "county": "\u666e\u9640", "town": "\u7518\u6cc9\u8def\u8857\u9053", "circleNum": 1, "builtYear": "1995", "builtHeight": 20, "storeNum": 6, "floorArea": 462.830785234, "buildArea": 2776.98471141, "seiFort": "2", "keyFire": 0, "firehouseDist": 3, "pop": 555}