{"buildingID": 3550, "county": "\u666e\u9640", "town": "\u6843\u6d66\u9547", "circleNum": 2, "builtYear": "1999", "builtHeight": 10, "storeNum": 3, "floorArea": 574.959370318, "buildArea": 1724.87811095, "seiFort": "2", "keyFire": 0, "firehouseDist": 2, "pop": 344}