{"buildingID": 24517, "county": "\u666e\u9640", "town": "\u957f\u5bff\u8def\u8857\u9053", "circleNum": 0, "builtYear": "1979-1985", "builtHeight": 42, "storeNum": 14, "floorArea": 641.267423601, "buildArea": 8977.74393041, "seiFort": "2", "keyFire": 0, "firehouseDist": 1, "pop": 1795}