{"buildingID": 10666, "county": "\u666e\u9640", "town": "\u771f\u5982\u9547", "circleNum": 2, "builtYear": "1996", "builtHeight": 12, "storeNum": 4, "floorArea": 407.218270018, "buildArea": 1628.87308007, "seiFort": "2", "keyFire": 0, "firehouseDist": 2, "pop": 325}