{"buildingID": 13492, "county": "\u666e\u9640", "town": "\u771f\u5982\u9547", "circleNum": 2, "builtYear": "pre1978", "builtHeight": 66, "storeNum": 22, "floorArea": 775.24563963, "buildArea": 17055.4040719, "seiFort": "1", "keyFire": 0, "firehouseDist": 2, "pop": 568}