{"buildingID": 14034, "county": "\u666e\u9640", "town": "\u771f\u5982\u9547", "circleNum": 2, "builtYear": "1991", "builtHeight": 13, "storeNum": 4, "floorArea": 985.621506144, "buildArea": 3942.48602457, "seiFort": "2", "keyFire": 0, "firehouseDist": 1, "pop": 788}