{"buildingID": 27890, "county": "\u666e\u9640", "town": "\u957f\u98ce\u65b0\u6751\u8857\u9053", "circleNum": 0, "builtYear": "pre1978", "builtHeight": 11, "storeNum": 3, "floorArea": 879.875749205, "buildArea": 2639.62724761, "seiFort": "1", "keyFire": 0, "firehouseDist": 2, "pop": 131}