{"buildingID": 25843, "county": "\u666e\u9640", "town": "\u66f9\u6768\u65b0\u6751\u8857\u9053", "circleNum": 1, "builtYear": "1979-1985", "builtHeight": 12, "storeNum": 4, "floorArea": 526.524523443, "buildArea": 2106.09809377, "seiFort": "2", "keyFire": 0, "firehouseDist": 2, "pop": 421}