{"buildingID": 14734, "county": "\u666e\u9640", "town": "\u77f3\u6cc9\u8def\u8857\u9053", "circleNum": 1, "builtYear": "2016", "builtHeight": 15, "storeNum": 5, "floorArea": 1087.65953008, "buildArea": 5438.29765038, "seiFort": "3", "keyFire": 0, "firehouseDist": 2, "pop": 1087}