{"buildingID": 4258, "county": "\u666e\u9640", "town": "\u6843\u6d66\u9547", "circleNum": 2, "builtYear": "2002", "builtHeight": 41, "storeNum": 13, "floorArea": 317.030408847, "buildArea": 4121.39531501, "seiFort": "3", "keyFire": 0, "firehouseDist": 2, "pop": 824}