{"buildingID": 22892, "county": "\u666e\u9640", "town": "\u957f\u5bff\u8def\u8857\u9053", "circleNum": 0, "builtYear": "1979-1985", "builtHeight": 85, "storeNum": 28, "floorArea": 629.355644652, "buildArea": 17621.9580502, "seiFort": "2", "keyFire": 0, "firehouseDist": 1, "pop": 3524}