{"buildingID": 10246, "county": "\u666e\u9640", "town": "\u771f\u5982\u9547", "circleNum": 2, "builtYear": "2010", "builtHeight": 32, "storeNum": 10, "floorArea": 30.0279865732, "buildArea": 300.279865732, "seiFort": "3", "keyFire": 0, "firehouseDist": 2, "pop": 10}