{"buildingID": 7922, "county": "\u666e\u9640", "town": "\u771f\u5982\u9547", "circleNum": 1, "builtYear": "2011", "builtHeight": 19, "storeNum": 6, "floorArea": 907.403432234, "buildArea": 5444.42059341, "seiFort": "3", "keyFire": 0, "firehouseDist": 2, "pop": 1088}