{"buildingID": 13942, "county": "\u666e\u9640", "town": "\u771f\u5982\u9547", "circleNum": 1, "builtYear": "pre1978", "builtHeight": 99, "storeNum": 33, "floorArea": 1606.88619969, "buildArea": 53027.2445897, "seiFort": "1", "keyFire": 0, "firehouseDist": 2, "pop": 2121}