{"buildingID": 3418, "county": "\u666e\u9640", "town": "\u6843\u6d66\u9547", "circleNum": 3, "builtYear": "2002", "builtHeight": 18, "storeNum": 6, "floorArea": 1655.46674539, "buildArea": 9932.80047233, "seiFort": "3", "keyFire": 0, "firehouseDist": 4, "pop": 1986}