{"buildingID": 23973, "county": "\u666e\u9640", "town": "\u957f\u5f81\u9547", "circleNum": 1, "builtYear": "1979-1985", "builtHeight": 11, "storeNum": 3, "floorArea": 56.0788576573, "buildArea": 168.236572972, "seiFort": "2", "keyFire": 0, "firehouseDist": 2, "pop": 6}