{"buildingID": 3745, "county": "\u666e\u9640", "town": "\u6843\u6d66\u9547", "circleNum": 3, "builtYear": "2003", "builtHeight": 6, "storeNum": 2, "floorArea": 7608.67855217, "buildArea": 15217.3571043, "seiFort": "3", "keyFire": 0, "firehouseDist": 4, "pop": 3043}