{"buildingID": 4198, "county": "\u666e\u9640", "town": "\u6843\u6d66\u9547", "circleNum": 2, "builtYear": "1999", "builtHeight": 22, "storeNum": 7, "floorArea": 454.611592212, "buildArea": 3182.28114548, "seiFort": "2", "keyFire": 0, "firehouseDist": 2, "pop": 636}