{"buildingID": 27242, "county": "\u666e\u9640", "town": "\u957f\u98ce\u65b0\u6751\u8857\u9053", "circleNum": 0, "builtYear": "pre1978", "builtHeight": 25, "storeNum": 8, "floorArea": 168.333125089, "buildArea": 1346.66500071, "seiFort": "1", "keyFire": 0, "firehouseDist": 2, "pop": 67}