{"buildingID": 14824, "county": "\u666e\u9640", "town": "\u77f3\u6cc9\u8def\u8857\u9053", "circleNum": 1, "builtYear": "pre1978", "builtHeight": 15, "storeNum": 5, "floorArea": 748.088187956, "buildArea": 3740.44093978, "seiFort": "1", "keyFire": 0, "firehouseDist": 2, "pop": 149}