{"buildingID": 19951, "county": "\u666e\u9640", "town": "\u957f\u98ce\u65b0\u6751\u8857\u9053", "circleNum": 1, "builtYear": "1979-1985", "builtHeight": 11, "storeNum": 3, "floorArea": 256.978889021, "buildArea": 770.936667062, "seiFort": "2", "keyFire": 0, "firehouseDist": 2, "pop": 154}