{"buildingID": 9747, "county": "\u666e\u9640", "town": "\u7518\u6cc9\u8def\u8857\u9053", "circleNum": 1, "builtYear": "pre1978", "builtHeight": 22, "storeNum": 7, "floorArea": 573.581918394, "buildArea": 4015.07342876, "seiFort": "1", "keyFire": 0, "firehouseDist": 3, "pop": 160}