{"buildingID": 9813, "county": "\u666e\u9640", "town": "\u771f\u5982\u9547", "circleNum": 1, "builtYear": "1993", "builtHeight": 16, "storeNum": 5, "floorArea": 811.744831745, "buildArea": 4058.72415872, "seiFort": "2", "keyFire": 0, "firehouseDist": 2, "pop": 811}