{"buildingID": 25523, "county": "\u666e\u9640", "town": "\u957f\u98ce\u65b0\u6751\u8857\u9053", "circleNum": 0, "builtYear": "pre1978", "builtHeight": 3, "storeNum": 1, "floorArea": 118.586759835, "buildArea": 118.586759835, "seiFort": "1", "keyFire": 0, "firehouseDist": 1, "pop": 5}