{"buildingID": 26184, "county": "\u666e\u9640", "town": "\u66f9\u6768\u65b0\u6751\u8857\u9053", "circleNum": 1, "builtYear": "1987", "builtHeight": 15, "storeNum": 5, "floorArea": 1205.96712076, "buildArea": 6029.83560379, "seiFort": "2", "keyFire": 0, "firehouseDist": 2, "pop": 1205}