{"buildingID": 5892, "county": "\u666e\u9640", "town": "\u6843\u6d66\u9547", "circleNum": 2, "builtYear": "1995", "builtHeight": 18, "storeNum": 6, "floorArea": 528.442930206, "buildArea": 3170.65758123, "seiFort": "2", "keyFire": 0, "firehouseDist": 1, "pop": 634}