{"buildingID": 1549, "county": "\u666e\u9640", "town": "\u6843\u6d66\u9547", "circleNum": 2, "builtYear": "2004", "builtHeight": 14, "storeNum": 4, "floorArea": 854.935489221, "buildArea": 3419.74195688, "seiFort": "3", "keyFire": 0, "firehouseDist": 2, "pop": 683}