{"buildingID": 3280, "county": "\u666e\u9640", "town": "\u6843\u6d66\u9547", "circleNum": 2, "builtYear": "1989", "builtHeight": 23, "storeNum": 7, "floorArea": 930.169368317, "buildArea": 6511.18557822, "seiFort": "2", "keyFire": 0, "firehouseDist": 1, "pop": 1302}