{"buildingID": 26162, "county": "\u666e\u9640", "town": "\u66f9\u6768\u65b0\u6751\u8857\u9053", "circleNum": 1, "builtYear": "pre1978", "builtHeight": 6, "storeNum": 2, "floorArea": 378.340047724, "buildArea": 756.680095448, "seiFort": "1", "keyFire": 0, "firehouseDist": 2, "pop": 30}