{"buildingID": 12691, "county": "\u666e\u9640", "town": "\u771f\u5982\u9547", "circleNum": 2, "builtYear": "1995", "builtHeight": 14, "storeNum": 4, "floorArea": 594.760065918, "buildArea": 2379.04026367, "seiFort": "2", "keyFire": 0, "firehouseDist": 2, "pop": 475}