{"buildingID": 15024, "county": "\u666e\u9640", "town": "\u771f\u5982\u9547", "circleNum": 2, "builtYear": "pre1978", "builtHeight": 92, "storeNum": 30, "floorArea": 228.464503071, "buildArea": 6853.93509213, "seiFort": "1", "keyFire": 0, "firehouseDist": 2, "pop": 228}