{"buildingID": 27423, "county": "\u666e\u9640", "town": "\u957f\u98ce\u65b0\u6751\u8857\u9053", "circleNum": 0, "builtYear": "pre1978", "builtHeight": 77, "storeNum": 25, "floorArea": 416.375675077, "buildArea": 10409.3918769, "seiFort": "1", "keyFire": 0, "firehouseDist": 1, "pop": 520}