{"buildingID": 27638, "county": "\u666e\u9640", "town": "\u957f\u98ce\u65b0\u6751\u8857\u9053", "circleNum": 1, "builtYear": "pre1978", "builtHeight": 87, "storeNum": 29, "floorArea": 462.647381439, "buildArea": 13416.7740617, "seiFort": "1", "keyFire": 0, "firehouseDist": 3, "pop": 536}