{"buildingID": 1256, "county": "\u666e\u9640", "town": "\u6843\u6d66\u9547", "circleNum": 3, "builtYear": "1997", "builtHeight": 54, "storeNum": 18, "floorArea": 854.239286542, "buildArea": 15376.3071578, "seiFort": "2", "keyFire": 0, "firehouseDist": 4, "pop": 3075}