{"buildingID": 19146, "county": "\u666e\u9640", "town": "\u957f\u5f81\u9547", "circleNum": 2, "builtYear": "1994", "builtHeight": 56, "storeNum": 18, "floorArea": 695.900080785, "buildArea": 12526.2014541, "seiFort": "2", "keyFire": 0, "firehouseDist": 3, "pop": 2505}