{"buildingID": 16387, "county": "\u666e\u9640", "town": "\u771f\u5982\u9547", "circleNum": 1, "builtYear": "1987", "builtHeight": 4, "storeNum": 1, "floorArea": 620.116242268, "buildArea": 620.116242268, "seiFort": "2", "keyFire": 0, "firehouseDist": 2, "pop": 124}