{"buildingID": 7466, "county": "\u666e\u9640", "town": "\u7518\u6cc9\u8def\u8857\u9053", "circleNum": 1, "builtYear": "1996", "builtHeight": 42, "storeNum": 14, "floorArea": 683.559226986, "buildArea": 9569.82917781, "seiFort": "2", "keyFire": 0, "firehouseDist": 3, "pop": 1913}