{"buildingID": 28405, "county": "\u666e\u9640", "town": "\u957f\u98ce\u65b0\u6751\u8857\u9053", "circleNum": 1, "builtYear": "pre1978", "builtHeight": 60, "storeNum": 20, "floorArea": 86.2664214288, "buildArea": 1725.32842858, "seiFort": "1", "keyFire": 0, "firehouseDist": 2, "pop": 69}