{"buildingID": 3340, "county": "\u666e\u9640", "town": "\u6843\u6d66\u9547", "circleNum": 2, "builtYear": "1979-1985", "builtHeight": 23, "storeNum": 7, "floorArea": 554.579934853, "buildArea": 3882.05954397, "seiFort": "2", "keyFire": 0, "firehouseDist": 1, "pop": 776}