{"buildingID": 16055, "county": "\u666e\u9640", "town": "\u771f\u5982\u9547", "circleNum": 1, "builtYear": "1999", "builtHeight": 6, "storeNum": 2, "floorArea": 378.802450836, "buildArea": 757.604901672, "seiFort": "2", "keyFire": 0, "firehouseDist": 1, "pop": 151}