{"buildingID": 28822, "county": "\u666e\u9640", "town": "\u957f\u98ce\u65b0\u6751\u8857\u9053", "circleNum": 1, "builtYear": "1988", "builtHeight": 6, "storeNum": 2, "floorArea": 449.732429609, "buildArea": 899.464859217, "seiFort": "2", "keyFire": 0, "firehouseDist": 3, "pop": 179}