{"buildingID": 22123, "county": "\u666e\u9640", "town": "\u957f\u5f81\u9547", "circleNum": 2, "builtYear": "1979-1985", "builtHeight": 53, "storeNum": 17, "floorArea": 679.360508812, "buildArea": 11549.1286498, "seiFort": "2", "keyFire": 0, "firehouseDist": 1, "pop": 2309}