{"buildingID": 27974, "county": "\u666e\u9640", "town": "\u957f\u98ce\u65b0\u6751\u8857\u9053", "circleNum": 1, "builtYear": "1989", "builtHeight": 16, "storeNum": 5, "floorArea": 794.537982508, "buildArea": 3972.68991254, "seiFort": "2", "keyFire": 0, "firehouseDist": 2, "pop": 794}