{"buildingID": 27601, "county": "\u666e\u9640", "town": "\u66f9\u6768\u65b0\u6751\u8857\u9053", "circleNum": 1, "builtYear": "1979-1985", "builtHeight": 18, "storeNum": 6, "floorArea": 1011.57767389, "buildArea": 6069.46604332, "seiFort": "2", "keyFire": 0, "firehouseDist": 2, "pop": 1213}