{"buildingID": 7303, "county": "\u666e\u9640", "town": "\u6843\u6d66\u9547", "circleNum": 2, "builtYear": "2001", "builtHeight": 18, "storeNum": 6, "floorArea": 504.500704937, "buildArea": 3027.00422962, "seiFort": "3", "keyFire": 0, "firehouseDist": 1, "pop": 605}