{"buildingID": 28626, "county": "\u666e\u9640", "town": "\u957f\u98ce\u65b0\u6751\u8857\u9053", "circleNum": 1, "builtYear": "pre1978", "builtHeight": 7, "storeNum": 2, "floorArea": 596.653686536, "buildArea": 1193.30737307, "seiFort": "1", "keyFire": 0, "firehouseDist": 3, "pop": 47}