{"buildingID": 15273, "county": "\u666e\u9640", "town": "\u771f\u5982\u9547", "circleNum": 1, "builtYear": "1995", "builtHeight": 9, "storeNum": 3, "floorArea": 1427.17706925, "buildArea": 4281.53120774, "seiFort": "2", "keyFire": 0, "firehouseDist": 2, "pop": 856}