{"buildingID": 28094, "county": "\u666e\u9640", "town": "\u957f\u98ce\u65b0\u6751\u8857\u9053", "circleNum": 0, "builtYear": "pre1978", "builtHeight": 15, "storeNum": 5, "floorArea": 301.463835626, "buildArea": 1507.31917813, "seiFort": "1", "keyFire": 0, "firehouseDist": 2, "pop": 75}