{"buildingID": 6340, "county": "\u666e\u9640", "town": "\u6843\u6d66\u9547", "circleNum": 2, "builtYear": "1979-1985", "builtHeight": 10, "storeNum": 3, "floorArea": 1424.69272277, "buildArea": 4274.07816831, "seiFort": "2", "keyFire": 0, "firehouseDist": 1, "pop": 854}