{"buildingID": 18644, "county": "\u666e\u9640", "town": "\u957f\u5f81\u9547", "circleNum": 2, "builtYear": "2007", "builtHeight": 15, "storeNum": 5, "floorArea": 1131.74652167, "buildArea": 5658.73260837, "seiFort": "3", "keyFire": 0, "firehouseDist": 2, "pop": 1131}