{"buildingID": 14296, "county": "\u666e\u9640", "town": "\u77f3\u6cc9\u8def\u8857\u9053", "circleNum": 1, "builtYear": "pre1978", "builtHeight": 39, "storeNum": 13, "floorArea": 946.334007219, "buildArea": 12302.3420938, "seiFort": "1", "keyFire": 0, "firehouseDist": 2, "pop": 492}