{"buildingID": 12695, "county": "\u666e\u9640", "town": "\u771f\u5982\u9547", "circleNum": 2, "builtYear": "1993", "builtHeight": 14, "storeNum": 4, "floorArea": 469.944385782, "buildArea": 1879.77754313, "seiFort": "2", "keyFire": 0, "firehouseDist": 2, "pop": 375}