{"buildingID": 16292, "county": "\u666e\u9640", "town": "\u957f\u5bff\u8def\u8857\u9053", "circleNum": 0, "builtYear": "1979-1985", "builtHeight": 10, "storeNum": 3, "floorArea": 459.955327644, "buildArea": 1379.86598293, "seiFort": "2", "keyFire": 0, "firehouseDist": 2, "pop": 275}