{"buildingID": 12597, "county": "\u666e\u9640", "town": "\u771f\u5982\u9547", "circleNum": 2, "builtYear": "1998", "builtHeight": 11, "storeNum": 3, "floorArea": 287.922539137, "buildArea": 863.76761741, "seiFort": "2", "keyFire": 0, "firehouseDist": 2, "pop": 172}