{"buildingID": 24045, "county": "\u666e\u9640", "town": "\u957f\u98ce\u65b0\u6751\u8857\u9053", "circleNum": 1, "builtYear": "1979-1985", "builtHeight": 6, "storeNum": 2, "floorArea": 365.439081128, "buildArea": 730.878162255, "seiFort": "2", "keyFire": 0, "firehouseDist": 2, "pop": 146}