{"buildingID": 26360, "county": "\u666e\u9640", "town": "\u957f\u98ce\u65b0\u6751\u8857\u9053", "circleNum": 1, "builtYear": "1979-1985", "builtHeight": 18, "storeNum": 6, "floorArea": 2088.01781758, "buildArea": 12528.1069055, "seiFort": "2", "keyFire": 0, "firehouseDist": 2, "pop": 2505}