{"buildingID": 3998, "county": "\u666e\u9640", "town": "\u6843\u6d66\u9547", "circleNum": 2, "builtYear": "pre1978", "builtHeight": 30, "storeNum": 10, "floorArea": 825.115824057, "buildArea": 8251.15824057, "seiFort": "1", "keyFire": 0, "firehouseDist": 2, "pop": 275}