{"buildingID": 13897, "county": "\u666e\u9640", "town": "\u771f\u5982\u9547", "circleNum": 1, "builtYear": "pre1978", "builtHeight": 59, "storeNum": 19, "floorArea": 84.3159146971, "buildArea": 1602.00237925, "seiFort": "1", "keyFire": 0, "firehouseDist": 2, "pop": 64}