{"buildingID": 2621, "county": "\u666e\u9640", "town": "\u6843\u6d66\u9547", "circleNum": 2, "builtYear": "2000", "builtHeight": 28, "storeNum": 9, "floorArea": 425.122110136, "buildArea": 3826.09899122, "seiFort": "3", "keyFire": 0, "firehouseDist": 1, "pop": 765}