{"buildingID": 2578, "county": "\u666e\u9640", "town": "\u6843\u6d66\u9547", "circleNum": 2, "builtYear": "2001", "builtHeight": 35, "storeNum": 11, "floorArea": 280.808494014, "buildArea": 3088.89343415, "seiFort": "3", "keyFire": 0, "firehouseDist": 1, "pop": 617}