{"buildingID": 6927, "county": "\u666e\u9640", "town": "\u6843\u6d66\u9547", "circleNum": 2, "builtYear": "1991", "builtHeight": 18, "storeNum": 6, "floorArea": 1318.8949522, "buildArea": 7913.36971318, "seiFort": "2", "keyFire": 0, "firehouseDist": 1, "pop": 1582}