{"buildingID": 16428, "county": "\u666e\u9640", "town": "\u77f3\u6cc9\u8def\u8857\u9053", "circleNum": 1, "builtYear": "1979-1985", "builtHeight": 3, "storeNum": 1, "floorArea": 515.597179542, "buildArea": 515.597179542, "seiFort": "2", "keyFire": 0, "firehouseDist": 1, "pop": 103}