{"buildingID": 23140, "county": "\u666e\u9640", "town": "\u66f9\u6768\u65b0\u6751\u8857\u9053", "circleNum": 1, "builtYear": "1979-1985", "builtHeight": 75, "storeNum": 25, "floorArea": 782.489875758, "buildArea": 19562.246894, "seiFort": "2", "keyFire": 0, "firehouseDist": 2, "pop": 3912}