{"buildingID": 11601, "county": "\u666e\u9640", "town": "\u7518\u6cc9\u8def\u8857\u9053", "circleNum": 1, "builtYear": "pre1978", "builtHeight": 19, "storeNum": 6, "floorArea": 771.278984258, "buildArea": 4627.67390555, "seiFort": "1", "keyFire": 0, "firehouseDist": 2, "pop": 185}