{"buildingID": 16764, "county": "\u666e\u9640", "town": "\u77f3\u6cc9\u8def\u8857\u9053", "circleNum": 1, "builtYear": "1979-1985", "builtHeight": 15, "storeNum": 5, "floorArea": 671.276780163, "buildArea": 3356.38390082, "seiFort": "2", "keyFire": 0, "firehouseDist": 2, "pop": 671}