{"buildingID": 19541, "county": "\u666e\u9640", "town": "\u957f\u5f81\u9547", "circleNum": 2, "builtYear": "1979-1985", "builtHeight": 11, "storeNum": 3, "floorArea": 775.464464121, "buildArea": 2326.39339236, "seiFort": "2", "keyFire": 0, "firehouseDist": 3, "pop": 465}