{"buildingID": 17662, "county": "\u666e\u9640", "town": "\u66f9\u6768\u65b0\u6751\u8857\u9053", "circleNum": 1, "builtYear": "pre1978", "builtHeight": 30, "storeNum": 10, "floorArea": 934.516016843, "buildArea": 9345.16016843, "seiFort": "1", "keyFire": 0, "firehouseDist": 1, "pop": 373}