{"buildingID": 20316, "county": "\u666e\u9640", "town": "\u957f\u5f81\u9547", "circleNum": 2, "builtYear": "1989", "builtHeight": 38, "storeNum": 12, "floorArea": 215.298893926, "buildArea": 2583.58672711, "seiFort": "2", "keyFire": 0, "firehouseDist": 1, "pop": 516}