{"buildingID": 2704, "county": "\u666e\u9640", "town": "\u6843\u6d66\u9547", "circleNum": 3, "builtYear": "pre1978", "builtHeight": 54, "storeNum": 18, "floorArea": 785.256641427, "buildArea": 14134.6195457, "seiFort": "1", "keyFire": 0, "firehouseDist": 3, "pop": 471}