{"buildingID": 2328, "county": "\u666e\u9640", "town": "\u6843\u6d66\u9547", "circleNum": 2, "builtYear": "1979-1985", "builtHeight": 19, "storeNum": 6, "floorArea": 4454.34475823, "buildArea": 26726.0685494, "seiFort": "2", "keyFire": 0, "firehouseDist": 1, "pop": 5345}