{"buildingID": 9224, "county": "\u666e\u9640", "town": "\u6843\u6d66\u9547", "circleNum": 2, "builtYear": "1992", "builtHeight": 12, "storeNum": 4, "floorArea": 258.666932591, "buildArea": 1034.66773037, "seiFort": "2", "keyFire": 0, "firehouseDist": 2, "pop": 206}