{"buildingID": 12494, "county": "\u666e\u9640", "town": "\u77f3\u6cc9\u8def\u8857\u9053", "circleNum": 1, "builtYear": "1979-1985", "builtHeight": 12, "storeNum": 4, "floorArea": 526.235946736, "buildArea": 2104.94378695, "seiFort": "2", "keyFire": 0, "firehouseDist": 3, "pop": 420}