{"buildingID": 19936, "county": "\u666e\u9640", "town": "\u957f\u98ce\u65b0\u6751\u8857\u9053", "circleNum": 0, "builtYear": "pre1978", "builtHeight": 16, "storeNum": 5, "floorArea": 480.314047354, "buildArea": 2401.57023677, "seiFort": "1", "keyFire": 0, "firehouseDist": 1, "pop": 120}