{"buildingID": 7088, "county": "\u666e\u9640", "town": "\u957f\u5f81\u9547", "circleNum": 1, "builtYear": "1992", "builtHeight": 40, "storeNum": 13, "floorArea": 520.107787078, "buildArea": 6761.40123201, "seiFort": "2", "keyFire": 0, "firehouseDist": 1, "pop": 1352}