{"buildingID": 15698, "county": "\u666e\u9640", "town": "\u771f\u5982\u9547", "circleNum": 2, "builtYear": "1995", "builtHeight": 37, "storeNum": 12, "floorArea": 777.444739286, "buildArea": 9329.33687143, "seiFort": "2", "keyFire": 0, "firehouseDist": 1, "pop": 1865}