{"buildingID": 8853, "county": "\u666e\u9640", "town": "\u771f\u5982\u9547", "circleNum": 2, "builtYear": "1988", "builtHeight": 16, "storeNum": 5, "floorArea": 1604.02264705, "buildArea": 8020.11323526, "seiFort": "2", "keyFire": 1, "firehouseDist": 1, "pop": 1604}