{"buildingID": 26251, "county": "\u666e\u9640", "town": "\u957f\u98ce\u65b0\u6751\u8857\u9053", "circleNum": 0, "builtYear": "pre1978", "builtHeight": 13, "storeNum": 4, "floorArea": 776.255591714, "buildArea": 3105.02236685, "seiFort": "1", "keyFire": 0, "firehouseDist": 1, "pop": 155}