{"buildingID": 21424, "county": "\u666e\u9640", "town": "\u771f\u5982\u9547", "circleNum": 1, "builtYear": "1988", "builtHeight": 10, "storeNum": 3, "floorArea": 327.793324446, "buildArea": 983.379973338, "seiFort": "2", "keyFire": 0, "firehouseDist": 1, "pop": 196}