{"buildingID": 27783, "county": "\u666e\u9640", "town": "\u957f\u98ce\u65b0\u6751\u8857\u9053", "circleNum": 1, "builtYear": "1979-1985", "builtHeight": 23, "storeNum": 7, "floorArea": 1254.10048179, "buildArea": 8778.70337254, "seiFort": "2", "keyFire": 1, "firehouseDist": 2, "pop": 1755}