{"buildingID": 5763, "county": "\u666e\u9640", "town": "\u6843\u6d66\u9547", "circleNum": 2, "builtYear": "1992", "builtHeight": 13, "storeNum": 4, "floorArea": 898.660103509, "buildArea": 3594.64041404, "seiFort": "2", "keyFire": 0, "firehouseDist": 2, "pop": 718}