{"buildingID": 27540, "county": "\u666e\u9640", "town": "\u957f\u98ce\u65b0\u6751\u8857\u9053", "circleNum": 1, "builtYear": "pre1978", "builtHeight": 19, "storeNum": 6, "floorArea": 503.533966415, "buildArea": 3021.20379849, "seiFort": "1", "keyFire": 0, "firehouseDist": 2, "pop": 120}