{"buildingID": 2014, "county": "\u666e\u9640", "town": "\u6843\u6d66\u9547", "circleNum": 2, "builtYear": "1995", "builtHeight": 17, "storeNum": 5, "floorArea": 256.018400795, "buildArea": 1280.09200397, "seiFort": "2", "keyFire": 0, "firehouseDist": 2, "pop": 256}