{"buildingID": 8700, "county": "\u666e\u9640", "town": "\u7518\u6cc9\u8def\u8857\u9053", "circleNum": 1, "builtYear": "2016", "builtHeight": 18, "storeNum": 6, "floorArea": 189.751316094, "buildArea": 1138.50789657, "seiFort": "3", "keyFire": 0, "firehouseDist": 3, "pop": 227}