{"buildingID": 3954, "county": "\u666e\u9640", "town": "\u6843\u6d66\u9547", "circleNum": 2, "builtYear": "1979-1985", "builtHeight": 9, "storeNum": 3, "floorArea": 220.43449044, "buildArea": 661.303471321, "seiFort": "2", "keyFire": 0, "firehouseDist": 2, "pop": 132}