{"buildingID": 22655, "county": "\u666e\u9640", "town": "\u66f9\u6768\u65b0\u6751\u8857\u9053", "circleNum": 1, "builtYear": "1990", "builtHeight": 12, "storeNum": 4, "floorArea": 1184.13363527, "buildArea": 4736.53454108, "seiFort": "2", "keyFire": 0, "firehouseDist": 1, "pop": 947}