{"buildingID": 4650, "county": "\u666e\u9640", "town": "\u6843\u6d66\u9547", "circleNum": 2, "builtYear": "2008", "builtHeight": 23, "storeNum": 7, "floorArea": 1909.98277963, "buildArea": 13369.8794574, "seiFort": "3", "keyFire": 0, "firehouseDist": 2, "pop": 2673}