{"buildingID": 14565, "county": "\u666e\u9640", "town": "\u771f\u5982\u9547", "circleNum": 2, "builtYear": "1996", "builtHeight": 50, "storeNum": 16, "floorArea": 59.9974480005, "buildArea": 959.959168008, "seiFort": "2", "keyFire": 0, "firehouseDist": 1, "pop": 31}