{"buildingID": 12561, "county": "\u666e\u9640", "town": "\u6843\u6d66\u9547", "circleNum": 2, "builtYear": "1979-1985", "builtHeight": 13, "storeNum": 4, "floorArea": 533.389757948, "buildArea": 2133.55903179, "seiFort": "2", "keyFire": 0, "firehouseDist": 1, "pop": 426}