{"buildingID": 4937, "county": "\u666e\u9640", "town": "\u771f\u5982\u9547", "circleNum": 2, "builtYear": "1998", "builtHeight": 15, "storeNum": 5, "floorArea": 898.306090684, "buildArea": 4491.53045342, "seiFort": "2", "keyFire": 0, "firehouseDist": 1, "pop": 898}