{"buildingID": 13816, "county": "\u666e\u9640", "town": "\u77f3\u6cc9\u8def\u8857\u9053", "circleNum": 1, "builtYear": "pre1978", "builtHeight": 98, "storeNum": 32, "floorArea": 30.6534917885, "buildArea": 980.911737233, "seiFort": "1", "keyFire": 0, "firehouseDist": 2, "pop": 39}