{"buildingID": 4577, "county": "\u666e\u9640", "town": "\u6843\u6d66\u9547", "circleNum": 2, "builtYear": "2001", "builtHeight": 62, "storeNum": 20, "floorArea": 136.917160206, "buildArea": 2738.34320412, "seiFort": "3", "keyFire": 0, "firehouseDist": 2, "pop": 91}