{"buildingID": 21703, "county": "\u666e\u9640", "town": "\u77f3\u6cc9\u8def\u8857\u9053", "circleNum": 1, "builtYear": "pre1978", "builtHeight": 36, "storeNum": 12, "floorArea": 481.413161201, "buildArea": 5776.95793441, "seiFort": "1", "keyFire": 0, "firehouseDist": 1, "pop": 231}