{"buildingID": 28540, "county": "\u666e\u9640", "town": "\u957f\u98ce\u65b0\u6751\u8857\u9053", "circleNum": 0, "builtYear": "pre1978", "builtHeight": 45, "storeNum": 15, "floorArea": 989.046182865, "buildArea": 14835.692743, "seiFort": "1", "keyFire": 0, "firehouseDist": 2, "pop": 741}