{"buildingID": 4437, "county": "\u666e\u9640", "town": "\u6843\u6d66\u9547", "circleNum": 2, "builtYear": "1997", "builtHeight": 22, "storeNum": 7, "floorArea": 2960.55791747, "buildArea": 20723.9054223, "seiFort": "2", "keyFire": 0, "firehouseDist": 3, "pop": 4144}