{"buildingID": 12656, "county": "\u666e\u9640", "town": "\u771f\u5982\u9547", "circleNum": 2, "builtYear": "1979-1985", "builtHeight": 32, "storeNum": 10, "floorArea": 425.84703341, "buildArea": 4258.4703341, "seiFort": "2", "keyFire": 0, "firehouseDist": 2, "pop": 851}