{"buildingID": 27492, "county": "\u666e\u9640", "town": "\u957f\u98ce\u65b0\u6751\u8857\u9053", "circleNum": 1, "builtYear": "pre1978", "builtHeight": 17, "storeNum": 5, "floorArea": 74.7667389505, "buildArea": 373.833694752, "seiFort": "1", "keyFire": 0, "firehouseDist": 2, "pop": 14}