{"buildingID": 8472, "county": "\u666e\u9640", "town": "\u957f\u5f81\u9547", "circleNum": 1, "builtYear": "1999", "builtHeight": 40, "storeNum": 13, "floorArea": 590.769195318, "buildArea": 7679.99953914, "seiFort": "2", "keyFire": 0, "firehouseDist": 2, "pop": 1535}