{"buildingID": 3477, "county": "\u666e\u9640", "town": "\u6843\u6d66\u9547", "circleNum": 2, "builtYear": "1999", "builtHeight": 6, "storeNum": 2, "floorArea": 3090.84817777, "buildArea": 6181.69635554, "seiFort": "2", "keyFire": 0, "firehouseDist": 2, "pop": 1236}