{"buildingID": 141, "county": "\u666e\u9640", "town": "\u6843\u6d66\u9547", "circleNum": 2, "builtYear": "1979-1985", "builtHeight": 50, "storeNum": 16, "floorArea": 902.224913148, "buildArea": 14435.5986104, "seiFort": "2", "keyFire": 0, "firehouseDist": 2, "pop": 2887}