{"buildingID": 27643, "county": "\u666e\u9640", "town": "\u957f\u98ce\u65b0\u6751\u8857\u9053", "circleNum": 1, "builtYear": "pre1978", "builtHeight": 87, "storeNum": 29, "floorArea": 1524.81658405, "buildArea": 44219.6809374, "seiFort": "1", "keyFire": 0, "firehouseDist": 3, "pop": 1768}