{"buildingID": 7018, "county": "\u666e\u9640", "town": "\u6843\u6d66\u9547", "circleNum": 2, "builtYear": "1995", "builtHeight": 12, "storeNum": 4, "floorArea": 234.707788754, "buildArea": 938.831155015, "seiFort": "2", "keyFire": 0, "firehouseDist": 1, "pop": 187}