{"buildingID": 11491, "county": "\u666e\u9640", "town": "\u77f3\u6cc9\u8def\u8857\u9053", "circleNum": 1, "builtYear": "2007", "builtHeight": 12, "storeNum": 4, "floorArea": 229.189555216, "buildArea": 916.758220865, "seiFort": "3", "keyFire": 0, "firehouseDist": 2, "pop": 183}