{"buildingID": 29022, "county": "\u666e\u9640", "town": "\u957f\u98ce\u65b0\u6751\u8857\u9053", "circleNum": 1, "builtYear": "pre1978", "builtHeight": 100, "storeNum": 33, "floorArea": 1916.62367138, "buildArea": 63248.5811554, "seiFort": "1", "keyFire": 1, "firehouseDist": 3, "pop": 12649}