{"buildingID": 10712, "county": "\u666e\u9640", "town": "\u771f\u5982\u9547", "circleNum": 2, "builtYear": "pre1978", "builtHeight": 35, "storeNum": 11, "floorArea": 49.0796937111, "buildArea": 539.876630822, "seiFort": "1", "keyFire": 0, "firehouseDist": 2, "pop": 17}