{"buildingID": 23908, "county": "\u666e\u9640", "town": "\u66f9\u6768\u65b0\u6751\u8857\u9053", "circleNum": 1, "builtYear": "pre1978", "builtHeight": 12, "storeNum": 4, "floorArea": 232.66672557, "buildArea": 930.666902278, "seiFort": "1", "keyFire": 0, "firehouseDist": 2, "pop": 37}