{"buildingID": 4519, "county": "\u666e\u9640", "town": "\u6843\u6d66\u9547", "circleNum": 2, "builtYear": "2003", "builtHeight": 63, "storeNum": 21, "floorArea": 333.045500802, "buildArea": 6993.95551684, "seiFort": "3", "keyFire": 0, "firehouseDist": 2, "pop": 1398}