{"buildingID": 644, "county": "\u666e\u9640", "town": "\u6843\u6d66\u9547", "circleNum": 2, "builtYear": "1992", "builtHeight": 14, "storeNum": 4, "floorArea": 2525.17211497, "buildArea": 10100.6884599, "seiFort": "2", "keyFire": 0, "firehouseDist": 1, "pop": 2020}