{"buildingID": 25869, "county": "\u666e\u9640", "town": "\u66f9\u6768\u65b0\u6751\u8857\u9053", "circleNum": 1, "builtYear": "pre1978", "builtHeight": 10, "storeNum": 3, "floorArea": 1028.95480355, "buildArea": 3086.86441064, "seiFort": "1", "keyFire": 0, "firehouseDist": 2, "pop": 123}