{"buildingID": 26143, "county": "\u666e\u9640", "town": "\u66f9\u6768\u65b0\u6751\u8857\u9053", "circleNum": 1, "builtYear": "pre1978", "builtHeight": 11, "storeNum": 3, "floorArea": 353.47654944, "buildArea": 1060.42964832, "seiFort": "1", "keyFire": 0, "firehouseDist": 1, "pop": 42}