{"buildingID": 22603, "county": "\u666e\u9640", "town": "\u957f\u5bff\u8def\u8857\u9053", "circleNum": 0, "builtYear": "1989", "builtHeight": 23, "storeNum": 7, "floorArea": 2052.23948276, "buildArea": 14365.6763793, "seiFort": "2", "keyFire": 0, "firehouseDist": 1, "pop": 2873}