{"buildingID": 9219, "county": "\u666e\u9640", "town": "\u6843\u6d66\u9547", "circleNum": 2, "builtYear": "1999", "builtHeight": 17, "storeNum": 5, "floorArea": 398.247378199, "buildArea": 1991.23689099, "seiFort": "2", "keyFire": 0, "firehouseDist": 2, "pop": 398}