{"buildingID": 9746, "county": "\u666e\u9640", "town": "\u7518\u6cc9\u8def\u8857\u9053", "circleNum": 1, "builtYear": "1988", "builtHeight": 20, "storeNum": 6, "floorArea": 261.223321139, "buildArea": 1567.33992683, "seiFort": "2", "keyFire": 0, "firehouseDist": 3, "pop": 313}