{"buildingID": 28309, "county": "\u666e\u9640", "town": "\u957f\u98ce\u65b0\u6751\u8857\u9053", "circleNum": 1, "builtYear": "pre1978", "builtHeight": 18, "storeNum": 6, "floorArea": 36.6132487459, "buildArea": 219.679492476, "seiFort": "1", "keyFire": 0, "firehouseDist": 2, "pop": 8}