{"buildingID": 10701, "county": "\u666e\u9640", "town": "\u771f\u5982\u9547", "circleNum": 2, "builtYear": "pre1978", "builtHeight": 32, "storeNum": 10, "floorArea": 242.893279753, "buildArea": 2428.93279753, "seiFort": "1", "keyFire": 0, "firehouseDist": 2, "pop": 80}