{"buildingID": 10247, "county": "\u666e\u9640", "town": "\u771f\u5982\u9547", "circleNum": 2, "builtYear": "2017", "builtHeight": 54, "storeNum": 18, "floorArea": 36.0383241581, "buildArea": 648.689834846, "seiFort": "3", "keyFire": 0, "firehouseDist": 2, "pop": 21}