{"buildingID": 4527, "county": "\u666e\u9640", "town": "\u6843\u6d66\u9547", "circleNum": 2, "builtYear": "2001", "builtHeight": 15, "storeNum": 5, "floorArea": 522.913617242, "buildArea": 2614.56808621, "seiFort": "3", "keyFire": 0, "firehouseDist": 3, "pop": 522}