{"buildingID": 10394, "county": "\u666e\u9640", "town": "\u7518\u6cc9\u8def\u8857\u9053", "circleNum": 1, "builtYear": "pre1978", "builtHeight": 19, "storeNum": 6, "floorArea": 746.42873479, "buildArea": 4478.57240874, "seiFort": "1", "keyFire": 0, "firehouseDist": 2, "pop": 179}