{"buildingID": 12769, "county": "\u666e\u9640", "town": "\u771f\u5982\u9547", "circleNum": 1, "builtYear": "pre1978", "builtHeight": 37, "storeNum": 12, "floorArea": 1022.02140897, "buildArea": 12264.2569076, "seiFort": "1", "keyFire": 0, "firehouseDist": 2, "pop": 490}