{"buildingID": 4221, "county": "\u666e\u9640", "town": "\u6843\u6d66\u9547", "circleNum": 2, "builtYear": "2004", "builtHeight": 54, "storeNum": 18, "floorArea": 99.9180492327, "buildArea": 1798.52488619, "seiFort": "3", "keyFire": 0, "firehouseDist": 3, "pop": 59}