{"buildingID": 23904, "county": "\u666e\u9640", "town": "\u66f9\u6768\u65b0\u6751\u8857\u9053", "circleNum": 1, "builtYear": "1989", "builtHeight": 18, "storeNum": 6, "floorArea": 382.436725291, "buildArea": 2294.62035174, "seiFort": "2", "keyFire": 0, "firehouseDist": 2, "pop": 458}