{"buildingID": 13308, "county": "\u666e\u9640", "town": "\u771f\u5982\u9547", "circleNum": 2, "builtYear": "2000", "builtHeight": 17, "storeNum": 5, "floorArea": 231.347747948, "buildArea": 1156.73873974, "seiFort": "3", "keyFire": 0, "firehouseDist": 2, "pop": 231}