{"buildingID": 1699, "county": "\u666e\u9640", "town": "\u6843\u6d66\u9547", "circleNum": 2, "builtYear": "1997", "builtHeight": 11, "storeNum": 3, "floorArea": 463.500479074, "buildArea": 1390.50143722, "seiFort": "2", "keyFire": 0, "firehouseDist": 2, "pop": 278}