{"buildingID": 5464, "county": "\u666e\u9640", "town": "\u6843\u6d66\u9547", "circleNum": 2, "builtYear": "1994", "builtHeight": 74, "storeNum": 24, "floorArea": 1557.67733943, "buildArea": 37384.2561463, "seiFort": "2", "keyFire": 0, "firehouseDist": 2, "pop": 7476}