{"buildingID": 9321, "county": "\u666e\u9640", "town": "\u6843\u6d66\u9547", "circleNum": 2, "builtYear": "1979-1985", "builtHeight": 6, "storeNum": 2, "floorArea": 6038.697068, "buildArea": 12077.394136, "seiFort": "2", "keyFire": 0, "firehouseDist": 1, "pop": 2415}