{"buildingID": 20287, "county": "\u666e\u9640", "town": "\u771f\u5982\u9547", "circleNum": 1, "builtYear": "pre1978", "builtHeight": 20, "storeNum": 6, "floorArea": 934.554688063, "buildArea": 5607.32812838, "seiFort": "1", "keyFire": 0, "firehouseDist": 1, "pop": 224}