{"buildingID": 14518, "county": "\u666e\u9640", "town": "\u771f\u5982\u9547", "circleNum": 2, "builtYear": "1995", "builtHeight": 18, "storeNum": 6, "floorArea": 537.034874835, "buildArea": 3222.20924901, "seiFort": "2", "keyFire": 0, "firehouseDist": 1, "pop": 644}