{"buildingID": 13763, "county": "\u666e\u9640", "town": "\u771f\u5982\u9547", "circleNum": 1, "builtYear": "1994", "builtHeight": 18, "storeNum": 6, "floorArea": 501.225853652, "buildArea": 3007.35512191, "seiFort": "2", "keyFire": 0, "firehouseDist": 2, "pop": 601}