{"buildingID": 4733, "county": "\u666e\u9640", "town": "\u6843\u6d66\u9547", "circleNum": 2, "builtYear": "2003", "builtHeight": 35, "storeNum": 11, "floorArea": 207.282100166, "buildArea": 2280.10310182, "seiFort": "3", "keyFire": 0, "firehouseDist": 2, "pop": 456}