{"buildingID": 14700, "county": "\u666e\u9640", "town": "\u77f3\u6cc9\u8def\u8857\u9053", "circleNum": 1, "builtYear": "1993", "builtHeight": 9, "storeNum": 3, "floorArea": 1089.61941081, "buildArea": 3268.85823242, "seiFort": "2", "keyFire": 0, "firehouseDist": 2, "pop": 653}