{"buildingID": 14049, "county": "\u666e\u9640", "town": "\u771f\u5982\u9547", "circleNum": 2, "builtYear": "1989", "builtHeight": 13, "storeNum": 4, "floorArea": 817.806080143, "buildArea": 3271.22432057, "seiFort": "2", "keyFire": 0, "firehouseDist": 1, "pop": 654}