{"buildingID": 27608, "county": "\u666e\u9640", "town": "\u957f\u98ce\u65b0\u6751\u8857\u9053", "circleNum": 1, "builtYear": "1979-1985", "builtHeight": 20, "storeNum": 6, "floorArea": 441.391507346, "buildArea": 2648.34904408, "seiFort": "2", "keyFire": 0, "firehouseDist": 3, "pop": 529}