{"buildingID": 21389, "county": "\u666e\u9640", "town": "\u771f\u5982\u9547", "circleNum": 1, "builtYear": "1979-1985", "builtHeight": 14, "storeNum": 4, "floorArea": 555.451690247, "buildArea": 2221.80676099, "seiFort": "2", "keyFire": 0, "firehouseDist": 1, "pop": 444}