{"buildingID": 12605, "county": "\u666e\u9640", "town": "\u771f\u5982\u9547", "circleNum": 2, "builtYear": "1995", "builtHeight": 17, "storeNum": 5, "floorArea": 215.272718891, "buildArea": 1076.36359445, "seiFort": "2", "keyFire": 0, "firehouseDist": 2, "pop": 215}