{"buildingID": 15594, "county": "\u666e\u9640", "town": "\u77f3\u6cc9\u8def\u8857\u9053", "circleNum": 1, "builtYear": "pre1978", "builtHeight": 73, "storeNum": 24, "floorArea": 984.770139566, "buildArea": 23634.4833496, "seiFort": "1", "keyFire": 0, "firehouseDist": 1, "pop": 945}