{"buildingID": 26789, "county": "\u666e\u9640", "town": "\u957f\u98ce\u65b0\u6751\u8857\u9053", "circleNum": 0, "builtYear": "pre1978", "builtHeight": 40, "storeNum": 13, "floorArea": 86.4294836782, "buildArea": 1123.58328782, "seiFort": "1", "keyFire": 0, "firehouseDist": 2, "pop": 56}