{"buildingID": 16650, "county": "\u666e\u9640", "town": "\u5b9c\u5ddd\u8def\u8857\u9053", "circleNum": 0, "builtYear": "1979-1985", "builtHeight": 22, "storeNum": 7, "floorArea": 2762.33285231, "buildArea": 19336.3299662, "seiFort": "2", "keyFire": 0, "firehouseDist": 1, "pop": 3867}