{"buildingID": 14041, "county": "\u666e\u9640", "town": "\u771f\u5982\u9547", "circleNum": 2, "builtYear": "1991", "builtHeight": 12, "storeNum": 4, "floorArea": 937.138968226, "buildArea": 3748.5558729, "seiFort": "2", "keyFire": 0, "firehouseDist": 1, "pop": 749}