{"buildingID": 13640, "county": "\u666e\u9640", "town": "\u771f\u5982\u9547", "circleNum": 1, "builtYear": "1987", "builtHeight": 20, "storeNum": 6, "floorArea": 386.459858015, "buildArea": 2318.75914809, "seiFort": "2", "keyFire": 0, "firehouseDist": 2, "pop": 463}