{"buildingID": 23650, "county": "\u666e\u9640", "town": "\u66f9\u6768\u65b0\u6751\u8857\u9053", "circleNum": 1, "builtYear": "1986", "builtHeight": 108, "storeNum": 36, "floorArea": 456.072016523, "buildArea": 16418.5925948, "seiFort": "2", "keyFire": 0, "firehouseDist": 1, "pop": 3283}