{"buildingID": 22903, "county": "\u666e\u9640", "town": "\u957f\u5bff\u8def\u8857\u9053", "circleNum": 0, "builtYear": "1986", "builtHeight": 61, "storeNum": 20, "floorArea": 270.834438852, "buildArea": 5416.68877704, "seiFort": "2", "keyFire": 0, "firehouseDist": 1, "pop": 1083}