{"buildingID": 13947, "county": "\u666e\u9640", "town": "\u77f3\u6cc9\u8def\u8857\u9053", "circleNum": 1, "builtYear": "pre1978", "builtHeight": 75, "storeNum": 25, "floorArea": 886.101038868, "buildArea": 22152.5259717, "seiFort": "1", "keyFire": 0, "firehouseDist": 2, "pop": 886}