{"buildingID": 28872, "county": "\u666e\u9640", "town": "\u957f\u98ce\u65b0\u6751\u8857\u9053", "circleNum": 1, "builtYear": "pre1978", "builtHeight": 17, "storeNum": 5, "floorArea": 1304.99756578, "buildArea": 6524.98782888, "seiFort": "1", "keyFire": 0, "firehouseDist": 3, "pop": 260}