{"buildingID": 28157, "county": "\u666e\u9640", "town": "\u957f\u5bff\u8def\u8857\u9053", "circleNum": 0, "builtYear": "pre1978", "builtHeight": 123, "storeNum": 41, "floorArea": 240.451650678, "buildArea": 9858.51767781, "seiFort": "1", "keyFire": 0, "firehouseDist": 1, "pop": 1971}