{"buildingID": 1592, "county": "\u666e\u9640", "town": "\u6843\u6d66\u9547", "circleNum": 3, "builtYear": "2016", "builtHeight": 18, "storeNum": 6, "floorArea": 1377.9136756, "buildArea": 8267.48205359, "seiFort": "3", "keyFire": 0, "firehouseDist": 3, "pop": 1653}