{"buildingID": 15006, "county": "\u666e\u9640", "town": "\u771f\u5982\u9547", "circleNum": 2, "builtYear": "1989", "builtHeight": 5, "storeNum": 1, "floorArea": 536.588405735, "buildArea": 536.588405735, "seiFort": "2", "keyFire": 0, "firehouseDist": 1, "pop": 107}