{"buildingID": 5723, "county": "\u666e\u9640", "town": "\u6843\u6d66\u9547", "circleNum": 2, "builtYear": "2010", "builtHeight": 56, "storeNum": 18, "floorArea": 557.335098463, "buildArea": 10032.0317723, "seiFort": "3", "keyFire": 0, "firehouseDist": 2, "pop": 2006}