{"buildingID": 12582, "county": "\u666e\u9640", "town": "\u771f\u5982\u9547", "circleNum": 2, "builtYear": "2008", "builtHeight": 4, "storeNum": 1, "floorArea": 814.396944151, "buildArea": 814.396944151, "seiFort": "3", "keyFire": 0, "firehouseDist": 2, "pop": 162}