{"buildingID": 15175, "county": "\u666e\u9640", "town": "\u771f\u5982\u9547", "circleNum": 1, "builtYear": "1979-1985", "builtHeight": 4, "storeNum": 1, "floorArea": 494.258539302, "buildArea": 494.258539302, "seiFort": "2", "keyFire": 0, "firehouseDist": 2, "pop": 98}