{"buildingID": 4545, "county": "\u666e\u9640", "town": "\u6843\u6d66\u9547", "circleNum": 2, "builtYear": "1988", "builtHeight": 59, "storeNum": 19, "floorArea": 72.6325320675, "buildArea": 1380.01810928, "seiFort": "2", "keyFire": 0, "firehouseDist": 2, "pop": 46}