{"buildingID": 2631, "county": "\u666e\u9640", "town": "\u6843\u6d66\u9547", "circleNum": 2, "builtYear": "1999", "builtHeight": 10, "storeNum": 3, "floorArea": 3943.3025966, "buildArea": 11829.9077898, "seiFort": "2", "keyFire": 0, "firehouseDist": 2, "pop": 2365}