{"buildingID": 24515, "county": "\u666e\u9640", "town": "\u957f\u5bff\u8def\u8857\u9053", "circleNum": 0, "builtYear": "pre1978", "builtHeight": 108, "storeNum": 36, "floorArea": 378.944924785, "buildArea": 13642.0172922, "seiFort": "1", "keyFire": 0, "firehouseDist": 1, "pop": 2728}