{"buildingID": 27793, "county": "\u666e\u9640", "town": "\u957f\u98ce\u65b0\u6751\u8857\u9053", "circleNum": 1, "builtYear": "pre1978", "builtHeight": 12, "storeNum": 4, "floorArea": 597.173982767, "buildArea": 2388.69593107, "seiFort": "1", "keyFire": 0, "firehouseDist": 2, "pop": 95}