{"buildingID": 7962, "county": "\u666e\u9640", "town": "\u7518\u6cc9\u8def\u8857\u9053", "circleNum": 1, "builtYear": "1988", "builtHeight": 18, "storeNum": 6, "floorArea": 330.400417984, "buildArea": 1982.40250791, "seiFort": "2", "keyFire": 0, "firehouseDist": 3, "pop": 396}