{"buildingID": 11077, "county": "\u666e\u9640", "town": "\u7518\u6cc9\u8def\u8857\u9053", "circleNum": 1, "builtYear": "pre1978", "builtHeight": 12, "storeNum": 4, "floorArea": 82.8013368809, "buildArea": 331.205347523, "seiFort": "1", "keyFire": 0, "firehouseDist": 2, "pop": 13}