{"buildingID": 19511, "county": "\u666e\u9640", "town": "\u957f\u5f81\u9547", "circleNum": 2, "builtYear": "2003", "builtHeight": 16, "storeNum": 5, "floorArea": 1110.92200197, "buildArea": 5554.61000984, "seiFort": "3", "keyFire": 0, "firehouseDist": 3, "pop": 1110}