{"buildingID": 12326, "county": "\u666e\u9640", "town": "\u771f\u5982\u9547", "circleNum": 1, "builtYear": "pre1978", "builtHeight": 43, "storeNum": 14, "floorArea": 676.333381728, "buildArea": 9468.66734419, "seiFort": "1", "keyFire": 0, "firehouseDist": 2, "pop": 378}