{"buildingID": 14699, "county": "\u666e\u9640", "town": "\u77f3\u6cc9\u8def\u8857\u9053", "circleNum": 1, "builtYear": "1989", "builtHeight": 12, "storeNum": 4, "floorArea": 1232.88162896, "buildArea": 4931.52651583, "seiFort": "2", "keyFire": 0, "firehouseDist": 2, "pop": 986}