{"buildingID": 8829, "county": "\u666e\u9640", "town": "\u6843\u6d66\u9547", "circleNum": 2, "builtYear": "1979-1985", "builtHeight": 12, "storeNum": 4, "floorArea": 921.332236712, "buildArea": 3685.32894685, "seiFort": "2", "keyFire": 0, "firehouseDist": 1, "pop": 737}