{"buildingID": 19717, "county": "\u666e\u9640", "town": "\u957f\u5f81\u9547", "circleNum": 2, "builtYear": "1979-1985", "builtHeight": 8, "storeNum": 2, "floorArea": 2252.13696936, "buildArea": 4504.27393872, "seiFort": "2", "keyFire": 0, "firehouseDist": 3, "pop": 900}