{"buildingID": 6205, "county": "\u666e\u9640", "town": "\u6843\u6d66\u9547", "circleNum": 2, "builtYear": "1998", "builtHeight": 50, "storeNum": 16, "floorArea": 258.644593907, "buildArea": 4138.31350251, "seiFort": "2", "keyFire": 0, "firehouseDist": 1, "pop": 827}