{"buildingID": 27293, "county": "\u666e\u9640", "town": "\u957f\u98ce\u65b0\u6751\u8857\u9053", "circleNum": 0, "builtYear": "pre1978", "builtHeight": 40, "storeNum": 13, "floorArea": 348.66239962, "buildArea": 4532.61119507, "seiFort": "1", "keyFire": 0, "firehouseDist": 1, "pop": 226}