{"buildingID": 16814, "county": "\u666e\u9640", "town": "\u771f\u5982\u9547", "circleNum": 1, "builtYear": "pre1978", "builtHeight": 30, "storeNum": 10, "floorArea": 48.2130143969, "buildArea": 482.130143969, "seiFort": "1", "keyFire": 0, "firehouseDist": 1, "pop": 19}