{"buildingID": 11144, "county": "\u666e\u9640", "town": "\u7518\u6cc9\u8def\u8857\u9053", "circleNum": 1, "builtYear": "pre1978", "builtHeight": 10, "storeNum": 3, "floorArea": 205.846968689, "buildArea": 617.540906066, "seiFort": "1", "keyFire": 0, "firehouseDist": 2, "pop": 24}