{"buildingID": 20148, "county": "\u666e\u9640", "town": "\u957f\u98ce\u65b0\u6751\u8857\u9053", "circleNum": 0, "builtYear": "1989", "builtHeight": 97, "storeNum": 32, "floorArea": 1300.54172556, "buildArea": 41617.335218, "seiFort": "2", "keyFire": 1, "firehouseDist": 2, "pop": 8323}