{"buildingID": 6921, "county": "\u666e\u9640", "town": "\u6843\u6d66\u9547", "circleNum": 2, "builtYear": "2002", "builtHeight": 89, "storeNum": 29, "floorArea": 929.141017108, "buildArea": 26945.0894961, "seiFort": "3", "keyFire": 0, "firehouseDist": 1, "pop": 5389}