{"buildingID": 14586, "county": "\u666e\u9640", "town": "\u771f\u5982\u9547", "circleNum": 1, "builtYear": "1995", "builtHeight": 26, "storeNum": 8, "floorArea": 79.3116480672, "buildArea": 634.493184537, "seiFort": "2", "keyFire": 0, "firehouseDist": 2, "pop": 25}