{"buildingID": 15913, "county": "\u666e\u9640", "town": "\u771f\u5982\u9547", "circleNum": 1, "builtYear": "1990", "builtHeight": 22, "storeNum": 7, "floorArea": 1112.78969948, "buildArea": 7789.52789639, "seiFort": "2", "keyFire": 0, "firehouseDist": 1, "pop": 1557}