{"buildingID": 22384, "county": "\u666e\u9640", "town": "\u66f9\u6768\u65b0\u6751\u8857\u9053", "circleNum": 1, "builtYear": "pre1978", "builtHeight": 13, "storeNum": 4, "floorArea": 677.33958871, "buildArea": 2709.35835484, "seiFort": "1", "keyFire": 0, "firehouseDist": 1, "pop": 108}