{"buildingID": 28932, "county": "\u666e\u9640", "town": "\u957f\u98ce\u65b0\u6751\u8857\u9053", "circleNum": 1, "builtYear": "pre1978", "builtHeight": 46, "storeNum": 15, "floorArea": 217.297700523, "buildArea": 3259.46550785, "seiFort": "1", "keyFire": 0, "firehouseDist": 4, "pop": 130}