{"buildingID": 502, "county": "\u666e\u9640", "town": "\u6843\u6d66\u9547", "circleNum": 3, "builtYear": "2011", "builtHeight": 54, "storeNum": 18, "floorArea": 1912.41986587, "buildArea": 34423.5575857, "seiFort": "3", "keyFire": 0, "firehouseDist": 5, "pop": 6884}