{"buildingID": 4227, "county": "\u666e\u9640", "town": "\u6843\u6d66\u9547", "circleNum": 2, "builtYear": "2000", "builtHeight": 15, "storeNum": 5, "floorArea": 543.275990929, "buildArea": 2716.37995465, "seiFort": "3", "keyFire": 0, "firehouseDist": 3, "pop": 543}