{"buildingID": 26944, "county": "\u666e\u9640", "town": "\u957f\u98ce\u65b0\u6751\u8857\u9053", "circleNum": 1, "builtYear": "pre1978", "builtHeight": 6, "storeNum": 2, "floorArea": 229.972858365, "buildArea": 459.94571673, "seiFort": "1", "keyFire": 0, "firehouseDist": 2, "pop": 18}