{"buildingID": 28012, "county": "\u666e\u9640", "town": "\u957f\u98ce\u65b0\u6751\u8857\u9053", "circleNum": 0, "builtYear": "1998", "builtHeight": 88, "storeNum": 29, "floorArea": 953.1651608, "buildArea": 27641.7896632, "seiFort": "2", "keyFire": 0, "firehouseDist": 2, "pop": 5528}