{"buildingID": 2177, "county": "\u666e\u9640", "town": "\u6843\u6d66\u9547", "circleNum": 2, "builtYear": "1988", "builtHeight": 16, "storeNum": 5, "floorArea": 1244.69360098, "buildArea": 6223.46800492, "seiFort": "2", "keyFire": 0, "firehouseDist": 2, "pop": 1244}