{"buildingID": 18182, "county": "\u666e\u9640", "town": "\u957f\u5f81\u9547", "circleNum": 2, "builtYear": "1979-1985", "builtHeight": 21, "storeNum": 7, "floorArea": 735.312966931, "buildArea": 5147.19076852, "seiFort": "2", "keyFire": 0, "firehouseDist": 2, "pop": 1029}