{"buildingID": 20814, "county": "\u666e\u9640", "town": "\u77f3\u6cc9\u8def\u8857\u9053", "circleNum": 1, "builtYear": "pre1978", "builtHeight": 78, "storeNum": 26, "floorArea": 72.2974413113, "buildArea": 1879.73347409, "seiFort": "1", "keyFire": 0, "firehouseDist": 2, "pop": 75}