{"buildingID": 9291, "county": "\u666e\u9640", "town": "\u771f\u5982\u9547", "circleNum": 2, "builtYear": "1979-1985", "builtHeight": 5, "storeNum": 1, "floorArea": 491.519657264, "buildArea": 491.519657264, "seiFort": "2", "keyFire": 0, "firehouseDist": 1, "pop": 98}