{"buildingID": 15905, "county": "\u666e\u9640", "town": "\u771f\u5982\u9547", "circleNum": 1, "builtYear": "1979-1985", "builtHeight": 15, "storeNum": 5, "floorArea": 547.841621642, "buildArea": 2739.20810821, "seiFort": "2", "keyFire": 0, "firehouseDist": 2, "pop": 547}