{"buildingID": 12392, "county": "\u666e\u9640", "town": "\u7518\u6cc9\u8def\u8857\u9053", "circleNum": 1, "builtYear": "1979-1985", "builtHeight": 21, "storeNum": 7, "floorArea": 669.788112166, "buildArea": 4688.51678516, "seiFort": "2", "keyFire": 0, "firehouseDist": 2, "pop": 937}