{"buildingID": 17884, "county": "\u666e\u9640", "town": "\u957f\u5bff\u8def\u8857\u9053", "circleNum": 0, "builtYear": "1979-1985", "builtHeight": 99, "storeNum": 33, "floorArea": 75.1169753744, "buildArea": 2478.86018736, "seiFort": "2", "keyFire": 0, "firehouseDist": 1, "pop": 495}