{"buildingID": 15879, "county": "\u666e\u9640", "town": "\u771f\u5982\u9547", "circleNum": 1, "builtYear": "1998", "builtHeight": 30, "storeNum": 10, "floorArea": 430.888403327, "buildArea": 4308.88403327, "seiFort": "2", "keyFire": 0, "firehouseDist": 1, "pop": 861}