{"buildingID": 12694, "county": "\u666e\u9640", "town": "\u771f\u5982\u9547", "circleNum": 2, "builtYear": "1996", "builtHeight": 6, "storeNum": 2, "floorArea": 322.544773686, "buildArea": 645.089547372, "seiFort": "2", "keyFire": 0, "firehouseDist": 2, "pop": 129}