{"buildingID": 13165, "county": "\u666e\u9640", "town": "\u5b9c\u5ddd\u8def\u8857\u9053", "circleNum": 1, "builtYear": "1979-1985", "builtHeight": 22, "storeNum": 7, "floorArea": 525.396894055, "buildArea": 3677.77825839, "seiFort": "2", "keyFire": 0, "firehouseDist": 2, "pop": 735}