{"buildingID": 26265, "county": "\u666e\u9640", "town": "\u66f9\u6768\u65b0\u6751\u8857\u9053", "circleNum": 1, "builtYear": "1979-1985", "builtHeight": 14, "storeNum": 4, "floorArea": 144.552656951, "buildArea": 578.210627805, "seiFort": "2", "keyFire": 0, "firehouseDist": 1, "pop": 23}