{"buildingID": 27912, "county": "\u666e\u9640", "town": "\u957f\u98ce\u65b0\u6751\u8857\u9053", "circleNum": 1, "builtYear": "pre1978", "builtHeight": 7, "storeNum": 2, "floorArea": 430.522360409, "buildArea": 861.044720819, "seiFort": "1", "keyFire": 0, "firehouseDist": 2, "pop": 34}