{"buildingID": 10728, "county": "\u666e\u9640", "town": "\u771f\u5982\u9547", "circleNum": 2, "builtYear": "2004", "builtHeight": 28, "storeNum": 9, "floorArea": 60.0763533419, "buildArea": 540.687180077, "seiFort": "3", "keyFire": 0, "firehouseDist": 2, "pop": 18}