{"buildingID": 18026, "county": "\u666e\u9640", "town": "\u957f\u5f81\u9547", "circleNum": 2, "builtYear": "2017", "builtHeight": 45, "storeNum": 15, "floorArea": 647.172185049, "buildArea": 9707.58277574, "seiFort": "3", "keyFire": 0, "firehouseDist": 1, "pop": 1941}