{"buildingID": 493, "county": "\u666e\u9640", "town": "\u6843\u6d66\u9547", "circleNum": 3, "builtYear": "2008", "builtHeight": 18, "storeNum": 6, "floorArea": 1506.86979345, "buildArea": 9041.21876068, "seiFort": "3", "keyFire": 0, "firehouseDist": 3, "pop": 1808}