{"buildingID": 22020, "county": "\u666e\u9640", "town": "\u957f\u5bff\u8def\u8857\u9053", "circleNum": 0, "builtYear": "2016", "builtHeight": 60, "storeNum": 20, "floorArea": 307.360591799, "buildArea": 6147.21183598, "seiFort": "3", "keyFire": 0, "firehouseDist": 1, "pop": 1229}