{"buildingID": 11269, "county": "\u666e\u9640", "town": "\u7518\u6cc9\u8def\u8857\u9053", "circleNum": 1, "builtYear": "1979-1985", "builtHeight": 19, "storeNum": 6, "floorArea": 526.55748097, "buildArea": 3159.34488582, "seiFort": "2", "keyFire": 0, "firehouseDist": 2, "pop": 631}