{"buildingID": 15056, "county": "\u666e\u9640", "town": "\u771f\u5982\u9547", "circleNum": 2, "builtYear": "2000", "builtHeight": 37, "storeNum": 12, "floorArea": 116.997329623, "buildArea": 1403.96795548, "seiFort": "3", "keyFire": 0, "firehouseDist": 1, "pop": 46}