{"buildingID": 23988, "county": "\u666e\u9640", "town": "\u957f\u98ce\u65b0\u6751\u8857\u9053", "circleNum": 1, "builtYear": "pre1978", "builtHeight": 13, "storeNum": 4, "floorArea": 313.1782916, "buildArea": 1252.7131664, "seiFort": "1", "keyFire": 1, "firehouseDist": 2, "pop": 50}