{"buildingID": 4825, "county": "\u666e\u9640", "town": "\u6843\u6d66\u9547", "circleNum": 2, "builtYear": "2004", "builtHeight": 12, "storeNum": 4, "floorArea": 336.814706936, "buildArea": 1347.25882774, "seiFort": "3", "keyFire": 0, "firehouseDist": 2, "pop": 269}