{"buildingID": 12458, "county": "\u666e\u9640", "town": "\u771f\u5982\u9547", "circleNum": 1, "builtYear": "1996", "builtHeight": 43, "storeNum": 14, "floorArea": 192.94047029, "buildArea": 2701.16658407, "seiFort": "2", "keyFire": 0, "firehouseDist": 2, "pop": 540}