{"buildingID": 2284, "county": "\u666e\u9640", "town": "\u6843\u6d66\u9547", "circleNum": 2, "builtYear": "1997", "builtHeight": 15, "storeNum": 5, "floorArea": 6742.51444224, "buildArea": 33712.5722112, "seiFort": "2", "keyFire": 0, "firehouseDist": 1, "pop": 6742}