{"buildingID": 29057, "county": "\u666e\u9640", "town": "\u957f\u98ce\u65b0\u6751\u8857\u9053", "circleNum": 1, "builtYear": "1997", "builtHeight": 13, "storeNum": 4, "floorArea": 217.105227075, "buildArea": 868.420908302, "seiFort": "2", "keyFire": 0, "firehouseDist": 3, "pop": 173}