{"buildingID": 4483, "county": "\u666e\u9640", "town": "\u6843\u6d66\u9547", "circleNum": 2, "builtYear": "1979-1985", "builtHeight": 22, "storeNum": 7, "floorArea": 1129.41548961, "buildArea": 7905.90842727, "seiFort": "2", "keyFire": 1, "firehouseDist": 2, "pop": 1581}