{"buildingID": 7480, "county": "\u666e\u9640", "town": "\u957f\u5f81\u9547", "circleNum": 1, "builtYear": "1988", "builtHeight": 63, "storeNum": 21, "floorArea": 448.825208625, "buildArea": 9425.32938112, "seiFort": "2", "keyFire": 0, "firehouseDist": 1, "pop": 1885}