{"buildingID": 4897, "county": "\u666e\u9640", "town": "\u6843\u6d66\u9547", "circleNum": 2, "builtYear": "1995", "builtHeight": 11, "storeNum": 3, "floorArea": 762.795874161, "buildArea": 2288.38762248, "seiFort": "2", "keyFire": 0, "firehouseDist": 2, "pop": 457}