{"buildingID": 9636, "county": "\u666e\u9640", "town": "\u7518\u6cc9\u8def\u8857\u9053", "circleNum": 1, "builtYear": "1986", "builtHeight": 17, "storeNum": 5, "floorArea": 369.389795243, "buildArea": 1846.94897622, "seiFort": "2", "keyFire": 0, "firehouseDist": 3, "pop": 369}