{"buildingID": 27413, "county": "\u666e\u9640", "town": "\u957f\u98ce\u65b0\u6751\u8857\u9053", "circleNum": 0, "builtYear": "pre1978", "builtHeight": 101, "storeNum": 33, "floorArea": 80.3679073078, "buildArea": 2652.14094116, "seiFort": "1", "keyFire": 0, "firehouseDist": 1, "pop": 530}