{"buildingID": 15699, "county": "\u666e\u9640", "town": "\u771f\u5982\u9547", "circleNum": 2, "builtYear": "1992", "builtHeight": 49, "storeNum": 16, "floorArea": 195.985373723, "buildArea": 3135.76597957, "seiFort": "2", "keyFire": 0, "firehouseDist": 1, "pop": 627}