{"buildingID": 4478, "county": "\u666e\u9640", "town": "\u6843\u6d66\u9547", "circleNum": 2, "builtYear": "2000", "builtHeight": 12, "storeNum": 4, "floorArea": 241.613333513, "buildArea": 966.453334052, "seiFort": "3", "keyFire": 0, "firehouseDist": 2, "pop": 193}