{"buildingID": 7109, "county": "\u666e\u9640", "town": "\u957f\u5f81\u9547", "circleNum": 1, "builtYear": "1998", "builtHeight": 40, "storeNum": 13, "floorArea": 384.898716916, "buildArea": 5003.68331991, "seiFort": "2", "keyFire": 0, "firehouseDist": 1, "pop": 1000}