{"buildingID": 22635, "county": "\u666e\u9640", "town": "\u957f\u5bff\u8def\u8857\u9053", "circleNum": 0, "builtYear": "1979-1985", "builtHeight": 8, "storeNum": 2, "floorArea": 311.775041226, "buildArea": 623.550082451, "seiFort": "2", "keyFire": 0, "firehouseDist": 1, "pop": 124}