{"buildingID": 28908, "county": "\u666e\u9640", "town": "\u957f\u98ce\u65b0\u6751\u8857\u9053", "circleNum": 1, "builtYear": "pre1978", "builtHeight": 5, "storeNum": 1, "floorArea": 193.670118187, "buildArea": 193.670118187, "seiFort": "1", "keyFire": 0, "firehouseDist": 4, "pop": 7}