{"buildingID": 1003, "county": "\u666e\u9640", "town": "\u6843\u6d66\u9547", "circleNum": 2, "builtYear": "1997", "builtHeight": 65, "storeNum": 21, "floorArea": 124.533875321, "buildArea": 2615.21138174, "seiFort": "2", "keyFire": 0, "firehouseDist": 2, "pop": 87}