{"buildingID": 11444, "county": "\u666e\u9640", "town": "\u771f\u5982\u9547", "circleNum": 1, "builtYear": "2000", "builtHeight": 6, "storeNum": 2, "floorArea": 316.598960178, "buildArea": 633.197920357, "seiFort": "3", "keyFire": 0, "firehouseDist": 2, "pop": 126}