{"buildingID": 15747, "county": "\u666e\u9640", "town": "\u771f\u5982\u9547", "circleNum": 2, "builtYear": "1994", "builtHeight": 49, "storeNum": 16, "floorArea": 245.937474861, "buildArea": 3934.99959778, "seiFort": "2", "keyFire": 0, "firehouseDist": 1, "pop": 786}