{"buildingID": 20807, "county": "\u666e\u9640", "town": "\u77f3\u6cc9\u8def\u8857\u9053", "circleNum": 1, "builtYear": "pre1978", "builtHeight": 71, "storeNum": 23, "floorArea": 336.888953311, "buildArea": 7748.44592616, "seiFort": "1", "keyFire": 0, "firehouseDist": 2, "pop": 309}