{"buildingID": 4924, "county": "\u666e\u9640", "town": "\u771f\u5982\u9547", "circleNum": 2, "builtYear": "1996", "builtHeight": 15, "storeNum": 5, "floorArea": 766.250913324, "buildArea": 3831.25456662, "seiFort": "2", "keyFire": 0, "firehouseDist": 1, "pop": 766}