{"buildingID": 11671, "county": "\u666e\u9640", "town": "\u771f\u5982\u9547", "circleNum": 2, "builtYear": "1996", "builtHeight": 60, "storeNum": 20, "floorArea": 1111.6732714, "buildArea": 22233.4654279, "seiFort": "2", "keyFire": 0, "firehouseDist": 2, "pop": 4446}