{"buildingID": 3054, "county": "\u666e\u9640", "town": "\u6843\u6d66\u9547", "circleNum": 3, "builtYear": "2007", "builtHeight": 6, "storeNum": 2, "floorArea": 13715.9151448, "buildArea": 27431.8302896, "seiFort": "3", "keyFire": 0, "firehouseDist": 5, "pop": 5486}