{"buildingID": 8896, "county": "\u666e\u9640", "town": "\u771f\u5982\u9547", "circleNum": 1, "builtYear": "1979-1985", "builtHeight": 7, "storeNum": 2, "floorArea": 529.559522216, "buildArea": 1059.11904443, "seiFort": "2", "keyFire": 0, "firehouseDist": 1, "pop": 211}