{"buildingID": 1381, "county": "\u666e\u9640", "town": "\u6843\u6d66\u9547", "circleNum": 2, "builtYear": "2008", "builtHeight": 25, "storeNum": 8, "floorArea": 267.322374539, "buildArea": 2138.57899631, "seiFort": "3", "keyFire": 0, "firehouseDist": 1, "pop": 427}