{"buildingID": 20350, "county": "\u666e\u9640", "town": "\u771f\u5982\u9547", "circleNum": 2, "builtYear": "1979-1985", "builtHeight": 6, "storeNum": 2, "floorArea": 333.339267617, "buildArea": 666.678535235, "seiFort": "2", "keyFire": 0, "firehouseDist": 1, "pop": 133}