{"buildingID": 21293, "county": "\u666e\u9640", "town": "\u957f\u5f81\u9547", "circleNum": 2, "builtYear": "1979-1985", "builtHeight": 6, "storeNum": 2, "floorArea": 361.271196944, "buildArea": 722.542393888, "seiFort": "2", "keyFire": 0, "firehouseDist": 1, "pop": 144}