{"buildingID": 1868, "county": "\u666e\u9640", "town": "\u6843\u6d66\u9547", "circleNum": 2, "builtYear": "1990", "builtHeight": 3, "storeNum": 1, "floorArea": 5443.64093461, "buildArea": 5443.64093461, "seiFort": "2", "keyFire": 0, "firehouseDist": 1, "pop": 1088}