{"buildingID": 22148, "county": "\u666e\u9640", "town": "\u957f\u5f81\u9547", "circleNum": 2, "builtYear": "1993", "builtHeight": 21, "storeNum": 7, "floorArea": 1477.85667042, "buildArea": 10344.9966929, "seiFort": "2", "keyFire": 0, "firehouseDist": 1, "pop": 2068}