{"buildingID": 1561, "county": "\u666e\u9640", "town": "\u6843\u6d66\u9547", "circleNum": 2, "builtYear": "1992", "builtHeight": 14, "storeNum": 4, "floorArea": 1069.96873227, "buildArea": 4279.87492907, "seiFort": "2", "keyFire": 0, "firehouseDist": 2, "pop": 855}