{"buildingID": 1181, "county": "\u666e\u9640", "town": "\u6843\u6d66\u9547", "circleNum": 3, "builtYear": "1996", "builtHeight": 18, "storeNum": 6, "floorArea": 896.569103145, "buildArea": 5379.41461887, "seiFort": "2", "keyFire": 0, "firehouseDist": 4, "pop": 1075}