{"buildingID": 1129, "county": "\u666e\u9640", "town": "\u6843\u6d66\u9547", "circleNum": 3, "builtYear": "2007", "builtHeight": 54, "storeNum": 18, "floorArea": 2759.59028724, "buildArea": 49672.6251703, "seiFort": "3", "keyFire": 0, "firehouseDist": 5, "pop": 9934}