{"buildingID": 9130, "county": "\u666e\u9640", "town": "\u7518\u6cc9\u8def\u8857\u9053", "circleNum": 1, "builtYear": "1979-1985", "builtHeight": 25, "storeNum": 8, "floorArea": 136.185531887, "buildArea": 1089.4842551, "seiFort": "2", "keyFire": 0, "firehouseDist": 3, "pop": 43}