{"buildingID": 28921, "county": "\u666e\u9640", "town": "\u957f\u98ce\u65b0\u6751\u8857\u9053", "circleNum": 1, "builtYear": "pre1978", "builtHeight": 24, "storeNum": 8, "floorArea": 890.146385381, "buildArea": 7121.17108305, "seiFort": "1", "keyFire": 0, "firehouseDist": 4, "pop": 284}