{"buildingID": 16464, "county": "\u666e\u9640", "town": "\u771f\u5982\u9547", "circleNum": 1, "builtYear": "pre1978", "builtHeight": 15, "storeNum": 5, "floorArea": 1127.38977381, "buildArea": 5636.94886906, "seiFort": "1", "keyFire": 0, "firehouseDist": 1, "pop": 225}