{"buildingID": 27993, "county": "\u666e\u9640", "town": "\u957f\u98ce\u65b0\u6751\u8857\u9053", "circleNum": 1, "builtYear": "pre1978", "builtHeight": 18, "storeNum": 6, "floorArea": 107.374060648, "buildArea": 644.244363886, "seiFort": "1", "keyFire": 0, "firehouseDist": 2, "pop": 25}