{"buildingID": 21212, "county": "\u666e\u9640", "town": "\u66f9\u6768\u65b0\u6751\u8857\u9053", "circleNum": 1, "builtYear": "pre1978", "builtHeight": 3, "storeNum": 1, "floorArea": 38.196484605, "buildArea": 38.196484605, "seiFort": "1", "keyFire": 0, "firehouseDist": 2, "pop": 1}