{"buildingID": 834, "county": "\u666e\u9640", "town": "\u6843\u6d66\u9547", "circleNum": 3, "builtYear": "1992", "builtHeight": 54, "storeNum": 18, "floorArea": 1065.30269223, "buildArea": 19175.4484601, "seiFort": "2", "keyFire": 0, "firehouseDist": 4, "pop": 3835}