{"buildingID": 9137, "county": "\u666e\u9640", "town": "\u7518\u6cc9\u8def\u8857\u9053", "circleNum": 1, "builtYear": "1993", "builtHeight": 11, "storeNum": 3, "floorArea": 244.766356625, "buildArea": 734.299069875, "seiFort": "2", "keyFire": 0, "firehouseDist": 3, "pop": 146}