{"buildingID": 27925, "county": "\u666e\u9640", "town": "\u957f\u98ce\u65b0\u6751\u8857\u9053", "circleNum": 1, "builtYear": "pre1978", "builtHeight": 3, "storeNum": 1, "floorArea": 274.79426014, "buildArea": 274.79426014, "seiFort": "1", "keyFire": 0, "firehouseDist": 2, "pop": 10}