{"buildingID": 3559, "county": "\u666e\u9640", "town": "\u6843\u6d66\u9547", "circleNum": 2, "builtYear": "1994", "builtHeight": 13, "storeNum": 4, "floorArea": 994.817612639, "buildArea": 3979.27045056, "seiFort": "2", "keyFire": 0, "firehouseDist": 2, "pop": 795}