{"buildingID": 13832, "county": "\u666e\u9640", "town": "\u77f3\u6cc9\u8def\u8857\u9053", "circleNum": 1, "builtYear": "1991", "builtHeight": 93, "storeNum": 31, "floorArea": 118.103201318, "buildArea": 3661.19924085, "seiFort": "2", "keyFire": 0, "firehouseDist": 3, "pop": 732}