{"buildingID": 11620, "county": "\u666e\u9640", "town": "\u5b9c\u5ddd\u8def\u8857\u9053", "circleNum": 1, "builtYear": "1979-1985", "builtHeight": 17, "storeNum": 5, "floorArea": 611.791493142, "buildArea": 3058.95746571, "seiFort": "2", "keyFire": 0, "firehouseDist": 2, "pop": 611}