{"buildingID": 26900, "county": "\u666e\u9640", "town": "\u957f\u98ce\u65b0\u6751\u8857\u9053", "circleNum": 1, "builtYear": "1979-1985", "builtHeight": 34, "storeNum": 11, "floorArea": 311.702107324, "buildArea": 3428.72318057, "seiFort": "2", "keyFire": 0, "firehouseDist": 2, "pop": 685}