{"buildingID": 6204, "county": "\u666e\u9640", "town": "\u6843\u6d66\u9547", "circleNum": 2, "builtYear": "1979-1985", "builtHeight": 64, "storeNum": 21, "floorArea": 270.740250914, "buildArea": 5685.5452692, "seiFort": "2", "keyFire": 0, "firehouseDist": 1, "pop": 1137}