{"buildingID": 6218, "county": "\u666e\u9640", "town": "\u6843\u6d66\u9547", "circleNum": 2, "builtYear": "1994", "builtHeight": 58, "storeNum": 19, "floorArea": 101.392473759, "buildArea": 1926.45700142, "seiFort": "2", "keyFire": 0, "firehouseDist": 2, "pop": 64}