{"buildingID": 19978, "county": "\u666e\u9640", "town": "\u957f\u98ce\u65b0\u6751\u8857\u9053", "circleNum": 1, "builtYear": "1979-1985", "builtHeight": 12, "storeNum": 4, "floorArea": 869.397410027, "buildArea": 3477.58964011, "seiFort": "2", "keyFire": 0, "firehouseDist": 1, "pop": 695}