{"buildingID": 5098, "county": "\u666e\u9640", "town": "\u6843\u6d66\u9547", "circleNum": 2, "builtYear": "2014", "builtHeight": 16, "storeNum": 5, "floorArea": 414.011512655, "buildArea": 2070.05756327, "seiFort": "3", "keyFire": 0, "firehouseDist": 2, "pop": 414}