{"buildingID": 3749, "county": "\u666e\u9640", "town": "\u6843\u6d66\u9547", "circleNum": 3, "builtYear": "2003", "builtHeight": 6, "storeNum": 2, "floorArea": 3702.50164221, "buildArea": 7405.00328443, "seiFort": "3", "keyFire": 0, "firehouseDist": 4, "pop": 1481}