{"buildingID": 7625, "county": "\u666e\u9640", "town": "\u7518\u6cc9\u8def\u8857\u9053", "circleNum": 1, "builtYear": "1979-1985", "builtHeight": 7, "storeNum": 2, "floorArea": 68.6014145375, "buildArea": 137.202829075, "seiFort": "2", "keyFire": 0, "firehouseDist": 2, "pop": 5}