{"buildingID": 15064, "county": "\u666e\u9640", "town": "\u771f\u5982\u9547", "circleNum": 2, "builtYear": "1997", "builtHeight": 17, "storeNum": 5, "floorArea": 304.959517031, "buildArea": 1524.79758516, "seiFort": "2", "keyFire": 0, "firehouseDist": 1, "pop": 304}