{"buildingID": 11921, "county": "\u666e\u9640", "town": "\u771f\u5982\u9547", "circleNum": 1, "builtYear": "1979-1985", "builtHeight": 35, "storeNum": 11, "floorArea": 303.008460609, "buildArea": 3333.0930667, "seiFort": "2", "keyFire": 0, "firehouseDist": 2, "pop": 666}