{"buildingID": 11168, "county": "\u666e\u9640", "town": "\u771f\u5982\u9547", "circleNum": 2, "builtYear": "pre1978", "builtHeight": 71, "storeNum": 23, "floorArea": 354.205597676, "buildArea": 8146.72874654, "seiFort": "1", "keyFire": 0, "firehouseDist": 2, "pop": 271}