{"buildingID": 19626, "county": "\u666e\u9640", "town": "\u957f\u98ce\u65b0\u6751\u8857\u9053", "circleNum": 1, "builtYear": "pre1978", "builtHeight": 44, "storeNum": 14, "floorArea": 1309.20099949, "buildArea": 18328.8139929, "seiFort": "1", "keyFire": 1, "firehouseDist": 4, "pop": 733}