{"buildingID": 4199, "county": "\u666e\u9640", "town": "\u6843\u6d66\u9547", "circleNum": 2, "builtYear": "2004", "builtHeight": 20, "storeNum": 6, "floorArea": 432.674803762, "buildArea": 2596.04882257, "seiFort": "3", "keyFire": 0, "firehouseDist": 2, "pop": 519}