{"buildingID": 13521, "county": "\u666e\u9640", "town": "\u771f\u5982\u9547", "circleNum": 1, "builtYear": "1979-1985", "builtHeight": 25, "storeNum": 8, "floorArea": 1705.69592872, "buildArea": 13645.5674297, "seiFort": "2", "keyFire": 0, "firehouseDist": 2, "pop": 2729}