{"buildingID": 13940, "county": "\u666e\u9640", "town": "\u771f\u5982\u9547", "circleNum": 1, "builtYear": "pre1978", "builtHeight": 99, "storeNum": 33, "floorArea": 1391.43783939, "buildArea": 45917.4486997, "seiFort": "1", "keyFire": 0, "firehouseDist": 2, "pop": 1836}