{"buildingID": 6586, "county": "\u666e\u9640", "town": "\u6843\u6d66\u9547", "circleNum": 2, "builtYear": "1991", "builtHeight": 18, "storeNum": 6, "floorArea": 480.846076804, "buildArea": 2885.07646082, "seiFort": "2", "keyFire": 0, "firehouseDist": 1, "pop": 577}