{"buildingID": 28164, "county": "\u666e\u9640", "town": "\u957f\u98ce\u65b0\u6751\u8857\u9053", "circleNum": 1, "builtYear": "pre1978", "builtHeight": 98, "storeNum": 32, "floorArea": 1614.44547743, "buildArea": 51662.2552778, "seiFort": "1", "keyFire": 0, "firehouseDist": 3, "pop": 2066}