{"buildingID": 21378, "county": "\u666e\u9640", "town": "\u771f\u5982\u9547", "circleNum": 1, "builtYear": "1979-1985", "builtHeight": 15, "storeNum": 5, "floorArea": 578.752975698, "buildArea": 2893.76487849, "seiFort": "2", "keyFire": 0, "firehouseDist": 1, "pop": 578}