{"buildingID": 8674, "county": "\u666e\u9640", "town": "\u7518\u6cc9\u8def\u8857\u9053", "circleNum": 1, "builtYear": "1995", "builtHeight": 18, "storeNum": 6, "floorArea": 324.258608269, "buildArea": 1945.55164962, "seiFort": "2", "keyFire": 0, "firehouseDist": 3, "pop": 389}