{"buildingID": 26292, "county": "\u666e\u9640", "town": "\u957f\u98ce\u65b0\u6751\u8857\u9053", "circleNum": 0, "builtYear": "pre1978", "builtHeight": 3, "storeNum": 1, "floorArea": 109.548170447, "buildArea": 109.548170447, "seiFort": "1", "keyFire": 1, "firehouseDist": 2, "pop": 5}