{"buildingID": 5519, "county": "\u666e\u9640", "town": "\u6843\u6d66\u9547", "circleNum": 2, "builtYear": "1997", "builtHeight": 14, "storeNum": 4, "floorArea": 424.783682441, "buildArea": 1699.13472976, "seiFort": "2", "keyFire": 0, "firehouseDist": 2, "pop": 339}