{"buildingID": 20129, "county": "\u666e\u9640", "town": "\u957f\u5bff\u8def\u8857\u9053", "circleNum": 0, "builtYear": "1979-1985", "builtHeight": 17, "storeNum": 5, "floorArea": 667.15251156, "buildArea": 3335.7625578, "seiFort": "2", "keyFire": 0, "firehouseDist": 2, "pop": 667}