{"buildingID": 26884, "county": "\u666e\u9640", "town": "\u957f\u5f81\u9547", "circleNum": 1, "builtYear": "1979-1985", "builtHeight": 12, "storeNum": 4, "floorArea": 1470.01796276, "buildArea": 5880.07185105, "seiFort": "2", "keyFire": 0, "firehouseDist": 2, "pop": 1176}