{"buildingID": 10935, "county": "\u666e\u9640", "town": "\u957f\u5f81\u9547", "circleNum": 1, "builtYear": "1979-1985", "builtHeight": 11, "storeNum": 3, "floorArea": 1203.00597718, "buildArea": 3609.01793153, "seiFort": "2", "keyFire": 0, "firehouseDist": 3, "pop": 721}