{"buildingID": 2186, "county": "\u666e\u9640", "town": "\u6843\u6d66\u9547", "circleNum": 2, "builtYear": "1989", "builtHeight": 13, "storeNum": 4, "floorArea": 770.050240539, "buildArea": 3080.20096215, "seiFort": "2", "keyFire": 0, "firehouseDist": 2, "pop": 616}