{"buildingID": 5117, "county": "\u666e\u9640", "town": "\u6843\u6d66\u9547", "circleNum": 2, "builtYear": "2010", "builtHeight": 38, "storeNum": 12, "floorArea": 836.804338033, "buildArea": 10041.6520564, "seiFort": "3", "keyFire": 0, "firehouseDist": 2, "pop": 2008}