{"buildingID": 18020, "county": "\u666e\u9640", "town": "\u957f\u5f81\u9547", "circleNum": 2, "builtYear": "1995", "builtHeight": 47, "storeNum": 15, "floorArea": 684.989302654, "buildArea": 10274.8395398, "seiFort": "2", "keyFire": 0, "firehouseDist": 1, "pop": 2054}