{"buildingID": 11156, "county": "\u666e\u9640", "town": "\u771f\u5982\u9547", "circleNum": 2, "builtYear": "1996", "builtHeight": 54, "storeNum": 18, "floorArea": 1116.66128145, "buildArea": 20099.9030661, "seiFort": "2", "keyFire": 0, "firehouseDist": 2, "pop": 4019}