{"buildingID": 14986, "county": "\u666e\u9640", "town": "\u771f\u5982\u9547", "circleNum": 2, "builtYear": "1994", "builtHeight": 23, "storeNum": 7, "floorArea": 797.935708343, "buildArea": 5585.5499584, "seiFort": "2", "keyFire": 0, "firehouseDist": 1, "pop": 1117}