{"buildingID": 27408, "county": "\u666e\u9640", "town": "\u957f\u98ce\u65b0\u6751\u8857\u9053", "circleNum": 0, "builtYear": "pre1978", "builtHeight": 50, "storeNum": 16, "floorArea": 866.052158034, "buildArea": 13856.8345285, "seiFort": "1", "keyFire": 0, "firehouseDist": 1, "pop": 692}