{"buildingID": 2591, "county": "\u666e\u9640", "town": "\u6843\u6d66\u9547", "circleNum": 2, "builtYear": "2001", "builtHeight": 10, "storeNum": 3, "floorArea": 1675.27200507, "buildArea": 5025.81601521, "seiFort": "3", "keyFire": 0, "firehouseDist": 1, "pop": 1005}