{"buildingID": 28586, "county": "\u666e\u9640", "town": "\u957f\u98ce\u65b0\u6751\u8857\u9053", "circleNum": 1, "builtYear": "pre1978", "builtHeight": 9, "storeNum": 3, "floorArea": 153.198210851, "buildArea": 459.594632552, "seiFort": "1", "keyFire": 0, "firehouseDist": 3, "pop": 18}