{"buildingID": 23714, "county": "\u666e\u9640", "town": "\u66f9\u6768\u65b0\u6751\u8857\u9053", "circleNum": 1, "builtYear": "1979-1985", "builtHeight": 22, "storeNum": 7, "floorArea": 2356.50305098, "buildArea": 16495.5213569, "seiFort": "2", "keyFire": 0, "firehouseDist": 1, "pop": 3299}