{"buildingID": 4252, "county": "\u666e\u9640", "town": "\u6843\u6d66\u9547", "circleNum": 2, "builtYear": "2001", "builtHeight": 45, "storeNum": 15, "floorArea": 131.944718559, "buildArea": 1979.17077838, "seiFort": "3", "keyFire": 0, "firehouseDist": 2, "pop": 65}