{"buildingID": 23441, "county": "\u666e\u9640", "town": "\u957f\u5f81\u9547", "circleNum": 1, "builtYear": "1991", "builtHeight": 15, "storeNum": 5, "floorArea": 1049.15920836, "buildArea": 5245.79604182, "seiFort": "2", "keyFire": 0, "firehouseDist": 1, "pop": 1049}