{"buildingID": 19322, "county": "\u666e\u9640", "town": "\u957f\u98ce\u65b0\u6751\u8857\u9053", "circleNum": 1, "builtYear": "1987", "builtHeight": 20, "storeNum": 6, "floorArea": 429.966050772, "buildArea": 2579.79630463, "seiFort": "2", "keyFire": 0, "firehouseDist": 3, "pop": 515}