{"buildingID": 26698, "county": "\u666e\u9640", "town": "\u957f\u98ce\u65b0\u6751\u8857\u9053", "circleNum": 1, "builtYear": "1991", "builtHeight": 5, "storeNum": 1, "floorArea": 62.4803735545, "buildArea": 62.4803735545, "seiFort": "2", "keyFire": 0, "firehouseDist": 3, "pop": 2}