{"buildingID": 28003, "county": "\u666e\u9640", "town": "\u957f\u98ce\u65b0\u6751\u8857\u9053", "circleNum": 0, "builtYear": "1979-1985", "builtHeight": 49, "storeNum": 16, "floorArea": 575.836492047, "buildArea": 9213.38387275, "seiFort": "2", "keyFire": 0, "firehouseDist": 2, "pop": 1842}