{"buildingID": 13508, "county": "\u666e\u9640", "town": "\u771f\u5982\u9547", "circleNum": 2, "builtYear": "pre1978", "builtHeight": 18, "storeNum": 6, "floorArea": 1000.80286542, "buildArea": 6004.81719253, "seiFort": "1", "keyFire": 0, "firehouseDist": 1, "pop": 200}