{"buildingID": 20562, "county": "\u666e\u9640", "town": "\u771f\u5982\u9547", "circleNum": 1, "builtYear": "pre1978", "builtHeight": 21, "storeNum": 7, "floorArea": 363.469508288, "buildArea": 2544.28655802, "seiFort": "1", "keyFire": 0, "firehouseDist": 1, "pop": 101}