{"buildingID": 2541, "county": "\u666e\u9640", "town": "\u6843\u6d66\u9547", "circleNum": 2, "builtYear": "2004", "builtHeight": 11, "storeNum": 3, "floorArea": 849.624712437, "buildArea": 2548.87413731, "seiFort": "3", "keyFire": 0, "firehouseDist": 2, "pop": 509}