{"buildingID": 11904, "county": "\u666e\u9640", "town": "\u771f\u5982\u9547", "circleNum": 1, "builtYear": "pre1978", "builtHeight": 17, "storeNum": 5, "floorArea": 620.692613911, "buildArea": 3103.46306956, "seiFort": "1", "keyFire": 0, "firehouseDist": 2, "pop": 124}