{"buildingID": 13981, "county": "\u666e\u9640", "town": "\u771f\u5982\u9547", "circleNum": 2, "builtYear": "1994", "builtHeight": 16, "storeNum": 5, "floorArea": 113.059808043, "buildArea": 565.299040217, "seiFort": "2", "keyFire": 0, "firehouseDist": 1, "pop": 18}