{"buildingID": 28951, "county": "\u666e\u9640", "town": "\u957f\u98ce\u65b0\u6751\u8857\u9053", "circleNum": 1, "builtYear": "1979-1985", "builtHeight": 51, "storeNum": 17, "floorArea": 132.937055039, "buildArea": 2259.92993567, "seiFort": "2", "keyFire": 0, "firehouseDist": 4, "pop": 90}