{"buildingID": 27033, "county": "\u666e\u9640", "town": "\u957f\u98ce\u65b0\u6751\u8857\u9053", "circleNum": 0, "builtYear": "2002", "builtHeight": 101, "storeNum": 33, "floorArea": 332.643905718, "buildArea": 10977.2488887, "seiFort": "3", "keyFire": 0, "firehouseDist": 1, "pop": 2195}