{"buildingID": 21734, "county": "\u666e\u9640", "town": "\u66f9\u6768\u65b0\u6751\u8857\u9053", "circleNum": 1, "builtYear": "pre1978", "builtHeight": 8, "storeNum": 2, "floorArea": 265.339351121, "buildArea": 530.678702242, "seiFort": "1", "keyFire": 0, "firehouseDist": 1, "pop": 21}