{"buildingID": 15449, "county": "\u666e\u9640", "town": "\u77f3\u6cc9\u8def\u8857\u9053", "circleNum": 1, "builtYear": "2015", "builtHeight": 13, "storeNum": 4, "floorArea": 673.491638043, "buildArea": 2693.96655217, "seiFort": "3", "keyFire": 0, "firehouseDist": 2, "pop": 538}