{"buildingID": 27739, "county": "\u666e\u9640", "town": "\u957f\u98ce\u65b0\u6751\u8857\u9053", "circleNum": 1, "builtYear": "1987", "builtHeight": 9, "storeNum": 3, "floorArea": 472.587908412, "buildArea": 1417.76372523, "seiFort": "2", "keyFire": 0, "firehouseDist": 2, "pop": 283}