{"buildingID": 12050, "county": "\u666e\u9640", "town": "\u771f\u5982\u9547", "circleNum": 1, "builtYear": "pre1978", "builtHeight": 35, "storeNum": 11, "floorArea": 56.2609773279, "buildArea": 618.870750607, "seiFort": "1", "keyFire": 0, "firehouseDist": 2, "pop": 24}