{"buildingID": 14514, "county": "\u666e\u9640", "town": "\u771f\u5982\u9547", "circleNum": 2, "builtYear": "1995", "builtHeight": 16, "storeNum": 5, "floorArea": 312.715999236, "buildArea": 1563.57999618, "seiFort": "2", "keyFire": 0, "firehouseDist": 1, "pop": 312}