{"buildingID": 21232, "county": "\u666e\u9640", "town": "\u771f\u5982\u9547", "circleNum": 1, "builtYear": "pre1978", "builtHeight": 16, "storeNum": 5, "floorArea": 1110.46053275, "buildArea": 5552.30266377, "seiFort": "1", "keyFire": 0, "firehouseDist": 1, "pop": 222}