{"buildingID": 5449, "county": "\u666e\u9640", "town": "\u6843\u6d66\u9547", "circleNum": 2, "builtYear": "1992", "builtHeight": 104, "storeNum": 34, "floorArea": 999.612120455, "buildArea": 33986.8120955, "seiFort": "2", "keyFire": 0, "firehouseDist": 2, "pop": 6797}