{"buildingID": 8194, "county": "\u666e\u9640", "town": "\u7518\u6cc9\u8def\u8857\u9053", "circleNum": 1, "builtYear": "1988", "builtHeight": 19, "storeNum": 6, "floorArea": 268.980995438, "buildArea": 1613.88597263, "seiFort": "2", "keyFire": 0, "firehouseDist": 3, "pop": 322}