{"buildingID": 28470, "county": "\u666e\u9640", "town": "\u957f\u98ce\u65b0\u6751\u8857\u9053", "circleNum": 0, "builtYear": "pre1978", "builtHeight": 6, "storeNum": 2, "floorArea": 683.300084579, "buildArea": 1366.60016916, "seiFort": "1", "keyFire": 0, "firehouseDist": 2, "pop": 68}