{"buildingID": 26545, "county": "\u666e\u9640", "town": "\u957f\u98ce\u65b0\u6751\u8857\u9053", "circleNum": 0, "builtYear": "1979-1985", "builtHeight": 15, "storeNum": 5, "floorArea": 627.121184069, "buildArea": 3135.60592034, "seiFort": "2", "keyFire": 0, "firehouseDist": 2, "pop": 627}