{"buildingID": 11298, "county": "\u666e\u9640", "town": "\u771f\u5982\u9547", "circleNum": 2, "builtYear": "1979-1985", "builtHeight": 30, "storeNum": 10, "floorArea": 1391.48147823, "buildArea": 13914.8147823, "seiFort": "2", "keyFire": 0, "firehouseDist": 2, "pop": 2782}