{"buildingID": 12946, "county": "\u666e\u9640", "town": "\u771f\u5982\u9547", "circleNum": 1, "builtYear": "1979-1985", "builtHeight": 23, "storeNum": 7, "floorArea": 143.215542926, "buildArea": 1002.50880048, "seiFort": "2", "keyFire": 0, "firehouseDist": 2, "pop": 40}