{"buildingID": 21180, "county": "\u666e\u9640", "town": "\u66f9\u6768\u65b0\u6751\u8857\u9053", "circleNum": 1, "builtYear": "pre1978", "builtHeight": 15, "storeNum": 5, "floorArea": 508.500756218, "buildArea": 2542.50378109, "seiFort": "1", "keyFire": 0, "firehouseDist": 1, "pop": 101}