{"buildingID": 23359, "county": "\u666e\u9640", "town": "\u957f\u5f81\u9547", "circleNum": 2, "builtYear": "1993", "builtHeight": 22, "storeNum": 7, "floorArea": 1023.84792873, "buildArea": 7166.93550111, "seiFort": "2", "keyFire": 0, "firehouseDist": 2, "pop": 1433}