{"buildingID": 196, "county": "\u666e\u9640", "town": "\u6843\u6d66\u9547", "circleNum": 3, "builtYear": "2008", "builtHeight": 54, "storeNum": 18, "floorArea": 811.752164546, "buildArea": 14611.5389618, "seiFort": "3", "keyFire": 0, "firehouseDist": 3, "pop": 2922}