{"buildingID": 15145, "county": "\u666e\u9640", "town": "\u771f\u5982\u9547", "circleNum": 2, "builtYear": "1995", "builtHeight": 19, "storeNum": 6, "floorArea": 524.283140191, "buildArea": 3145.69884115, "seiFort": "2", "keyFire": 0, "firehouseDist": 1, "pop": 629}