{"buildingID": 8631, "county": "\u666e\u9640", "town": "\u957f\u5f81\u9547", "circleNum": 1, "builtYear": "1979-1985", "builtHeight": 8, "storeNum": 2, "floorArea": 811.319690389, "buildArea": 1622.63938078, "seiFort": "2", "keyFire": 0, "firehouseDist": 1, "pop": 324}