{"buildingID": 21196, "county": "\u666e\u9640", "town": "\u66f9\u6768\u65b0\u6751\u8857\u9053", "circleNum": 1, "builtYear": "pre1978", "builtHeight": 13, "storeNum": 4, "floorArea": 118.570666074, "buildArea": 474.282664296, "seiFort": "1", "keyFire": 0, "firehouseDist": 1, "pop": 18}