{"buildingID": 15704, "county": "\u666e\u9640", "town": "\u771f\u5982\u9547", "circleNum": 2, "builtYear": "pre1978", "builtHeight": 34, "storeNum": 11, "floorArea": 725.116291604, "buildArea": 7976.27920764, "seiFort": "1", "keyFire": 0, "firehouseDist": 1, "pop": 265}