{"buildingID": 29340, "county": "\u666e\u9640", "town": "\u957f\u98ce\u65b0\u6751\u8857\u9053", "circleNum": 1, "builtYear": "pre1978", "builtHeight": 9, "storeNum": 3, "floorArea": 69.8027832209, "buildArea": 209.408349663, "seiFort": "1", "keyFire": 0, "firehouseDist": 3, "pop": 8}