{"buildingID": 21243, "county": "\u666e\u9640", "town": "\u957f\u5f81\u9547", "circleNum": 2, "builtYear": "1998", "builtHeight": 15, "storeNum": 5, "floorArea": 1008.45328582, "buildArea": 5042.26642908, "seiFort": "2", "keyFire": 0, "firehouseDist": 1, "pop": 1008}