{"buildingID": 20178, "county": "\u666e\u9640", "town": "\u66f9\u6768\u65b0\u6751\u8857\u9053", "circleNum": 1, "builtYear": "2010", "builtHeight": 68, "storeNum": 22, "floorArea": 115.571595295, "buildArea": 2542.5750965, "seiFort": "3", "keyFire": 0, "firehouseDist": 2, "pop": 101}