{"buildingID": 20688, "county": "\u666e\u9640", "town": "\u77f3\u6cc9\u8def\u8857\u9053", "circleNum": 1, "builtYear": "1979-1985", "builtHeight": 7, "storeNum": 2, "floorArea": 416.152942804, "buildArea": 832.305885607, "seiFort": "2", "keyFire": 0, "firehouseDist": 2, "pop": 166}