{"buildingID": 27016, "county": "\u666e\u9640", "town": "\u957f\u98ce\u65b0\u6751\u8857\u9053", "circleNum": 0, "builtYear": "pre1978", "builtHeight": 57, "storeNum": 19, "floorArea": 60.2861424458, "buildArea": 1145.43670647, "seiFort": "1", "keyFire": 0, "firehouseDist": 1, "pop": 57}