{"buildingID": 19532, "county": "\u666e\u9640", "town": "\u957f\u98ce\u65b0\u6751\u8857\u9053", "circleNum": 1, "builtYear": "1979-1985", "builtHeight": 20, "storeNum": 6, "floorArea": 495.304975943, "buildArea": 2971.82985566, "seiFort": "2", "keyFire": 0, "firehouseDist": 3, "pop": 594}