{"buildingID": 9863, "county": "\u666e\u9640", "town": "\u771f\u5982\u9547", "circleNum": 1, "builtYear": "1993", "builtHeight": 12, "storeNum": 4, "floorArea": 671.331912327, "buildArea": 2685.32764931, "seiFort": "2", "keyFire": 0, "firehouseDist": 2, "pop": 537}