{"buildingID": 12511, "county": "\u666e\u9640", "town": "\u77f3\u6cc9\u8def\u8857\u9053", "circleNum": 1, "builtYear": "1979-1985", "builtHeight": 23, "storeNum": 7, "floorArea": 191.504077116, "buildArea": 1340.52853981, "seiFort": "2", "keyFire": 0, "firehouseDist": 3, "pop": 268}