{"buildingID": 12876, "county": "\u666e\u9640", "town": "\u5b9c\u5ddd\u8def\u8857\u9053", "circleNum": 1, "builtYear": "1979-1985", "builtHeight": 19, "storeNum": 6, "floorArea": 227.527530638, "buildArea": 1365.16518383, "seiFort": "2", "keyFire": 1, "firehouseDist": 2, "pop": 273}