{"buildingID": 26055, "county": "\u666e\u9640", "town": "\u957f\u5f81\u9547", "circleNum": 1, "builtYear": "1979-1985", "builtHeight": 14, "storeNum": 4, "floorArea": 499.827618988, "buildArea": 1999.31047595, "seiFort": "2", "keyFire": 0, "firehouseDist": 2, "pop": 399}