{"buildingID": 1844, "county": "\u666e\u9640", "town": "\u6843\u6d66\u9547", "circleNum": 2, "builtYear": "2007", "builtHeight": 10, "storeNum": 3, "floorArea": 265.310516647, "buildArea": 795.931549941, "seiFort": "3", "keyFire": 0, "firehouseDist": 1, "pop": 159}