{"buildingID": 15118, "county": "\u666e\u9640", "town": "\u771f\u5982\u9547", "circleNum": 1, "builtYear": "1997", "builtHeight": 3, "storeNum": 1, "floorArea": 1217.07212986, "buildArea": 1217.07212986, "seiFort": "2", "keyFire": 0, "firehouseDist": 2, "pop": 243}