{"buildingID": 15002, "county": "\u666e\u9640", "town": "\u771f\u5982\u9547", "circleNum": 2, "builtYear": "1997", "builtHeight": 18, "storeNum": 6, "floorArea": 1010.81548289, "buildArea": 6064.89289733, "seiFort": "2", "keyFire": 0, "firehouseDist": 1, "pop": 1212}