{"buildingID": 10655, "county": "\u666e\u9640", "town": "\u771f\u5982\u9547", "circleNum": 2, "builtYear": "1996", "builtHeight": 18, "storeNum": 6, "floorArea": 1601.45275965, "buildArea": 9608.71655791, "seiFort": "2", "keyFire": 0, "firehouseDist": 2, "pop": 1921}