{"buildingID": 21444, "county": "\u666e\u9640", "town": "\u771f\u5982\u9547", "circleNum": 1, "builtYear": "pre1978", "builtHeight": 57, "storeNum": 19, "floorArea": 79.3408390731, "buildArea": 1507.47594239, "seiFort": "1", "keyFire": 0, "firehouseDist": 1, "pop": 60}