{"buildingID": 27269, "county": "\u666e\u9640", "town": "\u957f\u98ce\u65b0\u6751\u8857\u9053", "circleNum": 0, "builtYear": "pre1978", "builtHeight": 55, "storeNum": 18, "floorArea": 50.24648479, "buildArea": 904.436726221, "seiFort": "1", "keyFire": 0, "firehouseDist": 2, "pop": 45}