{"buildingID": 12765, "county": "\u666e\u9640", "town": "\u771f\u5982\u9547", "circleNum": 1, "builtYear": "1979-1985", "builtHeight": 86, "storeNum": 28, "floorArea": 802.288737636, "buildArea": 22464.0846538, "seiFort": "2", "keyFire": 1, "firehouseDist": 2, "pop": 4492}