{"buildingID": 8408, "county": "\u666e\u9640", "town": "\u771f\u5982\u9547", "circleNum": 2, "builtYear": "1994", "builtHeight": 17, "storeNum": 5, "floorArea": 360.326889248, "buildArea": 1801.63444624, "seiFort": "2", "keyFire": 0, "firehouseDist": 1, "pop": 360}