{"buildingID": 28756, "county": "\u666e\u9640", "town": "\u957f\u98ce\u65b0\u6751\u8857\u9053", "circleNum": 1, "builtYear": "1998", "builtHeight": 8, "storeNum": 2, "floorArea": 10899.8814913, "buildArea": 21799.7629827, "seiFort": "2", "keyFire": 0, "firehouseDist": 3, "pop": 4359}