{"buildingID": 16607, "county": "\u666e\u9640", "town": "\u771f\u5982\u9547", "circleNum": 2, "builtYear": "pre1978", "builtHeight": 11, "storeNum": 3, "floorArea": 1002.09373535, "buildArea": 3006.28120605, "seiFort": "1", "keyFire": 0, "firehouseDist": 1, "pop": 100}