{"buildingID": 11764, "county": "\u666e\u9640", "town": "\u771f\u5982\u9547", "circleNum": 2, "builtYear": "1992", "builtHeight": 11, "storeNum": 3, "floorArea": 161.556042527, "buildArea": 484.668127581, "seiFort": "2", "keyFire": 0, "firehouseDist": 2, "pop": 16}