{"buildingID": 9609, "county": "\u666e\u9640", "town": "\u7518\u6cc9\u8def\u8857\u9053", "circleNum": 1, "builtYear": "1979-1985", "builtHeight": 61, "storeNum": 20, "floorArea": 1802.74888283, "buildArea": 36054.9776566, "seiFort": "2", "keyFire": 0, "firehouseDist": 3, "pop": 7210}