{"buildingID": 20257, "county": "\u666e\u9640", "town": "\u77f3\u6cc9\u8def\u8857\u9053", "circleNum": 1, "builtYear": "2004", "builtHeight": 3, "storeNum": 1, "floorArea": 1057.39484863, "buildArea": 1057.39484863, "seiFort": "3", "keyFire": 0, "firehouseDist": 1, "pop": 211}