{"buildingID": 12589, "county": "\u666e\u9640", "town": "\u771f\u5982\u9547", "circleNum": 2, "builtYear": "1997", "builtHeight": 6, "storeNum": 2, "floorArea": 267.210674929, "buildArea": 534.421349858, "seiFort": "2", "keyFire": 0, "firehouseDist": 2, "pop": 106}