{"buildingID": 24230, "county": "\u666e\u9640", "town": "\u66f9\u6768\u65b0\u6751\u8857\u9053", "circleNum": 1, "builtYear": "1979-1985", "builtHeight": 27, "storeNum": 9, "floorArea": 56.2841870872, "buildArea": 506.557683785, "seiFort": "2", "keyFire": 0, "firehouseDist": 1, "pop": 20}