{"buildingID": 4411, "county": "\u666e\u9640", "town": "\u6843\u6d66\u9547", "circleNum": 2, "builtYear": "2004", "builtHeight": 14, "storeNum": 4, "floorArea": 2017.48553305, "buildArea": 8069.9421322, "seiFort": "3", "keyFire": 0, "firehouseDist": 3, "pop": 1613}