{"buildingID": 14706, "county": "\u666e\u9640", "town": "\u77f3\u6cc9\u8def\u8857\u9053", "circleNum": 1, "builtYear": "1991", "builtHeight": 18, "storeNum": 6, "floorArea": 284.46097874, "buildArea": 1706.76587244, "seiFort": "2", "keyFire": 0, "firehouseDist": 2, "pop": 341}