{"buildingID": 5729, "county": "\u666e\u9640", "town": "\u6843\u6d66\u9547", "circleNum": 2, "builtYear": "1979-1985", "builtHeight": 58, "storeNum": 19, "floorArea": 111.307511569, "buildArea": 2114.84271981, "seiFort": "2", "keyFire": 0, "firehouseDist": 2, "pop": 70}