{"buildingID": 13361, "county": "\u666e\u9640", "town": "\u771f\u5982\u9547", "circleNum": 1, "builtYear": "1994", "builtHeight": 58, "storeNum": 19, "floorArea": 48.1810555124, "buildArea": 915.440054737, "seiFort": "2", "keyFire": 0, "firehouseDist": 2, "pop": 36}