{"buildingID": 11006, "county": "\u666e\u9640", "town": "\u771f\u5982\u9547", "circleNum": 1, "builtYear": "pre1978", "builtHeight": 82, "storeNum": 27, "floorArea": 95.7542805799, "buildArea": 2585.36557566, "seiFort": "1", "keyFire": 0, "firehouseDist": 2, "pop": 103}