{"buildingID": 4628, "county": "\u666e\u9640", "town": "\u6843\u6d66\u9547", "circleNum": 2, "builtYear": "1997", "builtHeight": 15, "storeNum": 5, "floorArea": 358.559499766, "buildArea": 1792.79749883, "seiFort": "2", "keyFire": 0, "firehouseDist": 2, "pop": 358}