{"buildingID": 23357, "county": "\u666e\u9640", "town": "\u957f\u5f81\u9547", "circleNum": 2, "builtYear": "1992", "builtHeight": 21, "storeNum": 7, "floorArea": 1010.90795702, "buildArea": 7076.35569912, "seiFort": "2", "keyFire": 0, "firehouseDist": 1, "pop": 1415}