{"buildingID": 10986, "county": "\u666e\u9640", "town": "\u771f\u5982\u9547", "circleNum": 1, "builtYear": "1995", "builtHeight": 70, "storeNum": 23, "floorArea": 88.2592575663, "buildArea": 2029.96292403, "seiFort": "2", "keyFire": 0, "firehouseDist": 2, "pop": 81}