{"buildingID": 15062, "county": "\u666e\u9640", "town": "\u771f\u5982\u9547", "circleNum": 2, "builtYear": "2000", "builtHeight": 18, "storeNum": 6, "floorArea": 273.021551469, "buildArea": 1638.12930882, "seiFort": "3", "keyFire": 0, "firehouseDist": 1, "pop": 327}