{"buildingID": 6177, "county": "\u666e\u9640", "town": "\u6843\u6d66\u9547", "circleNum": 2, "builtYear": "1979-1985", "builtHeight": 41, "storeNum": 13, "floorArea": 787.949734546, "buildArea": 10243.3465491, "seiFort": "2", "keyFire": 0, "firehouseDist": 2, "pop": 2048}