{"buildingID": 13360, "county": "\u666e\u9640", "town": "\u771f\u5982\u9547", "circleNum": 1, "builtYear": "pre1978", "builtHeight": 58, "storeNum": 19, "floorArea": 108.899981315, "buildArea": 2069.09964499, "seiFort": "1", "keyFire": 1, "firehouseDist": 2, "pop": 82}