{"buildingID": 9112, "county": "\u666e\u9640", "town": "\u7518\u6cc9\u8def\u8857\u9053", "circleNum": 1, "builtYear": "1979-1985", "builtHeight": 19, "storeNum": 6, "floorArea": 608.522505179, "buildArea": 3651.13503107, "seiFort": "2", "keyFire": 0, "firehouseDist": 3, "pop": 730}