{"buildingID": 18312, "county": "\u666e\u9640", "town": "\u957f\u5f81\u9547", "circleNum": 2, "builtYear": "1979-1985", "builtHeight": 16, "storeNum": 5, "floorArea": 557.752221388, "buildArea": 2788.76110694, "seiFort": "2", "keyFire": 0, "firehouseDist": 2, "pop": 557}