{"buildingID": 12258, "county": "\u666e\u9640", "town": "\u771f\u5982\u9547", "circleNum": 1, "builtYear": "1987", "builtHeight": 25, "storeNum": 8, "floorArea": 233.222807938, "buildArea": 1865.78246351, "seiFort": "2", "keyFire": 0, "firehouseDist": 1, "pop": 373}