{"buildingID": 5419, "county": "\u666e\u9640", "town": "\u6843\u6d66\u9547", "circleNum": 2, "builtYear": "2005", "builtHeight": 43, "storeNum": 14, "floorArea": 111.020614445, "buildArea": 1554.28860224, "seiFort": "3", "keyFire": 0, "firehouseDist": 1, "pop": 51}