{"buildingID": 10691, "county": "\u666e\u9640", "town": "\u771f\u5982\u9547", "circleNum": 2, "builtYear": "2016", "builtHeight": 47, "storeNum": 15, "floorArea": 1503.23339634, "buildArea": 22548.5009451, "seiFort": "3", "keyFire": 0, "firehouseDist": 2, "pop": 4509}