{"buildingID": 4317, "county": "\u666e\u9640", "town": "\u6843\u6d66\u9547", "circleNum": 2, "builtYear": "2013", "builtHeight": 11, "storeNum": 3, "floorArea": 988.891279261, "buildArea": 2966.67383778, "seiFort": "3", "keyFire": 0, "firehouseDist": 3, "pop": 593}