{"buildingID": 11846, "county": "\u666e\u9640", "town": "\u771f\u5982\u9547", "circleNum": 1, "builtYear": "1979-1985", "builtHeight": 16, "storeNum": 5, "floorArea": 570.925539616, "buildArea": 2854.62769808, "seiFort": "2", "keyFire": 0, "firehouseDist": 2, "pop": 570}