{"buildingID": 23004, "county": "\u666e\u9640", "town": "\u957f\u5bff\u8def\u8857\u9053", "circleNum": 0, "builtYear": "1991", "builtHeight": 62, "storeNum": 20, "floorArea": 1478.28398613, "buildArea": 29565.6797225, "seiFort": "2", "keyFire": 0, "firehouseDist": 1, "pop": 5913}