{"buildingID": 18210, "county": "\u666e\u9640", "town": "\u957f\u5f81\u9547", "circleNum": 2, "builtYear": "2001", "builtHeight": 22, "storeNum": 7, "floorArea": 740.216295597, "buildArea": 5181.51406918, "seiFort": "3", "keyFire": 0, "firehouseDist": 2, "pop": 1036}