{"buildingID": 11691, "county": "\u666e\u9640", "town": "\u771f\u5982\u9547", "circleNum": 2, "builtYear": "2015", "builtHeight": 28, "storeNum": 9, "floorArea": 35.0301060445, "buildArea": 315.270954401, "seiFort": "3", "keyFire": 0, "firehouseDist": 2, "pop": 10}