{"buildingID": 5558, "county": "\u666e\u9640", "town": "\u6843\u6d66\u9547", "circleNum": 2, "builtYear": "2007", "builtHeight": 34, "storeNum": 11, "floorArea": 71.5287529385, "buildArea": 786.816282324, "seiFort": "3", "keyFire": 0, "firehouseDist": 1, "pop": 26}