{"buildingID": 4244, "county": "\u666e\u9640", "town": "\u6843\u6d66\u9547", "circleNum": 2, "builtYear": "2005", "builtHeight": 83, "storeNum": 27, "floorArea": 70.6662260728, "buildArea": 1907.98810397, "seiFort": "3", "keyFire": 0, "firehouseDist": 2, "pop": 63}