{"buildingID": 23622, "county": "\u666e\u9640", "town": "\u66f9\u6768\u65b0\u6751\u8857\u9053", "circleNum": 1, "builtYear": "1979-1985", "builtHeight": 17, "storeNum": 5, "floorArea": 694.850285623, "buildArea": 3474.25142812, "seiFort": "2", "keyFire": 0, "firehouseDist": 1, "pop": 694}