{"buildingID": 851, "county": "\u666e\u9640", "town": "\u6843\u6d66\u9547", "circleNum": 3, "builtYear": "1995", "builtHeight": 18, "storeNum": 6, "floorArea": 1529.70610191, "buildArea": 9178.23661145, "seiFort": "2", "keyFire": 1, "firehouseDist": 3, "pop": 1835}