{"buildingID": 14538, "county": "\u666e\u9640", "town": "\u771f\u5982\u9547", "circleNum": 2, "builtYear": "1997", "builtHeight": 14, "storeNum": 4, "floorArea": 702.08910577, "buildArea": 2808.35642308, "seiFort": "2", "keyFire": 0, "firehouseDist": 1, "pop": 561}