{"buildingID": 12722, "county": "\u666e\u9640", "town": "\u771f\u5982\u9547", "circleNum": 1, "builtYear": "pre1978", "builtHeight": 22, "storeNum": 7, "floorArea": 507.817604532, "buildArea": 3554.72323173, "seiFort": "1", "keyFire": 0, "firehouseDist": 2, "pop": 142}