{"buildingID": 10470, "county": "\u666e\u9640", "town": "\u7518\u6cc9\u8def\u8857\u9053", "circleNum": 1, "builtYear": "1979-1985", "builtHeight": 6, "storeNum": 2, "floorArea": 364.08680842, "buildArea": 728.17361684, "seiFort": "2", "keyFire": 0, "firehouseDist": 2, "pop": 145}