{"buildingID": 5522, "county": "\u666e\u9640", "town": "\u6843\u6d66\u9547", "circleNum": 2, "builtYear": "1994", "builtHeight": 16, "storeNum": 5, "floorArea": 523.722353482, "buildArea": 2618.61176741, "seiFort": "2", "keyFire": 0, "firehouseDist": 2, "pop": 523}