{"buildingID": 4219, "county": "\u666e\u9640", "town": "\u6843\u6d66\u9547", "circleNum": 2, "builtYear": "2003", "builtHeight": 49, "storeNum": 16, "floorArea": 414.589484118, "buildArea": 6633.43174589, "seiFort": "3", "keyFire": 0, "firehouseDist": 2, "pop": 1326}