{"buildingID": 1873, "county": "\u666e\u9640", "town": "\u6843\u6d66\u9547", "circleNum": 2, "builtYear": "1979-1985", "builtHeight": 17, "storeNum": 5, "floorArea": 850.370563865, "buildArea": 4251.85281932, "seiFort": "2", "keyFire": 0, "firehouseDist": 1, "pop": 850}