{"buildingID": 27420, "county": "\u666e\u9640", "town": "\u957f\u98ce\u65b0\u6751\u8857\u9053", "circleNum": 0, "builtYear": "pre1978", "builtHeight": 74, "storeNum": 24, "floorArea": 422.922484512, "buildArea": 10150.1396283, "seiFort": "1", "keyFire": 0, "firehouseDist": 1, "pop": 507}