{"buildingID": 25804, "county": "\u666e\u9640", "town": "\u66f9\u6768\u65b0\u6751\u8857\u9053", "circleNum": 1, "builtYear": "1989", "builtHeight": 21, "storeNum": 7, "floorArea": 536.046138896, "buildArea": 3752.32297227, "seiFort": "2", "keyFire": 0, "firehouseDist": 2, "pop": 750}