{"buildingID": 18560, "county": "\u666e\u9640", "town": "\u957f\u5f81\u9547", "circleNum": 2, "builtYear": "1979-1985", "builtHeight": 13, "storeNum": 4, "floorArea": 1187.69295043, "buildArea": 4750.77180173, "seiFort": "2", "keyFire": 1, "firehouseDist": 2, "pop": 950}