{"buildingID": 3063, "county": "\u666e\u9640", "town": "\u6843\u6d66\u9547", "circleNum": 3, "builtYear": "1979-1985", "builtHeight": 6, "storeNum": 2, "floorArea": 926.239831793, "buildArea": 1852.47966359, "seiFort": "2", "keyFire": 0, "firehouseDist": 4, "pop": 370}