{"buildingID": 13038, "county": "\u666e\u9640", "town": "\u77f3\u6cc9\u8def\u8857\u9053", "circleNum": 1, "builtYear": "1979-1985", "builtHeight": 8, "storeNum": 2, "floorArea": 277.361411992, "buildArea": 554.722823984, "seiFort": "2", "keyFire": 0, "firehouseDist": 3, "pop": 110}