{"buildingID": 6991, "county": "\u666e\u9640", "town": "\u6843\u6d66\u9547", "circleNum": 2, "builtYear": "2008", "builtHeight": 12, "storeNum": 4, "floorArea": 236.655180956, "buildArea": 946.620723824, "seiFort": "3", "keyFire": 0, "firehouseDist": 1, "pop": 189}