{"buildingID": 11923, "county": "\u666e\u9640", "town": "\u771f\u5982\u9547", "circleNum": 1, "builtYear": "1979-1985", "builtHeight": 57, "storeNum": 19, "floorArea": 22.6131743752, "buildArea": 429.650313128, "seiFort": "2", "keyFire": 0, "firehouseDist": 2, "pop": 17}