{"buildingID": 2753, "county": "\u666e\u9640", "town": "\u6843\u6d66\u9547", "circleNum": 3, "builtYear": "1979-1985", "builtHeight": 6, "storeNum": 2, "floorArea": 1971.6013591, "buildArea": 3943.2027182, "seiFort": "2", "keyFire": 0, "firehouseDist": 3, "pop": 788}