{"buildingID": 4646, "county": "\u666e\u9640", "town": "\u6843\u6d66\u9547", "circleNum": 2, "builtYear": "1998", "builtHeight": 14, "storeNum": 4, "floorArea": 359.494263013, "buildArea": 1437.97705205, "seiFort": "2", "keyFire": 0, "firehouseDist": 2, "pop": 287}