{"buildingID": 9687, "county": "\u666e\u9640", "town": "\u7518\u6cc9\u8def\u8857\u9053", "circleNum": 1, "builtYear": "1979-1985", "builtHeight": 56, "storeNum": 18, "floorArea": 598.587183799, "buildArea": 10774.5693084, "seiFort": "2", "keyFire": 0, "firehouseDist": 3, "pop": 2154}