{"buildingID": 11759, "county": "\u666e\u9640", "town": "\u771f\u5982\u9547", "circleNum": 2, "builtYear": "1994", "builtHeight": 13, "storeNum": 4, "floorArea": 779.790897173, "buildArea": 3119.16358869, "seiFort": "2", "keyFire": 0, "firehouseDist": 2, "pop": 623}