{"buildingID": 6293, "county": "\u666e\u9640", "town": "\u6843\u6d66\u9547", "circleNum": 2, "builtYear": "1997", "builtHeight": 11, "storeNum": 3, "floorArea": 254.396990692, "buildArea": 763.190972076, "seiFort": "2", "keyFire": 0, "firehouseDist": 1, "pop": 152}