{"buildingID": 26551, "county": "\u666e\u9640", "town": "\u957f\u98ce\u65b0\u6751\u8857\u9053", "circleNum": 0, "builtYear": "pre1978", "builtHeight": 17, "storeNum": 5, "floorArea": 957.765921259, "buildArea": 4788.82960629, "seiFort": "1", "keyFire": 0, "firehouseDist": 2, "pop": 239}