{"buildingID": 27201, "county": "\u666e\u9640", "town": "\u957f\u98ce\u65b0\u6751\u8857\u9053", "circleNum": 1, "builtYear": "pre1978", "builtHeight": 69, "storeNum": 23, "floorArea": 97.4705584649, "buildArea": 2241.82284469, "seiFort": "1", "keyFire": 0, "firehouseDist": 2, "pop": 89}