{"buildingID": 28331, "county": "\u666e\u9640", "town": "\u957f\u98ce\u65b0\u6751\u8857\u9053", "circleNum": 1, "builtYear": "2015", "builtHeight": 6, "storeNum": 2, "floorArea": 520.875256682, "buildArea": 1041.75051336, "seiFort": "3", "keyFire": 0, "firehouseDist": 2, "pop": 208}