{"buildingID": 4264, "county": "\u666e\u9640", "town": "\u6843\u6d66\u9547", "circleNum": 2, "builtYear": "2010", "builtHeight": 38, "storeNum": 12, "floorArea": 67.7899417994, "buildArea": 813.479301593, "seiFort": "3", "keyFire": 0, "firehouseDist": 2, "pop": 27}