{"buildingID": 12029, "county": "\u666e\u9640", "town": "\u771f\u5982\u9547", "circleNum": 1, "builtYear": "1979-1985", "builtHeight": 5, "storeNum": 1, "floorArea": 364.780759009, "buildArea": 364.780759009, "seiFort": "2", "keyFire": 0, "firehouseDist": 2, "pop": 72}