{"buildingID": 22781, "county": "\u666e\u9640", "town": "\u957f\u98ce\u65b0\u6751\u8857\u9053", "circleNum": 1, "builtYear": "pre1978", "builtHeight": 13, "storeNum": 4, "floorArea": 633.060655581, "buildArea": 2532.24262232, "seiFort": "1", "keyFire": 0, "firehouseDist": 2, "pop": 101}