{"buildingID": 24023, "county": "\u666e\u9640", "town": "\u957f\u5bff\u8def\u8857\u9053", "circleNum": 0, "builtYear": "1979-1985", "builtHeight": 30, "storeNum": 10, "floorArea": 2372.03214994, "buildArea": 23720.3214994, "seiFort": "2", "keyFire": 0, "firehouseDist": 1, "pop": 4744}