{"buildingID": 11547, "county": "\u666e\u9640", "town": "\u771f\u5982\u9547", "circleNum": 1, "builtYear": "pre1978", "builtHeight": 49, "storeNum": 16, "floorArea": 147.531023085, "buildArea": 2360.49636936, "seiFort": "1", "keyFire": 0, "firehouseDist": 2, "pop": 94}