{"buildingID": 3167, "county": "\u666e\u9640", "town": "\u6843\u6d66\u9547", "circleNum": 3, "builtYear": "1979-1985", "builtHeight": 54, "storeNum": 18, "floorArea": 521.505614207, "buildArea": 9387.10105573, "seiFort": "2", "keyFire": 0, "firehouseDist": 3, "pop": 1877}