{"buildingID": 23609, "county": "\u666e\u9640", "town": "\u66f9\u6768\u65b0\u6751\u8857\u9053", "circleNum": 1, "builtYear": "1989", "builtHeight": 9, "storeNum": 3, "floorArea": 126.110568143, "buildArea": 378.331704429, "seiFort": "2", "keyFire": 0, "firehouseDist": 1, "pop": 15}