{"buildingID": 13243, "county": "\u666e\u9640", "town": "\u5b9c\u5ddd\u8def\u8857\u9053", "circleNum": 1, "builtYear": "1979-1985", "builtHeight": 21, "storeNum": 7, "floorArea": 766.340106016, "buildArea": 5364.38074211, "seiFort": "2", "keyFire": 0, "firehouseDist": 2, "pop": 1072}