{"buildingID": 12362, "county": "\u666e\u9640", "town": "\u7518\u6cc9\u8def\u8857\u9053", "circleNum": 1, "builtYear": "pre1978", "builtHeight": 20, "storeNum": 6, "floorArea": 271.827700663, "buildArea": 1630.96620398, "seiFort": "1", "keyFire": 0, "firehouseDist": 2, "pop": 65}