{"buildingID": 13980, "county": "\u666e\u9640", "town": "\u771f\u5982\u9547", "circleNum": 2, "builtYear": "1994", "builtHeight": 15, "storeNum": 5, "floorArea": 303.216628429, "buildArea": 1516.08314214, "seiFort": "2", "keyFire": 0, "firehouseDist": 1, "pop": 303}