{"buildingID": 16368, "county": "\u666e\u9640", "town": "\u771f\u5982\u9547", "circleNum": 1, "builtYear": "1996", "builtHeight": 16, "storeNum": 5, "floorArea": 1669.90482324, "buildArea": 8349.52411619, "seiFort": "2", "keyFire": 0, "firehouseDist": 2, "pop": 1669}