{"buildingID": 27273, "county": "\u666e\u9640", "town": "\u957f\u98ce\u65b0\u6751\u8857\u9053", "circleNum": 0, "builtYear": "pre1978", "builtHeight": 54, "storeNum": 18, "floorArea": 466.27376732, "buildArea": 8392.92781176, "seiFort": "1", "keyFire": 0, "firehouseDist": 2, "pop": 419}