{"buildingID": 16438, "county": "\u666e\u9640", "town": "\u77f3\u6cc9\u8def\u8857\u9053", "circleNum": 1, "builtYear": "1998", "builtHeight": 14, "storeNum": 4, "floorArea": 4054.99327938, "buildArea": 16219.9731175, "seiFort": "2", "keyFire": 0, "firehouseDist": 1, "pop": 3243}