{"buildingID": 1958, "county": "\u666e\u9640", "town": "\u6843\u6d66\u9547", "circleNum": 3, "builtYear": "1994", "builtHeight": 18, "storeNum": 6, "floorArea": 736.800225352, "buildArea": 4420.80135211, "seiFort": "2", "keyFire": 0, "firehouseDist": 3, "pop": 884}