{"buildingID": 14255, "county": "\u666e\u9640", "town": "\u77f3\u6cc9\u8def\u8857\u9053", "circleNum": 1, "builtYear": "pre1978", "builtHeight": 105, "storeNum": 35, "floorArea": 36.1799451876, "buildArea": 1266.29808156, "seiFort": "1", "keyFire": 0, "firehouseDist": 2, "pop": 253}