{"buildingID": 4463, "county": "\u666e\u9640", "town": "\u6843\u6d66\u9547", "circleNum": 2, "builtYear": "1997", "builtHeight": 10, "storeNum": 3, "floorArea": 7082.73951399, "buildArea": 21248.218542, "seiFort": "2", "keyFire": 0, "firehouseDist": 3, "pop": 4249}