{"buildingID": 2032, "county": "\u666e\u9640", "town": "\u6843\u6d66\u9547", "circleNum": 2, "builtYear": "1988", "builtHeight": 11, "storeNum": 3, "floorArea": 457.633131529, "buildArea": 1372.89939459, "seiFort": "2", "keyFire": 0, "firehouseDist": 2, "pop": 274}