{"buildingID": 15470, "county": "\u666e\u9640", "town": "\u77f3\u6cc9\u8def\u8857\u9053", "circleNum": 1, "builtYear": "1979-1985", "builtHeight": 18, "storeNum": 6, "floorArea": 442.073764993, "buildArea": 2652.44258996, "seiFort": "2", "keyFire": 0, "firehouseDist": 2, "pop": 530}