{"buildingID": 5505, "county": "\u666e\u9640", "town": "\u6843\u6d66\u9547", "circleNum": 2, "builtYear": "1997", "builtHeight": 15, "storeNum": 5, "floorArea": 527.204392907, "buildArea": 2636.02196453, "seiFort": "2", "keyFire": 0, "firehouseDist": 2, "pop": 527}