{"buildingID": 8658, "county": "\u666e\u9640", "town": "\u7518\u6cc9\u8def\u8857\u9053", "circleNum": 1, "builtYear": "1995", "builtHeight": 43, "storeNum": 14, "floorArea": 594.548452102, "buildArea": 8323.67832943, "seiFort": "2", "keyFire": 0, "firehouseDist": 3, "pop": 1664}