{"buildingID": 11166, "county": "\u666e\u9640", "town": "\u771f\u5982\u9547", "circleNum": 2, "builtYear": "1997", "builtHeight": 53, "storeNum": 17, "floorArea": 389.362458767, "buildArea": 6619.16179904, "seiFort": "2", "keyFire": 0, "firehouseDist": 2, "pop": 1323}