{"buildingID": 20603, "county": "\u666e\u9640", "town": "\u77f3\u6cc9\u8def\u8857\u9053", "circleNum": 1, "builtYear": "1996", "builtHeight": 29, "storeNum": 9, "floorArea": 707.032448724, "buildArea": 6363.29203852, "seiFort": "2", "keyFire": 0, "firehouseDist": 2, "pop": 1272}