{"buildingID": 29051, "county": "\u666e\u9640", "town": "\u957f\u98ce\u65b0\u6751\u8857\u9053", "circleNum": 1, "builtYear": "pre1978", "builtHeight": 65, "storeNum": 21, "floorArea": 336.897098876, "buildArea": 7074.83907639, "seiFort": "1", "keyFire": 0, "firehouseDist": 3, "pop": 282}