{"buildingID": 12603, "county": "\u666e\u9640", "town": "\u771f\u5982\u9547", "circleNum": 2, "builtYear": "1991", "builtHeight": 41, "storeNum": 13, "floorArea": 994.042839213, "buildArea": 12922.5569098, "seiFort": "2", "keyFire": 0, "firehouseDist": 2, "pop": 2584}