{"buildingID": 2075, "county": "\u666e\u9640", "town": "\u6843\u6d66\u9547", "circleNum": 2, "builtYear": "1979-1985", "builtHeight": 9, "storeNum": 3, "floorArea": 2123.84896215, "buildArea": 6371.54688646, "seiFort": "2", "keyFire": 0, "firehouseDist": 2, "pop": 1274}