{"buildingID": 20402, "county": "\u666e\u9640", "town": "\u771f\u5982\u9547", "circleNum": 1, "builtYear": "1979-1985", "builtHeight": 7, "storeNum": 2, "floorArea": 278.829954179, "buildArea": 557.659908357, "seiFort": "2", "keyFire": 0, "firehouseDist": 1, "pop": 111}