{"buildingID": 12583, "county": "\u666e\u9640", "town": "\u771f\u5982\u9547", "circleNum": 2, "builtYear": "1995", "builtHeight": 12, "storeNum": 4, "floorArea": 742.879321822, "buildArea": 2971.51728729, "seiFort": "2", "keyFire": 0, "firehouseDist": 2, "pop": 594}