{"buildingID": 13052, "county": "\u666e\u9640", "town": "\u77f3\u6cc9\u8def\u8857\u9053", "circleNum": 1, "builtYear": "1994", "builtHeight": 98, "storeNum": 32, "floorArea": 133.67774346, "buildArea": 4277.68779073, "seiFort": "2", "keyFire": 0, "firehouseDist": 3, "pop": 855}