{"buildingID": 19424, "county": "\u666e\u9640", "town": "\u957f\u5f81\u9547", "circleNum": 2, "builtYear": "2003", "builtHeight": 56, "storeNum": 18, "floorArea": 989.702522491, "buildArea": 17814.6454048, "seiFort": "3", "keyFire": 0, "firehouseDist": 3, "pop": 3562}