{"buildingID": 22126, "county": "\u666e\u9640", "town": "\u957f\u5f81\u9547", "circleNum": 2, "builtYear": "1998", "builtHeight": 20, "storeNum": 6, "floorArea": 902.837026396, "buildArea": 5417.02215837, "seiFort": "2", "keyFire": 0, "firehouseDist": 1, "pop": 1083}