{"buildingID": 10522, "county": "\u666e\u9640", "town": "\u7518\u6cc9\u8def\u8857\u9053", "circleNum": 1, "builtYear": "1995", "builtHeight": 18, "storeNum": 6, "floorArea": 99.3969445853, "buildArea": 596.381667512, "seiFort": "2", "keyFire": 0, "firehouseDist": 3, "pop": 23}