{"buildingID": 15372, "county": "\u666e\u9640", "town": "\u771f\u5982\u9547", "circleNum": 1, "builtYear": "pre1978", "builtHeight": 10, "storeNum": 3, "floorArea": 2212.40219632, "buildArea": 6637.20658896, "seiFort": "1", "keyFire": 0, "firehouseDist": 2, "pop": 265}