{"buildingID": 24398, "county": "\u666e\u9640", "town": "\u957f\u5f81\u9547", "circleNum": 2, "builtYear": "1998", "builtHeight": 48, "storeNum": 16, "floorArea": 600.48814887, "buildArea": 9607.81038193, "seiFort": "2", "keyFire": 0, "firehouseDist": 2, "pop": 1921}