{"buildingID": 14526, "county": "\u666e\u9640", "town": "\u771f\u5982\u9547", "circleNum": 2, "builtYear": "2001", "builtHeight": 31, "storeNum": 10, "floorArea": 689.848932098, "buildArea": 6898.48932098, "seiFort": "3", "keyFire": 0, "firehouseDist": 1, "pop": 1379}