{"buildingID": 12781, "county": "\u666e\u9640", "town": "\u771f\u5982\u9547", "circleNum": 1, "builtYear": "1979-1985", "builtHeight": 11, "storeNum": 3, "floorArea": 40.6503551153, "buildArea": 121.951065346, "seiFort": "2", "keyFire": 0, "firehouseDist": 2, "pop": 4}