{"buildingID": 8469, "county": "\u666e\u9640", "town": "\u957f\u5f81\u9547", "circleNum": 1, "builtYear": "1989", "builtHeight": 40, "storeNum": 13, "floorArea": 604.841795358, "buildArea": 7862.94333966, "seiFort": "2", "keyFire": 0, "firehouseDist": 2, "pop": 1572}