{"buildingID": 26276, "county": "\u666e\u9640", "town": "\u957f\u98ce\u65b0\u6751\u8857\u9053", "circleNum": 0, "builtYear": "1979-1985", "builtHeight": 23, "storeNum": 7, "floorArea": 2692.03695832, "buildArea": 18844.2587083, "seiFort": "2", "keyFire": 1, "firehouseDist": 2, "pop": 3768}