{"buildingID": 1618, "county": "\u666e\u9640", "town": "\u6843\u6d66\u9547", "circleNum": 3, "builtYear": "1995", "builtHeight": 18, "storeNum": 6, "floorArea": 481.982394964, "buildArea": 2891.89436978, "seiFort": "2", "keyFire": 0, "firehouseDist": 3, "pop": 578}