{"buildingID": 10700, "county": "\u666e\u9640", "town": "\u771f\u5982\u9547", "circleNum": 2, "builtYear": "pre1978", "builtHeight": 19, "storeNum": 6, "floorArea": 777.440805076, "buildArea": 4664.64483045, "seiFort": "1", "keyFire": 0, "firehouseDist": 2, "pop": 155}