{"buildingID": 16613, "county": "\u666e\u9640", "town": "\u771f\u5982\u9547", "circleNum": 2, "builtYear": "1998", "builtHeight": 9, "storeNum": 3, "floorArea": 229.213803845, "buildArea": 687.641411536, "seiFort": "2", "keyFire": 0, "firehouseDist": 1, "pop": 137}