{"buildingID": 10447, "county": "\u666e\u9640", "town": "\u7518\u6cc9\u8def\u8857\u9053", "circleNum": 1, "builtYear": "1987", "builtHeight": 19, "storeNum": 6, "floorArea": 826.810959474, "buildArea": 4960.86575684, "seiFort": "2", "keyFire": 0, "firehouseDist": 2, "pop": 992}