{"buildingID": 13949, "county": "\u666e\u9640", "town": "\u771f\u5982\u9547", "circleNum": 1, "builtYear": "1979-1985", "builtHeight": 7, "storeNum": 2, "floorArea": 59.3003230028, "buildArea": 118.600646006, "seiFort": "2", "keyFire": 0, "firehouseDist": 2, "pop": 4}