{"buildingID": 10709, "county": "\u666e\u9640", "town": "\u771f\u5982\u9547", "circleNum": 2, "builtYear": "2010", "builtHeight": 38, "storeNum": 12, "floorArea": 49.0586892044, "buildArea": 588.704270453, "seiFort": "3", "keyFire": 0, "firehouseDist": 2, "pop": 19}