{"buildingID": 5305, "county": "\u666e\u9640", "town": "\u6843\u6d66\u9547", "circleNum": 2, "builtYear": "1999", "builtHeight": 21, "storeNum": 7, "floorArea": 356.390814056, "buildArea": 2494.73569839, "seiFort": "2", "keyFire": 0, "firehouseDist": 1, "pop": 498}