{"buildingID": 18313, "county": "\u666e\u9640", "town": "\u957f\u5f81\u9547", "circleNum": 2, "builtYear": "1979-1985", "builtHeight": 19, "storeNum": 6, "floorArea": 870.816350094, "buildArea": 5224.89810056, "seiFort": "2", "keyFire": 0, "firehouseDist": 2, "pop": 1044}