{"buildingID": 4558, "county": "\u666e\u9640", "town": "\u6843\u6d66\u9547", "circleNum": 2, "builtYear": "2001", "builtHeight": 52, "storeNum": 17, "floorArea": 214.963103331, "buildArea": 3654.37275663, "seiFort": "3", "keyFire": 0, "firehouseDist": 2, "pop": 730}