{"buildingID": 15739, "county": "\u666e\u9640", "town": "\u771f\u5982\u9547", "circleNum": 2, "builtYear": "1992", "builtHeight": 12, "storeNum": 4, "floorArea": 784.793526248, "buildArea": 3139.17410499, "seiFort": "2", "keyFire": 0, "firehouseDist": 1, "pop": 627}