{"buildingID": 15052, "county": "\u666e\u9640", "town": "\u771f\u5982\u9547", "circleNum": 2, "builtYear": "1994", "builtHeight": 8, "storeNum": 2, "floorArea": 875.306715364, "buildArea": 1750.61343073, "seiFort": "2", "keyFire": 0, "firehouseDist": 1, "pop": 350}