{"buildingID": 20232, "county": "\u666e\u9640", "town": "\u77f3\u6cc9\u8def\u8857\u9053", "circleNum": 1, "builtYear": "2001", "builtHeight": 5, "storeNum": 1, "floorArea": 12910.0762512, "buildArea": 12910.0762512, "seiFort": "3", "keyFire": 0, "firehouseDist": 1, "pop": 2582}