{"buildingID": 26746, "county": "\u666e\u9640", "town": "\u66f9\u6768\u65b0\u6751\u8857\u9053", "circleNum": 1, "builtYear": "1979-1985", "builtHeight": 63, "storeNum": 21, "floorArea": 403.980789934, "buildArea": 8483.59658862, "seiFort": "2", "keyFire": 0, "firehouseDist": 2, "pop": 1696}