{"buildingID": 27782, "county": "\u666e\u9640", "town": "\u957f\u98ce\u65b0\u6751\u8857\u9053", "circleNum": 1, "builtYear": "pre1978", "builtHeight": 7, "storeNum": 2, "floorArea": 116.830102691, "buildArea": 233.660205381, "seiFort": "1", "keyFire": 0, "firehouseDist": 2, "pop": 9}