{"buildingID": 5971, "county": "\u666e\u9640", "town": "\u6843\u6d66\u9547", "circleNum": 2, "builtYear": "1992", "builtHeight": 10, "storeNum": 3, "floorArea": 209.168902445, "buildArea": 627.506707334, "seiFort": "2", "keyFire": 0, "firehouseDist": 1, "pop": 125}