{"buildingID": 4310, "county": "\u666e\u9640", "town": "\u6843\u6d66\u9547", "circleNum": 2, "builtYear": "2002", "builtHeight": 10, "storeNum": 3, "floorArea": 3558.19845432, "buildArea": 10674.595363, "seiFort": "3", "keyFire": 0, "firehouseDist": 3, "pop": 2134}