{"buildingID": 6887, "county": "\u666e\u9640", "town": "\u6843\u6d66\u9547", "circleNum": 2, "builtYear": "1979-1985", "builtHeight": 11, "storeNum": 3, "floorArea": 133.025414021, "buildArea": 399.076242062, "seiFort": "2", "keyFire": 0, "firehouseDist": 2, "pop": 13}