{"buildingID": 14698, "county": "\u666e\u9640", "town": "\u77f3\u6cc9\u8def\u8857\u9053", "circleNum": 1, "builtYear": "1990", "builtHeight": 13, "storeNum": 4, "floorArea": 569.433991696, "buildArea": 2277.73596678, "seiFort": "2", "keyFire": 0, "firehouseDist": 2, "pop": 455}