{"buildingID": 27323, "county": "\u666e\u9640", "town": "\u957f\u98ce\u65b0\u6751\u8857\u9053", "circleNum": 1, "builtYear": "pre1978", "builtHeight": 7, "storeNum": 2, "floorArea": 372.928979001, "buildArea": 745.857958001, "seiFort": "1", "keyFire": 0, "firehouseDist": 2, "pop": 29}