{"buildingID": 8094, "county": "\u666e\u9640", "town": "\u7518\u6cc9\u8def\u8857\u9053", "circleNum": 1, "builtYear": "1979-1985", "builtHeight": 20, "storeNum": 6, "floorArea": 346.375903131, "buildArea": 2078.25541878, "seiFort": "2", "keyFire": 0, "firehouseDist": 2, "pop": 415}