{"buildingID": 10074, "county": "\u666e\u9640", "town": "\u771f\u5982\u9547", "circleNum": 2, "builtYear": "2007", "builtHeight": 23, "storeNum": 7, "floorArea": 103.980273038, "buildArea": 727.861911266, "seiFort": "3", "keyFire": 0, "firehouseDist": 2, "pop": 24}