{"buildingID": 10039, "county": "\u666e\u9640", "town": "\u7518\u6cc9\u8def\u8857\u9053", "circleNum": 1, "builtYear": "1997", "builtHeight": 7, "storeNum": 2, "floorArea": 158.230159056, "buildArea": 316.460318112, "seiFort": "2", "keyFire": 0, "firehouseDist": 3, "pop": 12}