{"buildingID": 2071, "county": "\u666e\u9640", "town": "\u6843\u6d66\u9547", "circleNum": 2, "builtYear": "1990", "builtHeight": 9, "storeNum": 3, "floorArea": 2418.81737995, "buildArea": 7256.45213986, "seiFort": "2", "keyFire": 0, "firehouseDist": 2, "pop": 1451}