{"buildingID": 20276, "county": "\u666e\u9640", "town": "\u771f\u5982\u9547", "circleNum": 1, "builtYear": "pre1978", "builtHeight": 16, "storeNum": 5, "floorArea": 738.329921986, "buildArea": 3691.64960993, "seiFort": "1", "keyFire": 0, "firehouseDist": 1, "pop": 147}