{"buildingID": 13773, "county": "\u666e\u9640", "town": "\u771f\u5982\u9547", "circleNum": 1, "builtYear": "1979-1985", "builtHeight": 3, "storeNum": 1, "floorArea": 178.820238973, "buildArea": 178.820238973, "seiFort": "2", "keyFire": 0, "firehouseDist": 2, "pop": 7}