{"buildingID": 1714, "county": "\u666e\u9640", "town": "\u6843\u6d66\u9547", "circleNum": 2, "builtYear": "1995", "builtHeight": 10, "storeNum": 3, "floorArea": 644.018503422, "buildArea": 1932.05551027, "seiFort": "2", "keyFire": 0, "firehouseDist": 2, "pop": 386}