{"buildingID": 17150, "county": "\u666e\u9640", "town": "\u957f\u5f81\u9547", "circleNum": 2, "builtYear": "1979-1985", "builtHeight": 20, "storeNum": 6, "floorArea": 972.806512186, "buildArea": 5836.83907312, "seiFort": "2", "keyFire": 0, "firehouseDist": 2, "pop": 1167}