{"buildingID": 11299, "county": "\u666e\u9640", "town": "\u771f\u5982\u9547", "circleNum": 2, "builtYear": "2010", "builtHeight": 30, "storeNum": 10, "floorArea": 1058.55672097, "buildArea": 10585.5672097, "seiFort": "3", "keyFire": 0, "firehouseDist": 2, "pop": 2117}