{"buildingID": 13814, "county": "\u666e\u9640", "town": "\u77f3\u6cc9\u8def\u8857\u9053", "circleNum": 1, "builtYear": "1991", "builtHeight": 105, "storeNum": 35, "floorArea": 209.573128292, "buildArea": 7335.05949023, "seiFort": "2", "keyFire": 0, "firehouseDist": 3, "pop": 1467}