{"buildingID": 15864, "county": "\u666e\u9640", "town": "\u771f\u5982\u9547", "circleNum": 1, "builtYear": "1997", "builtHeight": 16, "storeNum": 5, "floorArea": 1026.63311066, "buildArea": 5133.16555329, "seiFort": "2", "keyFire": 0, "firehouseDist": 2, "pop": 1026}