{"buildingID": 4681, "county": "\u666e\u9640", "town": "\u6843\u6d66\u9547", "circleNum": 2, "builtYear": "1979-1985", "builtHeight": 10, "storeNum": 3, "floorArea": 285.382842051, "buildArea": 856.148526153, "seiFort": "2", "keyFire": 0, "firehouseDist": 2, "pop": 171}