{"buildingID": 1833, "county": "\u666e\u9640", "town": "\u6843\u6d66\u9547", "circleNum": 2, "builtYear": "2010", "builtHeight": 21, "storeNum": 7, "floorArea": 434.377369506, "buildArea": 3040.64158654, "seiFort": "3", "keyFire": 0, "firehouseDist": 2, "pop": 608}