{"buildingID": 5012, "county": "\u666e\u9640", "town": "\u6843\u6d66\u9547", "circleNum": 2, "builtYear": "2010", "builtHeight": 157, "storeNum": 52, "floorArea": 1311.82203015, "buildArea": 68214.7455676, "seiFort": "3", "keyFire": 0, "firehouseDist": 2, "pop": 13642}