{"buildingID": 15121, "county": "\u666e\u9640", "town": "\u771f\u5982\u9547", "circleNum": 1, "builtYear": "1997", "builtHeight": 14, "storeNum": 4, "floorArea": 4288.68588787, "buildArea": 17154.7435515, "seiFort": "2", "keyFire": 0, "firehouseDist": 2, "pop": 3430}