{"buildingID": 17970, "county": "\u666e\u9640", "town": "\u957f\u5f81\u9547", "circleNum": 2, "builtYear": "1979-1985", "builtHeight": 16, "storeNum": 5, "floorArea": 899.460482721, "buildArea": 4497.30241361, "seiFort": "2", "keyFire": 0, "firehouseDist": 2, "pop": 899}