{"buildingID": 16336, "county": "\u666e\u9640", "town": "\u771f\u5982\u9547", "circleNum": 2, "builtYear": "1997", "builtHeight": 12, "storeNum": 4, "floorArea": 808.865355319, "buildArea": 3235.46142128, "seiFort": "2", "keyFire": 0, "firehouseDist": 1, "pop": 647}