{"buildingID": 475, "county": "\u666e\u9640", "town": "\u6843\u6d66\u9547", "circleNum": 3, "builtYear": "1999", "builtHeight": 18, "storeNum": 6, "floorArea": 2272.14705125, "buildArea": 13632.8823075, "seiFort": "2", "keyFire": 0, "firehouseDist": 3, "pop": 2726}