{"buildingID": 206, "county": "\u666e\u9640", "town": "\u6843\u6d66\u9547", "circleNum": 3, "builtYear": "2009", "builtHeight": 54, "storeNum": 18, "floorArea": 556.169835597, "buildArea": 10011.0570408, "seiFort": "3", "keyFire": 0, "firehouseDist": 3, "pop": 2002}