{"buildingID": 6105, "county": "\u666e\u9640", "town": "\u6843\u6d66\u9547", "circleNum": 2, "builtYear": "2006", "builtHeight": 12, "storeNum": 4, "floorArea": 377.343444194, "buildArea": 1509.37377678, "seiFort": "3", "keyFire": 0, "firehouseDist": 1, "pop": 301}