{"buildingID": 27143, "county": "\u666e\u9640", "town": "\u66f9\u6768\u65b0\u6751\u8857\u9053", "circleNum": 1, "builtYear": "pre1978", "builtHeight": 6, "storeNum": 2, "floorArea": 52.7278709874, "buildArea": 105.455741975, "seiFort": "1", "keyFire": 0, "firehouseDist": 2, "pop": 4}