{"buildingID": 27809, "county": "\u666e\u9640", "town": "\u957f\u98ce\u65b0\u6751\u8857\u9053", "circleNum": 1, "builtYear": "pre1978", "builtHeight": 7, "storeNum": 2, "floorArea": 1564.25426513, "buildArea": 3128.50853026, "seiFort": "1", "keyFire": 1, "firehouseDist": 2, "pop": 125}