{"buildingID": 27800, "county": "\u666e\u9640", "town": "\u957f\u98ce\u65b0\u6751\u8857\u9053", "circleNum": 1, "builtYear": "1989", "builtHeight": 16, "storeNum": 5, "floorArea": 654.993212818, "buildArea": 3274.96606409, "seiFort": "2", "keyFire": 0, "firehouseDist": 2, "pop": 654}