{"buildingID": 16622, "county": "\u666e\u9640", "town": "\u771f\u5982\u9547", "circleNum": 2, "builtYear": "1998", "builtHeight": 18, "storeNum": 6, "floorArea": 590.058486748, "buildArea": 3540.35092049, "seiFort": "2", "keyFire": 0, "firehouseDist": 1, "pop": 708}