{"buildingID": 3816, "county": "\u666e\u9640", "town": "\u6843\u6d66\u9547", "circleNum": 2, "builtYear": "1999", "builtHeight": 6, "storeNum": 2, "floorArea": 5187.69850915, "buildArea": 10375.3970183, "seiFort": "2", "keyFire": 0, "firehouseDist": 2, "pop": 2075}