{"buildingID": 7458, "county": "\u666e\u9640", "town": "\u7518\u6cc9\u8def\u8857\u9053", "circleNum": 1, "builtYear": "1986", "builtHeight": 17, "storeNum": 5, "floorArea": 795.323632911, "buildArea": 3976.61816456, "seiFort": "2", "keyFire": 0, "firehouseDist": 3, "pop": 795}