{"buildingID": 16124, "county": "\u666e\u9640", "town": "\u77f3\u6cc9\u8def\u8857\u9053", "circleNum": 1, "builtYear": "pre1978", "builtHeight": 62, "storeNum": 20, "floorArea": 540.486141189, "buildArea": 10809.7228238, "seiFort": "1", "keyFire": 0, "firehouseDist": 1, "pop": 432}