{"buildingID": 24877, "county": "\u666e\u9640", "town": "\u66f9\u6768\u65b0\u6751\u8857\u9053", "circleNum": 1, "builtYear": "1985", "builtHeight": 9, "storeNum": 3, "floorArea": 661.63886184, "buildArea": 1984.91658552, "seiFort": "2", "keyFire": 0, "firehouseDist": 1, "pop": 396}