{"buildingID": 11381, "county": "\u666e\u9640", "town": "\u771f\u5982\u9547", "circleNum": 1, "builtYear": "1988", "builtHeight": 15, "storeNum": 5, "floorArea": 79.7961501594, "buildArea": 398.980750797, "seiFort": "2", "keyFire": 0, "firehouseDist": 2, "pop": 15}