{"buildingID": 5530, "county": "\u666e\u9640", "town": "\u6843\u6d66\u9547", "circleNum": 2, "builtYear": "1996", "builtHeight": 15, "storeNum": 5, "floorArea": 830.163084967, "buildArea": 4150.81542484, "seiFort": "2", "keyFire": 0, "firehouseDist": 2, "pop": 830}