{"buildingID": 1523, "county": "\u666e\u9640", "town": "\u6843\u6d66\u9547", "circleNum": 3, "builtYear": "1998", "builtHeight": 18, "storeNum": 6, "floorArea": 735.052630541, "buildArea": 4410.31578325, "seiFort": "2", "keyFire": 0, "firehouseDist": 4, "pop": 882}