{"buildingID": 21854, "county": "\u666e\u9640", "town": "\u957f\u5bff\u8def\u8857\u9053", "circleNum": 0, "builtYear": "1979-1985", "builtHeight": 11, "storeNum": 3, "floorArea": 2902.69710293, "buildArea": 8708.09130878, "seiFort": "2", "keyFire": 1, "firehouseDist": 1, "pop": 1741}