{"buildingID": 5592, "county": "\u666e\u9640", "town": "\u6843\u6d66\u9547", "circleNum": 2, "builtYear": "1995", "builtHeight": 14, "storeNum": 4, "floorArea": 612.270729479, "buildArea": 2449.08291791, "seiFort": "2", "keyFire": 0, "firehouseDist": 2, "pop": 489}