{"buildingID": 4207, "county": "\u666e\u9640", "town": "\u6843\u6d66\u9547", "circleNum": 2, "builtYear": "2007", "builtHeight": 18, "storeNum": 6, "floorArea": 412.806172228, "buildArea": 2476.83703337, "seiFort": "3", "keyFire": 0, "firehouseDist": 2, "pop": 495}