{"buildingID": 23771, "county": "\u666e\u9640", "town": "\u957f\u5f81\u9547", "circleNum": 1, "builtYear": "1998", "builtHeight": 17, "storeNum": 5, "floorArea": 1101.67546577, "buildArea": 5508.37732886, "seiFort": "2", "keyFire": 0, "firehouseDist": 2, "pop": 1101}