{"buildingID": 15380, "county": "\u666e\u9640", "town": "\u771f\u5982\u9547", "circleNum": 1, "builtYear": "1979-1985", "builtHeight": 6, "storeNum": 2, "floorArea": 63.2944040148, "buildArea": 126.58880803, "seiFort": "2", "keyFire": 0, "firehouseDist": 1, "pop": 5}