{"buildingID": 6675, "county": "\u666e\u9640", "town": "\u6843\u6d66\u9547", "circleNum": 2, "builtYear": "1993", "builtHeight": 43, "storeNum": 14, "floorArea": 735.309311465, "buildArea": 10294.3303605, "seiFort": "2", "keyFire": 0, "firehouseDist": 1, "pop": 2058}