{"buildingID": 3355, "county": "\u666e\u9640", "town": "\u6843\u6d66\u9547", "circleNum": 2, "builtYear": "1979-1985", "builtHeight": 44, "storeNum": 14, "floorArea": 93.8187566894, "buildArea": 1313.46259365, "seiFort": "2", "keyFire": 0, "firehouseDist": 1, "pop": 43}