{"buildingID": 12139, "county": "\u666e\u9640", "town": "\u771f\u5982\u9547", "circleNum": 1, "builtYear": "1994", "builtHeight": 49, "storeNum": 16, "floorArea": 800.295976792, "buildArea": 12804.7356287, "seiFort": "2", "keyFire": 0, "firehouseDist": 2, "pop": 2560}