{"buildingID": 11173, "county": "\u666e\u9640", "town": "\u771f\u5982\u9547", "circleNum": 2, "builtYear": "1997", "builtHeight": 50, "storeNum": 16, "floorArea": 33.0295618911, "buildArea": 528.472990257, "seiFort": "2", "keyFire": 0, "firehouseDist": 2, "pop": 17}