{"buildingID": 16162, "county": "\u666e\u9640", "town": "\u77f3\u6cc9\u8def\u8857\u9053", "circleNum": 1, "builtYear": "pre1978", "builtHeight": 25, "storeNum": 8, "floorArea": 1204.22517153, "buildArea": 9633.80137222, "seiFort": "1", "keyFire": 0, "firehouseDist": 2, "pop": 385}