{"buildingID": 22241, "county": "\u666e\u9640", "town": "\u957f\u5f81\u9547", "circleNum": 1, "builtYear": "1993", "builtHeight": 15, "storeNum": 5, "floorArea": 1032.59580889, "buildArea": 5162.97904447, "seiFort": "2", "keyFire": 0, "firehouseDist": 1, "pop": 1032}