{"buildingID": 27771, "county": "\u666e\u9640", "town": "\u957f\u98ce\u65b0\u6751\u8857\u9053", "circleNum": 1, "builtYear": "1988", "builtHeight": 9, "storeNum": 3, "floorArea": 135.402890118, "buildArea": 406.208670353, "seiFort": "2", "keyFire": 0, "firehouseDist": 2, "pop": 16}