{"buildingID": 13804, "county": "\u666e\u9640", "town": "\u77f3\u6cc9\u8def\u8857\u9053", "circleNum": 1, "builtYear": "pre1978", "builtHeight": 55, "storeNum": 18, "floorArea": 134.116418771, "buildArea": 2414.09553788, "seiFort": "1", "keyFire": 0, "firehouseDist": 2, "pop": 96}