{"buildingID": 15807, "county": "\u666e\u9640", "town": "\u77f3\u6cc9\u8def\u8857\u9053", "circleNum": 1, "builtYear": "pre1978", "builtHeight": 91, "storeNum": 30, "floorArea": 50.1968856953, "buildArea": 1505.90657086, "seiFort": "1", "keyFire": 0, "firehouseDist": 1, "pop": 60}