{"buildingID": 1546, "county": "\u666e\u9640", "town": "\u6843\u6d66\u9547", "circleNum": 2, "builtYear": "1990", "builtHeight": 14, "storeNum": 4, "floorArea": 914.906197543, "buildArea": 3659.62479017, "seiFort": "2", "keyFire": 0, "firehouseDist": 2, "pop": 731}