{"buildingID": 11319, "county": "\u666e\u9640", "town": "\u771f\u5982\u9547", "circleNum": 1, "builtYear": "2010", "builtHeight": 45, "storeNum": 15, "floorArea": 33.1147369696, "buildArea": 496.721054544, "seiFort": "3", "keyFire": 0, "firehouseDist": 2, "pop": 19}