{"buildingID": 13636, "county": "\u666e\u9640", "town": "\u771f\u5982\u9547", "circleNum": 1, "builtYear": "1988", "builtHeight": 16, "storeNum": 5, "floorArea": 2659.44467046, "buildArea": 13297.2233523, "seiFort": "2", "keyFire": 0, "firehouseDist": 2, "pop": 2659}