{"buildingID": 20368, "county": "\u666e\u9640", "town": "\u771f\u5982\u9547", "circleNum": 1, "builtYear": "1979-1985", "builtHeight": 12, "storeNum": 4, "floorArea": 932.141359492, "buildArea": 3728.56543797, "seiFort": "2", "keyFire": 0, "firehouseDist": 2, "pop": 745}