{"buildingID": 12887, "county": "\u666e\u9640", "town": "\u77f3\u6cc9\u8def\u8857\u9053", "circleNum": 1, "builtYear": "1986", "builtHeight": 10, "storeNum": 3, "floorArea": 917.310455641, "buildArea": 2751.93136692, "seiFort": "2", "keyFire": 0, "firehouseDist": 2, "pop": 550}