{"buildingID": 2916, "county": "\u666e\u9640", "town": "\u6843\u6d66\u9547", "circleNum": 2, "builtYear": "2003", "builtHeight": 19, "storeNum": 6, "floorArea": 2194.55797072, "buildArea": 13167.3478243, "seiFort": "3", "keyFire": 0, "firehouseDist": 2, "pop": 2633}