{"buildingID": 9449, "county": "\u666e\u9640", "town": "\u957f\u5f81\u9547", "circleNum": 1, "builtYear": "1989", "builtHeight": 55, "storeNum": 18, "floorArea": 550.710917135, "buildArea": 9912.79650843, "seiFort": "2", "keyFire": 0, "firehouseDist": 2, "pop": 1982}