{"buildingID": 4916, "county": "\u666e\u9640", "town": "\u6843\u6d66\u9547", "circleNum": 2, "builtYear": "2003", "builtHeight": 12, "storeNum": 4, "floorArea": 447.740955596, "buildArea": 1790.96382238, "seiFort": "3", "keyFire": 0, "firehouseDist": 2, "pop": 358}