{"buildingID": 18381, "county": "\u666e\u9640", "town": "\u957f\u5f81\u9547", "circleNum": 2, "builtYear": "2003", "builtHeight": 20, "storeNum": 6, "floorArea": 971.623421785, "buildArea": 5829.74053071, "seiFort": "3", "keyFire": 0, "firehouseDist": 3, "pop": 1165}