{"buildingID": 23323, "county": "\u666e\u9640", "town": "\u957f\u5bff\u8def\u8857\u9053", "circleNum": 0, "builtYear": "1979-1985", "builtHeight": 29, "storeNum": 9, "floorArea": 42.133890834, "buildArea": 379.205017506, "seiFort": "2", "keyFire": 1, "firehouseDist": 1, "pop": 18}