{"buildingID": 4223, "county": "\u666e\u9640", "town": "\u6843\u6d66\u9547", "circleNum": 2, "builtYear": "2001", "builtHeight": 12, "storeNum": 4, "floorArea": 209.215135204, "buildArea": 836.860540815, "seiFort": "3", "keyFire": 0, "firehouseDist": 3, "pop": 167}