{"buildingID": 27324, "county": "\u666e\u9640", "town": "\u957f\u98ce\u65b0\u6751\u8857\u9053", "circleNum": 1, "builtYear": "pre1978", "builtHeight": 9, "storeNum": 3, "floorArea": 247.439910867, "buildArea": 742.319732601, "seiFort": "1", "keyFire": 0, "firehouseDist": 2, "pop": 29}