{"buildingID": 10100, "county": "\u666e\u9640", "town": "\u771f\u5982\u9547", "circleNum": 2, "builtYear": "2001", "builtHeight": 20, "storeNum": 6, "floorArea": 65.0033396398, "buildArea": 390.020037839, "seiFort": "3", "keyFire": 0, "firehouseDist": 2, "pop": 13}