{"buildingID": 11293, "county": "\u666e\u9640", "town": "\u771f\u5982\u9547", "circleNum": 2, "builtYear": "1999", "builtHeight": 6, "storeNum": 2, "floorArea": 423.757985939, "buildArea": 847.515971879, "seiFort": "2", "keyFire": 1, "firehouseDist": 2, "pop": 169}