{"buildingID": 13297, "county": "\u666e\u9640", "town": "\u771f\u5982\u9547", "circleNum": 1, "builtYear": "1996", "builtHeight": 9, "storeNum": 3, "floorArea": 653.024112885, "buildArea": 1959.07233866, "seiFort": "2", "keyFire": 0, "firehouseDist": 2, "pop": 391}