{"buildingID": 22467, "county": "\u666e\u9640", "town": "\u77f3\u6cc9\u8def\u8857\u9053", "circleNum": 1, "builtYear": "pre1978", "builtHeight": 16, "storeNum": 5, "floorArea": 620.972676045, "buildArea": 3104.86338022, "seiFort": "1", "keyFire": 0, "firehouseDist": 1, "pop": 124}