{"buildingID": 27636, "county": "\u666e\u9640", "town": "\u957f\u98ce\u65b0\u6751\u8857\u9053", "circleNum": 1, "builtYear": "pre1978", "builtHeight": 11, "storeNum": 3, "floorArea": 152.565036485, "buildArea": 457.695109454, "seiFort": "1", "keyFire": 0, "firehouseDist": 3, "pop": 18}