{"buildingID": 7488, "county": "\u666e\u9640", "town": "\u957f\u5f81\u9547", "circleNum": 1, "builtYear": "1993", "builtHeight": 48, "storeNum": 16, "floorArea": 1474.18206496, "buildArea": 23586.9130393, "seiFort": "2", "keyFire": 0, "firehouseDist": 1, "pop": 4717}