{"buildingID": 4841, "county": "\u666e\u9640", "town": "\u6843\u6d66\u9547", "circleNum": 2, "builtYear": "2010", "builtHeight": 66, "storeNum": 22, "floorArea": 73.1520273259, "buildArea": 1609.34460117, "seiFort": "3", "keyFire": 0, "firehouseDist": 2, "pop": 53}