{"buildingID": 5794, "county": "\u666e\u9640", "town": "\u6843\u6d66\u9547", "circleNum": 2, "builtYear": "2001", "builtHeight": 13, "storeNum": 4, "floorArea": 245.885622724, "buildArea": 983.542490898, "seiFort": "3", "keyFire": 0, "firehouseDist": 2, "pop": 196}