{"buildingID": 9066, "county": "\u666e\u9640", "town": "\u7518\u6cc9\u8def\u8857\u9053", "circleNum": 1, "builtYear": "1987", "builtHeight": 17, "storeNum": 5, "floorArea": 630.702410699, "buildArea": 3153.51205349, "seiFort": "2", "keyFire": 0, "firehouseDist": 3, "pop": 630}