{"buildingID": 7030, "county": "\u666e\u9640", "town": "\u6843\u6d66\u9547", "circleNum": 2, "builtYear": "1994", "builtHeight": 12, "storeNum": 4, "floorArea": 195.196822523, "buildArea": 780.787290093, "seiFort": "2", "keyFire": 0, "firehouseDist": 1, "pop": 156}