{"buildingID": 8269, "county": "\u666e\u9640", "town": "\u6843\u6d66\u9547", "circleNum": 2, "builtYear": "1979-1985", "builtHeight": 6, "storeNum": 2, "floorArea": 486.037105781, "buildArea": 972.074211561, "seiFort": "2", "keyFire": 0, "firehouseDist": 2, "pop": 194}