{"buildingID": 10669, "county": "\u666e\u9640", "town": "\u771f\u5982\u9547", "circleNum": 2, "builtYear": "1993", "builtHeight": 18, "storeNum": 6, "floorArea": 252.515962199, "buildArea": 1515.09577319, "seiFort": "2", "keyFire": 0, "firehouseDist": 2, "pop": 303}