{"buildingID": 1548, "county": "\u666e\u9640", "town": "\u6843\u6d66\u9547", "circleNum": 2, "builtYear": "2003", "builtHeight": 16, "storeNum": 5, "floorArea": 858.905616553, "buildArea": 4294.52808277, "seiFort": "3", "keyFire": 0, "firehouseDist": 2, "pop": 858}