{"buildingID": 16327, "county": "\u666e\u9640", "town": "\u771f\u5982\u9547", "circleNum": 2, "builtYear": "2017", "builtHeight": 10, "storeNum": 3, "floorArea": 377.397802405, "buildArea": 1132.19340722, "seiFort": "3", "keyFire": 0, "firehouseDist": 1, "pop": 226}