{"buildingID": 12627, "county": "\u666e\u9640", "town": "\u771f\u5982\u9547", "circleNum": 2, "builtYear": "1994", "builtHeight": 9, "storeNum": 3, "floorArea": 741.733731291, "buildArea": 2225.20119387, "seiFort": "2", "keyFire": 0, "firehouseDist": 2, "pop": 445}