{"buildingID": 4600, "county": "\u666e\u9640", "town": "\u6843\u6d66\u9547", "circleNum": 2, "builtYear": "1994", "builtHeight": 22, "storeNum": 7, "floorArea": 517.630934327, "buildArea": 3623.41654029, "seiFort": "2", "keyFire": 0, "firehouseDist": 2, "pop": 724}