{"buildingID": 28883, "county": "\u666e\u9640", "town": "\u957f\u98ce\u65b0\u6751\u8857\u9053", "circleNum": 1, "builtYear": "pre1978", "builtHeight": 50, "storeNum": 16, "floorArea": 791.249698167, "buildArea": 12659.9951707, "seiFort": "1", "keyFire": 0, "firehouseDist": 3, "pop": 506}