{"buildingID": 14562, "county": "\u666e\u9640", "town": "\u771f\u5982\u9547", "circleNum": 2, "builtYear": "1996", "builtHeight": 47, "storeNum": 15, "floorArea": 955.985602122, "buildArea": 14339.7840318, "seiFort": "2", "keyFire": 0, "firehouseDist": 1, "pop": 2867}