{"buildingID": 16576, "county": "\u666e\u9640", "town": "\u77f3\u6cc9\u8def\u8857\u9053", "circleNum": 1, "builtYear": "pre1978", "builtHeight": 40, "storeNum": 13, "floorArea": 1052.75871843, "buildArea": 13685.8633396, "seiFort": "1", "keyFire": 0, "firehouseDist": 2, "pop": 547}