{"buildingID": 2494, "county": "\u666e\u9640", "town": "\u6843\u6d66\u9547", "circleNum": 3, "builtYear": "1979-1985", "builtHeight": 6, "storeNum": 2, "floorArea": 910.837147359, "buildArea": 1821.67429472, "seiFort": "2", "keyFire": 0, "firehouseDist": 4, "pop": 364}