{"buildingID": 19333, "county": "\u666e\u9640", "town": "\u957f\u5f81\u9547", "circleNum": 2, "builtYear": "1979-1985", "builtHeight": 20, "storeNum": 6, "floorArea": 1929.43834556, "buildArea": 11576.6300734, "seiFort": "2", "keyFire": 0, "firehouseDist": 3, "pop": 2315}