{"buildingID": 8945, "county": "\u666e\u9640", "town": "\u6843\u6d66\u9547", "circleNum": 2, "builtYear": "1987", "builtHeight": 18, "storeNum": 6, "floorArea": 427.378420645, "buildArea": 2564.27052387, "seiFort": "2", "keyFire": 0, "firehouseDist": 1, "pop": 512}