{"buildingID": 11335, "county": "\u666e\u9640", "town": "\u7518\u6cc9\u8def\u8857\u9053", "circleNum": 1, "builtYear": "pre1978", "builtHeight": 13, "storeNum": 4, "floorArea": 376.238389768, "buildArea": 1504.95355907, "seiFort": "1", "keyFire": 0, "firehouseDist": 2, "pop": 60}