{"buildingID": 4281, "county": "\u666e\u9640", "town": "\u6843\u6d66\u9547", "circleNum": 2, "builtYear": "2005", "builtHeight": 13, "storeNum": 4, "floorArea": 851.266853204, "buildArea": 3405.06741282, "seiFort": "3", "keyFire": 0, "firehouseDist": 3, "pop": 681}