{"buildingID": 10280, "county": "\u666e\u9640", "town": "\u957f\u5f81\u9547", "circleNum": 1, "builtYear": "1979-1985", "builtHeight": 17, "storeNum": 5, "floorArea": 494.392883553, "buildArea": 2471.96441777, "seiFort": "2", "keyFire": 0, "firehouseDist": 3, "pop": 494}