{"buildingID": 12336, "county": "\u666e\u9640", "town": "\u771f\u5982\u9547", "circleNum": 1, "builtYear": "pre1978", "builtHeight": 39, "storeNum": 13, "floorArea": 279.829052502, "buildArea": 3637.77768252, "seiFort": "1", "keyFire": 0, "firehouseDist": 2, "pop": 145}