{"buildingID": 6760, "county": "\u666e\u9640", "town": "\u957f\u5f81\u9547", "circleNum": 1, "builtYear": "1992", "builtHeight": 37, "storeNum": 12, "floorArea": 880.550264828, "buildArea": 10566.6031779, "seiFort": "2", "keyFire": 0, "firehouseDist": 1, "pop": 2113}