{"buildingID": 28296, "county": "\u666e\u9640", "town": "\u957f\u98ce\u65b0\u6751\u8857\u9053", "circleNum": 1, "builtYear": "2017", "builtHeight": 18, "storeNum": 6, "floorArea": 63.2042416826, "buildArea": 379.225450096, "seiFort": "3", "keyFire": 0, "firehouseDist": 2, "pop": 15}