{"buildingID": 12342, "county": "\u666e\u9640", "town": "\u771f\u5982\u9547", "circleNum": 1, "builtYear": "1979-1985", "builtHeight": 14, "storeNum": 4, "floorArea": 177.520414537, "buildArea": 710.081658147, "seiFort": "2", "keyFire": 0, "firehouseDist": 2, "pop": 28}