{"buildingID": 11003, "county": "\u666e\u9640", "town": "\u771f\u5982\u9547", "circleNum": 1, "builtYear": "1979-1985", "builtHeight": 67, "storeNum": 22, "floorArea": 116.316738184, "buildArea": 2558.96824005, "seiFort": "2", "keyFire": 0, "firehouseDist": 2, "pop": 102}