{"buildingID": 8029, "county": "\u666e\u9640", "town": "\u7518\u6cc9\u8def\u8857\u9053", "circleNum": 1, "builtYear": "1979-1985", "builtHeight": 8, "storeNum": 2, "floorArea": 100.133573697, "buildArea": 200.267147393, "seiFort": "2", "keyFire": 1, "firehouseDist": 3, "pop": 8}