{"buildingID": 5422, "county": "\u666e\u9640", "town": "\u6843\u6d66\u9547", "circleNum": 2, "builtYear": "2004", "builtHeight": 42, "storeNum": 14, "floorArea": 95.9974549184, "buildArea": 1343.96436886, "seiFort": "3", "keyFire": 0, "firehouseDist": 1, "pop": 44}