{"buildingID": 26489, "county": "\u666e\u9640", "town": "\u957f\u5bff\u8def\u8857\u9053", "circleNum": 0, "builtYear": "1979-1985", "builtHeight": 20, "storeNum": 6, "floorArea": 293.824828349, "buildArea": 1762.9489701, "seiFort": "2", "keyFire": 0, "firehouseDist": 1, "pop": 352}