{"buildingID": 11310, "county": "\u666e\u9640", "town": "\u771f\u5982\u9547", "circleNum": 2, "builtYear": "1998", "builtHeight": 14, "storeNum": 4, "floorArea": 774.399315898, "buildArea": 3097.59726359, "seiFort": "2", "keyFire": 0, "firehouseDist": 2, "pop": 619}