{"buildingID": 7891, "county": "\u666e\u9640", "town": "\u771f\u5982\u9547", "circleNum": 1, "builtYear": "1979-1985", "builtHeight": 32, "storeNum": 10, "floorArea": 276.938829614, "buildArea": 2769.38829614, "seiFort": "2", "keyFire": 0, "firehouseDist": 2, "pop": 553}