{"buildingID": 28718, "county": "\u666e\u9640", "town": "\u957f\u98ce\u65b0\u6751\u8857\u9053", "circleNum": 1, "builtYear": "1979-1985", "builtHeight": 43, "storeNum": 14, "floorArea": 262.383828694, "buildArea": 3673.37360171, "seiFort": "2", "keyFire": 0, "firehouseDist": 3, "pop": 734}