{"buildingID": 3462, "county": "\u666e\u9640", "town": "\u6843\u6d66\u9547", "circleNum": 3, "builtYear": "2014", "builtHeight": 18, "storeNum": 6, "floorArea": 495.212476575, "buildArea": 2971.27485945, "seiFort": "3", "keyFire": 0, "firehouseDist": 3, "pop": 594}