{"buildingID": 21258, "county": "\u666e\u9640", "town": "\u957f\u5f81\u9547", "circleNum": 2, "builtYear": "1997", "builtHeight": 19, "storeNum": 6, "floorArea": 1197.61791548, "buildArea": 7185.70749287, "seiFort": "2", "keyFire": 0, "firehouseDist": 1, "pop": 1437}