{"buildingID": 22332, "county": "\u666e\u9640", "town": "\u66f9\u6768\u65b0\u6751\u8857\u9053", "circleNum": 1, "builtYear": "pre1978", "builtHeight": 66, "storeNum": 22, "floorArea": 891.640138369, "buildArea": 19616.0830441, "seiFort": "1", "keyFire": 0, "firehouseDist": 1, "pop": 784}