{"buildingID": 4828, "county": "\u666e\u9640", "town": "\u6843\u6d66\u9547", "circleNum": 2, "builtYear": "2005", "builtHeight": 82, "storeNum": 27, "floorArea": 148.232947411, "buildArea": 4002.28958009, "seiFort": "3", "keyFire": 0, "firehouseDist": 2, "pop": 133}