{"buildingID": 10944, "county": "\u666e\u9640", "town": "\u7518\u6cc9\u8def\u8857\u9053", "circleNum": 1, "builtYear": "pre1978", "builtHeight": 15, "storeNum": 5, "floorArea": 801.674900522, "buildArea": 4008.37450261, "seiFort": "1", "keyFire": 0, "firehouseDist": 3, "pop": 160}