{"buildingID": 807, "county": "\u666e\u9640", "town": "\u6843\u6d66\u9547", "circleNum": 3, "builtYear": "2009", "builtHeight": 54, "storeNum": 18, "floorArea": 793.375440634, "buildArea": 14280.7579314, "seiFort": "3", "keyFire": 0, "firehouseDist": 4, "pop": 2856}