{"buildingID": 15744, "county": "\u666e\u9640", "town": "\u771f\u5982\u9547", "circleNum": 2, "builtYear": "1987", "builtHeight": 14, "storeNum": 4, "floorArea": 722.976267085, "buildArea": 2891.90506834, "seiFort": "2", "keyFire": 0, "firehouseDist": 1, "pop": 578}