{"buildingID": 3049, "county": "\u666e\u9640", "town": "\u6843\u6d66\u9547", "circleNum": 2, "builtYear": "2012", "builtHeight": 14, "storeNum": 4, "floorArea": 2554.64087908, "buildArea": 10218.5635163, "seiFort": "3", "keyFire": 0, "firehouseDist": 1, "pop": 2043}