{"buildingID": 22367, "county": "\u666e\u9640", "town": "\u66f9\u6768\u65b0\u6751\u8857\u9053", "circleNum": 1, "builtYear": "pre1978", "builtHeight": 24, "storeNum": 8, "floorArea": 1055.36475302, "buildArea": 8442.91802417, "seiFort": "1", "keyFire": 1, "firehouseDist": 2, "pop": 337}