{"buildingID": 1542, "county": "\u666e\u9640", "town": "\u6843\u6d66\u9547", "circleNum": 2, "builtYear": "1979-1985", "builtHeight": 9, "storeNum": 3, "floorArea": 1776.90925157, "buildArea": 5330.72775471, "seiFort": "2", "keyFire": 0, "firehouseDist": 2, "pop": 1066}