{"buildingID": 19522, "county": "\u666e\u9640", "town": "\u957f\u98ce\u65b0\u6751\u8857\u9053", "circleNum": 1, "builtYear": "pre1978", "builtHeight": 20, "storeNum": 6, "floorArea": 379.967649207, "buildArea": 2279.80589524, "seiFort": "1", "keyFire": 0, "firehouseDist": 3, "pop": 91}