{"buildingID": 18884, "county": "\u666e\u9640", "town": "\u957f\u5f81\u9547", "circleNum": 2, "builtYear": "2005", "builtHeight": 17, "storeNum": 5, "floorArea": 1827.60656762, "buildArea": 9138.03283812, "seiFort": "3", "keyFire": 0, "firehouseDist": 3, "pop": 1827}