{"buildingID": 4671, "county": "\u666e\u9640", "town": "\u6843\u6d66\u9547", "circleNum": 2, "builtYear": "2000", "builtHeight": 15, "storeNum": 5, "floorArea": 2578.85481323, "buildArea": 12894.2740661, "seiFort": "3", "keyFire": 0, "firehouseDist": 2, "pop": 2578}