{"buildingID": 15617, "county": "\u666e\u9640", "town": "\u5b9c\u5ddd\u8def\u8857\u9053", "circleNum": 0, "builtYear": "pre1978", "builtHeight": 116, "storeNum": 38, "floorArea": 2160.14814287, "buildArea": 82085.6294292, "seiFort": "1", "keyFire": 0, "firehouseDist": 1, "pop": 16417}