{"buildingID": 11735, "county": "\u666e\u9640", "town": "\u6843\u6d66\u9547", "circleNum": 2, "builtYear": "pre1978", "builtHeight": 18, "storeNum": 6, "floorArea": 2227.45508837, "buildArea": 13364.7305302, "seiFort": "1", "keyFire": 0, "firehouseDist": 2, "pop": 445}