{"buildingID": 17755, "county": "\u666e\u9640", "town": "\u957f\u5f81\u9547", "circleNum": 2, "builtYear": "2001", "builtHeight": 20, "storeNum": 6, "floorArea": 1171.89668181, "buildArea": 7031.38009088, "seiFort": "3", "keyFire": 0, "firehouseDist": 2, "pop": 1406}