{"buildingID": 12621, "county": "\u666e\u9640", "town": "\u771f\u5982\u9547", "circleNum": 2, "builtYear": "1994", "builtHeight": 8, "storeNum": 2, "floorArea": 271.324494024, "buildArea": 542.648988048, "seiFort": "2", "keyFire": 0, "firehouseDist": 2, "pop": 108}