{"buildingID": 205, "county": "\u666e\u9640", "town": "\u6843\u6d66\u9547", "circleNum": 3, "builtYear": "2008", "builtHeight": 54, "storeNum": 18, "floorArea": 537.25752868, "buildArea": 9670.63551623, "seiFort": "3", "keyFire": 0, "firehouseDist": 3, "pop": 1934}