{"buildingID": 1679, "county": "\u666e\u9640", "town": "\u6843\u6d66\u9547", "circleNum": 3, "builtYear": "2001", "builtHeight": 18, "storeNum": 6, "floorArea": 394.763205536, "buildArea": 2368.57923322, "seiFort": "3", "keyFire": 0, "firehouseDist": 3, "pop": 473}