{"buildingID": 28363, "county": "\u666e\u9640", "town": "\u957f\u98ce\u65b0\u6751\u8857\u9053", "circleNum": 1, "builtYear": "1979-1985", "builtHeight": 18, "storeNum": 6, "floorArea": 1254.99309928, "buildArea": 7529.95859568, "seiFort": "2", "keyFire": 0, "firehouseDist": 2, "pop": 1505}