{"buildingID": 11312, "county": "\u666e\u9640", "town": "\u771f\u5982\u9547", "circleNum": 2, "builtYear": "1997", "builtHeight": 50, "storeNum": 16, "floorArea": 36.0322351505, "buildArea": 576.515762407, "seiFort": "2", "keyFire": 0, "firehouseDist": 2, "pop": 19}