{"buildingID": 14513, "county": "\u666e\u9640", "town": "\u771f\u5982\u9547", "circleNum": 2, "builtYear": "1993", "builtHeight": 16, "storeNum": 5, "floorArea": 315.206710954, "buildArea": 1576.03355477, "seiFort": "2", "keyFire": 0, "firehouseDist": 1, "pop": 315}