{"buildingID": 11688, "county": "\u666e\u9640", "town": "\u771f\u5982\u9547", "circleNum": 2, "builtYear": "2007", "builtHeight": 45, "storeNum": 15, "floorArea": 511.055086321, "buildArea": 7665.82629482, "seiFort": "3", "keyFire": 0, "firehouseDist": 2, "pop": 1533}