{"buildingID": 14064, "county": "\u666e\u9640", "town": "\u771f\u5982\u9547", "circleNum": 1, "builtYear": "1989", "builtHeight": 54, "storeNum": 18, "floorArea": 103.933851812, "buildArea": 1870.80933261, "seiFort": "2", "keyFire": 0, "firehouseDist": 2, "pop": 74}