{"buildingID": 678, "county": "\u666e\u9640", "town": "\u6843\u6d66\u9547", "circleNum": 2, "builtYear": "2003", "builtHeight": 20, "storeNum": 6, "floorArea": 2735.99343456, "buildArea": 16415.9606073, "seiFort": "3", "keyFire": 0, "firehouseDist": 2, "pop": 3283}