{"buildingID": 25456, "county": "\u666e\u9640", "town": "\u66f9\u6768\u65b0\u6751\u8857\u9053", "circleNum": 1, "builtYear": "1979-1985", "builtHeight": 8, "storeNum": 2, "floorArea": 1185.01933084, "buildArea": 2370.03866169, "seiFort": "2", "keyFire": 0, "firehouseDist": 1, "pop": 474}