{"buildingID": 13901, "county": "\u666e\u9640", "town": "\u771f\u5982\u9547", "circleNum": 1, "builtYear": "1993", "builtHeight": 8, "storeNum": 2, "floorArea": 601.274957795, "buildArea": 1202.54991559, "seiFort": "2", "keyFire": 0, "firehouseDist": 2, "pop": 240}