{"buildingID": 18866, "county": "\u666e\u9640", "town": "\u957f\u5f81\u9547", "circleNum": 2, "builtYear": "1979-1985", "builtHeight": 30, "storeNum": 10, "floorArea": 504.930582048, "buildArea": 5049.30582048, "seiFort": "2", "keyFire": 0, "firehouseDist": 2, "pop": 1009}