{"buildingID": 15070, "county": "\u666e\u9640", "town": "\u771f\u5982\u9547", "circleNum": 2, "builtYear": "1994", "builtHeight": 14, "storeNum": 4, "floorArea": 767.371454045, "buildArea": 3069.48581618, "seiFort": "2", "keyFire": 0, "firehouseDist": 1, "pop": 613}