{"buildingID": 15520, "county": "\u666e\u9640", "town": "\u77f3\u6cc9\u8def\u8857\u9053", "circleNum": 1, "builtYear": "1997", "builtHeight": 6, "storeNum": 2, "floorArea": 270.338091201, "buildArea": 540.676182403, "seiFort": "2", "keyFire": 0, "firehouseDist": 2, "pop": 108}