{"buildingID": 4230, "county": "\u666e\u9640", "town": "\u6843\u6d66\u9547", "circleNum": 2, "builtYear": "2001", "builtHeight": 17, "storeNum": 5, "floorArea": 435.342732866, "buildArea": 2176.71366433, "seiFort": "3", "keyFire": 0, "firehouseDist": 3, "pop": 435}