{"buildingID": 17706, "county": "\u666e\u9640", "town": "\u957f\u5f81\u9547", "circleNum": 2, "builtYear": "2001", "builtHeight": 18, "storeNum": 6, "floorArea": 838.031309226, "buildArea": 5028.18785535, "seiFort": "3", "keyFire": 0, "firehouseDist": 3, "pop": 1005}