{"buildingID": 29135, "county": "\u666e\u9640", "town": "\u957f\u98ce\u65b0\u6751\u8857\u9053", "circleNum": 1, "builtYear": "pre1978", "builtHeight": 6, "storeNum": 2, "floorArea": 28.123072591, "buildArea": 56.246145182, "seiFort": "1", "keyFire": 0, "firehouseDist": 3, "pop": 2}