{"buildingID": 10250, "county": "\u666e\u9640", "town": "\u771f\u5982\u9547", "circleNum": 2, "builtYear": "2003", "builtHeight": 48, "storeNum": 16, "floorArea": 116.631847197, "buildArea": 1866.10955515, "seiFort": "3", "keyFire": 0, "firehouseDist": 2, "pop": 62}