{"buildingID": 10131, "county": "\u666e\u9640", "town": "\u771f\u5982\u9547", "circleNum": 2, "builtYear": "1979-1985", "builtHeight": 18, "storeNum": 6, "floorArea": 40.0077818445, "buildArea": 240.046691067, "seiFort": "2", "keyFire": 0, "firehouseDist": 2, "pop": 8}