{"buildingID": 13531, "county": "\u666e\u9640", "town": "\u771f\u5982\u9547", "circleNum": 1, "builtYear": "1987", "builtHeight": 34, "storeNum": 11, "floorArea": 357.43480487, "buildArea": 3931.78285358, "seiFort": "2", "keyFire": 0, "firehouseDist": 2, "pop": 786}