{"buildingID": 28370, "county": "\u666e\u9640", "town": "\u957f\u98ce\u65b0\u6751\u8857\u9053", "circleNum": 0, "builtYear": "pre1978", "builtHeight": 13, "storeNum": 4, "floorArea": 54.2619212048, "buildArea": 217.047684819, "seiFort": "1", "keyFire": 0, "firehouseDist": 2, "pop": 10}