{"buildingID": 5177, "county": "\u666e\u9640", "town": "\u6843\u6d66\u9547", "circleNum": 2, "builtYear": "2002", "builtHeight": 9, "storeNum": 3, "floorArea": 2098.96051474, "buildArea": 6296.88154423, "seiFort": "3", "keyFire": 0, "firehouseDist": 2, "pop": 1259}