{"buildingID": 1430, "county": "\u666e\u9640", "town": "\u6843\u6d66\u9547", "circleNum": 3, "builtYear": "2003", "builtHeight": 18, "storeNum": 6, "floorArea": 476.223550971, "buildArea": 2857.34130582, "seiFort": "3", "keyFire": 0, "firehouseDist": 5, "pop": 571}