{"buildingID": 3152, "county": "\u666e\u9640", "town": "\u6843\u6d66\u9547", "circleNum": 3, "builtYear": "1995", "builtHeight": 18, "storeNum": 6, "floorArea": 929.461383094, "buildArea": 5576.76829856, "seiFort": "2", "keyFire": 0, "firehouseDist": 3, "pop": 1115}