{"buildingID": 15804, "county": "\u666e\u9640", "town": "\u77f3\u6cc9\u8def\u8857\u9053", "circleNum": 1, "builtYear": "pre1978", "builtHeight": 21, "storeNum": 7, "floorArea": 1408.04238141, "buildArea": 9856.29666986, "seiFort": "1", "keyFire": 0, "firehouseDist": 1, "pop": 394}