{"buildingID": 24700, "county": "\u666e\u9640", "town": "\u957f\u5f81\u9547", "circleNum": 1, "builtYear": "1991", "builtHeight": 32, "storeNum": 10, "floorArea": 334.582390658, "buildArea": 3345.82390658, "seiFort": "2", "keyFire": 0, "firehouseDist": 2, "pop": 669}