{"buildingID": 2958, "county": "\u666e\u9640", "town": "\u6843\u6d66\u9547", "circleNum": 3, "builtYear": "1989", "builtHeight": 18, "storeNum": 6, "floorArea": 297.346778982, "buildArea": 1784.08067389, "seiFort": "2", "keyFire": 0, "firehouseDist": 3, "pop": 356}