{"buildingID": 14117, "county": "\u666e\u9640", "town": "\u77f3\u6cc9\u8def\u8857\u9053", "circleNum": 1, "builtYear": "1993", "builtHeight": 5, "storeNum": 1, "floorArea": 615.197951525, "buildArea": 615.197951525, "seiFort": "2", "keyFire": 0, "firehouseDist": 2, "pop": 123}