{"buildingID": 20286, "county": "\u666e\u9640", "town": "\u771f\u5982\u9547", "circleNum": 1, "builtYear": "1979-1985", "builtHeight": 21, "storeNum": 7, "floorArea": 390.68342564, "buildArea": 2734.78397948, "seiFort": "2", "keyFire": 0, "firehouseDist": 1, "pop": 546}