{"buildingID": 1273, "county": "\u666e\u9640", "town": "\u6843\u6d66\u9547", "circleNum": 3, "builtYear": "1994", "builtHeight": 18, "storeNum": 6, "floorArea": 330.587533279, "buildArea": 1983.52519967, "seiFort": "2", "keyFire": 0, "firehouseDist": 4, "pop": 396}