{"buildingID": 26859, "county": "\u666e\u9640", "town": "\u957f\u5f81\u9547", "circleNum": 1, "builtYear": "1991", "builtHeight": 57, "storeNum": 19, "floorArea": 716.474153649, "buildArea": 13613.0089193, "seiFort": "2", "keyFire": 0, "firehouseDist": 3, "pop": 2722}