{"buildingID": 7969, "county": "\u666e\u9640", "town": "\u6843\u6d66\u9547", "circleNum": 2, "builtYear": "1979-1985", "builtHeight": 8, "storeNum": 2, "floorArea": 34.0633803187, "buildArea": 68.1267606375, "seiFort": "2", "keyFire": 0, "firehouseDist": 1, "pop": 2}