{"buildingID": 601, "county": "\u666e\u9640", "town": "\u6843\u6d66\u9547", "circleNum": 2, "builtYear": "1997", "builtHeight": 11, "storeNum": 3, "floorArea": 7806.43868084, "buildArea": 23419.3160425, "seiFort": "2", "keyFire": 0, "firehouseDist": 1, "pop": 4683}