{"buildingID": 27483, "county": "\u666e\u9640", "town": "\u957f\u98ce\u65b0\u6751\u8857\u9053", "circleNum": 1, "builtYear": "pre1978", "builtHeight": 16, "storeNum": 5, "floorArea": 776.579164131, "buildArea": 3882.89582066, "seiFort": "1", "keyFire": 0, "firehouseDist": 2, "pop": 155}