{"buildingID": 7846, "county": "\u666e\u9640", "town": "\u7518\u6cc9\u8def\u8857\u9053", "circleNum": 1, "builtYear": "pre1978", "builtHeight": 15, "storeNum": 5, "floorArea": 784.436819643, "buildArea": 3922.18409821, "seiFort": "1", "keyFire": 1, "firehouseDist": 3, "pop": 156}