{"buildingID": 8012, "county": "\u666e\u9640", "town": "\u7518\u6cc9\u8def\u8857\u9053", "circleNum": 1, "builtYear": "pre1978", "builtHeight": 22, "storeNum": 7, "floorArea": 527.591782968, "buildArea": 3693.14248078, "seiFort": "1", "keyFire": 0, "firehouseDist": 2, "pop": 147}