{"buildingID": 5461, "county": "\u666e\u9640", "town": "\u6843\u6d66\u9547", "circleNum": 2, "builtYear": "pre1978", "builtHeight": 108, "storeNum": 36, "floorArea": 189.082875614, "buildArea": 6806.98352212, "seiFort": "1", "keyFire": 0, "firehouseDist": 2, "pop": 1361}