{"buildingID": 29143, "county": "\u666e\u9640", "town": "\u957f\u98ce\u65b0\u6751\u8857\u9053", "circleNum": 1, "builtYear": "1979-1985", "builtHeight": 60, "storeNum": 20, "floorArea": 242.537528938, "buildArea": 4850.75057877, "seiFort": "2", "keyFire": 0, "firehouseDist": 3, "pop": 970}