{"buildingID": 13727, "county": "\u666e\u9640", "town": "\u771f\u5982\u9547", "circleNum": 1, "builtYear": "2006", "builtHeight": 18, "storeNum": 6, "floorArea": 116.881364084, "buildArea": 701.288184504, "seiFort": "3", "keyFire": 0, "firehouseDist": 2, "pop": 28}