{"buildingID": 4169, "county": "\u666e\u9640", "town": "\u6843\u6d66\u9547", "circleNum": 2, "builtYear": "2012", "builtHeight": 18, "storeNum": 6, "floorArea": 1154.44860367, "buildArea": 6926.69162202, "seiFort": "3", "keyFire": 0, "firehouseDist": 3, "pop": 1385}