{"buildingID": 11414, "county": "\u666e\u9640", "town": "\u771f\u5982\u9547", "circleNum": 1, "builtYear": "1986", "builtHeight": 59, "storeNum": 19, "floorArea": 305.947769059, "buildArea": 5813.00761213, "seiFort": "2", "keyFire": 0, "firehouseDist": 2, "pop": 1162}