{"buildingID": 18236, "county": "\u666e\u9640", "town": "\u957f\u5f81\u9547", "circleNum": 2, "builtYear": "1994", "builtHeight": 55, "storeNum": 18, "floorArea": 1097.12734744, "buildArea": 19748.292254, "seiFort": "2", "keyFire": 0, "firehouseDist": 2, "pop": 3949}