{"buildingID": 8089, "county": "\u666e\u9640", "town": "\u7518\u6cc9\u8def\u8857\u9053", "circleNum": 1, "builtYear": "pre1978", "builtHeight": 63, "storeNum": 21, "floorArea": 941.922912574, "buildArea": 19780.381164, "seiFort": "1", "keyFire": 0, "firehouseDist": 2, "pop": 791}