{"buildingID": 727, "county": "\u666e\u9640", "town": "\u6843\u6d66\u9547", "circleNum": 2, "builtYear": "1979-1985", "builtHeight": 18, "storeNum": 6, "floorArea": 298.194803349, "buildArea": 1789.16882009, "seiFort": "2", "keyFire": 0, "firehouseDist": 2, "pop": 357}