{"buildingID": 27132, "county": "\u666e\u9640", "town": "\u957f\u5bff\u8def\u8857\u9053", "circleNum": 0, "builtYear": "pre1978", "builtHeight": 113, "storeNum": 37, "floorArea": 930.930607171, "buildArea": 34444.4324653, "seiFort": "1", "keyFire": 0, "firehouseDist": 1, "pop": 6888}