{"buildingID": 14751, "county": "\u666e\u9640", "town": "\u771f\u5982\u9547", "circleNum": 1, "builtYear": "pre1978", "builtHeight": 17, "storeNum": 5, "floorArea": 537.969969491, "buildArea": 2689.84984745, "seiFort": "1", "keyFire": 0, "firehouseDist": 2, "pop": 107}