{"buildingID": 14670, "county": "\u666e\u9640", "town": "\u77f3\u6cc9\u8def\u8857\u9053", "circleNum": 1, "builtYear": "2001", "builtHeight": 14, "storeNum": 4, "floorArea": 1263.59007831, "buildArea": 5054.36031324, "seiFort": "3", "keyFire": 0, "firehouseDist": 2, "pop": 1010}