{"buildingID": 28713, "county": "\u666e\u9640", "town": "\u957f\u98ce\u65b0\u6751\u8857\u9053", "circleNum": 1, "builtYear": "2008", "builtHeight": 55, "storeNum": 18, "floorArea": 342.812797403, "buildArea": 6170.63035326, "seiFort": "3", "keyFire": 0, "firehouseDist": 3, "pop": 1234}