{"buildingID": 23132, "county": "\u666e\u9640", "town": "\u66f9\u6768\u65b0\u6751\u8857\u9053", "circleNum": 1, "builtYear": "pre1978", "builtHeight": 19, "storeNum": 6, "floorArea": 1403.78283485, "buildArea": 8422.69700913, "seiFort": "1", "keyFire": 1, "firehouseDist": 2, "pop": 336}