{"buildingID": 11761, "county": "\u666e\u9640", "town": "\u771f\u5982\u9547", "circleNum": 2, "builtYear": "1997", "builtHeight": 18, "storeNum": 6, "floorArea": 110.009459202, "buildArea": 660.056755214, "seiFort": "2", "keyFire": 0, "firehouseDist": 2, "pop": 22}