{"buildingID": 10695, "county": "\u666e\u9640", "town": "\u771f\u5982\u9547", "circleNum": 2, "builtYear": "1994", "builtHeight": 10, "storeNum": 3, "floorArea": 22041.2426986, "buildArea": 66123.7280957, "seiFort": "2", "keyFire": 0, "firehouseDist": 2, "pop": 13224}