{"buildingID": 3046, "county": "\u666e\u9640", "town": "\u6843\u6d66\u9547", "circleNum": 2, "builtYear": "2003", "builtHeight": 10, "storeNum": 3, "floorArea": 3145.17511183, "buildArea": 9435.5253355, "seiFort": "3", "keyFire": 0, "firehouseDist": 1, "pop": 1887}