{"buildingID": 4528, "county": "\u666e\u9640", "town": "\u6843\u6d66\u9547", "circleNum": 2, "builtYear": "2000", "builtHeight": 11, "storeNum": 3, "floorArea": 882.254100644, "buildArea": 2646.76230193, "seiFort": "3", "keyFire": 0, "firehouseDist": 3, "pop": 529}