{"buildingID": 11399, "county": "\u666e\u9640", "town": "\u5b9c\u5ddd\u8def\u8857\u9053", "circleNum": 1, "builtYear": "1979-1985", "builtHeight": 15, "storeNum": 5, "floorArea": 771.538437075, "buildArea": 3857.69218538, "seiFort": "2", "keyFire": 0, "firehouseDist": 2, "pop": 771}