{"buildingID": 3171, "county": "\u666e\u9640", "town": "\u6843\u6d66\u9547", "circleNum": 3, "builtYear": "2005", "builtHeight": 18, "storeNum": 6, "floorArea": 395.304985119, "buildArea": 2371.82991072, "seiFort": "3", "keyFire": 0, "firehouseDist": 3, "pop": 474}