{"buildingID": 13032, "county": "\u666e\u9640", "town": "\u77f3\u6cc9\u8def\u8857\u9053", "circleNum": 1, "builtYear": "1990", "builtHeight": 16, "storeNum": 5, "floorArea": 853.449635212, "buildArea": 4267.24817606, "seiFort": "2", "keyFire": 0, "firehouseDist": 2, "pop": 853}