{"buildingID": 24240, "county": "\u666e\u9640", "town": "\u66f9\u6768\u65b0\u6751\u8857\u9053", "circleNum": 1, "builtYear": "1979-1985", "builtHeight": 74, "storeNum": 24, "floorArea": 357.302486282, "buildArea": 8575.25967076, "seiFort": "2", "keyFire": 0, "firehouseDist": 1, "pop": 1715}