{"buildingID": 19940, "county": "\u666e\u9640", "town": "\u957f\u98ce\u65b0\u6751\u8857\u9053", "circleNum": 0, "builtYear": "pre1978", "builtHeight": 11, "storeNum": 3, "floorArea": 464.232166833, "buildArea": 1392.6965005, "seiFort": "1", "keyFire": 0, "firehouseDist": 1, "pop": 69}