{"buildingID": 7742, "county": "\u666e\u9640", "town": "\u7518\u6cc9\u8def\u8857\u9053", "circleNum": 1, "builtYear": "2016", "builtHeight": 20, "storeNum": 6, "floorArea": 1265.96141704, "buildArea": 7595.76850226, "seiFort": "3", "keyFire": 0, "firehouseDist": 3, "pop": 1519}