{"buildingID": 10149, "county": "\u666e\u9640", "town": "\u771f\u5982\u9547", "circleNum": 2, "builtYear": "1996", "builtHeight": 55, "storeNum": 18, "floorArea": 141.19679058, "buildArea": 2541.54223044, "seiFort": "2", "keyFire": 0, "firehouseDist": 2, "pop": 84}