{"buildingID": 11528, "county": "\u666e\u9640", "town": "\u957f\u5bff\u8def\u8857\u9053", "circleNum": 0, "builtYear": "1979-1985", "builtHeight": 12, "storeNum": 4, "floorArea": 3582.33834821, "buildArea": 14329.3533928, "seiFort": "2", "keyFire": 0, "firehouseDist": 2, "pop": 2865}