{"buildingID": 6636, "county": "\u666e\u9640", "town": "\u6843\u6d66\u9547", "circleNum": 2, "builtYear": "2000", "builtHeight": 39, "storeNum": 13, "floorArea": 730.091443253, "buildArea": 9491.18876228, "seiFort": "3", "keyFire": 0, "firehouseDist": 2, "pop": 1898}