{"buildingID": 24552, "county": "\u666e\u9640", "town": "\u957f\u5bff\u8def\u8857\u9053", "circleNum": 0, "builtYear": "1979-1985", "builtHeight": 14, "storeNum": 4, "floorArea": 9359.57955085, "buildArea": 37438.3182034, "seiFort": "2", "keyFire": 1, "firehouseDist": 2, "pop": 7487}