{"buildingID": 13710, "county": "\u666e\u9640", "town": "\u771f\u5982\u9547", "circleNum": 1, "builtYear": "1989", "builtHeight": 17, "storeNum": 5, "floorArea": 311.525723752, "buildArea": 1557.62861876, "seiFort": "2", "keyFire": 0, "firehouseDist": 2, "pop": 311}