{"buildingID": 26527, "county": "\u666e\u9640", "town": "\u957f\u98ce\u65b0\u6751\u8857\u9053", "circleNum": 0, "builtYear": "pre1978", "builtHeight": 87, "storeNum": 29, "floorArea": 140.699774068, "buildArea": 4080.29344798, "seiFort": "1", "keyFire": 0, "firehouseDist": 1, "pop": 204}