{"buildingID": 11878, "county": "\u666e\u9640", "town": "\u771f\u5982\u9547", "circleNum": 1, "builtYear": "1979-1985", "builtHeight": 12, "storeNum": 4, "floorArea": 2120.3407254, "buildArea": 8481.36290161, "seiFort": "2", "keyFire": 0, "firehouseDist": 2, "pop": 1696}