{"buildingID": 12391, "county": "\u666e\u9640", "town": "\u7518\u6cc9\u8def\u8857\u9053", "circleNum": 1, "builtYear": "pre1978", "builtHeight": 20, "storeNum": 6, "floorArea": 622.731991002, "buildArea": 3736.39194601, "seiFort": "1", "keyFire": 0, "firehouseDist": 2, "pop": 149}