{"buildingID": 14671, "county": "\u666e\u9640", "town": "\u77f3\u6cc9\u8def\u8857\u9053", "circleNum": 1, "builtYear": "2007", "builtHeight": 14, "storeNum": 4, "floorArea": 424.707714782, "buildArea": 1698.83085913, "seiFort": "3", "keyFire": 0, "firehouseDist": 2, "pop": 339}