{"buildingID": 6394, "county": "\u666e\u9640", "town": "\u6843\u6d66\u9547", "circleNum": 2, "builtYear": "2008", "builtHeight": 46, "storeNum": 15, "floorArea": 761.729565639, "buildArea": 11425.9434846, "seiFort": "3", "keyFire": 0, "firehouseDist": 2, "pop": 2285}