{"buildingID": 748, "county": "\u666e\u9640", "town": "\u957f\u5f81\u9547", "circleNum": 2, "builtYear": "1979-1985", "builtHeight": 21, "storeNum": 7, "floorArea": 253.545583553, "buildArea": 1774.81908487, "seiFort": "2", "keyFire": 0, "firehouseDist": 1, "pop": 354}