{"buildingID": 6514, "county": "\u666e\u9640", "town": "\u6843\u6d66\u9547", "circleNum": 2, "builtYear": "2001", "builtHeight": 12, "storeNum": 4, "floorArea": 357.171761509, "buildArea": 1428.68704604, "seiFort": "3", "keyFire": 0, "firehouseDist": 1, "pop": 285}