{"buildingID": 15680, "county": "\u666e\u9640", "town": "\u771f\u5982\u9547", "circleNum": 2, "builtYear": "1990", "builtHeight": 21, "storeNum": 7, "floorArea": 794.628427342, "buildArea": 5562.39899139, "seiFort": "2", "keyFire": 0, "firehouseDist": 1, "pop": 1112}