{"buildingID": 2169, "county": "\u666e\u9640", "town": "\u6843\u6d66\u9547", "circleNum": 3, "builtYear": "1996", "builtHeight": 18, "storeNum": 6, "floorArea": 618.947606213, "buildArea": 3713.68563728, "seiFort": "2", "keyFire": 0, "firehouseDist": 3, "pop": 742}