{"buildingID": 25767, "county": "\u666e\u9640", "town": "\u66f9\u6768\u65b0\u6751\u8857\u9053", "circleNum": 1, "builtYear": "pre1978", "builtHeight": 10, "storeNum": 3, "floorArea": 1231.11118366, "buildArea": 3693.33355098, "seiFort": "1", "keyFire": 0, "firehouseDist": 1, "pop": 147}