{"buildingID": 27452, "county": "\u666e\u9640", "town": "\u957f\u98ce\u65b0\u6751\u8857\u9053", "circleNum": 1, "builtYear": "pre1978", "builtHeight": 8, "storeNum": 2, "floorArea": 772.044330864, "buildArea": 1544.08866173, "seiFort": "1", "keyFire": 0, "firehouseDist": 2, "pop": 61}