{"buildingID": 19120, "county": "\u666e\u9640", "town": "\u957f\u5f81\u9547", "circleNum": 2, "builtYear": "1999", "builtHeight": 44, "storeNum": 14, "floorArea": 1466.19173944, "buildArea": 20526.6843522, "seiFort": "2", "keyFire": 1, "firehouseDist": 3, "pop": 4105}