{"buildingID": 13665, "county": "\u666e\u9640", "town": "\u771f\u5982\u9547", "circleNum": 2, "builtYear": "1994", "builtHeight": 13, "storeNum": 4, "floorArea": 252.036036043, "buildArea": 1008.14414417, "seiFort": "2", "keyFire": 0, "firehouseDist": 1, "pop": 201}