{"buildingID": 20147, "county": "\u666e\u9640", "town": "\u66f9\u6768\u65b0\u6751\u8857\u9053", "circleNum": 1, "builtYear": "pre1978", "builtHeight": 19, "storeNum": 6, "floorArea": 393.991085644, "buildArea": 2363.94651387, "seiFort": "1", "keyFire": 0, "firehouseDist": 2, "pop": 94}