{"buildingID": 12642, "county": "\u666e\u9640", "town": "\u771f\u5982\u9547", "circleNum": 2, "builtYear": "1994", "builtHeight": 12, "storeNum": 4, "floorArea": 116.460646406, "buildArea": 465.842585622, "seiFort": "2", "keyFire": 0, "firehouseDist": 2, "pop": 15}