{"buildingID": 5454, "county": "\u666e\u9640", "town": "\u6843\u6d66\u9547", "circleNum": 2, "builtYear": "pre1978", "builtHeight": 88, "storeNum": 29, "floorArea": 343.099025982, "buildArea": 9949.87175349, "seiFort": "1", "keyFire": 0, "firehouseDist": 2, "pop": 331}