{"buildingID": 25452, "county": "\u666e\u9640", "town": "\u66f9\u6768\u65b0\u6751\u8857\u9053", "circleNum": 1, "builtYear": "pre1978", "builtHeight": 15, "storeNum": 5, "floorArea": 246.055109925, "buildArea": 1230.27554963, "seiFort": "1", "keyFire": 0, "firehouseDist": 1, "pop": 49}