{"buildingID": 1106, "county": "\u666e\u9640", "town": "\u6843\u6d66\u9547", "circleNum": 3, "builtYear": "2003", "builtHeight": 18, "storeNum": 6, "floorArea": 985.102438058, "buildArea": 5910.61462835, "seiFort": "3", "keyFire": 0, "firehouseDist": 5, "pop": 1182}