{"buildingID": 4189, "county": "\u666e\u9640", "town": "\u6843\u6d66\u9547", "circleNum": 2, "builtYear": "2004", "builtHeight": 12, "storeNum": 4, "floorArea": 2518.22896844, "buildArea": 10072.9158738, "seiFort": "3", "keyFire": 0, "firehouseDist": 2, "pop": 2014}