{"buildingID": 1007, "county": "\u666e\u9640", "town": "\u6843\u6d66\u9547", "circleNum": 3, "builtYear": "2006", "builtHeight": 54, "storeNum": 18, "floorArea": 609.477619781, "buildArea": 10970.5971561, "seiFort": "3", "keyFire": 0, "firehouseDist": 3, "pop": 2194}