{"buildingID": 4446, "county": "\u666e\u9640", "town": "\u6843\u6d66\u9547", "circleNum": 2, "builtYear": "1979-1985", "builtHeight": 9, "storeNum": 3, "floorArea": 1836.25148438, "buildArea": 5508.75445315, "seiFort": "2", "keyFire": 0, "firehouseDist": 3, "pop": 1101}