{"buildingID": 11667, "county": "\u666e\u9640", "town": "\u771f\u5982\u9547", "circleNum": 2, "builtYear": "pre1978", "builtHeight": 70, "storeNum": 23, "floorArea": 164.651151444, "buildArea": 3786.97648322, "seiFort": "1", "keyFire": 0, "firehouseDist": 2, "pop": 126}