{"buildingID": 18822, "county": "\u666e\u9640", "town": "\u957f\u5f81\u9547", "circleNum": 2, "builtYear": "2010", "builtHeight": 38, "storeNum": 12, "floorArea": 1160.39201687, "buildArea": 13924.7042024, "seiFort": "3", "keyFire": 0, "firehouseDist": 2, "pop": 2784}