{"buildingID": 4780, "county": "\u666e\u9640", "town": "\u6843\u6d66\u9547", "circleNum": 2, "builtYear": "1994", "builtHeight": 17, "storeNum": 5, "floorArea": 624.434579732, "buildArea": 3122.17289866, "seiFort": "2", "keyFire": 0, "firehouseDist": 1, "pop": 624}