{"buildingID": 15904, "county": "\u666e\u9640", "town": "\u771f\u5982\u9547", "circleNum": 1, "builtYear": "1979-1985", "builtHeight": 8, "storeNum": 2, "floorArea": 382.300595667, "buildArea": 764.601191333, "seiFort": "2", "keyFire": 0, "firehouseDist": 2, "pop": 152}