{"buildingID": 4851, "county": "\u666e\u9640", "town": "\u6843\u6d66\u9547", "circleNum": 2, "builtYear": "2002", "builtHeight": 20, "storeNum": 6, "floorArea": 11622.7464594, "buildArea": 69736.4787562, "seiFort": "3", "keyFire": 0, "firehouseDist": 2, "pop": 13947}