{"buildingID": 27223, "county": "\u666e\u9640", "town": "\u957f\u98ce\u65b0\u6751\u8857\u9053", "circleNum": 1, "builtYear": "pre1978", "builtHeight": 32, "storeNum": 10, "floorArea": 50.2355345014, "buildArea": 502.355345014, "seiFort": "1", "keyFire": 0, "firehouseDist": 2, "pop": 20}