{"buildingID": 7934, "county": "\u666e\u9640", "town": "\u7518\u6cc9\u8def\u8857\u9053", "circleNum": 1, "builtYear": "1979-1985", "builtHeight": 3, "storeNum": 1, "floorArea": 513.0765123, "buildArea": 513.0765123, "seiFort": "2", "keyFire": 0, "firehouseDist": 3, "pop": 102}