{"buildingID": 10123, "county": "\u666e\u9640", "town": "\u771f\u5982\u9547", "circleNum": 2, "builtYear": "2001", "builtHeight": 22, "storeNum": 7, "floorArea": 270.050055562, "buildArea": 1890.35038893, "seiFort": "3", "keyFire": 0, "firehouseDist": 2, "pop": 378}