{"buildingID": 13911, "county": "\u666e\u9640", "town": "\u771f\u5982\u9547", "circleNum": 1, "builtYear": "1989", "builtHeight": 15, "storeNum": 5, "floorArea": 321.694780383, "buildArea": 1608.47390191, "seiFort": "2", "keyFire": 0, "firehouseDist": 2, "pop": 321}