{"buildingID": 13747, "county": "\u666e\u9640", "town": "\u771f\u5982\u9547", "circleNum": 1, "builtYear": "1990", "builtHeight": 20, "storeNum": 6, "floorArea": 760.666701138, "buildArea": 4564.00020683, "seiFort": "2", "keyFire": 0, "firehouseDist": 2, "pop": 912}