{"buildingID": 9906, "county": "\u666e\u9640", "town": "\u7518\u6cc9\u8def\u8857\u9053", "circleNum": 1, "builtYear": "pre1978", "builtHeight": 59, "storeNum": 19, "floorArea": 464.135745514, "buildArea": 8818.57916476, "seiFort": "1", "keyFire": 0, "firehouseDist": 2, "pop": 352}