{"buildingID": 2752, "county": "\u666e\u9640", "town": "\u6843\u6d66\u9547", "circleNum": 3, "builtYear": "1979-1985", "builtHeight": 6, "storeNum": 2, "floorArea": 1017.05220533, "buildArea": 2034.10441067, "seiFort": "2", "keyFire": 0, "firehouseDist": 3, "pop": 406}