{"buildingID": 27183, "county": "\u666e\u9640", "town": "\u957f\u98ce\u65b0\u6751\u8857\u9053", "circleNum": 1, "builtYear": "pre1978", "builtHeight": 15, "storeNum": 5, "floorArea": 597.553998093, "buildArea": 2987.76999047, "seiFort": "1", "keyFire": 0, "firehouseDist": 2, "pop": 119}