{"buildingID": 5721, "county": "\u666e\u9640", "town": "\u6843\u6d66\u9547", "circleNum": 2, "builtYear": "1979-1985", "builtHeight": 95, "storeNum": 31, "floorArea": 944.039780854, "buildArea": 29265.2332065, "seiFort": "2", "keyFire": 0, "firehouseDist": 2, "pop": 5853}