{"buildingID": 10254, "county": "\u666e\u9640", "town": "\u771f\u5982\u9547", "circleNum": 2, "builtYear": "2004", "builtHeight": 48, "storeNum": 16, "floorArea": 102.104547732, "buildArea": 1633.67276371, "seiFort": "3", "keyFire": 0, "firehouseDist": 2, "pop": 54}