{"buildingID": 15571, "county": "\u666e\u9640", "town": "\u5b9c\u5ddd\u8def\u8857\u9053", "circleNum": 1, "builtYear": "1979-1985", "builtHeight": 5, "storeNum": 1, "floorArea": 443.436643748, "buildArea": 443.436643748, "seiFort": "2", "keyFire": 0, "firehouseDist": 1, "pop": 88}