{"buildingID": 19201, "county": "\u666e\u9640", "town": "\u957f\u5f81\u9547", "circleNum": 2, "builtYear": "1992", "builtHeight": 24, "storeNum": 8, "floorArea": 1654.25275047, "buildArea": 13234.0220037, "seiFort": "2", "keyFire": 0, "firehouseDist": 3, "pop": 2646}