{"buildingID": 13843, "county": "\u666e\u9640", "town": "\u77f3\u6cc9\u8def\u8857\u9053", "circleNum": 1, "builtYear": "1994", "builtHeight": 97, "storeNum": 32, "floorArea": 324.157895793, "buildArea": 10373.0526654, "seiFort": "2", "keyFire": 0, "firehouseDist": 3, "pop": 2074}