{"buildingID": 28588, "county": "\u666e\u9640", "town": "\u957f\u98ce\u65b0\u6751\u8857\u9053", "circleNum": 1, "builtYear": "1995", "builtHeight": 9, "storeNum": 3, "floorArea": 279.360936634, "buildArea": 838.082809902, "seiFort": "2", "keyFire": 0, "firehouseDist": 3, "pop": 167}