{"buildingID": 6302, "county": "\u666e\u9640", "town": "\u6843\u6d66\u9547", "circleNum": 2, "builtYear": "2005", "builtHeight": 19, "storeNum": 6, "floorArea": 935.067901465, "buildArea": 5610.40740879, "seiFort": "3", "keyFire": 0, "firehouseDist": 2, "pop": 1122}