{"buildingID": 4551, "county": "\u666e\u9640", "town": "\u6843\u6d66\u9547", "circleNum": 2, "builtYear": "1986", "builtHeight": 72, "storeNum": 24, "floorArea": 518.938082319, "buildArea": 12454.5139757, "seiFort": "2", "keyFire": 0, "firehouseDist": 2, "pop": 2490}