{"buildingID": 14130, "county": "\u666e\u9640", "town": "\u77f3\u6cc9\u8def\u8857\u9053", "circleNum": 1, "builtYear": "1987", "builtHeight": 11, "storeNum": 3, "floorArea": 422.20320138, "buildArea": 1266.60960414, "seiFort": "2", "keyFire": 0, "firehouseDist": 2, "pop": 253}