{"buildingID": 6253, "county": "\u666e\u9640", "town": "\u6843\u6d66\u9547", "circleNum": 2, "builtYear": "1995", "builtHeight": 13, "storeNum": 4, "floorArea": 1102.01934706, "buildArea": 4408.07738822, "seiFort": "2", "keyFire": 0, "firehouseDist": 2, "pop": 881}