{"buildingID": 18317, "county": "\u666e\u9640", "town": "\u957f\u5f81\u9547", "circleNum": 2, "builtYear": "2012", "builtHeight": 52, "storeNum": 17, "floorArea": 859.456648599, "buildArea": 14610.7630262, "seiFort": "3", "keyFire": 0, "firehouseDist": 3, "pop": 2922}