{"buildingID": 12998, "county": "\u666e\u9640", "town": "\u77f3\u6cc9\u8def\u8857\u9053", "circleNum": 1, "builtYear": "1996", "builtHeight": 18, "storeNum": 6, "floorArea": 114.095243575, "buildArea": 684.571461452, "seiFort": "2", "keyFire": 0, "firehouseDist": 2, "pop": 27}