{"buildingID": 4271, "county": "\u666e\u9640", "town": "\u6843\u6d66\u9547", "circleNum": 2, "builtYear": "1998", "builtHeight": 13, "storeNum": 4, "floorArea": 608.102860029, "buildArea": 2432.41144012, "seiFort": "2", "keyFire": 0, "firehouseDist": 2, "pop": 486}