{"buildingID": 15385, "county": "\u666e\u9640", "town": "\u77f3\u6cc9\u8def\u8857\u9053", "circleNum": 1, "builtYear": "1989", "builtHeight": 20, "storeNum": 6, "floorArea": 693.009661813, "buildArea": 4158.05797088, "seiFort": "2", "keyFire": 0, "firehouseDist": 2, "pop": 831}