{"buildingID": 24768, "county": "\u666e\u9640", "town": "\u66f9\u6768\u65b0\u6751\u8857\u9053", "circleNum": 1, "builtYear": "pre1978", "builtHeight": 20, "storeNum": 6, "floorArea": 436.656717305, "buildArea": 2619.94030383, "seiFort": "1", "keyFire": 0, "firehouseDist": 1, "pop": 104}