{"buildingID": 8782, "county": "\u666e\u9640", "town": "\u6843\u6d66\u9547", "circleNum": 2, "builtYear": "1997", "builtHeight": 20, "storeNum": 6, "floorArea": 449.667841299, "buildArea": 2698.00704779, "seiFort": "2", "keyFire": 0, "firehouseDist": 2, "pop": 539}