{"buildingID": 26195, "county": "\u666e\u9640", "town": "\u66f9\u6768\u65b0\u6751\u8857\u9053", "circleNum": 1, "builtYear": "pre1978", "builtHeight": 10, "storeNum": 3, "floorArea": 681.348938431, "buildArea": 2044.04681529, "seiFort": "1", "keyFire": 0, "firehouseDist": 2, "pop": 81}