{"buildingID": 19188, "county": "\u666e\u9640", "town": "\u957f\u5f81\u9547", "circleNum": 2, "builtYear": "1979-1985", "builtHeight": 19, "storeNum": 6, "floorArea": 89.6318937027, "buildArea": 537.791362216, "seiFort": "2", "keyFire": 0, "firehouseDist": 3, "pop": 17}