{"buildingID": 9074, "county": "\u666e\u9640", "town": "\u7518\u6cc9\u8def\u8857\u9053", "circleNum": 1, "builtYear": "1986", "builtHeight": 16, "storeNum": 5, "floorArea": 576.452201662, "buildArea": 2882.26100831, "seiFort": "2", "keyFire": 0, "firehouseDist": 3, "pop": 576}