{"buildingID": 27414, "county": "\u666e\u9640", "town": "\u957f\u98ce\u65b0\u6751\u8857\u9053", "circleNum": 0, "builtYear": "pre1978", "builtHeight": 51, "storeNum": 17, "floorArea": 39.1825626117, "buildArea": 666.1035644, "seiFort": "1", "keyFire": 0, "firehouseDist": 1, "pop": 33}