{"buildingID": 23656, "county": "\u666e\u9640", "town": "\u66f9\u6768\u65b0\u6751\u8857\u9053", "circleNum": 1, "builtYear": "2017", "builtHeight": 11, "storeNum": 3, "floorArea": 227.059904291, "buildArea": 681.179712872, "seiFort": "3", "keyFire": 0, "firehouseDist": 1, "pop": 136}