{"buildingID": 13478, "county": "\u666e\u9640", "town": "\u771f\u5982\u9547", "circleNum": 1, "builtYear": "1992", "builtHeight": 12, "storeNum": 4, "floorArea": 478.039280149, "buildArea": 1912.15712059, "seiFort": "2", "keyFire": 0, "firehouseDist": 2, "pop": 382}