{"buildingID": 28849, "county": "\u666e\u9640", "town": "\u957f\u98ce\u65b0\u6751\u8857\u9053", "circleNum": 1, "builtYear": "2000", "builtHeight": 10, "storeNum": 3, "floorArea": 113.018000235, "buildArea": 339.054000706, "seiFort": "3", "keyFire": 0, "firehouseDist": 3, "pop": 13}