{"buildingID": 18853, "county": "\u666e\u9640", "town": "\u957f\u5f81\u9547", "circleNum": 2, "builtYear": "1979-1985", "builtHeight": 62, "storeNum": 20, "floorArea": 2623.72229062, "buildArea": 52474.4458124, "seiFort": "2", "keyFire": 0, "firehouseDist": 2, "pop": 10494}