{"buildingID": 12382, "county": "\u666e\u9640", "town": "\u7518\u6cc9\u8def\u8857\u9053", "circleNum": 1, "builtYear": "1979-1985", "builtHeight": 16, "storeNum": 5, "floorArea": 499.167624893, "buildArea": 2495.83812447, "seiFort": "2", "keyFire": 0, "firehouseDist": 2, "pop": 499}