{"buildingID": 9260, "county": "\u666e\u9640", "town": "\u6843\u6d66\u9547", "circleNum": 2, "builtYear": "1996", "builtHeight": 12, "storeNum": 4, "floorArea": 256.154311747, "buildArea": 1024.61724699, "seiFort": "2", "keyFire": 0, "firehouseDist": 2, "pop": 204}