{"buildingID": 18764, "county": "\u666e\u9640", "town": "\u957f\u5f81\u9547", "circleNum": 2, "builtYear": "1996", "builtHeight": 15, "storeNum": 5, "floorArea": 1095.06136795, "buildArea": 5475.30683976, "seiFort": "2", "keyFire": 0, "firehouseDist": 3, "pop": 1095}