{"buildingID": 22327, "county": "\u666e\u9640", "town": "\u66f9\u6768\u65b0\u6751\u8857\u9053", "circleNum": 1, "builtYear": "pre1978", "builtHeight": 11, "storeNum": 3, "floorArea": 713.775953815, "buildArea": 2141.32786145, "seiFort": "1", "keyFire": 0, "firehouseDist": 1, "pop": 85}