{"buildingID": 5460, "county": "\u666e\u9640", "town": "\u6843\u6d66\u9547", "circleNum": 2, "builtYear": "pre1978", "builtHeight": 84, "storeNum": 28, "floorArea": 328.039438222, "buildArea": 9185.10427022, "seiFort": "1", "keyFire": 0, "firehouseDist": 2, "pop": 306}