{"buildingID": 5491, "county": "\u666e\u9640", "town": "\u6843\u6d66\u9547", "circleNum": 2, "builtYear": "1987", "builtHeight": 17, "storeNum": 5, "floorArea": 349.674611739, "buildArea": 1748.37305869, "seiFort": "2", "keyFire": 0, "firehouseDist": 1, "pop": 349}