{"buildingID": 7057, "county": "\u666e\u9640", "town": "\u6843\u6d66\u9547", "circleNum": 2, "builtYear": "1990", "builtHeight": 91, "storeNum": 30, "floorArea": 985.840714939, "buildArea": 29575.2214482, "seiFort": "2", "keyFire": 0, "firehouseDist": 1, "pop": 5915}