{"buildingID": 10066, "county": "\u666e\u9640", "town": "\u771f\u5982\u9547", "circleNum": 2, "builtYear": "2006", "builtHeight": 18, "storeNum": 6, "floorArea": 1657.77587849, "buildArea": 9946.65527092, "seiFort": "3", "keyFire": 0, "firehouseDist": 2, "pop": 1989}