{"buildingID": 17832, "county": "\u666e\u9640", "town": "\u957f\u5bff\u8def\u8857\u9053", "circleNum": 0, "builtYear": "pre1978", "builtHeight": 101, "storeNum": 33, "floorArea": 99.7237773921, "buildArea": 3290.88465394, "seiFort": "1", "keyFire": 0, "firehouseDist": 1, "pop": 658}