{"buildingID": 13535, "county": "\u666e\u9640", "town": "\u771f\u5982\u9547", "circleNum": 1, "builtYear": "1979-1985", "builtHeight": 18, "storeNum": 6, "floorArea": 2616.33350712, "buildArea": 15698.0010427, "seiFort": "2", "keyFire": 0, "firehouseDist": 2, "pop": 3139}