{"buildingID": 16200, "county": "\u666e\u9640", "town": "\u5b9c\u5ddd\u8def\u8857\u9053", "circleNum": 1, "builtYear": "pre1978", "builtHeight": 107, "storeNum": 35, "floorArea": 933.902086654, "buildArea": 32686.5730329, "seiFort": "1", "keyFire": 0, "firehouseDist": 1, "pop": 6537}