{"buildingID": 17821, "county": "\u666e\u9640", "town": "\u957f\u5bff\u8def\u8857\u9053", "circleNum": 0, "builtYear": "1979-1985", "builtHeight": 18, "storeNum": 6, "floorArea": 760.031510765, "buildArea": 4560.18906459, "seiFort": "2", "keyFire": 0, "firehouseDist": 1, "pop": 912}