{"buildingID": 4236, "county": "\u666e\u9640", "town": "\u6843\u6d66\u9547", "circleNum": 2, "builtYear": "2005", "builtHeight": 75, "storeNum": 25, "floorArea": 509.225106819, "buildArea": 12730.6276705, "seiFort": "3", "keyFire": 0, "firehouseDist": 2, "pop": 2546}