{"buildingID": 23694, "county": "\u666e\u9640", "town": "\u66f9\u6768\u65b0\u6751\u8857\u9053", "circleNum": 1, "builtYear": "1990", "builtHeight": 8, "storeNum": 2, "floorArea": 1121.26536639, "buildArea": 2242.53073278, "seiFort": "2", "keyFire": 1, "firehouseDist": 1, "pop": 448}