{"buildingID": 3135, "county": "\u666e\u9640", "town": "\u6843\u6d66\u9547", "circleNum": 3, "builtYear": "2003", "builtHeight": 18, "storeNum": 6, "floorArea": 849.416210239, "buildArea": 5096.49726143, "seiFort": "3", "keyFire": 0, "firehouseDist": 3, "pop": 1019}