{"buildingID": 15058, "county": "\u666e\u9640", "town": "\u771f\u5982\u9547", "circleNum": 2, "builtYear": "2010", "builtHeight": 30, "storeNum": 10, "floorArea": 79.0001118775, "buildArea": 790.001118775, "seiFort": "3", "keyFire": 0, "firehouseDist": 1, "pop": 26}