{"buildingID": 16028, "county": "\u666e\u9640", "town": "\u771f\u5982\u9547", "circleNum": 1, "builtYear": "1994", "builtHeight": 6, "storeNum": 2, "floorArea": 808.364426917, "buildArea": 1616.72885383, "seiFort": "2", "keyFire": 0, "firehouseDist": 1, "pop": 323}