{"buildingID": 11282, "county": "\u666e\u9640", "town": "\u771f\u5982\u9547", "circleNum": 2, "builtYear": "2001", "builtHeight": 14, "storeNum": 4, "floorArea": 452.715121158, "buildArea": 1810.86048463, "seiFort": "3", "keyFire": 0, "firehouseDist": 2, "pop": 362}