{"buildingID": 2154, "county": "\u666e\u9640", "town": "\u6843\u6d66\u9547", "circleNum": 3, "builtYear": "1979-1985", "builtHeight": 18, "storeNum": 6, "floorArea": 1986.3991467, "buildArea": 11918.3948802, "seiFort": "2", "keyFire": 0, "firehouseDist": 3, "pop": 2383}