{"buildingID": 8274, "county": "\u666e\u9640", "town": "\u6843\u6d66\u9547", "circleNum": 2, "builtYear": "1979-1985", "builtHeight": 3, "storeNum": 1, "floorArea": 1427.3159107, "buildArea": 1427.3159107, "seiFort": "2", "keyFire": 0, "firehouseDist": 2, "pop": 285}