{"buildingID": 25368, "county": "\u666e\u9640", "town": "\u66f9\u6768\u65b0\u6751\u8857\u9053", "circleNum": 1, "builtYear": "pre1978", "builtHeight": 13, "storeNum": 4, "floorArea": 427.743714874, "buildArea": 1710.9748595, "seiFort": "1", "keyFire": 0, "firehouseDist": 1, "pop": 68}