{"buildingID": 20442, "county": "\u666e\u9640", "town": "\u771f\u5982\u9547", "circleNum": 1, "builtYear": "2003", "builtHeight": 18, "storeNum": 6, "floorArea": 68.7495790075, "buildArea": 412.497474045, "seiFort": "3", "keyFire": 0, "firehouseDist": 1, "pop": 16}