{"buildingID": 1032, "county": "\u666e\u9640", "town": "\u6843\u6d66\u9547", "circleNum": 3, "builtYear": "1979-1985", "builtHeight": 18, "storeNum": 6, "floorArea": 888.448342923, "buildArea": 5330.69005754, "seiFort": "2", "keyFire": 0, "firehouseDist": 4, "pop": 1066}