{"buildingID": 9172, "county": "\u666e\u9640", "town": "\u7518\u6cc9\u8def\u8857\u9053", "circleNum": 1, "builtYear": "1979-1985", "builtHeight": 13, "storeNum": 4, "floorArea": 272.904368451, "buildArea": 1091.6174738, "seiFort": "2", "keyFire": 0, "firehouseDist": 3, "pop": 218}