{"buildingID": 10694, "county": "\u666e\u9640", "town": "\u771f\u5982\u9547", "circleNum": 2, "builtYear": "1998", "builtHeight": 14, "storeNum": 4, "floorArea": 384.786342642, "buildArea": 1539.14537057, "seiFort": "2", "keyFire": 0, "firehouseDist": 2, "pop": 307}