{"buildingID": 22571, "county": "\u666e\u9640", "town": "\u957f\u5f81\u9547", "circleNum": 2, "builtYear": "2001", "builtHeight": 21, "storeNum": 7, "floorArea": 943.265967455, "buildArea": 6602.86177219, "seiFort": "3", "keyFire": 0, "firehouseDist": 2, "pop": 1320}