{"buildingID": 14590, "county": "\u666e\u9640", "town": "\u771f\u5982\u9547", "circleNum": 1, "builtYear": "pre1978", "builtHeight": 94, "storeNum": 31, "floorArea": 571.429841377, "buildArea": 17714.3250827, "seiFort": "1", "keyFire": 0, "firehouseDist": 2, "pop": 708}