{"buildingID": 11169, "county": "\u666e\u9640", "town": "\u771f\u5982\u9547", "circleNum": 2, "builtYear": "pre1978", "builtHeight": 71, "storeNum": 23, "floorArea": 370.263254005, "buildArea": 8516.05484212, "seiFort": "1", "keyFire": 0, "firehouseDist": 2, "pop": 283}