{"buildingID": 1464, "county": "\u666e\u9640", "town": "\u6843\u6d66\u9547", "circleNum": 3, "builtYear": "1994", "builtHeight": 18, "storeNum": 6, "floorArea": 812.135717254, "buildArea": 4872.81430353, "seiFort": "2", "keyFire": 0, "firehouseDist": 4, "pop": 974}