{"buildingID": 26993, "county": "\u666e\u9640", "town": "\u957f\u5bff\u8def\u8857\u9053", "circleNum": 0, "builtYear": "1979-1985", "builtHeight": 6, "storeNum": 2, "floorArea": 534.365907267, "buildArea": 1068.73181453, "seiFort": "2", "keyFire": 0, "firehouseDist": 1, "pop": 213}