{"buildingID": 9198, "county": "\u666e\u9640", "town": "\u771f\u5982\u9547", "circleNum": 2, "builtYear": "2001", "builtHeight": 17, "storeNum": 5, "floorArea": 843.036976025, "buildArea": 4215.18488013, "seiFort": "3", "keyFire": 0, "firehouseDist": 2, "pop": 843}