{"buildingID": 22992, "county": "\u666e\u9640", "town": "\u957f\u5bff\u8def\u8857\u9053", "circleNum": 0, "builtYear": "1979-1985", "builtHeight": 82, "storeNum": 27, "floorArea": 898.824439376, "buildArea": 24268.2598631, "seiFort": "2", "keyFire": 0, "firehouseDist": 1, "pop": 4853}