{"buildingID": 5300, "county": "\u666e\u9640", "town": "\u6843\u6d66\u9547", "circleNum": 2, "builtYear": "2010", "builtHeight": 30, "storeNum": 10, "floorArea": 739.887812079, "buildArea": 7398.87812079, "seiFort": "3", "keyFire": 0, "firehouseDist": 1, "pop": 1479}