{"buildingID": 23130, "county": "\u666e\u9640", "town": "\u66f9\u6768\u65b0\u6751\u8857\u9053", "circleNum": 1, "builtYear": "pre1978", "builtHeight": 20, "storeNum": 6, "floorArea": 2158.02231208, "buildArea": 12948.1338725, "seiFort": "1", "keyFire": 0, "firehouseDist": 2, "pop": 517}