{"buildingID": 22646, "county": "\u666e\u9640", "town": "\u66f9\u6768\u65b0\u6751\u8857\u9053", "circleNum": 1, "builtYear": "1991", "builtHeight": 62, "storeNum": 20, "floorArea": 221.549463339, "buildArea": 4430.98926678, "seiFort": "2", "keyFire": 0, "firehouseDist": 1, "pop": 886}