{"buildingID": 5557, "county": "\u666e\u9640", "town": "\u6843\u6d66\u9547", "circleNum": 2, "builtYear": "2004", "builtHeight": 34, "storeNum": 11, "floorArea": 41.0195296038, "buildArea": 451.214825642, "seiFort": "3", "keyFire": 0, "firehouseDist": 1, "pop": 15}