{"buildingID": 4025, "county": "\u666e\u9640", "town": "\u6843\u6d66\u9547", "circleNum": 2, "builtYear": "2007", "builtHeight": 11, "storeNum": 3, "floorArea": 764.293700897, "buildArea": 2292.88110269, "seiFort": "3", "keyFire": 0, "firehouseDist": 2, "pop": 458}