{"buildingID": 10664, "county": "\u666e\u9640", "town": "\u771f\u5982\u9547", "circleNum": 2, "builtYear": "2000", "builtHeight": 17, "storeNum": 5, "floorArea": 72.9993339926, "buildArea": 364.996669963, "seiFort": "3", "keyFire": 0, "firehouseDist": 2, "pop": 12}