{"buildingID": 27867, "county": "\u666e\u9640", "town": "\u957f\u98ce\u65b0\u6751\u8857\u9053", "circleNum": 1, "builtYear": "2016", "builtHeight": 5, "storeNum": 1, "floorArea": 182.823951608, "buildArea": 182.823951608, "seiFort": "3", "keyFire": 0, "firehouseDist": 2, "pop": 36}