{"buildingID": 7955, "county": "\u666e\u9640", "town": "\u7518\u6cc9\u8def\u8857\u9053", "circleNum": 1, "builtYear": "1979-1985", "builtHeight": 17, "storeNum": 5, "floorArea": 769.983827992, "buildArea": 3849.91913996, "seiFort": "2", "keyFire": 0, "firehouseDist": 3, "pop": 769}