{"buildingID": 11986, "county": "\u666e\u9640", "town": "\u77f3\u6cc9\u8def\u8857\u9053", "circleNum": 1, "builtYear": "1999", "builtHeight": 9, "storeNum": 3, "floorArea": 402.087276619, "buildArea": 1206.26182986, "seiFort": "2", "keyFire": 0, "firehouseDist": 2, "pop": 241}