{"buildingID": 10018, "county": "\u666e\u9640", "town": "\u7518\u6cc9\u8def\u8857\u9053", "circleNum": 1, "builtYear": "1997", "builtHeight": 8, "storeNum": 2, "floorArea": 1442.12509575, "buildArea": 2884.2501915, "seiFort": "2", "keyFire": 0, "firehouseDist": 3, "pop": 576}