{"buildingID": 26447, "county": "\u666e\u9640", "town": "\u957f\u98ce\u65b0\u6751\u8857\u9053", "circleNum": 1, "builtYear": "1989", "builtHeight": 11, "storeNum": 3, "floorArea": 1763.4196996, "buildArea": 5290.2590988, "seiFort": "2", "keyFire": 0, "firehouseDist": 2, "pop": 1058}