{"buildingID": 341, "county": "\u666e\u9640", "town": "\u6843\u6d66\u9547", "circleNum": 3, "builtYear": "1999", "builtHeight": 18, "storeNum": 6, "floorArea": 5105.92503423, "buildArea": 30635.5502054, "seiFort": "2", "keyFire": 0, "firehouseDist": 3, "pop": 6127}