{"buildingID": 27320, "county": "\u666e\u9640", "town": "\u957f\u98ce\u65b0\u6751\u8857\u9053", "circleNum": 1, "builtYear": "1979-1985", "builtHeight": 11, "storeNum": 3, "floorArea": 1374.73338597, "buildArea": 4124.20015791, "seiFort": "2", "keyFire": 0, "firehouseDist": 2, "pop": 824}