{"buildingID": 15312, "county": "\u666e\u9640", "town": "\u77f3\u6cc9\u8def\u8857\u9053", "circleNum": 1, "builtYear": "1989", "builtHeight": 11, "storeNum": 3, "floorArea": 579.015224323, "buildArea": 1737.04567297, "seiFort": "2", "keyFire": 0, "firehouseDist": 2, "pop": 347}