{"buildingID": 21777, "county": "\u666e\u9640", "town": "\u66f9\u6768\u65b0\u6751\u8857\u9053", "circleNum": 1, "builtYear": "pre1978", "builtHeight": 7, "storeNum": 2, "floorArea": 24.6246825453, "buildArea": 49.2493650905, "seiFort": "1", "keyFire": 0, "firehouseDist": 1, "pop": 1}