{"buildingID": 9738, "county": "\u666e\u9640", "town": "\u7518\u6cc9\u8def\u8857\u9053", "circleNum": 1, "builtYear": "1979-1985", "builtHeight": 19, "storeNum": 6, "floorArea": 733.136870604, "buildArea": 4398.82122362, "seiFort": "2", "keyFire": 0, "firehouseDist": 3, "pop": 879}