{"buildingID": 10737, "county": "\u666e\u9640", "town": "\u771f\u5982\u9547", "circleNum": 1, "builtYear": "pre1978", "builtHeight": 55, "storeNum": 18, "floorArea": 726.973545094, "buildArea": 13085.5238117, "seiFort": "1", "keyFire": 0, "firehouseDist": 2, "pop": 523}