{"buildingID": 27468, "county": "\u666e\u9640", "town": "\u957f\u98ce\u65b0\u6751\u8857\u9053", "circleNum": 1, "builtYear": "1992", "builtHeight": 6, "storeNum": 2, "floorArea": 36.0911719088, "buildArea": 72.1823438176, "seiFort": "2", "keyFire": 0, "firehouseDist": 2, "pop": 2}