{"buildingID": 24209, "county": "\u666e\u9640", "town": "\u66f9\u6768\u65b0\u6751\u8857\u9053", "circleNum": 1, "builtYear": "1979-1985", "builtHeight": 3, "storeNum": 1, "floorArea": 229.13871856, "buildArea": 229.13871856, "seiFort": "2", "keyFire": 0, "firehouseDist": 1, "pop": 45}