{"buildingID": 13150, "county": "\u666e\u9640", "town": "\u5b9c\u5ddd\u8def\u8857\u9053", "circleNum": 1, "builtYear": "1979-1985", "builtHeight": 19, "storeNum": 6, "floorArea": 519.246985862, "buildArea": 3115.48191517, "seiFort": "2", "keyFire": 0, "firehouseDist": 2, "pop": 623}