{"buildingID": 5733, "county": "\u666e\u9640", "town": "\u6843\u6d66\u9547", "circleNum": 2, "builtYear": "1979-1985", "builtHeight": 87, "storeNum": 29, "floorArea": 358.132639692, "buildArea": 10385.8465511, "seiFort": "2", "keyFire": 0, "firehouseDist": 2, "pop": 2077}