{"buildingID": 26410, "county": "\u666e\u9640", "town": "\u957f\u98ce\u65b0\u6751\u8857\u9053", "circleNum": 1, "builtYear": "pre1978", "builtHeight": 5, "storeNum": 1, "floorArea": 305.30339383, "buildArea": 305.30339383, "seiFort": "1", "keyFire": 0, "firehouseDist": 3, "pop": 12}