{"buildingID": 28476, "county": "\u666e\u9640", "town": "\u957f\u98ce\u65b0\u6751\u8857\u9053", "circleNum": 0, "builtYear": "pre1978", "builtHeight": 50, "storeNum": 16, "floorArea": 727.502353689, "buildArea": 11640.037659, "seiFort": "1", "keyFire": 0, "firehouseDist": 2, "pop": 582}