{"buildingID": 21286, "county": "\u666e\u9640", "town": "\u957f\u5f81\u9547", "circleNum": 2, "builtYear": "1995", "builtHeight": 18, "storeNum": 6, "floorArea": 869.749763264, "buildArea": 5218.49857959, "seiFort": "2", "keyFire": 0, "firehouseDist": 1, "pop": 1043}