{"buildingID": 10509, "county": "\u666e\u9640", "town": "\u7518\u6cc9\u8def\u8857\u9053", "circleNum": 1, "builtYear": "1991", "builtHeight": 21, "storeNum": 7, "floorArea": 524.084707254, "buildArea": 3668.59295078, "seiFort": "2", "keyFire": 0, "firehouseDist": 3, "pop": 733}