{"buildingID": 12257, "county": "\u666e\u9640", "town": "\u771f\u5982\u9547", "circleNum": 1, "builtYear": "1999", "builtHeight": 32, "storeNum": 10, "floorArea": 397.684356022, "buildArea": 3976.84356022, "seiFort": "2", "keyFire": 0, "firehouseDist": 1, "pop": 795}