{"buildingID": 17379, "county": "\u666e\u9640", "town": "\u957f\u5f81\u9547", "circleNum": 2, "builtYear": "1992", "builtHeight": 36, "storeNum": 12, "floorArea": 585.436979228, "buildArea": 7025.24375074, "seiFort": "2", "keyFire": 0, "firehouseDist": 2, "pop": 1405}