{"buildingID": 18883, "county": "\u666e\u9640", "town": "\u957f\u5f81\u9547", "circleNum": 2, "builtYear": "2003", "builtHeight": 13, "storeNum": 4, "floorArea": 1445.46642159, "buildArea": 5781.86568637, "seiFort": "3", "keyFire": 0, "firehouseDist": 3, "pop": 1156}