{"buildingID": 17834, "county": "\u666e\u9640", "town": "\u957f\u5bff\u8def\u8857\u9053", "circleNum": 0, "builtYear": "pre1978", "builtHeight": 100, "storeNum": 33, "floorArea": 286.161195725, "buildArea": 9443.31945892, "seiFort": "1", "keyFire": 0, "firehouseDist": 1, "pop": 1888}