{"buildingID": 13525, "county": "\u666e\u9640", "town": "\u771f\u5982\u9547", "circleNum": 1, "builtYear": "1987", "builtHeight": 46, "storeNum": 15, "floorArea": 1008.06947582, "buildArea": 15121.0421372, "seiFort": "2", "keyFire": 0, "firehouseDist": 2, "pop": 3024}