{"buildingID": 13642, "county": "\u666e\u9640", "town": "\u771f\u5982\u9547", "circleNum": 1, "builtYear": "1988", "builtHeight": 54, "storeNum": 18, "floorArea": 86.244267174, "buildArea": 1552.39680913, "seiFort": "2", "keyFire": 0, "firehouseDist": 1, "pop": 62}