{"buildingID": 19125, "county": "\u666e\u9640", "town": "\u957f\u5f81\u9547", "circleNum": 2, "builtYear": "2000", "builtHeight": 10, "storeNum": 3, "floorArea": 2009.00214372, "buildArea": 6027.00643117, "seiFort": "3", "keyFire": 0, "firehouseDist": 3, "pop": 1205}