{"buildingID": 17538, "county": "\u666e\u9640", "town": "\u771f\u5982\u9547", "circleNum": 1, "builtYear": "1979-1985", "builtHeight": 10, "storeNum": 3, "floorArea": 846.039507642, "buildArea": 2538.11852293, "seiFort": "2", "keyFire": 0, "firehouseDist": 2, "pop": 507}