{"buildingID": 6194, "county": "\u666e\u9640", "town": "\u6843\u6d66\u9547", "circleNum": 2, "builtYear": "2002", "builtHeight": 65, "storeNum": 21, "floorArea": 248.19151593, "buildArea": 5212.02183453, "seiFort": "3", "keyFire": 0, "firehouseDist": 1, "pop": 1042}