{"buildingID": 11774, "county": "\u666e\u9640", "town": "\u771f\u5982\u9547", "circleNum": 2, "builtYear": "1994", "builtHeight": 21, "storeNum": 7, "floorArea": 729.157436277, "buildArea": 5104.10205394, "seiFort": "2", "keyFire": 0, "firehouseDist": 2, "pop": 1020}