{"buildingID": 10961, "county": "\u666e\u9640", "town": "\u7518\u6cc9\u8def\u8857\u9053", "circleNum": 1, "builtYear": "pre1978", "builtHeight": 59, "storeNum": 19, "floorArea": 646.987320943, "buildArea": 12292.7590979, "seiFort": "1", "keyFire": 0, "firehouseDist": 3, "pop": 491}