{"buildingID": 19340, "county": "\u666e\u9640", "town": "\u957f\u5f81\u9547", "circleNum": 2, "builtYear": "1979-1985", "builtHeight": 24, "storeNum": 8, "floorArea": 305.581045302, "buildArea": 2444.64836242, "seiFort": "2", "keyFire": 0, "firehouseDist": 3, "pop": 488}