{"buildingID": 8800, "county": "\u666e\u9640", "town": "\u6843\u6d66\u9547", "circleNum": 2, "builtYear": "1979-1985", "builtHeight": 19, "storeNum": 6, "floorArea": 2084.2808273, "buildArea": 12505.6849638, "seiFort": "2", "keyFire": 0, "firehouseDist": 2, "pop": 2501}