{"buildingID": 20648, "county": "\u666e\u9640", "town": "\u77f3\u6cc9\u8def\u8857\u9053", "circleNum": 1, "builtYear": "1997", "builtHeight": 6, "storeNum": 2, "floorArea": 1696.98441428, "buildArea": 3393.96882856, "seiFort": "2", "keyFire": 0, "firehouseDist": 1, "pop": 678}