{"buildingID": 5392, "county": "\u666e\u9640", "town": "\u6843\u6d66\u9547", "circleNum": 2, "builtYear": "1979-1985", "builtHeight": 5, "storeNum": 1, "floorArea": 116.804247293, "buildArea": 116.804247293, "seiFort": "2", "keyFire": 0, "firehouseDist": 1, "pop": 3}