{"buildingID": 11004, "county": "\u666e\u9640", "town": "\u771f\u5982\u9547", "circleNum": 1, "builtYear": "pre1978", "builtHeight": 46, "storeNum": 15, "floorArea": 59.6720707767, "buildArea": 895.081061651, "seiFort": "1", "keyFire": 0, "firehouseDist": 2, "pop": 35}