{"buildingID": 2792, "county": "\u666e\u9640", "town": "\u6843\u6d66\u9547", "circleNum": 2, "builtYear": "1979-1985", "builtHeight": 11, "storeNum": 3, "floorArea": 5777.60561911, "buildArea": 17332.8168573, "seiFort": "2", "keyFire": 0, "firehouseDist": 2, "pop": 3466}