{"buildingID": 10506, "county": "\u666e\u9640", "town": "\u7518\u6cc9\u8def\u8857\u9053", "circleNum": 1, "builtYear": "pre1978", "builtHeight": 20, "storeNum": 6, "floorArea": 509.380974883, "buildArea": 3056.2858493, "seiFort": "1", "keyFire": 0, "firehouseDist": 2, "pop": 122}