{"buildingID": 28412, "county": "\u666e\u9640", "town": "\u957f\u98ce\u65b0\u6751\u8857\u9053", "circleNum": 1, "builtYear": "pre1978", "builtHeight": 60, "storeNum": 20, "floorArea": 102.309343693, "buildArea": 2046.18687386, "seiFort": "1", "keyFire": 0, "firehouseDist": 2, "pop": 81}