{"buildingID": 15806, "county": "\u666e\u9640", "town": "\u77f3\u6cc9\u8def\u8857\u9053", "circleNum": 1, "builtYear": "pre1978", "builtHeight": 88, "storeNum": 29, "floorArea": 52.2032507016, "buildArea": 1513.89427035, "seiFort": "1", "keyFire": 0, "firehouseDist": 1, "pop": 60}