{"buildingID": 22394, "county": "\u666e\u9640", "town": "\u66f9\u6768\u65b0\u6751\u8857\u9053", "circleNum": 1, "builtYear": "pre1978", "builtHeight": 20, "storeNum": 6, "floorArea": 424.094273266, "buildArea": 2544.5656396, "seiFort": "1", "keyFire": 0, "firehouseDist": 1, "pop": 101}