{"buildingID": 27690, "county": "\u666e\u9640", "town": "\u957f\u98ce\u65b0\u6751\u8857\u9053", "circleNum": 1, "builtYear": "1988", "builtHeight": 54, "storeNum": 18, "floorArea": 932.173163914, "buildArea": 16779.1169504, "seiFort": "2", "keyFire": 0, "firehouseDist": 3, "pop": 3355}