{"buildingID": 8813, "county": "\u666e\u9640", "town": "\u6843\u6d66\u9547", "circleNum": 2, "builtYear": "pre1978", "builtHeight": 33, "storeNum": 11, "floorArea": 484.294187016, "buildArea": 5327.23605718, "seiFort": "1", "keyFire": 0, "firehouseDist": 1, "pop": 177}