{"buildingID": 16385, "county": "\u666e\u9640", "town": "\u771f\u5982\u9547", "circleNum": 1, "builtYear": "1979-1985", "builtHeight": 75, "storeNum": 25, "floorArea": 910.668451905, "buildArea": 22766.7112976, "seiFort": "2", "keyFire": 0, "firehouseDist": 2, "pop": 4553}