{"buildingID": 4266, "county": "\u666e\u9640", "town": "\u6843\u6d66\u9547", "circleNum": 2, "builtYear": "2001", "builtHeight": 38, "storeNum": 12, "floorArea": 60.8051027031, "buildArea": 729.661232438, "seiFort": "3", "keyFire": 0, "firehouseDist": 2, "pop": 24}