{"buildingID": 6269, "county": "\u666e\u9640", "town": "\u6843\u6d66\u9547", "circleNum": 2, "builtYear": "1987", "builtHeight": 50, "storeNum": 16, "floorArea": 183.660944909, "buildArea": 2938.57511855, "seiFort": "2", "keyFire": 0, "firehouseDist": 2, "pop": 587}