{"buildingID": 10919, "county": "\u666e\u9640", "town": "\u7518\u6cc9\u8def\u8857\u9053", "circleNum": 1, "builtYear": "1979-1985", "builtHeight": 8, "storeNum": 2, "floorArea": 157.250552053, "buildArea": 314.501104106, "seiFort": "2", "keyFire": 0, "firehouseDist": 3, "pop": 12}