{"buildingID": 19933, "county": "\u666e\u9640", "town": "\u957f\u98ce\u65b0\u6751\u8857\u9053", "circleNum": 0, "builtYear": "pre1978", "builtHeight": 58, "storeNum": 19, "floorArea": 627.066683023, "buildArea": 11914.2669774, "seiFort": "1", "keyFire": 0, "firehouseDist": 1, "pop": 595}