{"buildingID": 13742, "county": "\u666e\u9640", "town": "\u771f\u5982\u9547", "circleNum": 1, "builtYear": "1992", "builtHeight": 6, "storeNum": 2, "floorArea": 369.073858607, "buildArea": 738.147717213, "seiFort": "2", "keyFire": 0, "firehouseDist": 2, "pop": 147}