{"buildingID": 1450, "county": "\u666e\u9640", "town": "\u6843\u6d66\u9547", "circleNum": 3, "builtYear": "2004", "builtHeight": 18, "storeNum": 6, "floorArea": 873.513869541, "buildArea": 5241.08321725, "seiFort": "3", "keyFire": 0, "firehouseDist": 5, "pop": 1048}