{"buildingID": 26069, "county": "\u666e\u9640", "town": "\u957f\u5f81\u9547", "circleNum": 1, "builtYear": "1995", "builtHeight": 42, "storeNum": 14, "floorArea": 608.952251598, "buildArea": 8525.33152237, "seiFort": "2", "keyFire": 1, "firehouseDist": 2, "pop": 1705}