{"buildingID": 13910, "county": "\u666e\u9640", "town": "\u771f\u5982\u9547", "circleNum": 1, "builtYear": "1991", "builtHeight": 10, "storeNum": 3, "floorArea": 687.936458065, "buildArea": 2063.80937419, "seiFort": "2", "keyFire": 0, "firehouseDist": 2, "pop": 412}