{"buildingID": 14610, "county": "\u666e\u9640", "town": "\u771f\u5982\u9547", "circleNum": 1, "builtYear": "1994", "builtHeight": 11, "storeNum": 3, "floorArea": 345.387509873, "buildArea": 1036.16252962, "seiFort": "2", "keyFire": 0, "firehouseDist": 2, "pop": 207}