{"buildingID": 21839, "county": "\u666e\u9640", "town": "\u77f3\u6cc9\u8def\u8857\u9053", "circleNum": 1, "builtYear": "pre1978", "builtHeight": 18, "storeNum": 6, "floorArea": 731.029659887, "buildArea": 4386.17795932, "seiFort": "1", "keyFire": 0, "firehouseDist": 1, "pop": 175}