{"buildingID": 27159, "county": "\u666e\u9640", "town": "\u957f\u98ce\u65b0\u6751\u8857\u9053", "circleNum": 1, "builtYear": "pre1978", "builtHeight": 16, "storeNum": 5, "floorArea": 247.034788369, "buildArea": 1235.17394185, "seiFort": "1", "keyFire": 0, "firehouseDist": 2, "pop": 49}