{"buildingID": 7170, "county": "\u666e\u9640", "town": "\u6843\u6d66\u9547", "circleNum": 2, "builtYear": "1979-1985", "builtHeight": 17, "storeNum": 5, "floorArea": 575.636201295, "buildArea": 2878.18100647, "seiFort": "2", "keyFire": 0, "firehouseDist": 2, "pop": 575}