{"buildingID": 473, "county": "\u666e\u9640", "town": "\u6843\u6d66\u9547", "circleNum": 3, "builtYear": "2000", "builtHeight": 18, "storeNum": 6, "floorArea": 1420.95235973, "buildArea": 8525.71415841, "seiFort": "3", "keyFire": 0, "firehouseDist": 3, "pop": 1705}