{"buildingID": 18994, "county": "\u666e\u9640", "town": "\u957f\u5f81\u9547", "circleNum": 2, "builtYear": "pre1978", "builtHeight": 56, "storeNum": 18, "floorArea": 2205.48263379, "buildArea": 39698.6874083, "seiFort": "1", "keyFire": 1, "firehouseDist": 3, "pop": 1323}