{"buildingID": 12418, "county": "\u666e\u9640", "town": "\u7518\u6cc9\u8def\u8857\u9053", "circleNum": 1, "builtYear": "pre1978", "builtHeight": 67, "storeNum": 22, "floorArea": 843.657190775, "buildArea": 18560.4581971, "seiFort": "1", "keyFire": 0, "firehouseDist": 2, "pop": 742}