{"buildingID": 26414, "county": "\u666e\u9640", "town": "\u957f\u98ce\u65b0\u6751\u8857\u9053", "circleNum": 1, "builtYear": "pre1978", "builtHeight": 12, "storeNum": 4, "floorArea": 500.677633752, "buildArea": 2002.71053501, "seiFort": "1", "keyFire": 0, "firehouseDist": 3, "pop": 80}