{"buildingID": 6687, "county": "\u666e\u9640", "town": "\u6843\u6d66\u9547", "circleNum": 2, "builtYear": "1979-1985", "builtHeight": 7, "storeNum": 2, "floorArea": 1051.78062942, "buildArea": 2103.56125884, "seiFort": "2", "keyFire": 0, "firehouseDist": 1, "pop": 420}