{"buildingID": 1514, "county": "\u666e\u9640", "town": "\u6843\u6d66\u9547", "circleNum": 2, "builtYear": "1979-1985", "builtHeight": 12, "storeNum": 4, "floorArea": 224.060738442, "buildArea": 896.242953768, "seiFort": "2", "keyFire": 0, "firehouseDist": 2, "pop": 179}