{"buildingID": 13483, "county": "\u666e\u9640", "town": "\u771f\u5982\u9547", "circleNum": 1, "builtYear": "1990", "builtHeight": 12, "storeNum": 4, "floorArea": 309.682930595, "buildArea": 1238.73172238, "seiFort": "2", "keyFire": 1, "firehouseDist": 2, "pop": 247}