{"buildingID": 12581, "county": "\u666e\u9640", "town": "\u771f\u5982\u9547", "circleNum": 2, "builtYear": "1979-1985", "builtHeight": 15, "storeNum": 5, "floorArea": 803.465695138, "buildArea": 4017.32847569, "seiFort": "2", "keyFire": 0, "firehouseDist": 2, "pop": 803}