{"buildingID": 5284, "county": "\u666e\u9640", "town": "\u6843\u6d66\u9547", "circleNum": 2, "builtYear": "2000", "builtHeight": 56, "storeNum": 18, "floorArea": 66.0324051948, "buildArea": 1188.58329351, "seiFort": "3", "keyFire": 0, "firehouseDist": 1, "pop": 39}