{"buildingID": 12601, "county": "\u666e\u9640", "town": "\u771f\u5982\u9547", "circleNum": 2, "builtYear": "1987", "builtHeight": 38, "storeNum": 12, "floorArea": 58.1023356176, "buildArea": 697.228027411, "seiFort": "2", "keyFire": 0, "firehouseDist": 2, "pop": 23}