{"buildingID": 7131, "county": "\u666e\u9640", "town": "\u957f\u5f81\u9547", "circleNum": 1, "builtYear": "1994", "builtHeight": 40, "storeNum": 13, "floorArea": 542.321068227, "buildArea": 7050.17388696, "seiFort": "2", "keyFire": 0, "firehouseDist": 1, "pop": 1410}