{"buildingID": 27410, "county": "\u666e\u9640", "town": "\u957f\u98ce\u65b0\u6751\u8857\u9053", "circleNum": 0, "builtYear": "pre1978", "builtHeight": 48, "storeNum": 16, "floorArea": 348.617101177, "buildArea": 5577.87361883, "seiFort": "1", "keyFire": 0, "firehouseDist": 1, "pop": 278}