{"buildingID": 27753, "county": "\u666e\u9640", "town": "\u957f\u98ce\u65b0\u6751\u8857\u9053", "circleNum": 1, "builtYear": "1991", "builtHeight": 23, "storeNum": 7, "floorArea": 3072.71764674, "buildArea": 21509.0235272, "seiFort": "2", "keyFire": 0, "firehouseDist": 2, "pop": 4301}