{"buildingID": 8923, "county": "\u666e\u9640", "town": "\u957f\u5f81\u9547", "circleNum": 1, "builtYear": "1979-1985", "builtHeight": 4, "storeNum": 1, "floorArea": 225.187851817, "buildArea": 225.187851817, "seiFort": "2", "keyFire": 0, "firehouseDist": 1, "pop": 45}