{"buildingID": 12920, "county": "\u666e\u9640", "town": "\u77f3\u6cc9\u8def\u8857\u9053", "circleNum": 1, "builtYear": "2001", "builtHeight": 9, "storeNum": 3, "floorArea": 414.147846915, "buildArea": 1242.44354075, "seiFort": "3", "keyFire": 0, "firehouseDist": 3, "pop": 248}