{"buildingID": 28285, "county": "\u666e\u9640", "town": "\u957f\u98ce\u65b0\u6751\u8857\u9053", "circleNum": 1, "builtYear": "pre1978", "builtHeight": 24, "storeNum": 8, "floorArea": 1089.4434443, "buildArea": 8715.54755443, "seiFort": "1", "keyFire": 0, "firehouseDist": 2, "pop": 348}