{"buildingID": 10329, "county": "\u666e\u9640", "town": "\u7518\u6cc9\u8def\u8857\u9053", "circleNum": 1, "builtYear": "1979-1985", "builtHeight": 26, "storeNum": 8, "floorArea": 96.9183776659, "buildArea": 775.347021327, "seiFort": "2", "keyFire": 1, "firehouseDist": 3, "pop": 31}