{"buildingID": 22019, "county": "\u666e\u9640", "town": "\u957f\u5bff\u8def\u8857\u9053", "circleNum": 0, "builtYear": "2016", "builtHeight": 63, "storeNum": 21, "floorArea": 133.377544239, "buildArea": 2800.92842903, "seiFort": "3", "keyFire": 0, "firehouseDist": 1, "pop": 140}