{"buildingID": 17574, "county": "\u666e\u9640", "town": "\u957f\u5bff\u8def\u8857\u9053", "circleNum": 0, "builtYear": "pre1978", "builtHeight": 54, "storeNum": 18, "floorArea": 1283.99865862, "buildArea": 23111.9758552, "seiFort": "1", "keyFire": 0, "firehouseDist": 1, "pop": 1155}