{"buildingID": 16894, "county": "\u666e\u9640", "town": "\u957f\u5bff\u8def\u8857\u9053", "circleNum": 0, "builtYear": "1979-1985", "builtHeight": 101, "storeNum": 33, "floorArea": 924.004190628, "buildArea": 30492.1382907, "seiFort": "2", "keyFire": 0, "firehouseDist": 1, "pop": 6098}