{"buildingID": 4319, "county": "\u666e\u9640", "town": "\u6843\u6d66\u9547", "circleNum": 2, "builtYear": "2012", "builtHeight": 11, "storeNum": 3, "floorArea": 950.915566891, "buildArea": 2852.74670067, "seiFort": "3", "keyFire": 0, "firehouseDist": 3, "pop": 570}