{"buildingID": 26748, "county": "\u666e\u9640", "town": "\u66f9\u6768\u65b0\u6751\u8857\u9053", "circleNum": 1, "builtYear": "1979-1985", "builtHeight": 67, "storeNum": 22, "floorArea": 184.906439281, "buildArea": 4067.94166419, "seiFort": "2", "keyFire": 0, "firehouseDist": 2, "pop": 813}