{"buildingID": 28875, "county": "\u666e\u9640", "town": "\u957f\u98ce\u65b0\u6751\u8857\u9053", "circleNum": 0, "builtYear": "pre1978", "builtHeight": 50, "storeNum": 16, "floorArea": 1025.9321795, "buildArea": 16414.9148721, "seiFort": "1", "keyFire": 0, "firehouseDist": 3, "pop": 820}