{"buildingID": 10725, "county": "\u666e\u9640", "town": "\u771f\u5982\u9547", "circleNum": 2, "builtYear": "2010", "builtHeight": 39, "storeNum": 13, "floorArea": 60.0917385471, "buildArea": 781.192601112, "seiFort": "3", "keyFire": 0, "firehouseDist": 2, "pop": 26}