{"buildingID": 15856, "county": "\u666e\u9640", "town": "\u771f\u5982\u9547", "circleNum": 1, "builtYear": "1997", "builtHeight": 17, "storeNum": 5, "floorArea": 910.371864409, "buildArea": 4551.85932205, "seiFort": "2", "keyFire": 0, "firehouseDist": 2, "pop": 910}