{"buildingID": 10136, "county": "\u666e\u9640", "town": "\u771f\u5982\u9547", "circleNum": 2, "builtYear": "2002", "builtHeight": 17, "storeNum": 5, "floorArea": 1089.55529828, "buildArea": 5447.7764914, "seiFort": "3", "keyFire": 0, "firehouseDist": 2, "pop": 1089}