{"buildingID": 17245, "county": "\u666e\u9640", "town": "\u957f\u5f81\u9547", "circleNum": 2, "builtYear": "1997", "builtHeight": 41, "storeNum": 13, "floorArea": 1190.45511724, "buildArea": 15475.9165242, "seiFort": "2", "keyFire": 0, "firehouseDist": 1, "pop": 3095}