{"buildingID": 15881, "county": "\u666e\u9640", "town": "\u771f\u5982\u9547", "circleNum": 1, "builtYear": "2010", "builtHeight": 82, "storeNum": 27, "floorArea": 57.1913951291, "buildArea": 1544.16766849, "seiFort": "3", "keyFire": 0, "firehouseDist": 2, "pop": 61}