{"buildingID": 2081, "county": "\u666e\u9640", "town": "\u6843\u6d66\u9547", "circleNum": 2, "builtYear": "1999", "builtHeight": 9, "storeNum": 3, "floorArea": 2646.62947877, "buildArea": 7939.88843632, "seiFort": "2", "keyFire": 0, "firehouseDist": 2, "pop": 1587}