{"buildingID": 12263, "county": "\u666e\u9640", "town": "\u771f\u5982\u9547", "circleNum": 1, "builtYear": "1991", "builtHeight": 30, "storeNum": 10, "floorArea": 76.7527310119, "buildArea": 767.527310119, "seiFort": "2", "keyFire": 0, "firehouseDist": 1, "pop": 30}