{"buildingID": 1182, "county": "\u666e\u9640", "town": "\u6843\u6d66\u9547", "circleNum": 3, "builtYear": "1995", "builtHeight": 18, "storeNum": 6, "floorArea": 694.951679473, "buildArea": 4169.71007684, "seiFort": "2", "keyFire": 0, "firehouseDist": 4, "pop": 833}