{"buildingID": 21546, "county": "\u666e\u9640", "town": "\u957f\u5bff\u8def\u8857\u9053", "circleNum": 0, "builtYear": "1979-1985", "builtHeight": 17, "storeNum": 5, "floorArea": 499.420317707, "buildArea": 2497.10158853, "seiFort": "2", "keyFire": 0, "firehouseDist": 1, "pop": 499}