{"buildingID": 27217, "county": "\u666e\u9640", "town": "\u957f\u98ce\u65b0\u6751\u8857\u9053", "circleNum": 1, "builtYear": "1979-1985", "builtHeight": 22, "storeNum": 7, "floorArea": 2315.69491796, "buildArea": 16209.8644257, "seiFort": "2", "keyFire": 0, "firehouseDist": 2, "pop": 3241}