{"buildingID": 8545, "county": "\u666e\u9640", "town": "\u957f\u5f81\u9547", "circleNum": 1, "builtYear": "2010", "builtHeight": 51, "storeNum": 17, "floorArea": 609.571171432, "buildArea": 10362.7099143, "seiFort": "3", "keyFire": 0, "firehouseDist": 2, "pop": 2072}