{"buildingID": 2624, "county": "\u666e\u9640", "town": "\u6843\u6d66\u9547", "circleNum": 2, "builtYear": "2009", "builtHeight": 19, "storeNum": 6, "floorArea": 721.357008825, "buildArea": 4328.14205295, "seiFort": "3", "keyFire": 0, "firehouseDist": 1, "pop": 865}