{"buildingID": 8437, "county": "\u666e\u9640", "town": "\u771f\u5982\u9547", "circleNum": 1, "builtYear": "1993", "builtHeight": 12, "storeNum": 4, "floorArea": 408.651747032, "buildArea": 1634.60698813, "seiFort": "2", "keyFire": 0, "firehouseDist": 1, "pop": 326}