{"buildingID": 24204, "county": "\u666e\u9640", "town": "\u66f9\u6768\u65b0\u6751\u8857\u9053", "circleNum": 1, "builtYear": "2010", "builtHeight": 41, "storeNum": 13, "floorArea": 208.026843821, "buildArea": 2704.34896968, "seiFort": "3", "keyFire": 0, "firehouseDist": 1, "pop": 540}