{"buildingID": 28607, "county": "\u666e\u9640", "town": "\u957f\u98ce\u65b0\u6751\u8857\u9053", "circleNum": 1, "builtYear": "pre1978", "builtHeight": 16, "storeNum": 5, "floorArea": 320.787777524, "buildArea": 1603.93888762, "seiFort": "1", "keyFire": 0, "firehouseDist": 3, "pop": 64}