{"buildingID": 14214, "county": "\u666e\u9640", "town": "\u77f3\u6cc9\u8def\u8857\u9053", "circleNum": 1, "builtYear": "1993", "builtHeight": 8, "storeNum": 2, "floorArea": 283.460221973, "buildArea": 566.920443946, "seiFort": "2", "keyFire": 0, "firehouseDist": 3, "pop": 113}