{"buildingID": 6035, "county": "\u666e\u9640", "town": "\u6843\u6d66\u9547", "circleNum": 2, "builtYear": "2007", "builtHeight": 11, "storeNum": 3, "floorArea": 258.599183973, "buildArea": 775.797551918, "seiFort": "3", "keyFire": 0, "firehouseDist": 2, "pop": 155}