{"buildingID": 15351, "county": "\u666e\u9640", "town": "\u771f\u5982\u9547", "circleNum": 1, "builtYear": "1979-1985", "builtHeight": 23, "storeNum": 7, "floorArea": 6041.44218679, "buildArea": 42290.0953075, "seiFort": "2", "keyFire": 0, "firehouseDist": 2, "pop": 8458}