{"buildingID": 4028, "county": "\u666e\u9640", "town": "\u6843\u6d66\u9547", "circleNum": 2, "builtYear": "1979-1985", "builtHeight": 8, "storeNum": 2, "floorArea": 1463.53522837, "buildArea": 2927.07045673, "seiFort": "2", "keyFire": 0, "firehouseDist": 2, "pop": 585}