{"buildingID": 21440, "county": "\u666e\u9640", "town": "\u771f\u5982\u9547", "circleNum": 1, "builtYear": "pre1978", "builtHeight": 45, "storeNum": 15, "floorArea": 85.3648420899, "buildArea": 1280.47263135, "seiFort": "1", "keyFire": 0, "firehouseDist": 1, "pop": 51}