{"buildingID": 2015, "county": "\u666e\u9640", "town": "\u6843\u6d66\u9547", "circleNum": 2, "builtYear": "2013", "builtHeight": 16, "storeNum": 5, "floorArea": 405.653480665, "buildArea": 2028.26740333, "seiFort": "3", "keyFire": 0, "firehouseDist": 2, "pop": 405}