{"buildingID": 15877, "county": "\u666e\u9640", "town": "\u771f\u5982\u9547", "circleNum": 1, "builtYear": "1990", "builtHeight": 82, "storeNum": 27, "floorArea": 103.345284171, "buildArea": 2790.32267261, "seiFort": "2", "keyFire": 0, "firehouseDist": 2, "pop": 111}