{"buildingID": 17901, "county": "\u666e\u9640", "town": "\u957f\u5bff\u8def\u8857\u9053", "circleNum": 0, "builtYear": "1979-1985", "builtHeight": 96, "storeNum": 32, "floorArea": 249.886260151, "buildArea": 7996.36032482, "seiFort": "2", "keyFire": 0, "firehouseDist": 1, "pop": 1599}