{"buildingID": 9983, "county": "\u666e\u9640", "town": "\u957f\u5f81\u9547", "circleNum": 1, "builtYear": "2016", "builtHeight": 34, "storeNum": 11, "floorArea": 634.817856564, "buildArea": 6982.99642221, "seiFort": "3", "keyFire": 0, "firehouseDist": 2, "pop": 1396}