{"buildingID": 19639, "county": "\u666e\u9640", "town": "\u957f\u98ce\u65b0\u6751\u8857\u9053", "circleNum": 1, "builtYear": "pre1978", "builtHeight": 5, "storeNum": 1, "floorArea": 176.156337013, "buildArea": 176.156337013, "seiFort": "1", "keyFire": 0, "firehouseDist": 4, "pop": 7}