{"buildingID": 26130, "county": "\u666e\u9640", "town": "\u66f9\u6768\u65b0\u6751\u8857\u9053", "circleNum": 1, "builtYear": "pre1978", "builtHeight": 11, "storeNum": 3, "floorArea": 945.40656882, "buildArea": 2836.21970646, "seiFort": "1", "keyFire": 0, "firehouseDist": 1, "pop": 113}