{"buildingID": 23379, "county": "\u666e\u9640", "town": "\u957f\u5f81\u9547", "circleNum": 1, "builtYear": "2010", "builtHeight": 30, "storeNum": 10, "floorArea": 786.753458152, "buildArea": 7867.53458152, "seiFort": "3", "keyFire": 0, "firehouseDist": 2, "pop": 1573}