{"buildingID": 23683, "county": "\u666e\u9640", "town": "\u66f9\u6768\u65b0\u6751\u8857\u9053", "circleNum": 1, "builtYear": "pre1978", "builtHeight": 27, "storeNum": 9, "floorArea": 116.017949868, "buildArea": 1044.16154881, "seiFort": "1", "keyFire": 0, "firehouseDist": 1, "pop": 41}