{"buildingID": 14802, "county": "\u666e\u9640", "town": "\u77f3\u6cc9\u8def\u8857\u9053", "circleNum": 1, "builtYear": "1979-1985", "builtHeight": 6, "storeNum": 2, "floorArea": 224.59321596, "buildArea": 449.186431921, "seiFort": "2", "keyFire": 0, "firehouseDist": 2, "pop": 89}