{"buildingID": 7237, "county": "\u666e\u9640", "town": "\u6843\u6d66\u9547", "circleNum": 2, "builtYear": "1979-1985", "builtHeight": 9, "storeNum": 3, "floorArea": 1771.88697033, "buildArea": 5315.66091099, "seiFort": "2", "keyFire": 0, "firehouseDist": 1, "pop": 1063}