{"buildingID": 4393, "county": "\u666e\u9640", "town": "\u6843\u6d66\u9547", "circleNum": 2, "builtYear": "1993", "builtHeight": 17, "storeNum": 5, "floorArea": 558.398011579, "buildArea": 2791.99005789, "seiFort": "2", "keyFire": 0, "firehouseDist": 2, "pop": 558}