{"buildingID": 11683, "county": "\u666e\u9640", "town": "\u771f\u5982\u9547", "circleNum": 2, "builtYear": "1995", "builtHeight": 23, "storeNum": 7, "floorArea": 64.0620762537, "buildArea": 448.434533776, "seiFort": "2", "keyFire": 0, "firehouseDist": 2, "pop": 14}