{"buildingID": 27823, "county": "\u666e\u9640", "town": "\u957f\u98ce\u65b0\u6751\u8857\u9053", "circleNum": 1, "builtYear": "1985", "builtHeight": 6, "storeNum": 2, "floorArea": 50.1826510887, "buildArea": 100.365302177, "seiFort": "2", "keyFire": 0, "firehouseDist": 2, "pop": 4}