{"buildingID": 4290, "county": "\u666e\u9640", "town": "\u6843\u6d66\u9547", "circleNum": 2, "builtYear": "1999", "builtHeight": 20, "storeNum": 6, "floorArea": 1128.12575951, "buildArea": 6768.75455705, "seiFort": "2", "keyFire": 0, "firehouseDist": 3, "pop": 1353}