{"buildingID": 418, "county": "\u666e\u9640", "town": "\u6843\u6d66\u9547", "circleNum": 3, "builtYear": "2009", "builtHeight": 54, "storeNum": 18, "floorArea": 1010.85121044, "buildArea": 18195.3217878, "seiFort": "3", "keyFire": 0, "firehouseDist": 3, "pop": 3639}