{"buildingID": 2735, "county": "\u666e\u9640", "town": "\u6843\u6d66\u9547", "circleNum": 3, "builtYear": "1992", "builtHeight": 18, "storeNum": 6, "floorArea": 498.374366848, "buildArea": 2990.24620109, "seiFort": "2", "keyFire": 0, "firehouseDist": 3, "pop": 598}