{"buildingID": 4980, "county": "\u666e\u9640", "town": "\u6843\u6d66\u9547", "circleNum": 2, "builtYear": "1993", "builtHeight": 48, "storeNum": 16, "floorArea": 802.398347978, "buildArea": 12838.3735676, "seiFort": "2", "keyFire": 0, "firehouseDist": 1, "pop": 2567}