{"buildingID": 28355, "county": "\u666e\u9640", "town": "\u957f\u98ce\u65b0\u6751\u8857\u9053", "circleNum": 0, "builtYear": "pre1978", "builtHeight": 10, "storeNum": 3, "floorArea": 328.08371795, "buildArea": 984.25115385, "seiFort": "1", "keyFire": 0, "firehouseDist": 2, "pop": 49}