{"buildingID": 20245, "county": "\u666e\u9640", "town": "\u77f3\u6cc9\u8def\u8857\u9053", "circleNum": 1, "builtYear": "1979-1985", "builtHeight": 76, "storeNum": 25, "floorArea": 1368.90507903, "buildArea": 34222.6269757, "seiFort": "2", "keyFire": 0, "firehouseDist": 1, "pop": 6844}