{"buildingID": 16771, "county": "\u666e\u9640", "town": "\u771f\u5982\u9547", "circleNum": 1, "builtYear": "2000", "builtHeight": 7, "storeNum": 2, "floorArea": 406.362496632, "buildArea": 812.724993264, "seiFort": "3", "keyFire": 0, "firehouseDist": 1, "pop": 162}