{"buildingID": 8156, "county": "\u666e\u9640", "town": "\u7518\u6cc9\u8def\u8857\u9053", "circleNum": 1, "builtYear": "1979-1985", "builtHeight": 9, "storeNum": 3, "floorArea": 763.686592564, "buildArea": 2291.05977769, "seiFort": "2", "keyFire": 1, "firehouseDist": 2, "pop": 458}