{"buildingID": 29166, "county": "\u666e\u9640", "town": "\u957f\u98ce\u65b0\u6751\u8857\u9053", "circleNum": 1, "builtYear": "1979-1985", "builtHeight": 15, "storeNum": 5, "floorArea": 914.0061903, "buildArea": 4570.0309515, "seiFort": "2", "keyFire": 0, "firehouseDist": 3, "pop": 914}