{"buildingID": 14045, "county": "\u666e\u9640", "town": "\u771f\u5982\u9547", "circleNum": 2, "builtYear": "1991", "builtHeight": 10, "storeNum": 3, "floorArea": 728.097189772, "buildArea": 2184.29156932, "seiFort": "2", "keyFire": 0, "firehouseDist": 1, "pop": 436}