{"buildingID": 12353, "county": "\u666e\u9640", "town": "\u7518\u6cc9\u8def\u8857\u9053", "circleNum": 1, "builtYear": "1987", "builtHeight": 21, "storeNum": 7, "floorArea": 563.730386147, "buildArea": 3946.11270303, "seiFort": "2", "keyFire": 0, "firehouseDist": 2, "pop": 789}