{"buildingID": 5768, "county": "\u666e\u9640", "town": "\u6843\u6d66\u9547", "circleNum": 2, "builtYear": "2001", "builtHeight": 14, "storeNum": 4, "floorArea": 366.393565662, "buildArea": 1465.57426265, "seiFort": "3", "keyFire": 0, "firehouseDist": 2, "pop": 293}