{"buildingID": 8420, "county": "\u666e\u9640", "town": "\u6843\u6d66\u9547", "circleNum": 2, "builtYear": "1994", "builtHeight": 10, "storeNum": 3, "floorArea": 494.965619814, "buildArea": 1484.89685944, "seiFort": "2", "keyFire": 0, "firehouseDist": 1, "pop": 296}