{"buildingID": 11826, "county": "\u666e\u9640", "town": "\u771f\u5982\u9547", "circleNum": 1, "builtYear": "1979-1985", "builtHeight": 4, "storeNum": 1, "floorArea": 60.2993071907, "buildArea": 60.2993071907, "seiFort": "2", "keyFire": 0, "firehouseDist": 2, "pop": 2}