{"buildingID": 1854, "county": "\u666e\u9640", "town": "\u6843\u6d66\u9547", "circleNum": 2, "builtYear": "1994", "builtHeight": 156, "storeNum": 52, "floorArea": 1457.78001995, "buildArea": 75804.5610374, "seiFort": "2", "keyFire": 0, "firehouseDist": 2, "pop": 15160}