{"buildingID": 6198, "county": "\u666e\u9640", "town": "\u6843\u6d66\u9547", "circleNum": 2, "builtYear": "1979-1985", "builtHeight": 17, "storeNum": 5, "floorArea": 619.715091224, "buildArea": 3098.57545612, "seiFort": "2", "keyFire": 0, "firehouseDist": 2, "pop": 619}