{"buildingID": 2243, "county": "\u666e\u9640", "town": "\u6843\u6d66\u9547", "circleNum": 2, "builtYear": "2001", "builtHeight": 14, "storeNum": 4, "floorArea": 1132.46841316, "buildArea": 4529.87365263, "seiFort": "3", "keyFire": 0, "firehouseDist": 1, "pop": 905}