{"buildingID": 11380, "county": "\u666e\u9640", "town": "\u771f\u5982\u9547", "circleNum": 1, "builtYear": "1988", "builtHeight": 17, "storeNum": 5, "floorArea": 1201.97343897, "buildArea": 6009.86719484, "seiFort": "2", "keyFire": 0, "firehouseDist": 2, "pop": 1201}