{"buildingID": 4952, "county": "\u666e\u9640", "town": "\u771f\u5982\u9547", "circleNum": 2, "builtYear": "1996", "builtHeight": 16, "storeNum": 5, "floorArea": 690.825559322, "buildArea": 3454.12779661, "seiFort": "2", "keyFire": 0, "firehouseDist": 1, "pop": 690}