{"buildingID": 5722, "county": "\u666e\u9640", "town": "\u6843\u6d66\u9547", "circleNum": 2, "builtYear": "1979-1985", "builtHeight": 56, "storeNum": 18, "floorArea": 302.707926037, "buildArea": 5448.74266867, "seiFort": "2", "keyFire": 0, "firehouseDist": 2, "pop": 1089}