{"buildingID": 5717, "county": "\u666e\u9640", "town": "\u6843\u6d66\u9547", "circleNum": 2, "builtYear": "1979-1985", "builtHeight": 56, "storeNum": 18, "floorArea": 115.276454476, "buildArea": 2074.97618057, "seiFort": "2", "keyFire": 0, "firehouseDist": 2, "pop": 69}