{"buildingID": 6590, "county": "\u666e\u9640", "town": "\u6843\u6d66\u9547", "circleNum": 2, "builtYear": "1995", "builtHeight": 15, "storeNum": 5, "floorArea": 1122.44573824, "buildArea": 5612.2286912, "seiFort": "2", "keyFire": 0, "firehouseDist": 1, "pop": 1122}