{"buildingID": 28815, "county": "\u666e\u9640", "town": "\u957f\u98ce\u65b0\u6751\u8857\u9053", "circleNum": 1, "builtYear": "2010", "builtHeight": 6, "storeNum": 2, "floorArea": 1498.47320957, "buildArea": 2996.94641913, "seiFort": "3", "keyFire": 0, "firehouseDist": 3, "pop": 599}