{"buildingID": 3140, "county": "\u666e\u9640", "town": "\u6843\u6d66\u9547", "circleNum": 3, "builtYear": "1991", "builtHeight": 18, "storeNum": 6, "floorArea": 496.451352954, "buildArea": 2978.70811773, "seiFort": "2", "keyFire": 0, "firehouseDist": 3, "pop": 595}