{"buildingID": 14539, "county": "\u666e\u9640", "town": "\u771f\u5982\u9547", "circleNum": 2, "builtYear": "1997", "builtHeight": 11, "storeNum": 3, "floorArea": 278.900005974, "buildArea": 836.700017921, "seiFort": "2", "keyFire": 0, "firehouseDist": 1, "pop": 167}