{"buildingID": 11151, "county": "\u666e\u9640", "town": "\u7518\u6cc9\u8def\u8857\u9053", "circleNum": 1, "builtYear": "pre1978", "builtHeight": 21, "storeNum": 7, "floorArea": 663.561701187, "buildArea": 4644.93190831, "seiFort": "1", "keyFire": 0, "firehouseDist": 2, "pop": 185}