{"buildingID": 12704, "county": "\u666e\u9640", "town": "\u771f\u5982\u9547", "circleNum": 1, "builtYear": "1979-1985", "builtHeight": 18, "storeNum": 6, "floorArea": 673.961411549, "buildArea": 4043.7684693, "seiFort": "2", "keyFire": 0, "firehouseDist": 2, "pop": 808}