{"buildingID": 17187, "county": "\u666e\u9640", "town": "\u957f\u5f81\u9547", "circleNum": 2, "builtYear": "2002", "builtHeight": 23, "storeNum": 7, "floorArea": 857.816749704, "buildArea": 6004.71724793, "seiFort": "3", "keyFire": 0, "firehouseDist": 2, "pop": 1200}