{"buildingID": 5759, "county": "\u666e\u9640", "town": "\u6843\u6d66\u9547", "circleNum": 2, "builtYear": "1999", "builtHeight": 10, "storeNum": 3, "floorArea": 232.883828915, "buildArea": 698.651486745, "seiFort": "2", "keyFire": 0, "firehouseDist": 2, "pop": 139}