{"buildingID": 11219, "county": "\u666e\u9640", "town": "\u7518\u6cc9\u8def\u8857\u9053", "circleNum": 1, "builtYear": "pre1978", "builtHeight": 19, "storeNum": 6, "floorArea": 199.888373002, "buildArea": 1199.33023801, "seiFort": "1", "keyFire": 0, "firehouseDist": 2, "pop": 47}