{"buildingID": 27018, "county": "\u666e\u9640", "town": "\u957f\u98ce\u65b0\u6751\u8857\u9053", "circleNum": 0, "builtYear": "pre1978", "builtHeight": 95, "storeNum": 31, "floorArea": 1549.97540152, "buildArea": 48049.237447, "seiFort": "1", "keyFire": 0, "firehouseDist": 1, "pop": 2402}