{"buildingID": 11475, "county": "\u666e\u9640", "town": "\u771f\u5982\u9547", "circleNum": 1, "builtYear": "1993", "builtHeight": 6, "storeNum": 2, "floorArea": 415.859642042, "buildArea": 831.719284085, "seiFort": "2", "keyFire": 0, "firehouseDist": 1, "pop": 166}