{"buildingID": 24589, "county": "\u666e\u9640", "town": "\u957f\u5bff\u8def\u8857\u9053", "circleNum": 0, "builtYear": "1979-1985", "builtHeight": 98, "storeNum": 32, "floorArea": 825.982405418, "buildArea": 26431.4369734, "seiFort": "2", "keyFire": 0, "firehouseDist": 1, "pop": 5286}