{"buildingID": 28018, "county": "\u666e\u9640", "town": "\u957f\u98ce\u65b0\u6751\u8857\u9053", "circleNum": 0, "builtYear": "1979-1985", "builtHeight": 9, "storeNum": 3, "floorArea": 1209.94940761, "buildArea": 3629.84822283, "seiFort": "2", "keyFire": 0, "firehouseDist": 2, "pop": 725}