{"buildingID": 6399, "county": "\u666e\u9640", "town": "\u6843\u6d66\u9547", "circleNum": 2, "builtYear": "2010", "builtHeight": 34, "storeNum": 11, "floorArea": 387.076040258, "buildArea": 4257.83644284, "seiFort": "3", "keyFire": 0, "firehouseDist": 1, "pop": 851}