{"buildingID": 11873, "county": "\u666e\u9640", "town": "\u771f\u5982\u9547", "circleNum": 1, "builtYear": "pre1978", "builtHeight": 15, "storeNum": 5, "floorArea": 606.655082428, "buildArea": 3033.27541214, "seiFort": "1", "keyFire": 0, "firehouseDist": 2, "pop": 121}