{"buildingID": 13291, "county": "\u666e\u9640", "town": "\u771f\u5982\u9547", "circleNum": 1, "builtYear": "2000", "builtHeight": 5, "storeNum": 1, "floorArea": 5048.92096701, "buildArea": 5048.92096701, "seiFort": "3", "keyFire": 0, "firehouseDist": 2, "pop": 1009}