{"buildingID": 23238, "county": "\u666e\u9640", "town": "\u957f\u5bff\u8def\u8857\u9053", "circleNum": 0, "builtYear": "1979-1985", "builtHeight": 84, "storeNum": 28, "floorArea": 64.0604656431, "buildArea": 1793.69303801, "seiFort": "2", "keyFire": 0, "firehouseDist": 1, "pop": 89}