{"buildingID": 28705, "county": "\u666e\u9640", "town": "\u957f\u98ce\u65b0\u6751\u8857\u9053", "circleNum": 1, "builtYear": "pre1978", "builtHeight": 44, "storeNum": 14, "floorArea": 2209.55947677, "buildArea": 30933.8326748, "seiFort": "1", "keyFire": 1, "firehouseDist": 3, "pop": 1237}