{"buildingID": 15019, "county": "\u666e\u9640", "town": "\u771f\u5982\u9547", "circleNum": 1, "builtYear": "1999", "builtHeight": 19, "storeNum": 6, "floorArea": 1850.15814789, "buildArea": 11100.9488873, "seiFort": "2", "keyFire": 0, "firehouseDist": 2, "pop": 2220}