{"buildingID": 18641, "county": "\u666e\u9640", "town": "\u957f\u5f81\u9547", "circleNum": 2, "builtYear": "2010", "builtHeight": 37, "storeNum": 12, "floorArea": 1221.3307131, "buildArea": 14655.9685572, "seiFort": "3", "keyFire": 1, "firehouseDist": 2, "pop": 2931}