{"buildingID": 8334, "county": "\u666e\u9640", "town": "\u6843\u6d66\u9547", "circleNum": 2, "builtYear": "1979-1985", "builtHeight": 6, "storeNum": 2, "floorArea": 1456.16075968, "buildArea": 2912.32151937, "seiFort": "2", "keyFire": 0, "firehouseDist": 1, "pop": 582}