{"buildingID": 16119, "county": "\u666e\u9640", "town": "\u77f3\u6cc9\u8def\u8857\u9053", "circleNum": 1, "builtYear": "pre1978", "builtHeight": 70, "storeNum": 23, "floorArea": 626.132584299, "buildArea": 14401.0494389, "seiFort": "1", "keyFire": 0, "firehouseDist": 1, "pop": 576}