{"buildingID": 7208, "county": "\u666e\u9640", "town": "\u6843\u6d66\u9547", "circleNum": 2, "builtYear": "2017", "builtHeight": 15, "storeNum": 5, "floorArea": 568.570045629, "buildArea": 2842.85022814, "seiFort": "3", "keyFire": 0, "firehouseDist": 1, "pop": 568}