{"buildingID": 5808, "county": "\u666e\u9640", "town": "\u6843\u6d66\u9547", "circleNum": 2, "builtYear": "2001", "builtHeight": 12, "storeNum": 4, "floorArea": 232.853700625, "buildArea": 931.414802499, "seiFort": "3", "keyFire": 0, "firehouseDist": 2, "pop": 186}