{"buildingID": 15355, "county": "\u666e\u9640", "town": "\u771f\u5982\u9547", "circleNum": 1, "builtYear": "1979-1985", "builtHeight": 20, "storeNum": 6, "floorArea": 680.237612624, "buildArea": 4081.42567574, "seiFort": "2", "keyFire": 0, "firehouseDist": 2, "pop": 816}