{"buildingID": 3927, "county": "\u666e\u9640", "town": "\u6843\u6d66\u9547", "circleNum": 3, "builtYear": "2008", "builtHeight": 6, "storeNum": 2, "floorArea": 4623.87009491, "buildArea": 9247.74018982, "seiFort": "3", "keyFire": 0, "firehouseDist": 4, "pop": 1849}