{"buildingID": 11082, "county": "\u666e\u9640", "town": "\u7518\u6cc9\u8def\u8857\u9053", "circleNum": 1, "builtYear": "pre1978", "builtHeight": 73, "storeNum": 24, "floorArea": 35.1229480755, "buildArea": 842.950753812, "seiFort": "1", "keyFire": 0, "firehouseDist": 2, "pop": 33}