{"buildingID": 15233, "county": "\u666e\u9640", "town": "\u77f3\u6cc9\u8def\u8857\u9053", "circleNum": 1, "builtYear": "pre1978", "builtHeight": 45, "storeNum": 15, "floorArea": 1058.50449478, "buildArea": 15877.5674217, "seiFort": "1", "keyFire": 0, "firehouseDist": 2, "pop": 635}