{"buildingID": 7896, "county": "\u666e\u9640", "town": "\u771f\u5982\u9547", "circleNum": 1, "builtYear": "1988", "builtHeight": 24, "storeNum": 8, "floorArea": 528.175058195, "buildArea": 4225.40046556, "seiFort": "2", "keyFire": 0, "firehouseDist": 2, "pop": 845}