{"buildingID": 27715, "county": "\u666e\u9640", "town": "\u957f\u98ce\u65b0\u6751\u8857\u9053", "circleNum": 1, "builtYear": "pre1978", "builtHeight": 19, "storeNum": 6, "floorArea": 912.695250266, "buildArea": 5476.1715016, "seiFort": "1", "keyFire": 0, "firehouseDist": 2, "pop": 219}