{"buildingID": 5699, "county": "\u666e\u9640", "town": "\u6843\u6d66\u9547", "circleNum": 2, "builtYear": "2000", "builtHeight": 51, "storeNum": 17, "floorArea": 73.1222684638, "buildArea": 1243.07856388, "seiFort": "3", "keyFire": 0, "firehouseDist": 2, "pop": 41}