{"buildingID": 27765, "county": "\u666e\u9640", "town": "\u957f\u98ce\u65b0\u6751\u8857\u9053", "circleNum": 1, "builtYear": "pre1978", "builtHeight": 13, "storeNum": 4, "floorArea": 567.862586388, "buildArea": 2271.45034555, "seiFort": "1", "keyFire": 0, "firehouseDist": 2, "pop": 90}