{"buildingID": 13157, "county": "\u666e\u9640", "town": "\u5b9c\u5ddd\u8def\u8857\u9053", "circleNum": 1, "builtYear": "1979-1985", "builtHeight": 21, "storeNum": 7, "floorArea": 400.807624407, "buildArea": 2805.65337085, "seiFort": "2", "keyFire": 0, "firehouseDist": 2, "pop": 561}