{"buildingID": 4193, "county": "\u666e\u9640", "town": "\u6843\u6d66\u9547", "circleNum": 2, "builtYear": "1990", "builtHeight": 24, "storeNum": 8, "floorArea": 224.018440494, "buildArea": 1792.14752395, "seiFort": "2", "keyFire": 0, "firehouseDist": 2, "pop": 358}