{"buildingID": 4396, "county": "\u666e\u9640", "town": "\u6843\u6d66\u9547", "circleNum": 2, "builtYear": "1979-1985", "builtHeight": 42, "storeNum": 14, "floorArea": 1262.25707078, "buildArea": 17671.5989909, "seiFort": "2", "keyFire": 0, "firehouseDist": 2, "pop": 3534}