{"buildingID": 19607, "county": "\u666e\u9640", "town": "\u957f\u5f81\u9547", "circleNum": 2, "builtYear": "1979-1985", "builtHeight": 3, "storeNum": 1, "floorArea": 69.7745699989, "buildArea": 69.7745699989, "seiFort": "2", "keyFire": 0, "firehouseDist": 4, "pop": 2}