{"buildingID": 4273, "county": "\u666e\u9640", "town": "\u6843\u6d66\u9547", "circleNum": 2, "builtYear": "1999", "builtHeight": 15, "storeNum": 5, "floorArea": 501.883578911, "buildArea": 2509.41789455, "seiFort": "2", "keyFire": 0, "firehouseDist": 3, "pop": 501}