{"buildingID": 4809, "county": "\u666e\u9640", "town": "\u6843\u6d66\u9547", "circleNum": 2, "builtYear": "1995", "builtHeight": 83, "storeNum": 27, "floorArea": 159.18301306, "buildArea": 4297.94135261, "seiFort": "2", "keyFire": 0, "firehouseDist": 2, "pop": 143}