{"buildingID": 5700, "county": "\u666e\u9640", "town": "\u6843\u6d66\u9547", "circleNum": 2, "builtYear": "1994", "builtHeight": 51, "storeNum": 17, "floorArea": 64.0861388043, "buildArea": 1089.46435967, "seiFort": "2", "keyFire": 0, "firehouseDist": 2, "pop": 36}