{"buildingID": 6803, "county": "\u666e\u9640", "town": "\u6843\u6d66\u9547", "circleNum": 2, "builtYear": "1999", "builtHeight": 53, "storeNum": 17, "floorArea": 17.9773333406, "buildArea": 305.614666791, "seiFort": "2", "keyFire": 0, "firehouseDist": 2, "pop": 10}