{"buildingID": 21354, "county": "\u666e\u9640", "town": "\u771f\u5982\u9547", "circleNum": 1, "builtYear": "1979-1985", "builtHeight": 15, "storeNum": 5, "floorArea": 537.091484794, "buildArea": 2685.45742397, "seiFort": "2", "keyFire": 0, "firehouseDist": 1, "pop": 537}