{"buildingID": 3870, "county": "\u666e\u9640", "town": "\u6843\u6d66\u9547", "circleNum": 2, "builtYear": "1999", "builtHeight": 24, "storeNum": 8, "floorArea": 403.006515319, "buildArea": 3224.05212255, "seiFort": "2", "keyFire": 0, "firehouseDist": 1, "pop": 644}