{"buildingID": 26887, "county": "\u666e\u9640", "town": "\u957f\u5f81\u9547", "circleNum": 1, "builtYear": "1979-1985", "builtHeight": 8, "storeNum": 2, "floorArea": 1250.0877752, "buildArea": 2500.17555041, "seiFort": "2", "keyFire": 0, "firehouseDist": 2, "pop": 500}