{"buildingID": 8542, "county": "\u666e\u9640", "town": "\u957f\u5f81\u9547", "circleNum": 1, "builtYear": "2010", "builtHeight": 53, "storeNum": 17, "floorArea": 1140.26446077, "buildArea": 19384.4958331, "seiFort": "3", "keyFire": 0, "firehouseDist": 2, "pop": 3876}