{"buildingID": 13987, "county": "\u666e\u9640", "town": "\u771f\u5982\u9547", "circleNum": 2, "builtYear": "1994", "builtHeight": 16, "storeNum": 5, "floorArea": 306.714699168, "buildArea": 1533.57349584, "seiFort": "2", "keyFire": 0, "firehouseDist": 1, "pop": 306}