{"buildingID": 19958, "county": "\u666e\u9640", "town": "\u66f9\u6768\u65b0\u6751\u8857\u9053", "circleNum": 1, "builtYear": "1979-1985", "builtHeight": 15, "storeNum": 5, "floorArea": 252.437341006, "buildArea": 1262.18670503, "seiFort": "2", "keyFire": 0, "firehouseDist": 1, "pop": 252}