{"buildingID": 7238, "county": "\u666e\u9640", "town": "\u6843\u6d66\u9547", "circleNum": 2, "builtYear": "1979-1985", "builtHeight": 16, "storeNum": 5, "floorArea": 522.649031985, "buildArea": 2613.24515992, "seiFort": "2", "keyFire": 0, "firehouseDist": 1, "pop": 522}