{"buildingID": 6406, "county": "\u666e\u9640", "town": "\u6843\u6d66\u9547", "circleNum": 2, "builtYear": "1979-1985", "builtHeight": 40, "storeNum": 13, "floorArea": 538.84111105, "buildArea": 7004.93444365, "seiFort": "2", "keyFire": 0, "firehouseDist": 1, "pop": 1400}