{"buildingID": 25911, "county": "\u666e\u9640", "town": "\u66f9\u6768\u65b0\u6751\u8857\u9053", "circleNum": 1, "builtYear": "pre1978", "builtHeight": 3, "storeNum": 1, "floorArea": 445.937789935, "buildArea": 445.937789935, "seiFort": "1", "keyFire": 0, "firehouseDist": 2, "pop": 17}