{"buildingID": 18157, "county": "\u666e\u9640", "town": "\u957f\u5f81\u9547", "circleNum": 2, "builtYear": "1998", "builtHeight": 18, "storeNum": 6, "floorArea": 923.114193214, "buildArea": 5538.68515928, "seiFort": "2", "keyFire": 0, "firehouseDist": 3, "pop": 1107}