{"buildingID": 12602, "county": "\u666e\u9640", "town": "\u771f\u5982\u9547", "circleNum": 2, "builtYear": "1987", "builtHeight": 25, "storeNum": 8, "floorArea": 973.323824713, "buildArea": 7786.59059771, "seiFort": "2", "keyFire": 0, "firehouseDist": 2, "pop": 1557}