{"buildingID": 12075, "county": "\u666e\u9640", "town": "\u77f3\u6cc9\u8def\u8857\u9053", "circleNum": 1, "builtYear": "1987", "builtHeight": 8, "storeNum": 2, "floorArea": 861.017921024, "buildArea": 1722.03584205, "seiFort": "2", "keyFire": 0, "firehouseDist": 3, "pop": 344}