{"buildingID": 11349, "county": "\u666e\u9640", "town": "\u7518\u6cc9\u8def\u8857\u9053", "circleNum": 1, "builtYear": "1979-1985", "builtHeight": 15, "storeNum": 5, "floorArea": 641.889552758, "buildArea": 3209.44776379, "seiFort": "2", "keyFire": 0, "firehouseDist": 2, "pop": 641}