{"buildingID": 11906, "county": "\u666e\u9640", "town": "\u7518\u6cc9\u8def\u8857\u9053", "circleNum": 1, "builtYear": "1988", "builtHeight": 6, "storeNum": 2, "floorArea": 297.872758347, "buildArea": 595.745516695, "seiFort": "2", "keyFire": 0, "firehouseDist": 2, "pop": 119}