{"buildingID": 15214, "county": "\u666e\u9640", "town": "\u771f\u5982\u9547", "circleNum": 1, "builtYear": "1996", "builtHeight": 6, "storeNum": 2, "floorArea": 373.590310692, "buildArea": 747.180621384, "seiFort": "2", "keyFire": 0, "firehouseDist": 1, "pop": 149}