{"buildingID": 28633, "county": "\u666e\u9640", "town": "\u957f\u98ce\u65b0\u6751\u8857\u9053", "circleNum": 1, "builtYear": "1979-1985", "builtHeight": 10, "storeNum": 3, "floorArea": 7912.77753988, "buildArea": 23738.3326196, "seiFort": "2", "keyFire": 0, "firehouseDist": 3, "pop": 4747}