{"buildingID": 15759, "county": "\u666e\u9640", "town": "\u771f\u5982\u9547", "circleNum": 2, "builtYear": "1996", "builtHeight": 24, "storeNum": 8, "floorArea": 298.305346276, "buildArea": 2386.44277021, "seiFort": "2", "keyFire": 0, "firehouseDist": 1, "pop": 477}