{"buildingID": 27072, "county": "\u666e\u9640", "town": "\u957f\u5bff\u8def\u8857\u9053", "circleNum": 0, "builtYear": "1979-1985", "builtHeight": 28, "storeNum": 9, "floorArea": 1145.71044937, "buildArea": 10311.3940443, "seiFort": "2", "keyFire": 0, "firehouseDist": 1, "pop": 2062}