{"buildingID": 15530, "county": "\u666e\u9640", "town": "\u77f3\u6cc9\u8def\u8857\u9053", "circleNum": 1, "builtYear": "pre1978", "builtHeight": 20, "storeNum": 6, "floorArea": 1215.45525688, "buildArea": 7292.73154129, "seiFort": "1", "keyFire": 0, "firehouseDist": 1, "pop": 291}