{"buildingID": 11339, "county": "\u666e\u9640", "town": "\u7518\u6cc9\u8def\u8857\u9053", "circleNum": 1, "builtYear": "1979-1985", "builtHeight": 9, "storeNum": 3, "floorArea": 456.665302128, "buildArea": 1369.99590639, "seiFort": "2", "keyFire": 0, "firehouseDist": 2, "pop": 273}