{"buildingID": 5315, "county": "\u666e\u9640", "town": "\u6843\u6d66\u9547", "circleNum": 2, "builtYear": "2017", "builtHeight": 18, "storeNum": 6, "floorArea": 4974.44328846, "buildArea": 29846.6597308, "seiFort": "3", "keyFire": 0, "firehouseDist": 2, "pop": 5969}