{"buildingID": 13899, "county": "\u666e\u9640", "town": "\u771f\u5982\u9547", "circleNum": 1, "builtYear": "pre1978", "builtHeight": 58, "storeNum": 19, "floorArea": 74.2713144878, "buildArea": 1411.15497527, "seiFort": "1", "keyFire": 0, "firehouseDist": 2, "pop": 56}