{"buildingID": 541, "county": "\u666e\u9640", "town": "\u6843\u6d66\u9547", "circleNum": 3, "builtYear": "2008", "builtHeight": 54, "storeNum": 18, "floorArea": 1419.8477663, "buildArea": 25557.2597934, "seiFort": "3", "keyFire": 0, "firehouseDist": 4, "pop": 5111}