{"buildingID": 27632, "county": "\u666e\u9640", "town": "\u957f\u98ce\u65b0\u6751\u8857\u9053", "circleNum": 1, "builtYear": "pre1978", "builtHeight": 87, "storeNum": 29, "floorArea": 642.571521347, "buildArea": 18634.5741191, "seiFort": "1", "keyFire": 0, "firehouseDist": 3, "pop": 745}