{"buildingID": 26022, "county": "\u666e\u9640", "town": "\u957f\u5f81\u9547", "circleNum": 1, "builtYear": "1979-1985", "builtHeight": 46, "storeNum": 15, "floorArea": 916.10533061, "buildArea": 13741.5799591, "seiFort": "2", "keyFire": 0, "firehouseDist": 2, "pop": 2748}