{"buildingID": 4887, "county": "\u666e\u9640", "town": "\u6843\u6d66\u9547", "circleNum": 2, "builtYear": "1997", "builtHeight": 12, "storeNum": 4, "floorArea": 541.510522726, "buildArea": 2166.04209091, "seiFort": "2", "keyFire": 0, "firehouseDist": 2, "pop": 433}