{"buildingID": 29127, "county": "\u666e\u9640", "town": "\u957f\u98ce\u65b0\u6751\u8857\u9053", "circleNum": 1, "builtYear": "pre1978", "builtHeight": 6, "storeNum": 2, "floorArea": 76.3264484189, "buildArea": 152.652896838, "seiFort": "1", "keyFire": 0, "firehouseDist": 3, "pop": 6}