{"buildingID": 13377, "county": "\u666e\u9640", "town": "\u771f\u5982\u9547", "circleNum": 1, "builtYear": "1990", "builtHeight": 13, "storeNum": 4, "floorArea": 1262.5289752, "buildArea": 5050.1159008, "seiFort": "2", "keyFire": 0, "firehouseDist": 2, "pop": 1010}