{"buildingID": 21792, "county": "\u666e\u9640", "town": "\u771f\u5982\u9547", "circleNum": 1, "builtYear": "pre1978", "builtHeight": 18, "storeNum": 6, "floorArea": 1961.05962343, "buildArea": 11766.3577406, "seiFort": "1", "keyFire": 0, "firehouseDist": 1, "pop": 470}