{"buildingID": 28910, "county": "\u666e\u9640", "town": "\u957f\u98ce\u65b0\u6751\u8857\u9053", "circleNum": 1, "builtYear": "pre1978", "builtHeight": 44, "storeNum": 14, "floorArea": 1687.20056068, "buildArea": 23620.8078496, "seiFort": "1", "keyFire": 1, "firehouseDist": 4, "pop": 944}