{"buildingID": 5585, "county": "\u666e\u9640", "town": "\u6843\u6d66\u9547", "circleNum": 2, "builtYear": "1995", "builtHeight": 16, "storeNum": 5, "floorArea": 680.620549144, "buildArea": 3403.10274572, "seiFort": "2", "keyFire": 0, "firehouseDist": 2, "pop": 680}