{"buildingID": 5049, "county": "\u666e\u9640", "town": "\u6843\u6d66\u9547", "circleNum": 2, "builtYear": "2008", "builtHeight": 156, "storeNum": 52, "floorArea": 661.310201382, "buildArea": 34388.1304719, "seiFort": "3", "keyFire": 0, "firehouseDist": 2, "pop": 6877}