{"buildingID": 14511, "county": "\u666e\u9640", "town": "\u771f\u5982\u9547", "circleNum": 2, "builtYear": "1996", "builtHeight": 8, "storeNum": 2, "floorArea": 3020.73975079, "buildArea": 6041.47950158, "seiFort": "2", "keyFire": 0, "firehouseDist": 2, "pop": 1208}