{"buildingID": 28160, "county": "\u666e\u9640", "town": "\u957f\u98ce\u65b0\u6751\u8857\u9053", "circleNum": 1, "builtYear": "pre1978", "builtHeight": 98, "storeNum": 32, "floorArea": 954.935892969, "buildArea": 30557.948575, "seiFort": "1", "keyFire": 0, "firehouseDist": 3, "pop": 1222}