{"buildingID": 8983, "county": "\u666e\u9640", "town": "\u957f\u5f81\u9547", "circleNum": 1, "builtYear": "2003", "builtHeight": 59, "storeNum": 19, "floorArea": 389.627100824, "buildArea": 7402.91491565, "seiFort": "3", "keyFire": 0, "firehouseDist": 1, "pop": 1480}