{"buildingID": 10910, "county": "\u666e\u9640", "town": "\u957f\u5f81\u9547", "circleNum": 1, "builtYear": "1979-1985", "builtHeight": 3, "storeNum": 1, "floorArea": 36.1837352484, "buildArea": 36.1837352484, "seiFort": "2", "keyFire": 0, "firehouseDist": 3, "pop": 1}