{"buildingID": 19606, "county": "\u666e\u9640", "town": "\u957f\u5f81\u9547", "circleNum": 2, "builtYear": "1979-1985", "builtHeight": 6, "storeNum": 2, "floorArea": 91.7064882576, "buildArea": 183.412976515, "seiFort": "2", "keyFire": 0, "firehouseDist": 4, "pop": 6}