{"buildingID": 13674, "county": "\u666e\u9640", "town": "\u771f\u5982\u9547", "circleNum": 2, "builtYear": "1997", "builtHeight": 6, "storeNum": 2, "floorArea": 798.863719929, "buildArea": 1597.72743986, "seiFort": "2", "keyFire": 0, "firehouseDist": 2, "pop": 319}