{"buildingID": 24212, "county": "\u666e\u9640", "town": "\u66f9\u6768\u65b0\u6751\u8857\u9053", "circleNum": 1, "builtYear": "1979-1985", "builtHeight": 11, "storeNum": 3, "floorArea": 974.888812118, "buildArea": 2924.66643635, "seiFort": "2", "keyFire": 0, "firehouseDist": 1, "pop": 584}