{"buildingID": 13842, "county": "\u666e\u9640", "town": "\u77f3\u6cc9\u8def\u8857\u9053", "circleNum": 1, "builtYear": "2010", "builtHeight": 101, "storeNum": 33, "floorArea": 46.2368244347, "buildArea": 1525.81520635, "seiFort": "3", "keyFire": 0, "firehouseDist": 3, "pop": 305}