{"buildingID": 28638, "county": "\u666e\u9640", "town": "\u957f\u98ce\u65b0\u6751\u8857\u9053", "circleNum": 1, "builtYear": "pre1978", "builtHeight": 15, "storeNum": 5, "floorArea": 74.6110662642, "buildArea": 373.055331321, "seiFort": "1", "keyFire": 0, "firehouseDist": 3, "pop": 14}