{"buildingID": 2165, "county": "\u666e\u9640", "town": "\u6843\u6d66\u9547", "circleNum": 3, "builtYear": "1997", "builtHeight": 18, "storeNum": 6, "floorArea": 966.388858986, "buildArea": 5798.33315392, "seiFort": "2", "keyFire": 0, "firehouseDist": 3, "pop": 1159}