{"buildingID": 2488, "county": "\u666e\u9640", "town": "\u6843\u6d66\u9547", "circleNum": 3, "builtYear": "1987", "builtHeight": 18, "storeNum": 6, "floorArea": 580.264548485, "buildArea": 3481.58729091, "seiFort": "2", "keyFire": 0, "firehouseDist": 4, "pop": 696}