{"buildingID": 21414, "county": "\u666e\u9640", "town": "\u771f\u5982\u9547", "circleNum": 1, "builtYear": "1979-1985", "builtHeight": 15, "storeNum": 5, "floorArea": 708.063884353, "buildArea": 3540.31942176, "seiFort": "2", "keyFire": 0, "firehouseDist": 1, "pop": 708}