{"buildingID": 14516, "county": "\u666e\u9640", "town": "\u771f\u5982\u9547", "circleNum": 2, "builtYear": "1996", "builtHeight": 16, "storeNum": 5, "floorArea": 945.338563714, "buildArea": 4726.69281857, "seiFort": "2", "keyFire": 0, "firehouseDist": 2, "pop": 945}