{"buildingID": 19800, "county": "\u666e\u9640", "town": "\u957f\u5f81\u9547", "circleNum": 2, "builtYear": "1979-1985", "builtHeight": 4, "storeNum": 1, "floorArea": 305.846887175, "buildArea": 305.846887175, "seiFort": "2", "keyFire": 0, "firehouseDist": 4, "pop": 61}