{"buildingID": 12570, "county": "\u666e\u9640", "town": "\u771f\u5982\u9547", "circleNum": 2, "builtYear": "1997", "builtHeight": 13, "storeNum": 4, "floorArea": 382.42415219, "buildArea": 1529.69660876, "seiFort": "2", "keyFire": 0, "firehouseDist": 2, "pop": 305}