{"buildingID": 28178, "county": "\u666e\u9640", "town": "\u957f\u98ce\u65b0\u6751\u8857\u9053", "circleNum": 1, "builtYear": "1988", "builtHeight": 50, "storeNum": 16, "floorArea": 2815.31836234, "buildArea": 45045.0937974, "seiFort": "2", "keyFire": 0, "firehouseDist": 3, "pop": 9009}