{"buildingID": 18578, "county": "\u666e\u9640", "town": "\u957f\u5f81\u9547", "circleNum": 2, "builtYear": "1979-1985", "builtHeight": 3, "storeNum": 1, "floorArea": 241.690577683, "buildArea": 241.690577683, "seiFort": "2", "keyFire": 0, "firehouseDist": 3, "pop": 48}