{"buildingID": 5455, "county": "\u666e\u9640", "town": "\u6843\u6d66\u9547", "circleNum": 2, "builtYear": "2003", "builtHeight": 104, "storeNum": 34, "floorArea": 251.754090502, "buildArea": 8559.63907708, "seiFort": "3", "keyFire": 0, "firehouseDist": 2, "pop": 1711}