{"buildingID": 27646, "county": "\u666e\u9640", "town": "\u957f\u98ce\u65b0\u6751\u8857\u9053", "circleNum": 1, "builtYear": "pre1978", "builtHeight": 43, "storeNum": 14, "floorArea": 128.031097913, "buildArea": 1792.43537078, "seiFort": "1", "keyFire": 0, "firehouseDist": 3, "pop": 71}