{"buildingID": 22471, "county": "\u666e\u9640", "town": "\u957f\u5bff\u8def\u8857\u9053", "circleNum": 0, "builtYear": "1990", "builtHeight": 56, "storeNum": 18, "floorArea": 858.012544119, "buildArea": 15444.2257941, "seiFort": "2", "keyFire": 0, "firehouseDist": 1, "pop": 3088}