{"buildingID": 2199, "county": "\u666e\u9640", "town": "\u6843\u6d66\u9547", "circleNum": 2, "builtYear": "1979-1985", "builtHeight": 8, "storeNum": 2, "floorArea": 1198.68843603, "buildArea": 2397.37687206, "seiFort": "2", "keyFire": 0, "firehouseDist": 1, "pop": 479}