{"buildingID": 16125, "county": "\u666e\u9640", "town": "\u77f3\u6cc9\u8def\u8857\u9053", "circleNum": 1, "builtYear": "pre1978", "builtHeight": 73, "storeNum": 24, "floorArea": 53.1824978198, "buildArea": 1276.37994768, "seiFort": "1", "keyFire": 0, "firehouseDist": 1, "pop": 51}