{"buildingID": 15126, "county": "\u666e\u9640", "town": "\u771f\u5982\u9547", "circleNum": 2, "builtYear": "1999", "builtHeight": 33, "storeNum": 11, "floorArea": 205.935448682, "buildArea": 2265.28993551, "seiFort": "2", "keyFire": 0, "firehouseDist": 1, "pop": 453}