{"buildingID": 9646, "county": "\u666e\u9640", "town": "\u7518\u6cc9\u8def\u8857\u9053", "circleNum": 1, "builtYear": "1979-1985", "builtHeight": 10, "storeNum": 3, "floorArea": 281.056107619, "buildArea": 843.168322858, "seiFort": "2", "keyFire": 0, "firehouseDist": 3, "pop": 168}