{"buildingID": 9083, "county": "\u666e\u9640", "town": "\u7518\u6cc9\u8def\u8857\u9053", "circleNum": 1, "builtYear": "1991", "builtHeight": 15, "storeNum": 5, "floorArea": 620.405873165, "buildArea": 3102.02936582, "seiFort": "2", "keyFire": 1, "firehouseDist": 3, "pop": 620}