{"buildingID": 10672, "county": "\u666e\u9640", "town": "\u771f\u5982\u9547", "circleNum": 2, "builtYear": "1999", "builtHeight": 6, "storeNum": 2, "floorArea": 303.342299426, "buildArea": 606.684598853, "seiFort": "2", "keyFire": 0, "firehouseDist": 2, "pop": 121}