{"buildingID": 25316, "county": "\u666e\u9640", "town": "\u66f9\u6768\u65b0\u6751\u8857\u9053", "circleNum": 1, "builtYear": "pre1978", "builtHeight": 14, "storeNum": 4, "floorArea": 448.668264773, "buildArea": 1794.67305909, "seiFort": "1", "keyFire": 0, "firehouseDist": 1, "pop": 71}