{"buildingID": 5690, "county": "\u666e\u9640", "town": "\u6843\u6d66\u9547", "circleNum": 2, "builtYear": "1995", "builtHeight": 11, "storeNum": 3, "floorArea": 325.522309732, "buildArea": 976.566929196, "seiFort": "2", "keyFire": 0, "firehouseDist": 1, "pop": 195}