{"buildingID": 7738, "county": "\u666e\u9640", "town": "\u7518\u6cc9\u8def\u8857\u9053", "circleNum": 1, "builtYear": "1995", "builtHeight": 19, "storeNum": 6, "floorArea": 381.041928649, "buildArea": 2286.25157189, "seiFort": "2", "keyFire": 0, "firehouseDist": 3, "pop": 457}