{"buildingID": 3737, "county": "\u666e\u9640", "town": "\u6843\u6d66\u9547", "circleNum": 2, "builtYear": "2000", "builtHeight": 7, "storeNum": 2, "floorArea": 3221.33724588, "buildArea": 6442.67449176, "seiFort": "3", "keyFire": 0, "firehouseDist": 1, "pop": 1288}