{"buildingID": 4716, "county": "\u666e\u9640", "town": "\u6843\u6d66\u9547", "circleNum": 2, "builtYear": "1995", "builtHeight": 70, "storeNum": 23, "floorArea": 259.561380785, "buildArea": 5969.91175806, "seiFort": "2", "keyFire": 0, "firehouseDist": 2, "pop": 1193}