{"buildingID": 14523, "county": "\u666e\u9640", "town": "\u771f\u5982\u9547", "circleNum": 2, "builtYear": "1995", "builtHeight": 17, "storeNum": 5, "floorArea": 504.500543482, "buildArea": 2522.50271741, "seiFort": "2", "keyFire": 0, "firehouseDist": 1, "pop": 504}