{"buildingID": 3719, "county": "\u666e\u9640", "town": "\u6843\u6d66\u9547", "circleNum": 2, "builtYear": "1986", "builtHeight": 12, "storeNum": 4, "floorArea": 545.085930137, "buildArea": 2180.34372055, "seiFort": "2", "keyFire": 0, "firehouseDist": 1, "pop": 436}