{"buildingID": 14896, "county": "\u666e\u9640", "town": "\u5b9c\u5ddd\u8def\u8857\u9053", "circleNum": 0, "builtYear": "pre1978", "builtHeight": 106, "storeNum": 35, "floorArea": 874.091363347, "buildArea": 30593.1977171, "seiFort": "1", "keyFire": 0, "firehouseDist": 1, "pop": 6118}