{"buildingID": 11985, "county": "\u666e\u9640", "town": "\u77f3\u6cc9\u8def\u8857\u9053", "circleNum": 1, "builtYear": "2015", "builtHeight": 4, "storeNum": 1, "floorArea": 1285.11529326, "buildArea": 1285.11529326, "seiFort": "3", "keyFire": 0, "firehouseDist": 2, "pop": 257}