{"buildingID": 26696, "county": "\u666e\u9640", "town": "\u957f\u98ce\u65b0\u6751\u8857\u9053", "circleNum": 1, "builtYear": "1979-1985", "builtHeight": 24, "storeNum": 8, "floorArea": 6406.36200959, "buildArea": 51250.8960767, "seiFort": "2", "keyFire": 0, "firehouseDist": 3, "pop": 10250}