{"buildingID": 13754, "county": "\u666e\u9640", "town": "\u771f\u5982\u9547", "circleNum": 1, "builtYear": "pre1978", "builtHeight": 16, "storeNum": 5, "floorArea": 965.485189855, "buildArea": 4827.42594927, "seiFort": "1", "keyFire": 0, "firehouseDist": 2, "pop": 193}