{"buildingID": 17578, "county": "\u666e\u9640", "town": "\u957f\u5bff\u8def\u8857\u9053", "circleNum": 0, "builtYear": "1987", "builtHeight": 33, "storeNum": 11, "floorArea": 736.475732359, "buildArea": 8101.23305595, "seiFort": "2", "keyFire": 0, "firehouseDist": 1, "pop": 1620}