{"buildingID": 10525, "county": "\u666e\u9640", "town": "\u7518\u6cc9\u8def\u8857\u9053", "circleNum": 1, "builtYear": "1990", "builtHeight": 18, "storeNum": 6, "floorArea": 931.644950065, "buildArea": 5589.86970039, "seiFort": "2", "keyFire": 0, "firehouseDist": 2, "pop": 1117}