{"buildingID": 7865, "county": "\u666e\u9640", "town": "\u771f\u5982\u9547", "circleNum": 2, "builtYear": "1992", "builtHeight": 18, "storeNum": 6, "floorArea": 594.261874346, "buildArea": 3565.57124607, "seiFort": "2", "keyFire": 0, "firehouseDist": 2, "pop": 713}