{"buildingID": 18392, "county": "\u666e\u9640", "town": "\u957f\u5f81\u9547", "circleNum": 2, "builtYear": "2001", "builtHeight": 16, "storeNum": 5, "floorArea": 1195.94290816, "buildArea": 5979.71454078, "seiFort": "3", "keyFire": 0, "firehouseDist": 3, "pop": 1195}