{"buildingID": 1982, "county": "\u666e\u9640", "town": "\u6843\u6d66\u9547", "circleNum": 3, "builtYear": "1993", "builtHeight": 18, "storeNum": 6, "floorArea": 256.184279692, "buildArea": 1537.10567815, "seiFort": "2", "keyFire": 0, "firehouseDist": 3, "pop": 307}