{"buildingID": 14364, "county": "\u666e\u9640", "town": "\u77f3\u6cc9\u8def\u8857\u9053", "circleNum": 1, "builtYear": "1990", "builtHeight": 7, "storeNum": 2, "floorArea": 347.998414663, "buildArea": 695.996829326, "seiFort": "2", "keyFire": 0, "firehouseDist": 2, "pop": 139}