{"buildingID": 9674, "county": "\u666e\u9640", "town": "\u7518\u6cc9\u8def\u8857\u9053", "circleNum": 1, "builtYear": "1979-1985", "builtHeight": 48, "storeNum": 16, "floorArea": 1084.11171742, "buildArea": 17345.7874787, "seiFort": "2", "keyFire": 0, "firehouseDist": 3, "pop": 3469}