{"buildingID": 2290, "county": "\u666e\u9640", "town": "\u6843\u6d66\u9547", "circleNum": 2, "builtYear": "1979-1985", "builtHeight": 20, "storeNum": 6, "floorArea": 965.151009508, "buildArea": 5790.90605705, "seiFort": "2", "keyFire": 0, "firehouseDist": 1, "pop": 1158}