{"buildingID": 13367, "county": "\u666e\u9640", "town": "\u771f\u5982\u9547", "circleNum": 1, "builtYear": "1993", "builtHeight": 9, "storeNum": 3, "floorArea": 354.362069629, "buildArea": 1063.08620889, "seiFort": "2", "keyFire": 0, "firehouseDist": 2, "pop": 212}