{"buildingID": 21430, "county": "\u666e\u9640", "town": "\u771f\u5982\u9547", "circleNum": 1, "builtYear": "pre1978", "builtHeight": 16, "storeNum": 5, "floorArea": 907.520499778, "buildArea": 4537.60249889, "seiFort": "1", "keyFire": 0, "firehouseDist": 1, "pop": 181}