{"buildingID": 23754, "county": "\u666e\u9640", "town": "\u957f\u5f81\u9547", "circleNum": 2, "builtYear": "1999", "builtHeight": 32, "storeNum": 10, "floorArea": 421.246810255, "buildArea": 4212.46810255, "seiFort": "2", "keyFire": 0, "firehouseDist": 1, "pop": 842}