{"buildingID": 20909, "county": "\u666e\u9640", "town": "\u957f\u5bff\u8def\u8857\u9053", "circleNum": 0, "builtYear": "pre1978", "builtHeight": 95, "storeNum": 31, "floorArea": 1464.62194247, "buildArea": 45403.2802165, "seiFort": "1", "keyFire": 0, "firehouseDist": 1, "pop": 2270}