{"buildingID": 7991, "county": "\u666e\u9640", "town": "\u771f\u5982\u9547", "circleNum": 2, "builtYear": "1991", "builtHeight": 16, "storeNum": 5, "floorArea": 820.394953352, "buildArea": 4101.97476676, "seiFort": "2", "keyFire": 0, "firehouseDist": 1, "pop": 820}