{"buildingID": 1680, "county": "\u666e\u9640", "town": "\u6843\u6d66\u9547", "circleNum": 3, "builtYear": "2002", "builtHeight": 18, "storeNum": 6, "floorArea": 644.010053361, "buildArea": 3864.06032017, "seiFort": "3", "keyFire": 0, "firehouseDist": 3, "pop": 772}