{"buildingID": 2692, "county": "\u666e\u9640", "town": "\u6843\u6d66\u9547", "circleNum": 3, "builtYear": "2003", "builtHeight": 18, "storeNum": 6, "floorArea": 901.149846568, "buildArea": 5406.89907941, "seiFort": "3", "keyFire": 0, "firehouseDist": 4, "pop": 1081}