{"buildingID": 17158, "county": "\u666e\u9640", "town": "\u957f\u5f81\u9547", "circleNum": 2, "builtYear": "1998", "builtHeight": 19, "storeNum": 6, "floorArea": 980.844887599, "buildArea": 5885.06932559, "seiFort": "2", "keyFire": 0, "firehouseDist": 2, "pop": 1177}