{"buildingID": 13810, "county": "\u666e\u9640", "town": "\u77f3\u6cc9\u8def\u8857\u9053", "circleNum": 1, "builtYear": "1979-1985", "builtHeight": 17, "storeNum": 5, "floorArea": 850.848310681, "buildArea": 4254.24155341, "seiFort": "2", "keyFire": 0, "firehouseDist": 2, "pop": 850}