{"buildingID": 26766, "county": "\u666e\u9640", "town": "\u66f9\u6768\u65b0\u6751\u8857\u9053", "circleNum": 1, "builtYear": "pre1978", "builtHeight": 6, "storeNum": 2, "floorArea": 259.258063784, "buildArea": 518.516127568, "seiFort": "1", "keyFire": 0, "firehouseDist": 2, "pop": 20}