{"buildingID": 16338, "county": "\u666e\u9640", "town": "\u771f\u5982\u9547", "circleNum": 2, "builtYear": "1979-1985", "builtHeight": 46, "storeNum": 15, "floorArea": 166.433309082, "buildArea": 2496.49963623, "seiFort": "2", "keyFire": 0, "firehouseDist": 1, "pop": 83}