{"buildingID": 12254, "county": "\u666e\u9640", "town": "\u771f\u5982\u9547", "circleNum": 1, "builtYear": "1999", "builtHeight": 33, "storeNum": 11, "floorArea": 102.806826971, "buildArea": 1130.87509669, "seiFort": "2", "keyFire": 0, "firehouseDist": 1, "pop": 45}