{"buildingID": 19134, "county": "\u666e\u9640", "town": "\u957f\u5f81\u9547", "circleNum": 2, "builtYear": "1989", "builtHeight": 56, "storeNum": 18, "floorArea": 714.952509058, "buildArea": 12869.145163, "seiFort": "2", "keyFire": 0, "firehouseDist": 3, "pop": 2573}