{"buildingID": 17148, "county": "\u666e\u9640", "town": "\u957f\u5f81\u9547", "circleNum": 2, "builtYear": "1994", "builtHeight": 21, "storeNum": 7, "floorArea": 1087.89332631, "buildArea": 7615.25328416, "seiFort": "2", "keyFire": 0, "firehouseDist": 1, "pop": 1523}