{"buildingID": 28270, "county": "\u666e\u9640", "town": "\u957f\u98ce\u65b0\u6751\u8857\u9053", "circleNum": 1, "builtYear": "pre1978", "builtHeight": 7, "storeNum": 2, "floorArea": 94.1771825271, "buildArea": 188.354365054, "seiFort": "1", "keyFire": 0, "firehouseDist": 3, "pop": 7}