{"buildingID": 14101, "county": "\u666e\u9640", "town": "\u77f3\u6cc9\u8def\u8857\u9053", "circleNum": 1, "builtYear": "pre1978", "builtHeight": 13, "storeNum": 4, "floorArea": 1973.29694931, "buildArea": 7893.18779722, "seiFort": "1", "keyFire": 0, "firehouseDist": 2, "pop": 315}