{"buildingID": 6398, "county": "\u666e\u9640", "town": "\u6843\u6d66\u9547", "circleNum": 2, "builtYear": "1979-1985", "builtHeight": 50, "storeNum": 16, "floorArea": 1167.91755195, "buildArea": 18686.6808311, "seiFort": "2", "keyFire": 0, "firehouseDist": 1, "pop": 3737}