{"buildingID": 16170, "county": "\u666e\u9640", "town": "\u77f3\u6cc9\u8def\u8857\u9053", "circleNum": 1, "builtYear": "1979-1985", "builtHeight": 15, "storeNum": 5, "floorArea": 488.155934741, "buildArea": 2440.77967371, "seiFort": "2", "keyFire": 0, "firehouseDist": 2, "pop": 488}