{"buildingID": 1816, "county": "\u666e\u9640", "town": "\u6843\u6d66\u9547", "circleNum": 2, "builtYear": "1994", "builtHeight": 62, "storeNum": 20, "floorArea": 1079.61747722, "buildArea": 21592.3495444, "seiFort": "2", "keyFire": 0, "firehouseDist": 2, "pop": 4318}