{"buildingID": 24206, "county": "\u666e\u9640", "town": "\u66f9\u6768\u65b0\u6751\u8857\u9053", "circleNum": 1, "builtYear": "pre1978", "builtHeight": 28, "storeNum": 9, "floorArea": 160.794139724, "buildArea": 1447.14725751, "seiFort": "1", "keyFire": 0, "firehouseDist": 1, "pop": 57}