{"buildingID": 28007, "county": "\u666e\u9640", "town": "\u957f\u98ce\u65b0\u6751\u8857\u9053", "circleNum": 0, "builtYear": "1994", "builtHeight": 30, "storeNum": 10, "floorArea": 617.02669502, "buildArea": 6170.2669502, "seiFort": "2", "keyFire": 0, "firehouseDist": 2, "pop": 1234}