{"buildingID": 23987, "county": "\u666e\u9640", "town": "\u957f\u98ce\u65b0\u6751\u8857\u9053", "circleNum": 1, "builtYear": "pre1978", "builtHeight": 13, "storeNum": 4, "floorArea": 319.699600598, "buildArea": 1278.79840239, "seiFort": "1", "keyFire": 0, "firehouseDist": 2, "pop": 51}