{"buildingID": 27489, "county": "\u666e\u9640", "town": "\u957f\u98ce\u65b0\u6751\u8857\u9053", "circleNum": 1, "builtYear": "1989", "builtHeight": 15, "storeNum": 5, "floorArea": 716.067198903, "buildArea": 3580.33599451, "seiFort": "2", "keyFire": 0, "firehouseDist": 2, "pop": 716}