{"buildingID": 5760, "county": "\u666e\u9640", "town": "\u6843\u6d66\u9547", "circleNum": 2, "builtYear": "1994", "builtHeight": 12, "storeNum": 4, "floorArea": 550.148926628, "buildArea": 2200.59570651, "seiFort": "2", "keyFire": 0, "firehouseDist": 2, "pop": 440}