{"buildingID": 14550, "county": "\u666e\u9640", "town": "\u771f\u5982\u9547", "circleNum": 2, "builtYear": "1997", "builtHeight": 16, "storeNum": 5, "floorArea": 951.074420718, "buildArea": 4755.37210359, "seiFort": "2", "keyFire": 0, "firehouseDist": 1, "pop": 951}