{"buildingID": 15713, "county": "\u666e\u9640", "town": "\u771f\u5982\u9547", "circleNum": 2, "builtYear": "1994", "builtHeight": 12, "storeNum": 4, "floorArea": 522.751060311, "buildArea": 2091.00424124, "seiFort": "2", "keyFire": 0, "firehouseDist": 1, "pop": 418}