{"buildingID": 27199, "county": "\u666e\u9640", "town": "\u957f\u98ce\u65b0\u6751\u8857\u9053", "circleNum": 0, "builtYear": "pre1978", "builtHeight": 65, "storeNum": 21, "floorArea": 1857.07644945, "buildArea": 38998.6054384, "seiFort": "1", "keyFire": 0, "firehouseDist": 2, "pop": 1949}