{"buildingID": 15589, "county": "\u666e\u9640", "town": "\u77f3\u6cc9\u8def\u8857\u9053", "circleNum": 1, "builtYear": "pre1978", "builtHeight": 22, "storeNum": 7, "floorArea": 1402.68762548, "buildArea": 9818.81337835, "seiFort": "1", "keyFire": 0, "firehouseDist": 2, "pop": 392}