{"buildingID": 28592, "county": "\u666e\u9640", "town": "\u957f\u98ce\u65b0\u6751\u8857\u9053", "circleNum": 1, "builtYear": "pre1978", "builtHeight": 21, "storeNum": 7, "floorArea": 4352.30582203, "buildArea": 30466.1407542, "seiFort": "1", "keyFire": 0, "firehouseDist": 3, "pop": 1218}