{"buildingID": 11223, "county": "\u666e\u9640", "town": "\u7518\u6cc9\u8def\u8857\u9053", "circleNum": 1, "builtYear": "pre1978", "builtHeight": 15, "storeNum": 5, "floorArea": 1045.45398963, "buildArea": 5227.26994814, "seiFort": "1", "keyFire": 0, "firehouseDist": 2, "pop": 209}