{"buildingID": 2031, "county": "\u666e\u9640", "town": "\u6843\u6d66\u9547", "circleNum": 2, "builtYear": "1994", "builtHeight": 13, "storeNum": 4, "floorArea": 820.988457922, "buildArea": 3283.95383169, "seiFort": "2", "keyFire": 0, "firehouseDist": 2, "pop": 656}