{"buildingID": 22368, "county": "\u666e\u9640", "town": "\u66f9\u6768\u65b0\u6751\u8857\u9053", "circleNum": 1, "builtYear": "1996", "builtHeight": 30, "storeNum": 10, "floorArea": 336.18405226, "buildArea": 3361.8405226, "seiFort": "2", "keyFire": 0, "firehouseDist": 1, "pop": 672}