{"buildingID": 9025, "county": "\u666e\u9640", "town": "\u957f\u5f81\u9547", "circleNum": 1, "builtYear": "1979-1985", "builtHeight": 20, "storeNum": 6, "floorArea": 624.153228573, "buildArea": 3744.91937144, "seiFort": "2", "keyFire": 0, "firehouseDist": 2, "pop": 748}