{"buildingID": 4714, "county": "\u666e\u9640", "town": "\u6843\u6d66\u9547", "circleNum": 2, "builtYear": "2003", "builtHeight": 65, "storeNum": 21, "floorArea": 296.808924313, "buildArea": 6232.98741058, "seiFort": "3", "keyFire": 0, "firehouseDist": 2, "pop": 1246}