{"buildingID": 10698, "county": "\u666e\u9640", "town": "\u771f\u5982\u9547", "circleNum": 2, "builtYear": "2001", "builtHeight": 16, "storeNum": 5, "floorArea": 541.085897623, "buildArea": 2705.42948811, "seiFort": "3", "keyFire": 0, "firehouseDist": 2, "pop": 541}