{"buildingID": 22699, "county": "\u666e\u9640", "town": "\u957f\u98ce\u65b0\u6751\u8857\u9053", "circleNum": 1, "builtYear": "1979-1985", "builtHeight": 25, "storeNum": 8, "floorArea": 1647.83065154, "buildArea": 13182.6452123, "seiFort": "2", "keyFire": 0, "firehouseDist": 2, "pop": 2636}