{"buildingID": 11772, "county": "\u666e\u9640", "town": "\u771f\u5982\u9547", "circleNum": 2, "builtYear": "1994", "builtHeight": 21, "storeNum": 7, "floorArea": 343.978188304, "buildArea": 2407.84731813, "seiFort": "2", "keyFire": 0, "firehouseDist": 2, "pop": 481}