{"buildingID": 1814, "county": "\u666e\u9640", "town": "\u6843\u6d66\u9547", "circleNum": 2, "builtYear": "1997", "builtHeight": 73, "storeNum": 24, "floorArea": 628.058665505, "buildArea": 15073.4079721, "seiFort": "2", "keyFire": 0, "firehouseDist": 2, "pop": 3014}