{"buildingID": 28694, "county": "\u666e\u9640", "town": "\u957f\u98ce\u65b0\u6751\u8857\u9053", "circleNum": 1, "builtYear": "pre1978", "builtHeight": 44, "storeNum": 14, "floorArea": 1042.34515079, "buildArea": 14592.8321111, "seiFort": "1", "keyFire": 0, "firehouseDist": 3, "pop": 583}