{"buildingID": 23846, "county": "\u666e\u9640", "town": "\u957f\u5f81\u9547", "circleNum": 2, "builtYear": "1979-1985", "builtHeight": 19, "storeNum": 6, "floorArea": 594.158587091, "buildArea": 3564.95152254, "seiFort": "2", "keyFire": 1, "firehouseDist": 2, "pop": 712}