{"buildingID": 15084, "county": "\u666e\u9640", "town": "\u771f\u5982\u9547", "circleNum": 2, "builtYear": "2009", "builtHeight": 24, "storeNum": 8, "floorArea": 335.978796039, "buildArea": 2687.83036831, "seiFort": "3", "keyFire": 0, "firehouseDist": 2, "pop": 537}