{"buildingID": 10356, "county": "\u666e\u9640", "town": "\u7518\u6cc9\u8def\u8857\u9053", "circleNum": 1, "builtYear": "1979-1985", "builtHeight": 57, "storeNum": 19, "floorArea": 136.481492572, "buildArea": 2593.14835888, "seiFort": "2", "keyFire": 1, "firehouseDist": 2, "pop": 103}