{"buildingID": 11035, "county": "\u666e\u9640", "town": "\u7518\u6cc9\u8def\u8857\u9053", "circleNum": 1, "builtYear": "1986", "builtHeight": 20, "storeNum": 6, "floorArea": 273.826964953, "buildArea": 1642.96178972, "seiFort": "2", "keyFire": 0, "firehouseDist": 2, "pop": 328}