{"buildingID": 16541, "county": "\u666e\u9640", "town": "\u771f\u5982\u9547", "circleNum": 1, "builtYear": "1999", "builtHeight": 11, "storeNum": 3, "floorArea": 530.463211718, "buildArea": 1591.38963515, "seiFort": "2", "keyFire": 0, "firehouseDist": 1, "pop": 318}