{"buildingID": 7768, "county": "\u666e\u9640", "town": "\u957f\u5f81\u9547", "circleNum": 1, "builtYear": "1979-1985", "builtHeight": 48, "storeNum": 16, "floorArea": 1013.66530385, "buildArea": 16218.6448615, "seiFort": "2", "keyFire": 0, "firehouseDist": 2, "pop": 3243}