{"buildingID": 4706, "county": "\u666e\u9640", "town": "\u6843\u6d66\u9547", "circleNum": 2, "builtYear": "2003", "builtHeight": 68, "storeNum": 22, "floorArea": 280.417500048, "buildArea": 6169.18500106, "seiFort": "3", "keyFire": 0, "firehouseDist": 2, "pop": 1233}