{"buildingID": 6203, "county": "\u666e\u9640", "town": "\u6843\u6d66\u9547", "circleNum": 2, "builtYear": "1979-1985", "builtHeight": 22, "storeNum": 7, "floorArea": 120.825067497, "buildArea": 845.77547248, "seiFort": "2", "keyFire": 0, "firehouseDist": 2, "pop": 28}