{"buildingID": 23733, "county": "\u666e\u9640", "town": "\u66f9\u6768\u65b0\u6751\u8857\u9053", "circleNum": 1, "builtYear": "1979-1985", "builtHeight": 13, "storeNum": 4, "floorArea": 2335.96966446, "buildArea": 9343.87865785, "seiFort": "2", "keyFire": 0, "firehouseDist": 2, "pop": 1868}