{"buildingID": 4926, "county": "\u666e\u9640", "town": "\u771f\u5982\u9547", "circleNum": 2, "builtYear": "1996", "builtHeight": 14, "storeNum": 4, "floorArea": 762.729999464, "buildArea": 3050.91999785, "seiFort": "2", "keyFire": 0, "firehouseDist": 1, "pop": 610}