{"buildingID": 26970, "county": "\u666e\u9640", "town": "\u957f\u98ce\u65b0\u6751\u8857\u9053", "circleNum": 1, "builtYear": "1995", "builtHeight": 11, "storeNum": 3, "floorArea": 816.729607792, "buildArea": 2450.18882338, "seiFort": "2", "keyFire": 0, "firehouseDist": 2, "pop": 490}