{"buildingID": 8757, "county": "\u666e\u9640", "town": "\u7518\u6cc9\u8def\u8857\u9053", "circleNum": 1, "builtYear": "1990", "builtHeight": 18, "storeNum": 6, "floorArea": 3620.40403222, "buildArea": 21722.4241933, "seiFort": "2", "keyFire": 0, "firehouseDist": 3, "pop": 4344}