{"buildingID": 12210, "county": "\u666e\u9640", "town": "\u77f3\u6cc9\u8def\u8857\u9053", "circleNum": 1, "builtYear": "pre1978", "builtHeight": 21, "storeNum": 7, "floorArea": 833.378044709, "buildArea": 5833.64631296, "seiFort": "1", "keyFire": 0, "firehouseDist": 2, "pop": 233}