{"buildingID": 4146, "county": "\u666e\u9640", "town": "\u6843\u6d66\u9547", "circleNum": 2, "builtYear": "2002", "builtHeight": 7, "storeNum": 2, "floorArea": 5028.40840615, "buildArea": 10056.8168123, "seiFort": "3", "keyFire": 0, "firehouseDist": 2, "pop": 2011}