{"buildingID": 4888, "county": "\u666e\u9640", "town": "\u6843\u6d66\u9547", "circleNum": 2, "builtYear": "1996", "builtHeight": 13, "storeNum": 4, "floorArea": 258.071198244, "buildArea": 1032.28479298, "seiFort": "2", "keyFire": 0, "firehouseDist": 2, "pop": 206}