{"buildingID": 1874, "county": "\u666e\u9640", "town": "\u6843\u6d66\u9547", "circleNum": 2, "builtYear": "1979-1985", "builtHeight": 3, "storeNum": 1, "floorArea": 52.7912389223, "buildArea": 52.7912389223, "seiFort": "2", "keyFire": 0, "firehouseDist": 1, "pop": 1}