{"buildingID": 7329, "county": "\u666e\u9640", "town": "\u957f\u5f81\u9547", "circleNum": 1, "builtYear": "1996", "builtHeight": 35, "storeNum": 11, "floorArea": 928.199158899, "buildArea": 10210.1907479, "seiFort": "2", "keyFire": 0, "firehouseDist": 1, "pop": 2042}