{"buildingID": 426, "county": "\u666e\u9640", "town": "\u6843\u6d66\u9547", "circleNum": 3, "builtYear": "2010", "builtHeight": 54, "storeNum": 18, "floorArea": 363.460867365, "buildArea": 6542.29561257, "seiFort": "3", "keyFire": 0, "firehouseDist": 3, "pop": 1308}