{"buildingID": 8641, "county": "\u666e\u9640", "town": "\u7518\u6cc9\u8def\u8857\u9053", "circleNum": 1, "builtYear": "1979-1985", "builtHeight": 13, "storeNum": 4, "floorArea": 724.084018955, "buildArea": 2896.33607582, "seiFort": "2", "keyFire": 0, "firehouseDist": 3, "pop": 579}