{"buildingID": 25238, "county": "\u666e\u9640", "town": "\u957f\u5f81\u9547", "circleNum": 1, "builtYear": "1996", "builtHeight": 17, "storeNum": 5, "floorArea": 1359.18704426, "buildArea": 6795.93522128, "seiFort": "2", "keyFire": 0, "firehouseDist": 2, "pop": 1359}