{"buildingID": 15293, "county": "\u666e\u9640", "town": "\u771f\u5982\u9547", "circleNum": 1, "builtYear": "2004", "builtHeight": 12, "storeNum": 4, "floorArea": 76.8304391577, "buildArea": 307.321756631, "seiFort": "3", "keyFire": 0, "firehouseDist": 2, "pop": 12}