{"buildingID": 4383, "county": "\u666e\u9640", "town": "\u6843\u6d66\u9547", "circleNum": 2, "builtYear": "2006", "builtHeight": 23, "storeNum": 7, "floorArea": 930.587415418, "buildArea": 6514.11190793, "seiFort": "3", "keyFire": 0, "firehouseDist": 2, "pop": 1302}