{"buildingID": 18848, "county": "\u666e\u9640", "town": "\u957f\u5f81\u9547", "circleNum": 2, "builtYear": "1979-1985", "builtHeight": 74, "storeNum": 24, "floorArea": 1619.55507531, "buildArea": 38869.3218075, "seiFort": "2", "keyFire": 0, "firehouseDist": 2, "pop": 7773}