{"buildingID": 4847, "county": "\u666e\u9640", "town": "\u6843\u6d66\u9547", "circleNum": 2, "builtYear": "2005", "builtHeight": 13, "storeNum": 4, "floorArea": 313.917407602, "buildArea": 1255.66963041, "seiFort": "3", "keyFire": 0, "firehouseDist": 2, "pop": 251}