{"buildingID": 4215, "county": "\u666e\u9640", "town": "\u6843\u6d66\u9547", "circleNum": 2, "builtYear": "1997", "builtHeight": 8, "storeNum": 2, "floorArea": 13614.5584436, "buildArea": 27229.1168873, "seiFort": "2", "keyFire": 0, "firehouseDist": 2, "pop": 5445}