{"buildingID": 10095, "county": "\u666e\u9640", "town": "\u771f\u5982\u9547", "circleNum": 2, "builtYear": "1979-1985", "builtHeight": 15, "storeNum": 5, "floorArea": 879.634954109, "buildArea": 4398.17477054, "seiFort": "2", "keyFire": 0, "firehouseDist": 2, "pop": 879}