{"buildingID": 14631, "county": "\u666e\u9640", "town": "\u771f\u5982\u9547", "circleNum": 1, "builtYear": "2016", "builtHeight": 6, "storeNum": 2, "floorArea": 321.637710116, "buildArea": 643.275420232, "seiFort": "3", "keyFire": 0, "firehouseDist": 2, "pop": 128}