{"buildingID": 14052, "county": "\u666e\u9640", "town": "\u771f\u5982\u9547", "circleNum": 1, "builtYear": "1989", "builtHeight": 29, "storeNum": 9, "floorArea": 79.8267463637, "buildArea": 718.440717273, "seiFort": "2", "keyFire": 0, "firehouseDist": 2, "pop": 28}