{"buildingID": 13680, "county": "\u666e\u9640", "town": "\u771f\u5982\u9547", "circleNum": 2, "builtYear": "1995", "builtHeight": 13, "storeNum": 4, "floorArea": 783.770048934, "buildArea": 3135.08019574, "seiFort": "2", "keyFire": 0, "firehouseDist": 2, "pop": 627}