{"buildingID": 15915, "county": "\u666e\u9640", "town": "\u771f\u5982\u9547", "circleNum": 1, "builtYear": "1998", "builtHeight": 35, "storeNum": 11, "floorArea": 798.076850968, "buildArea": 8778.84536065, "seiFort": "2", "keyFire": 0, "firehouseDist": 1, "pop": 1755}