{"buildingID": 20414, "county": "\u666e\u9640", "town": "\u771f\u5982\u9547", "circleNum": 1, "builtYear": "1987", "builtHeight": 11, "storeNum": 3, "floorArea": 1052.82349689, "buildArea": 3158.47049067, "seiFort": "2", "keyFire": 0, "firehouseDist": 1, "pop": 631}