{"buildingID": 13322, "county": "\u666e\u9640", "town": "\u771f\u5982\u9547", "circleNum": 1, "builtYear": "1989", "builtHeight": 62, "storeNum": 20, "floorArea": 117.792690679, "buildArea": 2355.85381357, "seiFort": "2", "keyFire": 0, "firehouseDist": 2, "pop": 94}