{"buildingID": 20485, "county": "\u666e\u9640", "town": "\u771f\u5982\u9547", "circleNum": 1, "builtYear": "pre1978", "builtHeight": 16, "storeNum": 5, "floorArea": 802.076942925, "buildArea": 4010.38471463, "seiFort": "1", "keyFire": 0, "firehouseDist": 1, "pop": 160}