{"buildingID": 15345, "county": "\u666e\u9640", "town": "\u771f\u5982\u9547", "circleNum": 1, "builtYear": "1979-1985", "builtHeight": 24, "storeNum": 8, "floorArea": 462.20952222, "buildArea": 3697.67617776, "seiFort": "2", "keyFire": 0, "firehouseDist": 2, "pop": 739}