{"buildingID": 11048, "county": "\u666e\u9640", "town": "\u7518\u6cc9\u8def\u8857\u9053", "circleNum": 1, "builtYear": "pre1978", "builtHeight": 72, "storeNum": 24, "floorArea": 823.73721974, "buildArea": 19769.6932738, "seiFort": "1", "keyFire": 0, "firehouseDist": 2, "pop": 790}