{"buildingID": 10077, "county": "\u666e\u9640", "town": "\u771f\u5982\u9547", "circleNum": 2, "builtYear": "1999", "builtHeight": 18, "storeNum": 6, "floorArea": 488.937305345, "buildArea": 2933.62383207, "seiFort": "2", "keyFire": 0, "firehouseDist": 2, "pop": 586}