{"buildingID": 15181, "county": "\u666e\u9640", "town": "\u771f\u5982\u9547", "circleNum": 1, "builtYear": "1979-1985", "builtHeight": 8, "storeNum": 2, "floorArea": 24.0582947785, "buildArea": 48.116589557, "seiFort": "2", "keyFire": 0, "firehouseDist": 2, "pop": 1}