{"buildingID": 27723, "county": "\u666e\u9640", "town": "\u957f\u98ce\u65b0\u6751\u8857\u9053", "circleNum": 1, "builtYear": "1997", "builtHeight": 9, "storeNum": 3, "floorArea": 765.212800604, "buildArea": 2295.63840181, "seiFort": "2", "keyFire": 0, "firehouseDist": 2, "pop": 459}