{"buildingID": 11840, "county": "\u666e\u9640", "town": "\u771f\u5982\u9547", "circleNum": 1, "builtYear": "1997", "builtHeight": 39, "storeNum": 13, "floorArea": 297.486129828, "buildArea": 3867.31968776, "seiFort": "2", "keyFire": 0, "firehouseDist": 2, "pop": 773}