{"buildingID": 15624, "county": "\u666e\u9640", "town": "\u5b9c\u5ddd\u8def\u8857\u9053", "circleNum": 0, "builtYear": "1979-1985", "builtHeight": 6, "storeNum": 2, "floorArea": 538.847067027, "buildArea": 1077.69413405, "seiFort": "2", "keyFire": 0, "firehouseDist": 1, "pop": 215}