{"buildingID": 11140, "county": "\u666e\u9640", "town": "\u7518\u6cc9\u8def\u8857\u9053", "circleNum": 1, "builtYear": "pre1978", "builtHeight": 11, "storeNum": 3, "floorArea": 236.944480941, "buildArea": 710.833442824, "seiFort": "1", "keyFire": 0, "firehouseDist": 2, "pop": 28}