{"buildingID": 23226, "county": "\u666e\u9640", "town": "\u957f\u5bff\u8def\u8857\u9053", "circleNum": 0, "builtYear": "pre1978", "builtHeight": 91, "storeNum": 30, "floorArea": 725.404853245, "buildArea": 21762.1455973, "seiFort": "1", "keyFire": 0, "firehouseDist": 1, "pop": 1088}