{"buildingID": 4904, "county": "\u666e\u9640", "town": "\u6843\u6d66\u9547", "circleNum": 2, "builtYear": "2007", "builtHeight": 84, "storeNum": 28, "floorArea": 73.7193016743, "buildArea": 2064.14044688, "seiFort": "3", "keyFire": 0, "firehouseDist": 2, "pop": 68}