{"buildingID": 7525, "county": "\u666e\u9640", "town": "\u957f\u5f81\u9547", "circleNum": 1, "builtYear": "1991", "builtHeight": 62, "storeNum": 20, "floorArea": 1963.20561001, "buildArea": 39264.1122003, "seiFort": "2", "keyFire": 1, "firehouseDist": 2, "pop": 7852}