{"buildingID": 5495, "county": "\u666e\u9640", "town": "\u6843\u6d66\u9547", "circleNum": 2, "builtYear": "2004", "builtHeight": 19, "storeNum": 6, "floorArea": 767.642201348, "buildArea": 4605.85320809, "seiFort": "3", "keyFire": 0, "firehouseDist": 1, "pop": 921}