{"buildingID": 10696, "county": "\u666e\u9640", "town": "\u771f\u5982\u9547", "circleNum": 2, "builtYear": "2004", "builtHeight": 8, "storeNum": 2, "floorArea": 1488.90100366, "buildArea": 2977.80200733, "seiFort": "3", "keyFire": 0, "firehouseDist": 2, "pop": 595}