{"buildingID": 11692, "county": "\u666e\u9640", "town": "\u771f\u5982\u9547", "circleNum": 2, "builtYear": "2015", "builtHeight": 33, "storeNum": 11, "floorArea": 46.5477233598, "buildArea": 512.024956958, "seiFort": "3", "keyFire": 0, "firehouseDist": 2, "pop": 17}