{"buildingID": 12459, "county": "\u666e\u9640", "town": "\u771f\u5982\u9547", "circleNum": 1, "builtYear": "1979-1985", "builtHeight": 52, "storeNum": 17, "floorArea": 780.76196939, "buildArea": 13272.9534796, "seiFort": "2", "keyFire": 0, "firehouseDist": 2, "pop": 2654}