{"buildingID": 26533, "county": "\u666e\u9640", "town": "\u957f\u98ce\u65b0\u6751\u8857\u9053", "circleNum": 0, "builtYear": "pre1978", "builtHeight": 69, "storeNum": 23, "floorArea": 260.283940679, "buildArea": 5986.53063562, "seiFort": "1", "keyFire": 0, "firehouseDist": 1, "pop": 299}