{"buildingID": 7839, "county": "\u666e\u9640", "town": "\u7518\u6cc9\u8def\u8857\u9053", "circleNum": 1, "builtYear": "1979-1985", "builtHeight": 20, "storeNum": 6, "floorArea": 526.308638094, "buildArea": 3157.85182857, "seiFort": "2", "keyFire": 0, "firehouseDist": 3, "pop": 631}