{"buildingID": 10256, "county": "\u666e\u9640", "town": "\u771f\u5982\u9547", "circleNum": 2, "builtYear": "2017", "builtHeight": 48, "storeNum": 16, "floorArea": 193.211671868, "buildArea": 3091.38674988, "seiFort": "3", "keyFire": 0, "firehouseDist": 2, "pop": 618}