{"buildingID": 10112, "county": "\u666e\u9640", "town": "\u771f\u5982\u9547", "circleNum": 2, "builtYear": "2001", "builtHeight": 19, "storeNum": 6, "floorArea": 995.343790346, "buildArea": 5972.06274208, "seiFort": "3", "keyFire": 0, "firehouseDist": 2, "pop": 1194}