{"buildingID": 6235, "county": "\u666e\u9640", "town": "\u6843\u6d66\u9547", "circleNum": 2, "builtYear": "1979-1985", "builtHeight": 61, "storeNum": 20, "floorArea": 320.927226349, "buildArea": 6418.54452697, "seiFort": "2", "keyFire": 0, "firehouseDist": 2, "pop": 1283}