{"buildingID": 13965, "county": "\u666e\u9640", "town": "\u771f\u5982\u9547", "circleNum": 2, "builtYear": "1994", "builtHeight": 25, "storeNum": 8, "floorArea": 314.252908332, "buildArea": 2514.02326665, "seiFort": "2", "keyFire": 0, "firehouseDist": 1, "pop": 502}