{"buildingID": 11837, "county": "\u666e\u9640", "town": "\u771f\u5982\u9547", "circleNum": 1, "builtYear": "1989", "builtHeight": 43, "storeNum": 14, "floorArea": 28.1408528222, "buildArea": 393.971939511, "seiFort": "2", "keyFire": 0, "firehouseDist": 2, "pop": 15}