{"buildingID": 22645, "county": "\u666e\u9640", "town": "\u66f9\u6768\u65b0\u6751\u8857\u9053", "circleNum": 1, "builtYear": "pre1978", "builtHeight": 70, "storeNum": 23, "floorArea": 83.9019461058, "buildArea": 1929.74476043, "seiFort": "1", "keyFire": 0, "firehouseDist": 1, "pop": 77}