{"buildingID": 27897, "county": "\u666e\u9640", "town": "\u957f\u98ce\u65b0\u6751\u8857\u9053", "circleNum": 1, "builtYear": "pre1978", "builtHeight": 14, "storeNum": 4, "floorArea": 940.937018712, "buildArea": 3763.74807485, "seiFort": "1", "keyFire": 0, "firehouseDist": 2, "pop": 150}