{"buildingID": 27244, "county": "\u666e\u9640", "town": "\u957f\u98ce\u65b0\u6751\u8857\u9053", "circleNum": 0, "builtYear": "1979-1985", "builtHeight": 3, "storeNum": 1, "floorArea": 300.47932422, "buildArea": 300.47932422, "seiFort": "2", "keyFire": 0, "firehouseDist": 2, "pop": 60}