{"buildingID": 5895, "county": "\u666e\u9640", "town": "\u6843\u6d66\u9547", "circleNum": 2, "builtYear": "1999", "builtHeight": 12, "storeNum": 4, "floorArea": 220.630915162, "buildArea": 882.523660646, "seiFort": "2", "keyFire": 0, "firehouseDist": 1, "pop": 176}