{"buildingID": 26197, "county": "\u666e\u9640", "town": "\u66f9\u6768\u65b0\u6751\u8857\u9053", "circleNum": 1, "builtYear": "1979-1985", "builtHeight": 14, "storeNum": 4, "floorArea": 1155.72174393, "buildArea": 4622.88697572, "seiFort": "2", "keyFire": 0, "firehouseDist": 2, "pop": 924}