{"buildingID": 19937, "county": "\u666e\u9640", "town": "\u957f\u98ce\u65b0\u6751\u8857\u9053", "circleNum": 0, "builtYear": "pre1978", "builtHeight": 14, "storeNum": 4, "floorArea": 724.009516124, "buildArea": 2896.0380645, "seiFort": "1", "keyFire": 0, "firehouseDist": 1, "pop": 144}