{"buildingID": 4806, "county": "\u666e\u9640", "town": "\u6843\u6d66\u9547", "circleNum": 2, "builtYear": "1997", "builtHeight": 76, "storeNum": 25, "floorArea": 53.7356484221, "buildArea": 1343.39121055, "seiFort": "2", "keyFire": 0, "firehouseDist": 2, "pop": 44}