{"buildingID": 28079, "county": "\u666e\u9640", "town": "\u957f\u98ce\u65b0\u6751\u8857\u9053", "circleNum": 0, "builtYear": "pre1978", "builtHeight": 15, "storeNum": 5, "floorArea": 371.798390947, "buildArea": 1858.99195474, "seiFort": "1", "keyFire": 0, "firehouseDist": 2, "pop": 92}