{"buildingID": 4835, "county": "\u666e\u9640", "town": "\u6843\u6d66\u9547", "circleNum": 2, "builtYear": "1996", "builtHeight": 63, "storeNum": 21, "floorArea": 630.493409466, "buildArea": 13240.3615988, "seiFort": "2", "keyFire": 0, "firehouseDist": 2, "pop": 2648}