{"buildingID": 6393, "county": "\u666e\u9640", "town": "\u6843\u6d66\u9547", "circleNum": 2, "builtYear": "2009", "builtHeight": 39, "storeNum": 13, "floorArea": 506.33888984, "buildArea": 6582.40556793, "seiFort": "3", "keyFire": 0, "firehouseDist": 2, "pop": 1316}