{"buildingID": 18173, "county": "\u666e\u9640", "town": "\u957f\u5f81\u9547", "circleNum": 2, "builtYear": "1979-1985", "builtHeight": 19, "storeNum": 6, "floorArea": 696.333577106, "buildArea": 4178.00146264, "seiFort": "2", "keyFire": 0, "firehouseDist": 2, "pop": 835}