{"buildingID": 6520, "county": "\u666e\u9640", "town": "\u6843\u6d66\u9547", "circleNum": 2, "builtYear": "1995", "builtHeight": 11, "storeNum": 3, "floorArea": 303.462180686, "buildArea": 910.386542059, "seiFort": "2", "keyFire": 0, "firehouseDist": 1, "pop": 182}