{"buildingID": 14855, "county": "\u666e\u9640", "town": "\u5b9c\u5ddd\u8def\u8857\u9053", "circleNum": 1, "builtYear": "1979-1985", "builtHeight": 24, "storeNum": 8, "floorArea": 1602.8396279, "buildArea": 12822.7170232, "seiFort": "2", "keyFire": 1, "firehouseDist": 1, "pop": 2564}