{"buildingID": 16100, "county": "\u666e\u9640", "town": "\u77f3\u6cc9\u8def\u8857\u9053", "circleNum": 1, "builtYear": "1993", "builtHeight": 6, "storeNum": 2, "floorArea": 648.358628228, "buildArea": 1296.71725646, "seiFort": "2", "keyFire": 0, "firehouseDist": 2, "pop": 259}