{"buildingID": 3666, "county": "\u666e\u9640", "town": "\u6843\u6d66\u9547", "circleNum": 2, "builtYear": "1979-1985", "builtHeight": 22, "storeNum": 7, "floorArea": 783.214307936, "buildArea": 5482.50015555, "seiFort": "2", "keyFire": 0, "firehouseDist": 2, "pop": 1096}