{"buildingID": 19947, "county": "\u666e\u9640", "town": "\u957f\u98ce\u65b0\u6751\u8857\u9053", "circleNum": 1, "builtYear": "1986", "builtHeight": 18, "storeNum": 6, "floorArea": 83.3142456239, "buildArea": 499.885473743, "seiFort": "2", "keyFire": 0, "firehouseDist": 2, "pop": 19}