{"buildingID": 9605, "county": "\u666e\u9640", "town": "\u7518\u6cc9\u8def\u8857\u9053", "circleNum": 1, "builtYear": "1989", "builtHeight": 22, "storeNum": 7, "floorArea": 989.810718685, "buildArea": 6928.6750308, "seiFort": "2", "keyFire": 0, "firehouseDist": 3, "pop": 1385}