{"buildingID": 6026, "county": "\u666e\u9640", "town": "\u6843\u6d66\u9547", "circleNum": 2, "builtYear": "1987", "builtHeight": 6, "storeNum": 2, "floorArea": 5341.30944115, "buildArea": 10682.6188823, "seiFort": "2", "keyFire": 0, "firehouseDist": 2, "pop": 2136}