{"buildingID": 3129, "county": "\u666e\u9640", "town": "\u6843\u6d66\u9547", "circleNum": 3, "builtYear": "1988", "builtHeight": 18, "storeNum": 6, "floorArea": 297.344047059, "buildArea": 1784.06428235, "seiFort": "2", "keyFire": 0, "firehouseDist": 3, "pop": 356}