{"buildingID": 27013, "county": "\u666e\u9640", "town": "\u957f\u98ce\u65b0\u6751\u8857\u9053", "circleNum": 0, "builtYear": "pre1978", "builtHeight": 47, "storeNum": 15, "floorArea": 1566.42936169, "buildArea": 23496.4404254, "seiFort": "1", "keyFire": 0, "firehouseDist": 1, "pop": 1174}