{"buildingID": 15365, "county": "\u666e\u9640", "town": "\u771f\u5982\u9547", "circleNum": 1, "builtYear": "1979-1985", "builtHeight": 13, "storeNum": 4, "floorArea": 499.839364161, "buildArea": 1999.35745665, "seiFort": "2", "keyFire": 0, "firehouseDist": 2, "pop": 399}