{"buildingID": 1826, "county": "\u666e\u9640", "town": "\u6843\u6d66\u9547", "circleNum": 2, "builtYear": "1998", "builtHeight": 15, "storeNum": 5, "floorArea": 528.691908846, "buildArea": 2643.45954423, "seiFort": "2", "keyFire": 0, "firehouseDist": 2, "pop": 528}