{"buildingID": 23274, "county": "\u666e\u9640", "town": "\u957f\u5f81\u9547", "circleNum": 2, "builtYear": "1994", "builtHeight": 45, "storeNum": 15, "floorArea": 412.329693131, "buildArea": 6184.94539697, "seiFort": "2", "keyFire": 0, "firehouseDist": 2, "pop": 1236}