{"buildingID": 19935, "county": "\u666e\u9640", "town": "\u957f\u98ce\u65b0\u6751\u8857\u9053", "circleNum": 0, "builtYear": "pre1978", "builtHeight": 19, "storeNum": 6, "floorArea": 847.084550304, "buildArea": 5082.50730182, "seiFort": "1", "keyFire": 0, "firehouseDist": 1, "pop": 254}