{"buildingID": 6633, "county": "\u666e\u9640", "town": "\u6843\u6d66\u9547", "circleNum": 2, "builtYear": "1991", "builtHeight": 39, "storeNum": 13, "floorArea": 600.37484086, "buildArea": 7804.87293119, "seiFort": "2", "keyFire": 0, "firehouseDist": 2, "pop": 1560}