{"buildingID": 1139, "county": "\u666e\u9640", "town": "\u6843\u6d66\u9547", "circleNum": 3, "builtYear": "2000", "builtHeight": 6, "storeNum": 2, "floorArea": 4875.52972387, "buildArea": 9751.05944774, "seiFort": "3", "keyFire": 0, "firehouseDist": 4, "pop": 1950}