{"buildingID": 13917, "county": "\u666e\u9640", "town": "\u771f\u5982\u9547", "circleNum": 1, "builtYear": "1988", "builtHeight": 16, "storeNum": 5, "floorArea": 320.234339549, "buildArea": 1601.17169774, "seiFort": "2", "keyFire": 0, "firehouseDist": 2, "pop": 320}