{"buildingID": 25716, "county": "\u666e\u9640", "town": "\u957f\u5bff\u8def\u8857\u9053", "circleNum": 0, "builtYear": "1987", "builtHeight": 99, "storeNum": 33, "floorArea": 619.826669989, "buildArea": 20454.2801096, "seiFort": "2", "keyFire": 0, "firehouseDist": 1, "pop": 4090}