{"buildingID": 13470, "county": "\u666e\u9640", "town": "\u771f\u5982\u9547", "circleNum": 1, "builtYear": "1992", "builtHeight": 12, "storeNum": 4, "floorArea": 195.437075141, "buildArea": 781.748300563, "seiFort": "2", "keyFire": 1, "firehouseDist": 2, "pop": 156}