{"buildingID": 7652, "county": "\u666e\u9640", "town": "\u957f\u5f81\u9547", "circleNum": 1, "builtYear": "1988", "builtHeight": 73, "storeNum": 24, "floorArea": 424.704332383, "buildArea": 10192.9039772, "seiFort": "2", "keyFire": 0, "firehouseDist": 1, "pop": 2038}