{"buildingID": 13977, "county": "\u666e\u9640", "town": "\u771f\u5982\u9547", "circleNum": 2, "builtYear": "1994", "builtHeight": 19, "storeNum": 6, "floorArea": 1085.62907262, "buildArea": 6513.77443574, "seiFort": "2", "keyFire": 0, "firehouseDist": 1, "pop": 1302}