{"buildingID": 2696, "county": "\u666e\u9640", "town": "\u6843\u6d66\u9547", "circleNum": 3, "builtYear": "1994", "builtHeight": 18, "storeNum": 6, "floorArea": 497.388406388, "buildArea": 2984.33043833, "seiFort": "2", "keyFire": 0, "firehouseDist": 4, "pop": 596}