{"buildingID": 14124, "county": "\u666e\u9640", "town": "\u77f3\u6cc9\u8def\u8857\u9053", "circleNum": 1, "builtYear": "1986", "builtHeight": 7, "storeNum": 2, "floorArea": 326.704977864, "buildArea": 653.409955728, "seiFort": "2", "keyFire": 0, "firehouseDist": 2, "pop": 130}