{"buildingID": 3279, "county": "\u666e\u9640", "town": "\u6843\u6d66\u9547", "circleNum": 2, "builtYear": "1991", "builtHeight": 27, "storeNum": 9, "floorArea": 2086.44882862, "buildArea": 18778.0394576, "seiFort": "2", "keyFire": 0, "firehouseDist": 1, "pop": 3755}