{"buildingID": 18120, "county": "\u666e\u9640", "town": "\u957f\u5f81\u9547", "circleNum": 2, "builtYear": "1979-1985", "builtHeight": 21, "storeNum": 7, "floorArea": 1275.508792, "buildArea": 8928.56154399, "seiFort": "2", "keyFire": 0, "firehouseDist": 2, "pop": 1785}