{"buildingID": 18685, "county": "\u666e\u9640", "town": "\u957f\u5f81\u9547", "circleNum": 2, "builtYear": "1994", "builtHeight": 26, "storeNum": 8, "floorArea": 1179.90934369, "buildArea": 9439.27474949, "seiFort": "2", "keyFire": 1, "firehouseDist": 2, "pop": 1887}