{"buildingID": 19042, "county": "\u666e\u9640", "town": "\u957f\u5f81\u9547", "circleNum": 2, "builtYear": "1997", "builtHeight": 56, "storeNum": 18, "floorArea": 334.388314702, "buildArea": 6018.98966464, "seiFort": "2", "keyFire": 0, "firehouseDist": 3, "pop": 1203}