{"buildingID": 22509, "county": "\u666e\u9640", "town": "\u957f\u5bff\u8def\u8857\u9053", "circleNum": 0, "builtYear": "pre1978", "builtHeight": 80, "storeNum": 26, "floorArea": 968.623922634, "buildArea": 25184.2219885, "seiFort": "1", "keyFire": 0, "firehouseDist": 1, "pop": 1259}