{"buildingID": 5853, "county": "\u666e\u9640", "town": "\u6843\u6d66\u9547", "circleNum": 2, "builtYear": "2005", "builtHeight": 10, "storeNum": 3, "floorArea": 276.112288725, "buildArea": 828.336866174, "seiFort": "3", "keyFire": 0, "firehouseDist": 1, "pop": 165}