{"buildingID": 4254, "county": "\u666e\u9640", "town": "\u6843\u6d66\u9547", "circleNum": 2, "builtYear": "2007", "builtHeight": 10, "storeNum": 3, "floorArea": 525.282150113, "buildArea": 1575.84645034, "seiFort": "3", "keyFire": 0, "firehouseDist": 2, "pop": 315}