{"buildingID": 26791, "county": "\u666e\u9640", "town": "\u957f\u98ce\u65b0\u6751\u8857\u9053", "circleNum": 0, "builtYear": "pre1978", "builtHeight": 39, "storeNum": 13, "floorArea": 587.922114346, "buildArea": 7642.98748649, "seiFort": "1", "keyFire": 0, "firehouseDist": 2, "pop": 382}