{"buildingID": 15361, "county": "\u666e\u9640", "town": "\u771f\u5982\u9547", "circleNum": 1, "builtYear": "pre1978", "builtHeight": 16, "storeNum": 5, "floorArea": 965.633182192, "buildArea": 4828.16591096, "seiFort": "1", "keyFire": 0, "firehouseDist": 2, "pop": 193}