{"buildingID": 9208, "county": "\u666e\u9640", "town": "\u6843\u6d66\u9547", "circleNum": 2, "builtYear": "1994", "builtHeight": 18, "storeNum": 6, "floorArea": 412.174815156, "buildArea": 2473.04889094, "seiFort": "2", "keyFire": 0, "firehouseDist": 2, "pop": 494}