{"buildingID": 27680, "county": "\u666e\u9640", "town": "\u957f\u98ce\u65b0\u6751\u8857\u9053", "circleNum": 1, "builtYear": "pre1978", "builtHeight": 18, "storeNum": 6, "floorArea": 2033.6217401, "buildArea": 12201.7304406, "seiFort": "1", "keyFire": 0, "firehouseDist": 3, "pop": 488}