{"buildingID": 13307, "county": "\u666e\u9640", "town": "\u771f\u5982\u9547", "circleNum": 2, "builtYear": "1994", "builtHeight": 13, "storeNum": 4, "floorArea": 827.861861494, "buildArea": 3311.44744598, "seiFort": "2", "keyFire": 0, "firehouseDist": 2, "pop": 662}