{"buildingID": 28943, "county": "\u666e\u9640", "town": "\u957f\u98ce\u65b0\u6751\u8857\u9053", "circleNum": 1, "builtYear": "pre1978", "builtHeight": 54, "storeNum": 18, "floorArea": 2264.72965392, "buildArea": 40765.1337706, "seiFort": "1", "keyFire": 0, "firehouseDist": 4, "pop": 1630}