{"buildingID": 11291, "county": "\u666e\u9640", "town": "\u771f\u5982\u9547", "circleNum": 2, "builtYear": "2001", "builtHeight": 17, "storeNum": 5, "floorArea": 522.806358919, "buildArea": 2614.03179459, "seiFort": "3", "keyFire": 0, "firehouseDist": 2, "pop": 522}