{"buildingID": 16312, "county": "\u666e\u9640", "town": "\u5b9c\u5ddd\u8def\u8857\u9053", "circleNum": 0, "builtYear": "1986", "builtHeight": 98, "storeNum": 32, "floorArea": 702.138410838, "buildArea": 22468.4291468, "seiFort": "2", "keyFire": 0, "firehouseDist": 1, "pop": 4493}