{"buildingID": 3232, "county": "\u666e\u9640", "town": "\u6843\u6d66\u9547", "circleNum": 2, "builtYear": "1989", "builtHeight": 16, "storeNum": 5, "floorArea": 807.078288428, "buildArea": 4035.39144214, "seiFort": "2", "keyFire": 0, "firehouseDist": 2, "pop": 807}