{"buildingID": 3254, "county": "\u666e\u9640", "town": "\u6843\u6d66\u9547", "circleNum": 2, "builtYear": "1996", "builtHeight": 11, "storeNum": 3, "floorArea": 1436.77143516, "buildArea": 4310.31430548, "seiFort": "2", "keyFire": 0, "firehouseDist": 2, "pop": 862}