{"buildingID": 20374, "county": "\u666e\u9640", "town": "\u771f\u5982\u9547", "circleNum": 1, "builtYear": "1979-1985", "builtHeight": 16, "storeNum": 5, "floorArea": 444.469324464, "buildArea": 2222.34662232, "seiFort": "2", "keyFire": 0, "firehouseDist": 2, "pop": 444}