{"buildingID": 28650, "county": "\u666e\u9640", "town": "\u957f\u98ce\u65b0\u6751\u8857\u9053", "circleNum": 1, "builtYear": "2016", "builtHeight": 6, "storeNum": 2, "floorArea": 70.259725254, "buildArea": 140.519450508, "seiFort": "3", "keyFire": 0, "firehouseDist": 3, "pop": 5}