{"buildingID": 12470, "county": "\u666e\u9640", "town": "\u771f\u5982\u9547", "circleNum": 1, "builtYear": "pre1978", "builtHeight": 64, "storeNum": 21, "floorArea": 97.4525739613, "buildArea": 2046.50405319, "seiFort": "1", "keyFire": 0, "firehouseDist": 2, "pop": 81}