{"buildingID": 7035, "county": "\u666e\u9640", "town": "\u6843\u6d66\u9547", "circleNum": 2, "builtYear": "1996", "builtHeight": 12, "storeNum": 4, "floorArea": 180.165204025, "buildArea": 720.660816101, "seiFort": "2", "keyFire": 0, "firehouseDist": 1, "pop": 144}