{"buildingID": 21486, "county": "\u666e\u9640", "town": "\u77f3\u6cc9\u8def\u8857\u9053", "circleNum": 1, "builtYear": "pre1978", "builtHeight": 72, "storeNum": 24, "floorArea": 266.369850115, "buildArea": 6392.87640277, "seiFort": "1", "keyFire": 1, "firehouseDist": 1, "pop": 255}