{"buildingID": 13024, "county": "\u666e\u9640", "town": "\u77f3\u6cc9\u8def\u8857\u9053", "circleNum": 1, "builtYear": "1989", "builtHeight": 8, "storeNum": 2, "floorArea": 426.040447558, "buildArea": 852.080895115, "seiFort": "2", "keyFire": 0, "firehouseDist": 2, "pop": 170}