{"buildingID": 11574, "county": "\u666e\u9640", "town": "\u7518\u6cc9\u8def\u8857\u9053", "circleNum": 1, "builtYear": "pre1978", "builtHeight": 21, "storeNum": 7, "floorArea": 629.13059419, "buildArea": 4403.91415933, "seiFort": "1", "keyFire": 0, "firehouseDist": 2, "pop": 176}