{"buildingID": 28002, "county": "\u666e\u9640", "town": "\u957f\u98ce\u65b0\u6751\u8857\u9053", "circleNum": 0, "builtYear": "1997", "builtHeight": 105, "storeNum": 35, "floorArea": 1134.07237937, "buildArea": 39692.5332779, "seiFort": "2", "keyFire": 0, "firehouseDist": 2, "pop": 7938}