{"buildingID": 8396, "county": "\u666e\u9640", "town": "\u7518\u6cc9\u8def\u8857\u9053", "circleNum": 1, "builtYear": "pre1978", "builtHeight": 22, "storeNum": 7, "floorArea": 1058.57762352, "buildArea": 7410.04336466, "seiFort": "1", "keyFire": 0, "firehouseDist": 3, "pop": 296}