{"buildingID": 2049, "county": "\u666e\u9640", "town": "\u6843\u6d66\u9547", "circleNum": 2, "builtYear": "1989", "builtHeight": 11, "storeNum": 3, "floorArea": 720.800009982, "buildArea": 2162.40002995, "seiFort": "2", "keyFire": 0, "firehouseDist": 1, "pop": 432}