{"buildingID": 25388, "county": "\u666e\u9640", "town": "\u957f\u5f81\u9547", "circleNum": 1, "builtYear": "1979-1985", "builtHeight": 15, "storeNum": 5, "floorArea": 259.680116231, "buildArea": 1298.40058116, "seiFort": "2", "keyFire": 0, "firehouseDist": 2, "pop": 259}