{"buildingID": 18673, "county": "\u666e\u9640", "town": "\u957f\u98ce\u65b0\u6751\u8857\u9053", "circleNum": 1, "builtYear": "pre1978", "builtHeight": 9, "storeNum": 3, "floorArea": 422.965066808, "buildArea": 1268.89520043, "seiFort": "1", "keyFire": 0, "firehouseDist": 4, "pop": 50}