{"buildingID": 14605, "county": "\u666e\u9640", "town": "\u771f\u5982\u9547", "circleNum": 1, "builtYear": "1994", "builtHeight": 11, "storeNum": 3, "floorArea": 345.858633653, "buildArea": 1037.57590096, "seiFort": "2", "keyFire": 0, "firehouseDist": 2, "pop": 207}