{"buildingID": 10089, "county": "\u666e\u9640", "town": "\u771f\u5982\u9547", "circleNum": 2, "builtYear": "1996", "builtHeight": 6, "storeNum": 2, "floorArea": 481.289378401, "buildArea": 962.578756803, "seiFort": "2", "keyFire": 0, "firehouseDist": 2, "pop": 192}