{"buildingID": 16648, "county": "\u666e\u9640", "town": "\u957f\u5bff\u8def\u8857\u9053", "circleNum": 0, "builtYear": "pre1978", "builtHeight": 107, "storeNum": 35, "floorArea": 1453.60948491, "buildArea": 50876.3319718, "seiFort": "1", "keyFire": 0, "firehouseDist": 1, "pop": 10175}