{"buildingID": 18569, "county": "\u666e\u9640", "town": "\u957f\u5f81\u9547", "circleNum": 2, "builtYear": "2010", "builtHeight": 37, "storeNum": 12, "floorArea": 913.541871034, "buildArea": 10962.5024524, "seiFort": "3", "keyFire": 0, "firehouseDist": 3, "pop": 2192}