{"buildingID": 25370, "county": "\u666e\u9640", "town": "\u66f9\u6768\u65b0\u6751\u8857\u9053", "circleNum": 1, "builtYear": "1979-1985", "builtHeight": 14, "storeNum": 4, "floorArea": 2083.25812663, "buildArea": 8333.03250652, "seiFort": "2", "keyFire": 0, "firehouseDist": 1, "pop": 1666}