{"buildingID": 13379, "county": "\u666e\u9640", "town": "\u771f\u5982\u9547", "circleNum": 1, "builtYear": "1994", "builtHeight": 14, "storeNum": 4, "floorArea": 1022.9482575, "buildArea": 4091.79302999, "seiFort": "2", "keyFire": 0, "firehouseDist": 2, "pop": 818}