{"buildingID": 25864, "county": "\u666e\u9640", "town": "\u66f9\u6768\u65b0\u6751\u8857\u9053", "circleNum": 1, "builtYear": "pre1978", "builtHeight": 12, "storeNum": 4, "floorArea": 786.661227186, "buildArea": 3146.64490874, "seiFort": "1", "keyFire": 0, "firehouseDist": 2, "pop": 125}