{"buildingID": 21359, "county": "\u666e\u9640", "town": "\u771f\u5982\u9547", "circleNum": 1, "builtYear": "1987", "builtHeight": 20, "storeNum": 6, "floorArea": 3944.94927589, "buildArea": 23669.6956553, "seiFort": "2", "keyFire": 0, "firehouseDist": 1, "pop": 4733}