{"buildingID": 5038, "county": "\u666e\u9640", "town": "\u6843\u6d66\u9547", "circleNum": 2, "builtYear": "1995", "builtHeight": 18, "storeNum": 6, "floorArea": 557.724347214, "buildArea": 3346.34608329, "seiFort": "2", "keyFire": 0, "firehouseDist": 2, "pop": 669}