{"buildingID": 27028, "county": "\u666e\u9640", "town": "\u957f\u98ce\u65b0\u6751\u8857\u9053", "circleNum": 0, "builtYear": "pre1978", "builtHeight": 97, "storeNum": 32, "floorArea": 1069.7896146, "buildArea": 34233.2676671, "seiFort": "1", "keyFire": 0, "firehouseDist": 1, "pop": 1711}