{"buildingID": 10499, "county": "\u666e\u9640", "town": "\u7518\u6cc9\u8def\u8857\u9053", "circleNum": 1, "builtYear": "pre1978", "builtHeight": 18, "storeNum": 6, "floorArea": 1515.61069469, "buildArea": 9093.66416816, "seiFort": "1", "keyFire": 0, "firehouseDist": 3, "pop": 363}