{"buildingID": 15376, "county": "\u666e\u9640", "town": "\u771f\u5982\u9547", "circleNum": 1, "builtYear": "1979-1985", "builtHeight": 7, "storeNum": 2, "floorArea": 1904.02102496, "buildArea": 3808.04204993, "seiFort": "2", "keyFire": 0, "firehouseDist": 2, "pop": 761}