{"buildingID": 20823, "county": "\u666e\u9640", "town": "\u77f3\u6cc9\u8def\u8857\u9053", "circleNum": 1, "builtYear": "pre1978", "builtHeight": 17, "storeNum": 5, "floorArea": 968.210432646, "buildArea": 4841.05216323, "seiFort": "1", "keyFire": 0, "firehouseDist": 2, "pop": 193}