{"buildingID": 17512, "county": "\u666e\u9640", "town": "\u957f\u98ce\u65b0\u6751\u8857\u9053", "circleNum": 1, "builtYear": "pre1978", "builtHeight": 6, "storeNum": 2, "floorArea": 171.176206389, "buildArea": 342.352412778, "seiFort": "1", "keyFire": 0, "firehouseDist": 3, "pop": 13}