{"buildingID": 6304, "county": "\u666e\u9640", "town": "\u6843\u6d66\u9547", "circleNum": 2, "builtYear": "2003", "builtHeight": 19, "storeNum": 6, "floorArea": 1069.48872518, "buildArea": 6416.9323511, "seiFort": "3", "keyFire": 0, "firehouseDist": 2, "pop": 1283}