{"buildingID": 13287, "county": "\u666e\u9640", "town": "\u771f\u5982\u9547", "circleNum": 2, "builtYear": "2003", "builtHeight": 14, "storeNum": 4, "floorArea": 448.37156213, "buildArea": 1793.48624852, "seiFort": "3", "keyFire": 0, "firehouseDist": 2, "pop": 358}