{"buildingID": 26867, "county": "\u666e\u9640", "town": "\u957f\u5f81\u9547", "circleNum": 1, "builtYear": "1979-1985", "builtHeight": 9, "storeNum": 3, "floorArea": 65.0576050815, "buildArea": 195.172815245, "seiFort": "2", "keyFire": 0, "firehouseDist": 2, "pop": 7}