{"buildingID": 14501, "county": "\u666e\u9640", "town": "\u771f\u5982\u9547", "circleNum": 2, "builtYear": "1996", "builtHeight": 13, "storeNum": 4, "floorArea": 310.671420956, "buildArea": 1242.68568382, "seiFort": "2", "keyFire": 0, "firehouseDist": 1, "pop": 248}