{"buildingID": 12144, "county": "\u666e\u9640", "town": "\u771f\u5982\u9547", "circleNum": 1, "builtYear": "1996", "builtHeight": 19, "storeNum": 6, "floorArea": 323.53480233, "buildArea": 1941.20881398, "seiFort": "2", "keyFire": 0, "firehouseDist": 2, "pop": 388}