{"buildingID": 28041, "county": "\u666e\u9640", "town": "\u957f\u98ce\u65b0\u6751\u8857\u9053", "circleNum": 0, "builtYear": "pre1978", "builtHeight": 58, "storeNum": 19, "floorArea": 101.979025, "buildArea": 1937.60147499, "seiFort": "1", "keyFire": 0, "firehouseDist": 2, "pop": 96}