{"buildingID": 23831, "county": "\u666e\u9640", "town": "\u957f\u5f81\u9547", "circleNum": 1, "builtYear": "1979-1985", "builtHeight": 54, "storeNum": 18, "floorArea": 538.298161337, "buildArea": 9689.36690407, "seiFort": "2", "keyFire": 0, "firehouseDist": 2, "pop": 1937}