{"buildingID": 21453, "county": "\u666e\u9640", "town": "\u771f\u5982\u9547", "circleNum": 1, "builtYear": "pre1978", "builtHeight": 13, "storeNum": 4, "floorArea": 751.890070395, "buildArea": 3007.56028158, "seiFort": "1", "keyFire": 0, "firehouseDist": 1, "pop": 120}