{"buildingID": 17228, "county": "\u666e\u9640", "town": "\u957f\u5f81\u9547", "circleNum": 2, "builtYear": "2015", "builtHeight": 24, "storeNum": 8, "floorArea": 1269.57709555, "buildArea": 10156.6167644, "seiFort": "3", "keyFire": 0, "firehouseDist": 1, "pop": 2031}