{"buildingID": 6240, "county": "\u666e\u9640", "town": "\u6843\u6d66\u9547", "circleNum": 2, "builtYear": "1997", "builtHeight": 20, "storeNum": 6, "floorArea": 781.538190462, "buildArea": 4689.22914277, "seiFort": "2", "keyFire": 0, "firehouseDist": 1, "pop": 937}