{"buildingID": 14108, "county": "\u666e\u9640", "town": "\u77f3\u6cc9\u8def\u8857\u9053", "circleNum": 1, "builtYear": "pre1978", "builtHeight": 15, "storeNum": 5, "floorArea": 597.108085857, "buildArea": 2985.54042929, "seiFort": "1", "keyFire": 0, "firehouseDist": 2, "pop": 119}