{"buildingID": 9261, "county": "\u666e\u9640", "town": "\u6843\u6d66\u9547", "circleNum": 2, "builtYear": "1990", "builtHeight": 10, "storeNum": 3, "floorArea": 232.203840445, "buildArea": 696.611521334, "seiFort": "2", "keyFire": 0, "firehouseDist": 2, "pop": 139}