{"buildingID": 22766, "county": "\u666e\u9640", "town": "\u957f\u98ce\u65b0\u6751\u8857\u9053", "circleNum": 1, "builtYear": "1979-1985", "builtHeight": 12, "storeNum": 4, "floorArea": 509.261343728, "buildArea": 2037.04537491, "seiFort": "2", "keyFire": 0, "firehouseDist": 2, "pop": 407}