{"buildingID": 28085, "county": "\u666e\u9640", "town": "\u957f\u98ce\u65b0\u6751\u8857\u9053", "circleNum": 0, "builtYear": "pre1978", "builtHeight": 14, "storeNum": 4, "floorArea": 349.189643792, "buildArea": 1396.75857517, "seiFort": "1", "keyFire": 0, "firehouseDist": 2, "pop": 69}