{"buildingID": 7616, "county": "\u666e\u9640", "town": "\u7518\u6cc9\u8def\u8857\u9053", "circleNum": 1, "builtYear": "pre1978", "builtHeight": 18, "storeNum": 6, "floorArea": 474.665877526, "buildArea": 2847.99526516, "seiFort": "1", "keyFire": 0, "firehouseDist": 2, "pop": 113}