{"buildingID": 11668, "county": "\u666e\u9640", "town": "\u771f\u5982\u9547", "circleNum": 2, "builtYear": "pre1978", "builtHeight": 67, "storeNum": 22, "floorArea": 359.279021841, "buildArea": 7904.1384805, "seiFort": "1", "keyFire": 0, "firehouseDist": 2, "pop": 263}