{"buildingID": 28877, "county": "\u666e\u9640", "town": "\u957f\u98ce\u65b0\u6751\u8857\u9053", "circleNum": 0, "builtYear": "1989", "builtHeight": 6, "storeNum": 2, "floorArea": 473.267381226, "buildArea": 946.534762453, "seiFort": "2", "keyFire": 0, "firehouseDist": 3, "pop": 189}