{"buildingID": 6672, "county": "\u666e\u9640", "town": "\u6843\u6d66\u9547", "circleNum": 2, "builtYear": "1996", "builtHeight": 40, "storeNum": 13, "floorArea": 532.462930737, "buildArea": 6922.01809959, "seiFort": "2", "keyFire": 0, "firehouseDist": 1, "pop": 1384}