{"buildingID": 8154, "county": "\u666e\u9640", "town": "\u957f\u5f81\u9547", "circleNum": 1, "builtYear": "1979-1985", "builtHeight": 7, "storeNum": 2, "floorArea": 517.565924561, "buildArea": 1035.13184912, "seiFort": "2", "keyFire": 0, "firehouseDist": 3, "pop": 207}