{"buildingID": 11253, "county": "\u666e\u9640", "town": "\u7518\u6cc9\u8def\u8857\u9053", "circleNum": 1, "builtYear": "1979-1985", "builtHeight": 20, "storeNum": 6, "floorArea": 646.775359416, "buildArea": 3880.6521565, "seiFort": "2", "keyFire": 0, "firehouseDist": 2, "pop": 776}