{"buildingID": 7255, "county": "\u666e\u9640", "town": "\u6843\u6d66\u9547", "circleNum": 2, "builtYear": "1988", "builtHeight": 17, "storeNum": 5, "floorArea": 1554.66552807, "buildArea": 7773.32764033, "seiFort": "2", "keyFire": 0, "firehouseDist": 2, "pop": 1554}