{"buildingID": 29074, "county": "\u666e\u9640", "town": "\u957f\u98ce\u65b0\u6751\u8857\u9053", "circleNum": 1, "builtYear": "1979-1985", "builtHeight": 13, "storeNum": 4, "floorArea": 847.880391707, "buildArea": 3391.52156683, "seiFort": "2", "keyFire": 1, "firehouseDist": 3, "pop": 678}