{"buildingID": 12811, "county": "\u666e\u9640", "town": "\u7518\u6cc9\u8def\u8857\u9053", "circleNum": 1, "builtYear": "pre1978", "builtHeight": 23, "storeNum": 7, "floorArea": 484.383983029, "buildArea": 3390.6878812, "seiFort": "1", "keyFire": 0, "firehouseDist": 2, "pop": 135}