{"buildingID": 12987, "county": "\u666e\u9640", "town": "\u77f3\u6cc9\u8def\u8857\u9053", "circleNum": 1, "builtYear": "pre1978", "builtHeight": 17, "storeNum": 5, "floorArea": 923.803488411, "buildArea": 4619.01744206, "seiFort": "1", "keyFire": 0, "firehouseDist": 2, "pop": 184}