{"buildingID": 15050, "county": "\u666e\u9640", "town": "\u771f\u5982\u9547", "circleNum": 2, "builtYear": "1997", "builtHeight": 40, "storeNum": 13, "floorArea": 712.062295928, "buildArea": 9256.80984706, "seiFort": "2", "keyFire": 0, "firehouseDist": 1, "pop": 1851}