{"buildingID": 24866, "county": "\u666e\u9640", "town": "\u66f9\u6768\u65b0\u6751\u8857\u9053", "circleNum": 1, "builtYear": "2015", "builtHeight": 16, "storeNum": 5, "floorArea": 589.377840125, "buildArea": 2946.88920063, "seiFort": "3", "keyFire": 0, "firehouseDist": 1, "pop": 589}