{"buildingID": 14261, "county": "\u666e\u9640", "town": "\u77f3\u6cc9\u8def\u8857\u9053", "circleNum": 1, "builtYear": "1979-1985", "builtHeight": 16, "storeNum": 5, "floorArea": 451.15418168, "buildArea": 2255.7709084, "seiFort": "2", "keyFire": 0, "firehouseDist": 2, "pop": 451}