{"buildingID": 17393, "county": "\u666e\u9640", "town": "\u957f\u5f81\u9547", "circleNum": 2, "builtYear": "1979-1985", "builtHeight": 8, "storeNum": 2, "floorArea": 674.461774565, "buildArea": 1348.92354913, "seiFort": "2", "keyFire": 0, "firehouseDist": 2, "pop": 269}