{"buildingID": 24009, "county": "\u666e\u9640", "town": "\u957f\u98ce\u65b0\u6751\u8857\u9053", "circleNum": 1, "builtYear": "1987", "builtHeight": 12, "storeNum": 4, "floorArea": 2343.65116311, "buildArea": 9374.60465245, "seiFort": "2", "keyFire": 0, "firehouseDist": 2, "pop": 1874}