{"buildingID": 3442, "county": "\u666e\u9640", "town": "\u6843\u6d66\u9547", "circleNum": 3, "builtYear": "2000", "builtHeight": 18, "storeNum": 6, "floorArea": 819.104865885, "buildArea": 4914.62919531, "seiFort": "3", "keyFire": 0, "firehouseDist": 3, "pop": 982}