{"buildingID": 6914, "county": "\u666e\u9640", "town": "\u6843\u6d66\u9547", "circleNum": 2, "builtYear": "1997", "builtHeight": 89, "storeNum": 29, "floorArea": 381.610684534, "buildArea": 11066.7098515, "seiFort": "2", "keyFire": 0, "firehouseDist": 1, "pop": 2213}