{"buildingID": 18818, "county": "\u666e\u9640", "town": "\u957f\u5f81\u9547", "circleNum": 2, "builtYear": "1994", "builtHeight": 55, "storeNum": 18, "floorArea": 1345.81287989, "buildArea": 24224.6318379, "seiFort": "2", "keyFire": 0, "firehouseDist": 2, "pop": 4844}