{"buildingID": 12563, "county": "\u666e\u9640", "town": "\u6843\u6d66\u9547", "circleNum": 2, "builtYear": "1994", "builtHeight": 13, "storeNum": 4, "floorArea": 694.196681312, "buildArea": 2776.78672525, "seiFort": "2", "keyFire": 0, "firehouseDist": 1, "pop": 555}