{"buildingID": 1770, "county": "\u666e\u9640", "town": "\u6843\u6d66\u9547", "circleNum": 2, "builtYear": "2000", "builtHeight": 14, "storeNum": 4, "floorArea": 427.575248152, "buildArea": 1710.30099261, "seiFort": "3", "keyFire": 0, "firehouseDist": 3, "pop": 342}