{"buildingID": 8935, "county": "\u666e\u9640", "town": "\u771f\u5982\u9547", "circleNum": 1, "builtYear": "1990", "builtHeight": 11, "storeNum": 3, "floorArea": 613.828081862, "buildArea": 1841.48424559, "seiFort": "2", "keyFire": 0, "firehouseDist": 1, "pop": 368}