{"buildingID": 15057, "county": "\u666e\u9640", "town": "\u771f\u5982\u9547", "circleNum": 2, "builtYear": "2010", "builtHeight": 30, "storeNum": 10, "floorArea": 205.489582168, "buildArea": 2054.89582168, "seiFort": "3", "keyFire": 0, "firehouseDist": 1, "pop": 410}