{"buildingID": 15969, "county": "\u666e\u9640", "town": "\u771f\u5982\u9547", "circleNum": 1, "builtYear": "2010", "builtHeight": 37, "storeNum": 12, "floorArea": 60.235208207, "buildArea": 722.822498484, "seiFort": "3", "keyFire": 0, "firehouseDist": 1, "pop": 28}