{"buildingID": 13836, "county": "\u666e\u9640", "town": "\u77f3\u6cc9\u8def\u8857\u9053", "circleNum": 1, "builtYear": "pre1978", "builtHeight": 98, "storeNum": 32, "floorArea": 29.1461887019, "buildArea": 932.678038462, "seiFort": "1", "keyFire": 0, "firehouseDist": 2, "pop": 37}