{"buildingID": 10651, "county": "\u666e\u9640", "town": "\u771f\u5982\u9547", "circleNum": 2, "builtYear": "2002", "builtHeight": 8, "storeNum": 2, "floorArea": 700.322495803, "buildArea": 1400.64499161, "seiFort": "3", "keyFire": 0, "firehouseDist": 2, "pop": 280}