{"buildingID": 28025, "county": "\u666e\u9640", "town": "\u957f\u98ce\u65b0\u6751\u8857\u9053", "circleNum": 0, "builtYear": "pre1978", "builtHeight": 14, "storeNum": 4, "floorArea": 607.463540251, "buildArea": 2429.854161, "seiFort": "1", "keyFire": 0, "firehouseDist": 2, "pop": 121}