{"buildingID": 22365, "county": "\u666e\u9640", "town": "\u66f9\u6768\u65b0\u6751\u8857\u9053", "circleNum": 1, "builtYear": "1986", "builtHeight": 22, "storeNum": 7, "floorArea": 129.157525902, "buildArea": 904.102681311, "seiFort": "2", "keyFire": 0, "firehouseDist": 2, "pop": 36}