{"buildingID": 8426, "county": "\u666e\u9640", "town": "\u771f\u5982\u9547", "circleNum": 1, "builtYear": "1994", "builtHeight": 15, "storeNum": 5, "floorArea": 629.688249532, "buildArea": 3148.44124766, "seiFort": "2", "keyFire": 0, "firehouseDist": 1, "pop": 629}