{"buildingID": 1861, "county": "\u666e\u9640", "town": "\u6843\u6d66\u9547", "circleNum": 2, "builtYear": "2010", "builtHeight": 24, "storeNum": 8, "floorArea": 1098.33675544, "buildArea": 8786.6940435, "seiFort": "3", "keyFire": 0, "firehouseDist": 2, "pop": 1757}