{"buildingID": 27294, "county": "\u666e\u9640", "town": "\u957f\u98ce\u65b0\u6751\u8857\u9053", "circleNum": 0, "builtYear": "1987", "builtHeight": 102, "storeNum": 34, "floorArea": 87.4178644735, "buildArea": 2972.2073921, "seiFort": "2", "keyFire": 0, "firehouseDist": 2, "pop": 594}