{"buildingID": 14346, "county": "\u666e\u9640", "town": "\u77f3\u6cc9\u8def\u8857\u9053", "circleNum": 1, "builtYear": "1988", "builtHeight": 51, "storeNum": 17, "floorArea": 147.648469754, "buildArea": 2510.02398581, "seiFort": "2", "keyFire": 0, "firehouseDist": 2, "pop": 100}