{"buildingID": 5728, "county": "\u666e\u9640", "town": "\u6843\u6d66\u9547", "circleNum": 2, "builtYear": "2010", "builtHeight": 92, "storeNum": 30, "floorArea": 1450.47669274, "buildArea": 43514.3007823, "seiFort": "3", "keyFire": 0, "firehouseDist": 2, "pop": 8702}