{"buildingID": 24239, "county": "\u666e\u9640", "town": "\u66f9\u6768\u65b0\u6751\u8857\u9053", "circleNum": 1, "builtYear": "1979-1985", "builtHeight": 21, "storeNum": 7, "floorArea": 734.731009934, "buildArea": 5143.11706954, "seiFort": "2", "keyFire": 0, "firehouseDist": 2, "pop": 1028}