{"buildingID": 10237, "county": "\u666e\u9640", "town": "\u771f\u5982\u9547", "circleNum": 2, "builtYear": "2009", "builtHeight": 14, "storeNum": 4, "floorArea": 851.556388217, "buildArea": 3406.22555287, "seiFort": "3", "keyFire": 0, "firehouseDist": 2, "pop": 681}