{"buildingID": 28119, "county": "\u666e\u9640", "town": "\u957f\u98ce\u65b0\u6751\u8857\u9053", "circleNum": 0, "builtYear": "pre1978", "builtHeight": 30, "storeNum": 10, "floorArea": 48.7204714704, "buildArea": 487.204714704, "seiFort": "1", "keyFire": 0, "firehouseDist": 2, "pop": 24}