{"buildingID": 28318, "county": "\u666e\u9640", "town": "\u957f\u98ce\u65b0\u6751\u8857\u9053", "circleNum": 1, "builtYear": "1989", "builtHeight": 19, "storeNum": 6, "floorArea": 1634.36453769, "buildArea": 9806.18722616, "seiFort": "2", "keyFire": 0, "firehouseDist": 2, "pop": 1961}