{"buildingID": 23230, "county": "\u666e\u9640", "town": "\u957f\u5bff\u8def\u8857\u9053", "circleNum": 0, "builtYear": "pre1978", "builtHeight": 93, "storeNum": 31, "floorArea": 726.927353472, "buildArea": 22534.7479576, "seiFort": "1", "keyFire": 0, "firehouseDist": 1, "pop": 1126}