{"buildingID": 28180, "county": "\u666e\u9640", "town": "\u957f\u98ce\u65b0\u6751\u8857\u9053", "circleNum": 1, "builtYear": "1987", "builtHeight": 24, "storeNum": 8, "floorArea": 400.203737358, "buildArea": 3201.62989886, "seiFort": "2", "keyFire": 0, "firehouseDist": 3, "pop": 640}