{"buildingID": 19944, "county": "\u666e\u9640", "town": "\u66f9\u6768\u65b0\u6751\u8857\u9053", "circleNum": 1, "builtYear": "pre1978", "builtHeight": 14, "storeNum": 4, "floorArea": 443.736213105, "buildArea": 1774.94485242, "seiFort": "1", "keyFire": 0, "firehouseDist": 1, "pop": 70}