{"buildingID": 7898, "county": "\u666e\u9640", "town": "\u771f\u5982\u9547", "circleNum": 1, "builtYear": "1989", "builtHeight": 63, "storeNum": 21, "floorArea": 76.2606671148, "buildArea": 1601.47400941, "seiFort": "2", "keyFire": 0, "firehouseDist": 2, "pop": 64}