{"buildingID": 14682, "county": "\u666e\u9640", "town": "\u77f3\u6cc9\u8def\u8857\u9053", "circleNum": 1, "builtYear": "2001", "builtHeight": 6, "storeNum": 2, "floorArea": 303.071869564, "buildArea": 606.143739128, "seiFort": "3", "keyFire": 0, "firehouseDist": 2, "pop": 121}