{"buildingID": 9952, "county": "\u666e\u9640", "town": "\u957f\u5f81\u9547", "circleNum": 1, "builtYear": "1999", "builtHeight": 52, "storeNum": 17, "floorArea": 584.019976885, "buildArea": 9928.33960705, "seiFort": "2", "keyFire": 0, "firehouseDist": 3, "pop": 1985}