{"buildingID": 10481, "county": "\u666e\u9640", "town": "\u7518\u6cc9\u8def\u8857\u9053", "circleNum": 1, "builtYear": "1979-1985", "builtHeight": 19, "storeNum": 6, "floorArea": 438.769297276, "buildArea": 2632.61578366, "seiFort": "2", "keyFire": 0, "firehouseDist": 2, "pop": 526}