{"buildingID": 11763, "county": "\u666e\u9640", "town": "\u771f\u5982\u9547", "circleNum": 2, "builtYear": "1997", "builtHeight": 11, "storeNum": 3, "floorArea": 352.09567432, "buildArea": 1056.28702296, "seiFort": "2", "keyFire": 0, "firehouseDist": 2, "pop": 211}