{"buildingID": 17265, "county": "\u666e\u9640", "town": "\u957f\u5f81\u9547", "circleNum": 2, "builtYear": "1995", "builtHeight": 19, "storeNum": 6, "floorArea": 3952.50509898, "buildArea": 23715.0305939, "seiFort": "2", "keyFire": 0, "firehouseDist": 1, "pop": 4743}