{"buildingID": 25515, "county": "\u666e\u9640", "town": "\u957f\u98ce\u65b0\u6751\u8857\u9053", "circleNum": 0, "builtYear": "pre1978", "builtHeight": 62, "storeNum": 20, "floorArea": 708.011837876, "buildArea": 14160.2367575, "seiFort": "1", "keyFire": 0, "firehouseDist": 1, "pop": 708}