{"buildingID": 3179, "county": "\u666e\u9640", "town": "\u6843\u6d66\u9547", "circleNum": 3, "builtYear": "2008", "builtHeight": 18, "storeNum": 6, "floorArea": 309.903780087, "buildArea": 1859.42268052, "seiFort": "3", "keyFire": 0, "firehouseDist": 3, "pop": 371}