{"buildingID": 13275, "county": "\u666e\u9640", "town": "\u771f\u5982\u9547", "circleNum": 2, "builtYear": "2002", "builtHeight": 13, "storeNum": 4, "floorArea": 593.814769391, "buildArea": 2375.25907756, "seiFort": "3", "keyFire": 0, "firehouseDist": 1, "pop": 475}