{"buildingID": 7860, "county": "\u666e\u9640", "town": "\u771f\u5982\u9547", "circleNum": 2, "builtYear": "1994", "builtHeight": 21, "storeNum": 7, "floorArea": 339.925263634, "buildArea": 2379.47684544, "seiFort": "2", "keyFire": 0, "firehouseDist": 2, "pop": 475}