{"buildingID": 28503, "county": "\u666e\u9640", "town": "\u957f\u98ce\u65b0\u6751\u8857\u9053", "circleNum": 0, "builtYear": "pre1978", "builtHeight": 6, "storeNum": 2, "floorArea": 56.7629863753, "buildArea": 113.525972751, "seiFort": "1", "keyFire": 0, "firehouseDist": 2, "pop": 5}