{"buildingID": 4418, "county": "\u666e\u9640", "town": "\u6843\u6d66\u9547", "circleNum": 2, "builtYear": "2001", "builtHeight": 11, "storeNum": 3, "floorArea": 284.293743312, "buildArea": 852.881229937, "seiFort": "3", "keyFire": 0, "firehouseDist": 3, "pop": 170}