{"buildingID": 2838, "county": "\u666e\u9640", "town": "\u6843\u6d66\u9547", "circleNum": 2, "builtYear": "1991", "builtHeight": 19, "storeNum": 6, "floorArea": 331.743470059, "buildArea": 1990.46082035, "seiFort": "2", "keyFire": 0, "firehouseDist": 2, "pop": 398}