{"buildingID": 18868, "county": "\u666e\u9640", "town": "\u957f\u5f81\u9547", "circleNum": 2, "builtYear": "1996", "builtHeight": 37, "storeNum": 12, "floorArea": 664.556195754, "buildArea": 7974.67434904, "seiFort": "2", "keyFire": 0, "firehouseDist": 2, "pop": 1594}