{"buildingID": 5769, "county": "\u666e\u9640", "town": "\u6843\u6d66\u9547", "circleNum": 2, "builtYear": "1992", "builtHeight": 12, "storeNum": 4, "floorArea": 783.127809423, "buildArea": 3132.51123769, "seiFort": "2", "keyFire": 0, "firehouseDist": 2, "pop": 626}