{"buildingID": 5556, "county": "\u666e\u9640", "town": "\u6843\u6d66\u9547", "circleNum": 2, "builtYear": "2010", "builtHeight": 39, "storeNum": 13, "floorArea": 72.0285998891, "buildArea": 936.371798559, "seiFort": "3", "keyFire": 0, "firehouseDist": 1, "pop": 31}