{"buildingID": 17979, "county": "\u666e\u9640", "town": "\u957f\u5f81\u9547", "circleNum": 2, "builtYear": "1990", "builtHeight": 39, "storeNum": 13, "floorArea": 667.515637133, "buildArea": 8677.70328273, "seiFort": "2", "keyFire": 0, "firehouseDist": 2, "pop": 1735}