{"buildingID": 8133, "county": "\u666e\u9640", "town": "\u957f\u5f81\u9547", "circleNum": 1, "builtYear": "1979-1985", "builtHeight": 9, "storeNum": 3, "floorArea": 437.726012779, "buildArea": 1313.17803834, "seiFort": "2", "keyFire": 0, "firehouseDist": 3, "pop": 262}