{"buildingID": 23600, "county": "\u666e\u9640", "town": "\u66f9\u6768\u65b0\u6751\u8857\u9053", "circleNum": 1, "builtYear": "1986", "builtHeight": 4, "storeNum": 1, "floorArea": 48.2326591535, "buildArea": 48.2326591535, "seiFort": "2", "keyFire": 0, "firehouseDist": 1, "pop": 1}