{"buildingID": 2253, "county": "\u666e\u9640", "town": "\u6843\u6d66\u9547", "circleNum": 3, "builtYear": "1993", "builtHeight": 18, "storeNum": 6, "floorArea": 2511.50117751, "buildArea": 15069.007065, "seiFort": "2", "keyFire": 0, "firehouseDist": 3, "pop": 3013}