{"buildingID": 15144, "county": "\u666e\u9640", "town": "\u771f\u5982\u9547", "circleNum": 2, "builtYear": "1996", "builtHeight": 19, "storeNum": 6, "floorArea": 312.289318044, "buildArea": 1873.73590827, "seiFort": "2", "keyFire": 0, "firehouseDist": 1, "pop": 374}