{"buildingID": 10083, "county": "\u666e\u9640", "town": "\u771f\u5982\u9547", "circleNum": 2, "builtYear": "2000", "builtHeight": 14, "storeNum": 4, "floorArea": 1046.84510289, "buildArea": 4187.38041156, "seiFort": "3", "keyFire": 0, "firehouseDist": 2, "pop": 837}