{"buildingID": 20321, "county": "\u666e\u9640", "town": "\u957f\u5f81\u9547", "circleNum": 2, "builtYear": "1988", "builtHeight": 23, "storeNum": 7, "floorArea": 1541.37002879, "buildArea": 10789.5902015, "seiFort": "2", "keyFire": 0, "firehouseDist": 1, "pop": 2157}