{"buildingID": 24256, "county": "\u666e\u9640", "town": "\u66f9\u6768\u65b0\u6751\u8857\u9053", "circleNum": 1, "builtYear": "1998", "builtHeight": 10, "storeNum": 3, "floorArea": 2801.62730617, "buildArea": 8404.88191852, "seiFort": "2", "keyFire": 0, "firehouseDist": 2, "pop": 1680}