{"buildingID": 11924, "county": "\u666e\u9640", "town": "\u771f\u5982\u9547", "circleNum": 1, "builtYear": "pre1978", "builtHeight": 44, "storeNum": 14, "floorArea": 358.747435095, "buildArea": 5022.46409132, "seiFort": "1", "keyFire": 0, "firehouseDist": 2, "pop": 200}