{"buildingID": 28615, "county": "\u666e\u9640", "town": "\u957f\u98ce\u65b0\u6751\u8857\u9053", "circleNum": 1, "builtYear": "1993", "builtHeight": 21, "storeNum": 7, "floorArea": 60.1780570279, "buildArea": 421.246399195, "seiFort": "2", "keyFire": 0, "firehouseDist": 3, "pop": 16}