{"buildingID": 10097, "county": "\u666e\u9640", "town": "\u771f\u5982\u9547", "circleNum": 2, "builtYear": "2005", "builtHeight": 15, "storeNum": 5, "floorArea": 238.128544984, "buildArea": 1190.64272492, "seiFort": "3", "keyFire": 0, "firehouseDist": 2, "pop": 238}