{"buildingID": 8037, "county": "\u666e\u9640", "town": "\u957f\u5f81\u9547", "circleNum": 1, "builtYear": "1979-1985", "builtHeight": 15, "storeNum": 5, "floorArea": 1017.80921947, "buildArea": 5089.04609737, "seiFort": "2", "keyFire": 0, "firehouseDist": 2, "pop": 1017}