{"buildingID": 22800, "county": "\u666e\u9640", "town": "\u66f9\u6768\u65b0\u6751\u8857\u9053", "circleNum": 1, "builtYear": "pre1978", "builtHeight": 51, "storeNum": 17, "floorArea": 926.744876671, "buildArea": 15754.6629034, "seiFort": "1", "keyFire": 0, "firehouseDist": 1, "pop": 630}