{"buildingID": 4959, "county": "\u666e\u9640", "town": "\u771f\u5982\u9547", "circleNum": 2, "builtYear": "1979-1985", "builtHeight": 20, "storeNum": 6, "floorArea": 577.557234259, "buildArea": 3465.34340556, "seiFort": "2", "keyFire": 0, "firehouseDist": 1, "pop": 693}