{"buildingID": 21326, "county": "\u666e\u9640", "town": "\u957f\u5f81\u9547", "circleNum": 1, "builtYear": "1979-1985", "builtHeight": 8, "storeNum": 2, "floorArea": 433.709200182, "buildArea": 867.418400364, "seiFort": "2", "keyFire": 0, "firehouseDist": 2, "pop": 173}