{"buildingID": 27802, "county": "\u666e\u9640", "town": "\u957f\u98ce\u65b0\u6751\u8857\u9053", "circleNum": 1, "builtYear": "1989", "builtHeight": 19, "storeNum": 6, "floorArea": 263.795065544, "buildArea": 1582.77039327, "seiFort": "2", "keyFire": 0, "firehouseDist": 2, "pop": 316}