{"buildingID": 5069, "county": "\u666e\u9640", "town": "\u6843\u6d66\u9547", "circleNum": 2, "builtYear": "2002", "builtHeight": 37, "storeNum": 12, "floorArea": 823.128010131, "buildArea": 9877.53612158, "seiFort": "3", "keyFire": 0, "firehouseDist": 2, "pop": 1975}