{"buildingID": 4389, "county": "\u666e\u9640", "town": "\u6843\u6d66\u9547", "circleNum": 2, "builtYear": "1994", "builtHeight": 17, "storeNum": 5, "floorArea": 370.178812947, "buildArea": 1850.89406474, "seiFort": "2", "keyFire": 0, "firehouseDist": 2, "pop": 370}