{"buildingID": 28888, "county": "\u666e\u9640", "town": "\u957f\u98ce\u65b0\u6751\u8857\u9053", "circleNum": 1, "builtYear": "pre1978", "builtHeight": 45, "storeNum": 15, "floorArea": 862.100807325, "buildArea": 12931.5121099, "seiFort": "1", "keyFire": 0, "firehouseDist": 3, "pop": 517}