{"buildingID": 333, "county": "\u666e\u9640", "town": "\u6843\u6d66\u9547", "circleNum": 3, "builtYear": "2001", "builtHeight": 54, "storeNum": 18, "floorArea": 1463.95035727, "buildArea": 26351.1064308, "seiFort": "3", "keyFire": 0, "firehouseDist": 3, "pop": 5270}