{"buildingID": 26898, "county": "\u666e\u9640", "town": "\u957f\u98ce\u65b0\u6751\u8857\u9053", "circleNum": 1, "builtYear": "pre1978", "builtHeight": 49, "storeNum": 16, "floorArea": 160.643288476, "buildArea": 2570.29261562, "seiFort": "1", "keyFire": 0, "firehouseDist": 2, "pop": 102}