{"buildingID": 27035, "county": "\u666e\u9640", "town": "\u957f\u98ce\u65b0\u6751\u8857\u9053", "circleNum": 0, "builtYear": "pre1978", "builtHeight": 59, "storeNum": 19, "floorArea": 649.698348896, "buildArea": 12344.268629, "seiFort": "1", "keyFire": 0, "firehouseDist": 2, "pop": 617}