{"buildingID": 15106, "county": "\u666e\u9640", "town": "\u771f\u5982\u9547", "circleNum": 2, "builtYear": "pre1978", "builtHeight": 13, "storeNum": 4, "floorArea": 1111.92527613, "buildArea": 4447.70110454, "seiFort": "1", "keyFire": 0, "firehouseDist": 2, "pop": 148}