{"buildingID": 20803, "county": "\u666e\u9640", "town": "\u77f3\u6cc9\u8def\u8857\u9053", "circleNum": 1, "builtYear": "pre1978", "builtHeight": 81, "storeNum": 27, "floorArea": 51.2146070869, "buildArea": 1382.79439135, "seiFort": "1", "keyFire": 0, "firehouseDist": 2, "pop": 55}