{"buildingID": 4981, "county": "\u666e\u9640", "town": "\u6843\u6d66\u9547", "circleNum": 2, "builtYear": "2004", "builtHeight": 34, "storeNum": 11, "floorArea": 44.0235991575, "buildArea": 484.259590733, "seiFort": "3", "keyFire": 0, "firehouseDist": 1, "pop": 16}