{"buildingID": 13708, "county": "\u666e\u9640", "town": "\u771f\u5982\u9547", "circleNum": 2, "builtYear": "1979-1985", "builtHeight": 5, "storeNum": 1, "floorArea": 140.312142861, "buildArea": 140.312142861, "seiFort": "2", "keyFire": 0, "firehouseDist": 2, "pop": 4}