{"buildingID": 5730, "county": "\u666e\u9640", "town": "\u6843\u6d66\u9547", "circleNum": 2, "builtYear": "1979-1985", "builtHeight": 9, "storeNum": 3, "floorArea": 683.731598813, "buildArea": 2051.19479644, "seiFort": "2", "keyFire": 0, "firehouseDist": 2, "pop": 410}