{"buildingID": 28834, "county": "\u666e\u9640", "town": "\u957f\u98ce\u65b0\u6751\u8857\u9053", "circleNum": 1, "builtYear": "pre1978", "builtHeight": 52, "storeNum": 17, "floorArea": 371.962760874, "buildArea": 6323.36693486, "seiFort": "1", "keyFire": 0, "firehouseDist": 3, "pop": 252}