{"buildingID": 7572, "county": "\u666e\u9640", "town": "\u7518\u6cc9\u8def\u8857\u9053", "circleNum": 1, "builtYear": "1987", "builtHeight": 10, "storeNum": 3, "floorArea": 448.494669995, "buildArea": 1345.48400998, "seiFort": "2", "keyFire": 0, "firehouseDist": 2, "pop": 269}