{"buildingID": 15503, "county": "\u666e\u9640", "town": "\u77f3\u6cc9\u8def\u8857\u9053", "circleNum": 1, "builtYear": "1979-1985", "builtHeight": 15, "storeNum": 5, "floorArea": 842.021662676, "buildArea": 4210.10831338, "seiFort": "2", "keyFire": 0, "firehouseDist": 2, "pop": 842}