{"buildingID": 5824, "county": "\u666e\u9640", "town": "\u6843\u6d66\u9547", "circleNum": 2, "builtYear": "1979-1985", "builtHeight": 6, "storeNum": 2, "floorArea": 2939.21877779, "buildArea": 5878.43755558, "seiFort": "2", "keyFire": 0, "firehouseDist": 1, "pop": 1175}