{"buildingID": 14112, "county": "\u666e\u9640", "town": "\u77f3\u6cc9\u8def\u8857\u9053", "circleNum": 1, "builtYear": "1987", "builtHeight": 7, "storeNum": 2, "floorArea": 553.383660089, "buildArea": 1106.76732018, "seiFort": "2", "keyFire": 0, "firehouseDist": 2, "pop": 221}