{"buildingID": 10661, "county": "\u666e\u9640", "town": "\u771f\u5982\u9547", "circleNum": 2, "builtYear": "1995", "builtHeight": 29, "storeNum": 9, "floorArea": 72.0258571753, "buildArea": 648.232714578, "seiFort": "2", "keyFire": 0, "firehouseDist": 2, "pop": 21}