{"buildingID": 5370, "county": "\u666e\u9640", "town": "\u6843\u6d66\u9547", "circleNum": 2, "builtYear": "1997", "builtHeight": 15, "storeNum": 5, "floorArea": 538.619449929, "buildArea": 2693.09724964, "seiFort": "2", "keyFire": 0, "firehouseDist": 2, "pop": 538}