{"buildingID": 18959, "county": "\u666e\u9640", "town": "\u957f\u5f81\u9547", "circleNum": 2, "builtYear": "1979-1985", "builtHeight": 17, "storeNum": 5, "floorArea": 587.133089423, "buildArea": 2935.66544711, "seiFort": "2", "keyFire": 1, "firehouseDist": 3, "pop": 587}