{"buildingID": 5564, "county": "\u666e\u9640", "town": "\u6843\u6d66\u9547", "circleNum": 2, "builtYear": "2007", "builtHeight": 31, "storeNum": 10, "floorArea": 361.146432403, "buildArea": 3611.46432403, "seiFort": "3", "keyFire": 0, "firehouseDist": 1, "pop": 722}