{"buildingID": 25461, "county": "\u666e\u9640", "town": "\u66f9\u6768\u65b0\u6751\u8857\u9053", "circleNum": 1, "builtYear": "pre1978", "builtHeight": 17, "storeNum": 5, "floorArea": 798.001590138, "buildArea": 3990.00795069, "seiFort": "1", "keyFire": 0, "firehouseDist": 1, "pop": 159}