{"buildingID": 20660, "county": "\u666e\u9640", "town": "\u771f\u5982\u9547", "circleNum": 1, "builtYear": "pre1978", "builtHeight": 12, "storeNum": 4, "floorArea": 2443.45507202, "buildArea": 9773.82028809, "seiFort": "1", "keyFire": 0, "firehouseDist": 1, "pop": 390}