{"buildingID": 25902, "county": "\u666e\u9640", "town": "\u66f9\u6768\u65b0\u6751\u8857\u9053", "circleNum": 1, "builtYear": "pre1978", "builtHeight": 18, "storeNum": 6, "floorArea": 1505.51489895, "buildArea": 9033.08939371, "seiFort": "1", "keyFire": 0, "firehouseDist": 2, "pop": 361}