{"buildingID": 17063, "county": "\u666e\u9640", "town": "\u77f3\u6cc9\u8def\u8857\u9053", "circleNum": 1, "builtYear": "pre1978", "builtHeight": 19, "storeNum": 6, "floorArea": 530.153583137, "buildArea": 3180.92149882, "seiFort": "1", "keyFire": 0, "firehouseDist": 1, "pop": 127}