{"buildingID": 10054, "county": "\u666e\u9640", "town": "\u6843\u6d66\u9547", "circleNum": 2, "builtYear": "2001", "builtHeight": 6, "storeNum": 2, "floorArea": 836.511929742, "buildArea": 1673.02385948, "seiFort": "3", "keyFire": 0, "firehouseDist": 2, "pop": 334}