{"buildingID": 29298, "county": "\u666e\u9640", "town": "\u957f\u98ce\u65b0\u6751\u8857\u9053", "circleNum": 1, "builtYear": "pre1978", "builtHeight": 6, "storeNum": 2, "floorArea": 43.1869113038, "buildArea": 86.3738226076, "seiFort": "1", "keyFire": 0, "firehouseDist": 3, "pop": 3}