{"buildingID": 26855, "county": "\u666e\u9640", "town": "\u957f\u5f81\u9547", "circleNum": 1, "builtYear": "1979-1985", "builtHeight": 10, "storeNum": 3, "floorArea": 102.067216141, "buildArea": 306.201648424, "seiFort": "2", "keyFire": 0, "firehouseDist": 2, "pop": 12}