{"buildingID": 10125, "county": "\u666e\u9640", "town": "\u771f\u5982\u9547", "circleNum": 2, "builtYear": "2006", "builtHeight": 18, "storeNum": 6, "floorArea": 52.0098952124, "buildArea": 312.059371274, "seiFort": "3", "keyFire": 0, "firehouseDist": 2, "pop": 10}