{"buildingID": 28353, "county": "\u666e\u9640", "town": "\u957f\u98ce\u65b0\u6751\u8857\u9053", "circleNum": 1, "builtYear": "1979-1985", "builtHeight": 23, "storeNum": 7, "floorArea": 5792.53206366, "buildArea": 40547.7244456, "seiFort": "2", "keyFire": 0, "firehouseDist": 2, "pop": 8109}