{"buildingID": 24701, "county": "\u666e\u9640", "town": "\u957f\u5f81\u9547", "circleNum": 1, "builtYear": "2010", "builtHeight": 35, "storeNum": 11, "floorArea": 395.076072541, "buildArea": 4345.83679795, "seiFort": "3", "keyFire": 0, "firehouseDist": 2, "pop": 869}