{"buildingID": 1365, "county": "\u666e\u9640", "town": "\u6843\u6d66\u9547", "circleNum": 2, "builtYear": "2003", "builtHeight": 7, "storeNum": 2, "floorArea": 3605.79879908, "buildArea": 7211.59759817, "seiFort": "3", "keyFire": 0, "firehouseDist": 1, "pop": 1442}