{"buildingID": 29319, "county": "\u666e\u9640", "town": "\u957f\u98ce\u65b0\u6751\u8857\u9053", "circleNum": 1, "builtYear": "pre1978", "builtHeight": 9, "storeNum": 3, "floorArea": 41.1739965184, "buildArea": 123.521989555, "seiFort": "1", "keyFire": 0, "firehouseDist": 3, "pop": 4}