{"buildingID": 18450, "county": "\u666e\u9640", "town": "\u957f\u5f81\u9547", "circleNum": 2, "builtYear": "2011", "builtHeight": 55, "storeNum": 18, "floorArea": 1009.15170607, "buildArea": 18164.7307093, "seiFort": "3", "keyFire": 0, "firehouseDist": 3, "pop": 3632}