{"buildingID": 10151, "county": "\u666e\u9640", "town": "\u771f\u5982\u9547", "circleNum": 2, "builtYear": "2015", "builtHeight": 47, "storeNum": 15, "floorArea": 90.6184750547, "buildArea": 1359.27712582, "seiFort": "3", "keyFire": 0, "firehouseDist": 2, "pop": 45}