{"buildingID": 4751, "county": "\u666e\u9640", "town": "\u6843\u6d66\u9547", "circleNum": 2, "builtYear": "1986", "builtHeight": 18, "storeNum": 6, "floorArea": 2293.07733585, "buildArea": 13758.4640151, "seiFort": "2", "keyFire": 0, "firehouseDist": 1, "pop": 2751}