{"buildingID": 27429, "county": "\u666e\u9640", "town": "\u957f\u98ce\u65b0\u6751\u8857\u9053", "circleNum": 0, "builtYear": "pre1978", "builtHeight": 75, "storeNum": 25, "floorArea": 68.8138573779, "buildArea": 1720.34643445, "seiFort": "1", "keyFire": 0, "firehouseDist": 1, "pop": 86}