{"buildingID": 8034, "county": "\u666e\u9640", "town": "\u957f\u5f81\u9547", "circleNum": 1, "builtYear": "1979-1985", "builtHeight": 9, "storeNum": 3, "floorArea": 3144.03324159, "buildArea": 9432.09972478, "seiFort": "2", "keyFire": 0, "firehouseDist": 3, "pop": 1886}