{"buildingID": 24182, "county": "\u666e\u9640", "town": "\u957f\u5bff\u8def\u8857\u9053", "circleNum": 0, "builtYear": "2015", "builtHeight": 28, "storeNum": 9, "floorArea": 1061.56561706, "buildArea": 9554.09055352, "seiFort": "3", "keyFire": 0, "firehouseDist": 1, "pop": 1910}