{"buildingID": 1491, "county": "\u666e\u9640", "town": "\u6843\u6d66\u9547", "circleNum": 3, "builtYear": "1995", "builtHeight": 18, "storeNum": 6, "floorArea": 789.679199344, "buildArea": 4738.07519606, "seiFort": "2", "keyFire": 0, "firehouseDist": 3, "pop": 947}