{"buildingID": 29423, "county": "\u666e\u9640", "town": "\u957f\u98ce\u65b0\u6751\u8857\u9053", "circleNum": 1, "builtYear": "pre1978", "builtHeight": 70, "storeNum": 23, "floorArea": 611.796100219, "buildArea": 14071.310305, "seiFort": "1", "keyFire": 0, "firehouseDist": 3, "pop": 562}