{"buildingID": 3796, "county": "\u666e\u9640", "town": "\u6843\u6d66\u9547", "circleNum": 2, "builtYear": "1991", "builtHeight": 14, "storeNum": 4, "floorArea": 713.940962128, "buildArea": 2855.76384851, "seiFort": "2", "keyFire": 0, "firehouseDist": 2, "pop": 571}