{"buildingID": 11576, "county": "\u666e\u9640", "town": "\u7518\u6cc9\u8def\u8857\u9053", "circleNum": 1, "builtYear": "pre1978", "builtHeight": 20, "storeNum": 6, "floorArea": 799.935242898, "buildArea": 4799.61145739, "seiFort": "1", "keyFire": 0, "firehouseDist": 2, "pop": 191}