{"buildingID": 21654, "county": "\u666e\u9640", "town": "\u77f3\u6cc9\u8def\u8857\u9053", "circleNum": 1, "builtYear": "1979-1985", "builtHeight": 7, "storeNum": 2, "floorArea": 1445.51380443, "buildArea": 2891.02760885, "seiFort": "2", "keyFire": 0, "firehouseDist": 1, "pop": 578}