{"buildingID": 20262, "county": "\u666e\u9640", "town": "\u77f3\u6cc9\u8def\u8857\u9053", "circleNum": 1, "builtYear": "1986", "builtHeight": 3, "storeNum": 1, "floorArea": 1482.56931635, "buildArea": 1482.56931635, "seiFort": "2", "keyFire": 0, "firehouseDist": 1, "pop": 296}