{"buildingID": 1563, "county": "\u666e\u9640", "town": "\u6843\u6d66\u9547", "circleNum": 2, "builtYear": "1994", "builtHeight": 16, "storeNum": 5, "floorArea": 866.854921714, "buildArea": 4334.27460857, "seiFort": "2", "keyFire": 0, "firehouseDist": 2, "pop": 866}