{"buildingID": 27741, "county": "\u666e\u9640", "town": "\u957f\u98ce\u65b0\u6751\u8857\u9053", "circleNum": 1, "builtYear": "1996", "builtHeight": 16, "storeNum": 5, "floorArea": 1189.56254781, "buildArea": 5947.81273906, "seiFort": "2", "keyFire": 0, "firehouseDist": 2, "pop": 1189}