{"buildingID": 8660, "county": "\u666e\u9640", "town": "\u7518\u6cc9\u8def\u8857\u9053", "circleNum": 1, "builtYear": "1995", "builtHeight": 48, "storeNum": 16, "floorArea": 123.92687981, "buildArea": 1982.83007696, "seiFort": "2", "keyFire": 0, "firehouseDist": 3, "pop": 79}