{"buildingID": 27987, "county": "\u666e\u9640", "town": "\u957f\u98ce\u65b0\u6751\u8857\u9053", "circleNum": 1, "builtYear": "1991", "builtHeight": 17, "storeNum": 5, "floorArea": 361.763911096, "buildArea": 1808.81955548, "seiFort": "2", "keyFire": 0, "firehouseDist": 2, "pop": 361}