{"buildingID": 4764, "county": "\u666e\u9640", "town": "\u6843\u6d66\u9547", "circleNum": 2, "builtYear": "1993", "builtHeight": 19, "storeNum": 6, "floorArea": 277.684358268, "buildArea": 1666.10614961, "seiFort": "2", "keyFire": 0, "firehouseDist": 1, "pop": 333}