{"buildingID": 17767, "county": "\u666e\u9640", "town": "\u957f\u5f81\u9547", "circleNum": 2, "builtYear": "1979-1985", "builtHeight": 8, "storeNum": 2, "floorArea": 376.704408235, "buildArea": 753.408816471, "seiFort": "2", "keyFire": 0, "firehouseDist": 2, "pop": 150}