{"buildingID": 4711, "county": "\u666e\u9640", "town": "\u6843\u6d66\u9547", "circleNum": 2, "builtYear": "2003", "builtHeight": 69, "storeNum": 23, "floorArea": 694.243951454, "buildArea": 15967.6108834, "seiFort": "3", "keyFire": 0, "firehouseDist": 2, "pop": 3193}