{"buildingID": 12332, "county": "\u666e\u9640", "town": "\u771f\u5982\u9547", "circleNum": 1, "builtYear": "1979-1985", "builtHeight": 46, "storeNum": 15, "floorArea": 61.1615343496, "buildArea": 917.423015244, "seiFort": "2", "keyFire": 0, "firehouseDist": 2, "pop": 36}