{"buildingID": 19491, "county": "\u666e\u9640", "town": "\u957f\u5f81\u9547", "circleNum": 2, "builtYear": "1979-1985", "builtHeight": 60, "storeNum": 20, "floorArea": 956.781077012, "buildArea": 19135.6215402, "seiFort": "2", "keyFire": 0, "firehouseDist": 3, "pop": 3827}