{"buildingID": 7094, "county": "\u666e\u9640", "town": "\u957f\u5f81\u9547", "circleNum": 1, "builtYear": "1996", "builtHeight": 46, "storeNum": 15, "floorArea": 882.226463159, "buildArea": 13233.3969474, "seiFort": "2", "keyFire": 0, "firehouseDist": 1, "pop": 2646}