{"buildingID": 11992, "county": "\u666e\u9640", "town": "\u77f3\u6cc9\u8def\u8857\u9053", "circleNum": 1, "builtYear": "1995", "builtHeight": 13, "storeNum": 4, "floorArea": 230.195905058, "buildArea": 920.783620231, "seiFort": "2", "keyFire": 0, "firehouseDist": 2, "pop": 184}