{"buildingID": 28795, "county": "\u666e\u9640", "town": "\u957f\u98ce\u65b0\u6751\u8857\u9053", "circleNum": 1, "builtYear": "1979-1985", "builtHeight": 90, "storeNum": 30, "floorArea": 920.938978903, "buildArea": 27628.1693671, "seiFort": "2", "keyFire": 1, "firehouseDist": 3, "pop": 5525}