{"buildingID": 6975, "county": "\u666e\u9640", "town": "\u957f\u5f81\u9547", "circleNum": 2, "builtYear": "2010", "builtHeight": 30, "storeNum": 10, "floorArea": 854.117394107, "buildArea": 8541.17394107, "seiFort": "3", "keyFire": 0, "firehouseDist": 1, "pop": 1708}