{"buildingID": 23749, "county": "\u666e\u9640", "town": "\u957f\u5f81\u9547", "circleNum": 2, "builtYear": "2010", "builtHeight": 22, "storeNum": 7, "floorArea": 1015.42666612, "buildArea": 7107.98666287, "seiFort": "3", "keyFire": 0, "firehouseDist": 2, "pop": 1421}