{"buildingID": 7486, "county": "\u666e\u9640", "town": "\u957f\u5f81\u9547", "circleNum": 1, "builtYear": "1979-1985", "builtHeight": 33, "storeNum": 11, "floorArea": 658.774076801, "buildArea": 7246.51484481, "seiFort": "2", "keyFire": 0, "firehouseDist": 1, "pop": 1449}