{"buildingID": 4838, "county": "\u666e\u9640", "town": "\u6843\u6d66\u9547", "circleNum": 2, "builtYear": "2000", "builtHeight": 57, "storeNum": 19, "floorArea": 74.6422424857, "buildArea": 1418.20260723, "seiFort": "3", "keyFire": 0, "firehouseDist": 2, "pop": 47}