{"buildingID": 28293, "county": "\u666e\u9640", "town": "\u957f\u98ce\u65b0\u6751\u8857\u9053", "circleNum": 1, "builtYear": "1985", "builtHeight": 6, "storeNum": 2, "floorArea": 107.350328708, "buildArea": 214.700657417, "seiFort": "2", "keyFire": 0, "firehouseDist": 2, "pop": 8}