{"buildingID": 14578, "county": "\u666e\u9640", "town": "\u771f\u5982\u9547", "circleNum": 2, "builtYear": "1999", "builtHeight": 6, "storeNum": 2, "floorArea": 2480.33041865, "buildArea": 4960.66083729, "seiFort": "2", "keyFire": 0, "firehouseDist": 1, "pop": 992}