{"buildingID": 138, "county": "\u666e\u9640", "town": "\u6843\u6d66\u9547", "circleNum": 2, "builtYear": "1979-1985", "builtHeight": 49, "storeNum": 16, "floorArea": 127.036367016, "buildArea": 2032.58187226, "seiFort": "2", "keyFire": 0, "firehouseDist": 2, "pop": 67}