{"buildingID": 572, "county": "\u666e\u9640", "town": "\u6843\u6d66\u9547", "circleNum": 3, "builtYear": "1997", "builtHeight": 18, "storeNum": 6, "floorArea": 1034.93872062, "buildArea": 6209.63232375, "seiFort": "2", "keyFire": 0, "firehouseDist": 3, "pop": 1241}