{"buildingID": 10076, "county": "\u666e\u9640", "town": "\u6843\u6d66\u9547", "circleNum": 2, "builtYear": "2002", "builtHeight": 18, "storeNum": 6, "floorArea": 208.839600301, "buildArea": 1253.03760181, "seiFort": "3", "keyFire": 0, "firehouseDist": 2, "pop": 250}