{"buildingID": 25507, "county": "\u666e\u9640", "town": "\u66f9\u6768\u65b0\u6751\u8857\u9053", "circleNum": 1, "builtYear": "pre1978", "builtHeight": 10, "storeNum": 3, "floorArea": 437.126548884, "buildArea": 1311.37964665, "seiFort": "1", "keyFire": 0, "firehouseDist": 2, "pop": 52}