{"buildingID": 27292, "county": "\u666e\u9640", "town": "\u957f\u98ce\u65b0\u6751\u8857\u9053", "circleNum": 0, "builtYear": "pre1978", "builtHeight": 97, "storeNum": 32, "floorArea": 93.4506066518, "buildArea": 2990.41941286, "seiFort": "1", "keyFire": 0, "firehouseDist": 2, "pop": 149}