{"buildingID": 12329, "county": "\u666e\u9640", "town": "\u771f\u5982\u9547", "circleNum": 1, "builtYear": "pre1978", "builtHeight": 84, "storeNum": 28, "floorArea": 152.431856654, "buildArea": 4268.09198631, "seiFort": "1", "keyFire": 0, "firehouseDist": 2, "pop": 170}