{"buildingID": 8781, "county": "\u666e\u9640", "town": "\u6843\u6d66\u9547", "circleNum": 2, "builtYear": "1979-1985", "builtHeight": 54, "storeNum": 18, "floorArea": 436.643356239, "buildArea": 7859.5804123, "seiFort": "2", "keyFire": 0, "firehouseDist": 2, "pop": 1571}