{"buildingID": 15298, "county": "\u666e\u9640", "town": "\u77f3\u6cc9\u8def\u8857\u9053", "circleNum": 1, "builtYear": "pre1978", "builtHeight": 15, "storeNum": 5, "floorArea": 674.015041633, "buildArea": 3370.07520816, "seiFort": "1", "keyFire": 0, "firehouseDist": 2, "pop": 134}