{"buildingID": 26585, "county": "\u666e\u9640", "town": "\u957f\u5f81\u9547", "circleNum": 1, "builtYear": "1979-1985", "builtHeight": 13, "storeNum": 4, "floorArea": 1147.27103284, "buildArea": 4589.08413136, "seiFort": "2", "keyFire": 0, "firehouseDist": 2, "pop": 917}