{"buildingID": 5802, "county": "\u666e\u9640", "town": "\u6843\u6d66\u9547", "circleNum": 2, "builtYear": "2002", "builtHeight": 15, "storeNum": 5, "floorArea": 487.808214135, "buildArea": 2439.04107067, "seiFort": "3", "keyFire": 0, "firehouseDist": 2, "pop": 487}