{"buildingID": 3665, "county": "\u666e\u9640", "town": "\u6843\u6d66\u9547", "circleNum": 2, "builtYear": "1979-1985", "builtHeight": 25, "storeNum": 8, "floorArea": 906.6901121, "buildArea": 7253.5208968, "seiFort": "2", "keyFire": 0, "firehouseDist": 2, "pop": 1450}