{"buildingID": 20278, "county": "\u666e\u9640", "town": "\u771f\u5982\u9547", "circleNum": 1, "builtYear": "pre1978", "builtHeight": 25, "storeNum": 8, "floorArea": 423.796565057, "buildArea": 3390.37252046, "seiFort": "1", "keyFire": 0, "firehouseDist": 1, "pop": 135}