{"buildingID": 15591, "county": "\u666e\u9640", "town": "\u77f3\u6cc9\u8def\u8857\u9053", "circleNum": 1, "builtYear": "pre1978", "builtHeight": 21, "storeNum": 7, "floorArea": 703.891977081, "buildArea": 4927.24383957, "seiFort": "1", "keyFire": 1, "firehouseDist": 2, "pop": 197}