{"buildingID": 16845, "county": "\u666e\u9640", "town": "\u77f3\u6cc9\u8def\u8857\u9053", "circleNum": 1, "builtYear": "1979-1985", "builtHeight": 9, "storeNum": 3, "floorArea": 395.549987162, "buildArea": 1186.64996148, "seiFort": "2", "keyFire": 0, "firehouseDist": 2, "pop": 237}