{"buildingID": 18924, "county": "\u666e\u9640", "town": "\u957f\u5f81\u9547", "circleNum": 2, "builtYear": "2002", "builtHeight": 21, "storeNum": 7, "floorArea": 801.951713509, "buildArea": 5613.66199456, "seiFort": "3", "keyFire": 0, "firehouseDist": 3, "pop": 1122}