{"buildingID": 14990, "county": "\u666e\u9640", "town": "\u771f\u5982\u9547", "circleNum": 2, "builtYear": "1995", "builtHeight": 21, "storeNum": 7, "floorArea": 688.283523605, "buildArea": 4817.98466523, "seiFort": "2", "keyFire": 0, "firehouseDist": 1, "pop": 963}