{"buildingID": 4424, "county": "\u666e\u9640", "town": "\u6843\u6d66\u9547", "circleNum": 2, "builtYear": "2010", "builtHeight": 12, "storeNum": 4, "floorArea": 978.267318095, "buildArea": 3913.06927238, "seiFort": "3", "keyFire": 0, "firehouseDist": 3, "pop": 782}