{"buildingID": 22299, "county": "\u666e\u9640", "town": "\u66f9\u6768\u65b0\u6751\u8857\u9053", "circleNum": 1, "builtYear": "pre1978", "builtHeight": 68, "storeNum": 22, "floorArea": 408.332855355, "buildArea": 8983.3228178, "seiFort": "1", "keyFire": 0, "firehouseDist": 1, "pop": 359}