{"buildingID": 12466, "county": "\u666e\u9640", "town": "\u771f\u5982\u9547", "circleNum": 1, "builtYear": "1979-1985", "builtHeight": 60, "storeNum": 20, "floorArea": 168.819045407, "buildArea": 3376.38090815, "seiFort": "2", "keyFire": 0, "firehouseDist": 2, "pop": 135}