{"buildingID": 20029, "county": "\u666e\u9640", "town": "\u66f9\u6768\u65b0\u6751\u8857\u9053", "circleNum": 1, "builtYear": "pre1978", "builtHeight": 43, "storeNum": 14, "floorArea": 587.19758079, "buildArea": 8220.76613105, "seiFort": "1", "keyFire": 0, "firehouseDist": 1, "pop": 328}