{"buildingID": 14509, "county": "\u666e\u9640", "town": "\u771f\u5982\u9547", "circleNum": 2, "builtYear": "1994", "builtHeight": 75, "storeNum": 25, "floorArea": 398.708031959, "buildArea": 9967.70079897, "seiFort": "2", "keyFire": 0, "firehouseDist": 1, "pop": 1993}