{"buildingID": 25503, "county": "\u666e\u9640", "town": "\u66f9\u6768\u65b0\u6751\u8857\u9053", "circleNum": 1, "builtYear": "1989", "builtHeight": 14, "storeNum": 4, "floorArea": 246.190447087, "buildArea": 984.761788347, "seiFort": "2", "keyFire": 0, "firehouseDist": 1, "pop": 196}