{"buildingID": 5575, "county": "\u666e\u9640", "town": "\u6843\u6d66\u9547", "circleNum": 2, "builtYear": "pre1978", "builtHeight": 109, "storeNum": 36, "floorArea": 346.131455103, "buildArea": 12460.7323837, "seiFort": "1", "keyFire": 0, "firehouseDist": 2, "pop": 2492}