{"buildingID": 12323, "county": "\u666e\u9640", "town": "\u771f\u5982\u9547", "circleNum": 1, "builtYear": "pre1978", "builtHeight": 43, "storeNum": 14, "floorArea": 31.0890631829, "buildArea": 435.246884561, "seiFort": "1", "keyFire": 0, "firehouseDist": 2, "pop": 17}