{"buildingID": 7833, "county": "\u666e\u9640", "town": "\u7518\u6cc9\u8def\u8857\u9053", "circleNum": 1, "builtYear": "1979-1985", "builtHeight": 11, "storeNum": 3, "floorArea": 198.553244032, "buildArea": 595.659732096, "seiFort": "2", "keyFire": 0, "firehouseDist": 3, "pop": 119}