{"buildingID": 27218, "county": "\u666e\u9640", "town": "\u957f\u98ce\u65b0\u6751\u8857\u9053", "circleNum": 1, "builtYear": "1979-1985", "builtHeight": 24, "storeNum": 8, "floorArea": 1112.11221272, "buildArea": 8896.89770178, "seiFort": "2", "keyFire": 0, "firehouseDist": 2, "pop": 1779}