{"buildingID": 11094, "county": "\u666e\u9640", "town": "\u7518\u6cc9\u8def\u8857\u9053", "circleNum": 1, "builtYear": "pre1978", "builtHeight": 17, "storeNum": 5, "floorArea": 598.563026867, "buildArea": 2992.81513433, "seiFort": "1", "keyFire": 0, "firehouseDist": 2, "pop": 119}