{"buildingID": 9475, "county": "\u666e\u9640", "town": "\u957f\u5f81\u9547", "circleNum": 1, "builtYear": "1979-1985", "builtHeight": 40, "storeNum": 13, "floorArea": 510.654660219, "buildArea": 6638.51058284, "seiFort": "2", "keyFire": 0, "firehouseDist": 2, "pop": 1327}