{"buildingID": 14564, "county": "\u666e\u9640", "town": "\u771f\u5982\u9547", "circleNum": 2, "builtYear": "2010", "builtHeight": 33, "storeNum": 11, "floorArea": 978.478651132, "buildArea": 10763.2651625, "seiFort": "3", "keyFire": 0, "firehouseDist": 1, "pop": 2152}