{"buildingID": 11470, "county": "\u666e\u9640", "town": "\u771f\u5982\u9547", "circleNum": 1, "builtYear": "1979-1985", "builtHeight": 6, "storeNum": 2, "floorArea": 2679.29854166, "buildArea": 5358.59708332, "seiFort": "2", "keyFire": 0, "firehouseDist": 1, "pop": 1071}