{"buildingID": 10681, "county": "\u666e\u9640", "town": "\u771f\u5982\u9547", "circleNum": 2, "builtYear": "1992", "builtHeight": 23, "storeNum": 7, "floorArea": 1502.41984668, "buildArea": 10516.9389268, "seiFort": "2", "keyFire": 0, "firehouseDist": 2, "pop": 2103}