{"buildingID": 17376, "county": "\u666e\u9640", "town": "\u957f\u5f81\u9547", "circleNum": 2, "builtYear": "1979-1985", "builtHeight": 17, "storeNum": 5, "floorArea": 767.790067413, "buildArea": 3838.95033707, "seiFort": "2", "keyFire": 0, "firehouseDist": 2, "pop": 767}