{"buildingID": 13875, "county": "\u666e\u9640", "town": "\u77f3\u6cc9\u8def\u8857\u9053", "circleNum": 1, "builtYear": "2002", "builtHeight": 7, "storeNum": 2, "floorArea": 1099.70759469, "buildArea": 2199.41518938, "seiFort": "3", "keyFire": 0, "firehouseDist": 2, "pop": 439}