{"buildingID": 19017, "county": "\u666e\u9640", "town": "\u957f\u5f81\u9547", "circleNum": 2, "builtYear": "1997", "builtHeight": 20, "storeNum": 6, "floorArea": 2563.65235189, "buildArea": 15381.9141113, "seiFort": "2", "keyFire": 0, "firehouseDist": 3, "pop": 3076}