{"buildingID": 2890, "county": "\u666e\u9640", "town": "\u6843\u6d66\u9547", "circleNum": 2, "builtYear": "2000", "builtHeight": 10, "storeNum": 3, "floorArea": 6905.16844339, "buildArea": 20715.5053302, "seiFort": "3", "keyFire": 0, "firehouseDist": 2, "pop": 4143}