{"buildingID": 3138, "county": "\u666e\u9640", "town": "\u6843\u6d66\u9547", "circleNum": 3, "builtYear": "2003", "builtHeight": 18, "storeNum": 6, "floorArea": 726.250470964, "buildArea": 4357.50282578, "seiFort": "3", "keyFire": 0, "firehouseDist": 3, "pop": 871}