{"buildingID": 28048, "county": "\u666e\u9640", "town": "\u957f\u98ce\u65b0\u6751\u8857\u9053", "circleNum": 0, "builtYear": "pre1978", "builtHeight": 101, "storeNum": 33, "floorArea": 108.514861331, "buildArea": 3580.99042391, "seiFort": "1", "keyFire": 0, "firehouseDist": 2, "pop": 716}