{"buildingID": 16049, "county": "\u666e\u9640", "town": "\u771f\u5982\u9547", "circleNum": 1, "builtYear": "2000", "builtHeight": 3, "storeNum": 1, "floorArea": 585.692491859, "buildArea": 585.692491859, "seiFort": "3", "keyFire": 0, "firehouseDist": 1, "pop": 117}