{"buildingID": 19172, "county": "\u666e\u9640", "town": "\u957f\u5f81\u9547", "circleNum": 2, "builtYear": "2004", "builtHeight": 15, "storeNum": 5, "floorArea": 1018.35290991, "buildArea": 5091.76454953, "seiFort": "3", "keyFire": 0, "firehouseDist": 3, "pop": 1018}