{"buildingID": 13928, "county": "\u666e\u9640", "town": "\u77f3\u6cc9\u8def\u8857\u9053", "circleNum": 1, "builtYear": "1979-1985", "builtHeight": 9, "storeNum": 3, "floorArea": 3266.4906399, "buildArea": 9799.47191971, "seiFort": "2", "keyFire": 0, "firehouseDist": 2, "pop": 1959}