{"buildingID": 12669, "county": "\u666e\u9640", "town": "\u771f\u5982\u9547", "circleNum": 2, "builtYear": "1994", "builtHeight": 14, "storeNum": 4, "floorArea": 541.128976803, "buildArea": 2164.51590721, "seiFort": "2", "keyFire": 0, "firehouseDist": 2, "pop": 432}