{"buildingID": 16564, "county": "\u666e\u9640", "town": "\u77f3\u6cc9\u8def\u8857\u9053", "circleNum": 1, "builtYear": "1979-1985", "builtHeight": 14, "storeNum": 4, "floorArea": 3330.7205653, "buildArea": 13322.8822612, "seiFort": "2", "keyFire": 0, "firehouseDist": 1, "pop": 2664}