{"buildingID": 1807, "county": "\u666e\u9640", "town": "\u6843\u6d66\u9547", "circleNum": 2, "builtYear": "1997", "builtHeight": 76, "storeNum": 25, "floorArea": 73.1570216968, "buildArea": 1828.92554242, "seiFort": "2", "keyFire": 0, "firehouseDist": 2, "pop": 60}