{"buildingID": 3335, "county": "\u666e\u9640", "town": "\u6843\u6d66\u9547", "circleNum": 2, "builtYear": "1994", "builtHeight": 16, "storeNum": 5, "floorArea": 2849.96667656, "buildArea": 14249.8333828, "seiFort": "2", "keyFire": 0, "firehouseDist": 1, "pop": 2849}