{"buildingID": 5041, "county": "\u666e\u9640", "town": "\u6843\u6d66\u9547", "circleNum": 2, "builtYear": "2010", "builtHeight": 38, "storeNum": 12, "floorArea": 612.529546569, "buildArea": 7350.35455883, "seiFort": "3", "keyFire": 0, "firehouseDist": 2, "pop": 1470}