{"buildingID": 12665, "county": "\u666e\u9640", "town": "\u771f\u5982\u9547", "circleNum": 2, "builtYear": "1995", "builtHeight": 18, "storeNum": 6, "floorArea": 199.591609818, "buildArea": 1197.54965891, "seiFort": "2", "keyFire": 1, "firehouseDist": 2, "pop": 239}