{"buildingID": 4726, "county": "\u666e\u9640", "town": "\u6843\u6d66\u9547", "circleNum": 2, "builtYear": "2002", "builtHeight": 24, "storeNum": 8, "floorArea": 626.568205407, "buildArea": 5012.54564326, "seiFort": "3", "keyFire": 0, "firehouseDist": 2, "pop": 1002}