{"buildingID": 6417, "county": "\u666e\u9640", "town": "\u6843\u6d66\u9547", "circleNum": 2, "builtYear": "1992", "builtHeight": 39, "storeNum": 13, "floorArea": 733.848493465, "buildArea": 9540.03041505, "seiFort": "2", "keyFire": 0, "firehouseDist": 1, "pop": 1908}