{"buildingID": 24257, "county": "\u666e\u9640", "town": "\u957f\u5bff\u8def\u8857\u9053", "circleNum": 0, "builtYear": "1986", "builtHeight": 45, "storeNum": 15, "floorArea": 548.201150151, "buildArea": 8223.01725226, "seiFort": "2", "keyFire": 0, "firehouseDist": 1, "pop": 1644}