{"buildingID": 12993, "county": "\u666e\u9640", "town": "\u77f3\u6cc9\u8def\u8857\u9053", "circleNum": 1, "builtYear": "1991", "builtHeight": 29, "storeNum": 9, "floorArea": 2027.11603705, "buildArea": 18244.0443334, "seiFort": "2", "keyFire": 0, "firehouseDist": 2, "pop": 3648}