{"buildingID": 26201, "county": "\u666e\u9640", "town": "\u66f9\u6768\u65b0\u6751\u8857\u9053", "circleNum": 1, "builtYear": "1988", "builtHeight": 14, "storeNum": 4, "floorArea": 1152.19946802, "buildArea": 4608.79787209, "seiFort": "2", "keyFire": 0, "firehouseDist": 2, "pop": 921}