{"buildingID": 24904, "county": "\u666e\u9640", "town": "\u66f9\u6768\u65b0\u6751\u8857\u9053", "circleNum": 1, "builtYear": "pre1978", "builtHeight": 15, "storeNum": 5, "floorArea": 239.712656598, "buildArea": 1198.56328299, "seiFort": "1", "keyFire": 0, "firehouseDist": 2, "pop": 47}