{"buildingID": 14396, "county": "\u666e\u9640", "town": "\u7518\u6cc9\u8def\u8857\u9053", "circleNum": 1, "builtYear": "pre1978", "builtHeight": 28, "storeNum": 9, "floorArea": 87.7414167472, "buildArea": 789.672750725, "seiFort": "1", "keyFire": 0, "firehouseDist": 2, "pop": 31}