{"buildingID": 23922, "county": "\u666e\u9640", "town": "\u957f\u5bff\u8def\u8857\u9053", "circleNum": 0, "builtYear": "pre1978", "builtHeight": 98, "storeNum": 32, "floorArea": 1314.71775288, "buildArea": 42070.9680921, "seiFort": "1", "keyFire": 0, "firehouseDist": 1, "pop": 2103}