{"buildingID": 26192, "county": "\u666e\u9640", "town": "\u66f9\u6768\u65b0\u6751\u8857\u9053", "circleNum": 1, "builtYear": "1979-1985", "builtHeight": 11, "storeNum": 3, "floorArea": 675.308456544, "buildArea": 2025.92536963, "seiFort": "2", "keyFire": 0, "firehouseDist": 2, "pop": 405}