{"buildingID": 15026, "county": "\u666e\u9640", "town": "\u771f\u5982\u9547", "circleNum": 2, "builtYear": "pre1978", "builtHeight": 89, "storeNum": 29, "floorArea": 244.496019553, "buildArea": 7090.38456703, "seiFort": "1", "keyFire": 0, "firehouseDist": 2, "pop": 236}