{"buildingID": 10274, "county": "\u666e\u9640", "town": "\u957f\u5f81\u9547", "circleNum": 1, "builtYear": "1988", "builtHeight": 51, "storeNum": 17, "floorArea": 963.230342723, "buildArea": 16374.9158263, "seiFort": "2", "keyFire": 0, "firehouseDist": 2, "pop": 3274}