{"buildingID": 20149, "county": "\u666e\u9640", "town": "\u66f9\u6768\u65b0\u6751\u8857\u9053", "circleNum": 1, "builtYear": "pre1978", "builtHeight": 41, "storeNum": 13, "floorArea": 37.1876359823, "buildArea": 483.439267771, "seiFort": "1", "keyFire": 0, "firehouseDist": 2, "pop": 19}