{"buildingID": 24857, "county": "\u666e\u9640", "town": "\u66f9\u6768\u65b0\u6751\u8857\u9053", "circleNum": 1, "builtYear": "1979-1985", "builtHeight": 17, "storeNum": 5, "floorArea": 627.173007757, "buildArea": 3135.86503879, "seiFort": "2", "keyFire": 0, "firehouseDist": 2, "pop": 627}