{"buildingID": 12609, "county": "\u666e\u9640", "town": "\u771f\u5982\u9547", "circleNum": 2, "builtYear": "1995", "builtHeight": 11, "storeNum": 3, "floorArea": 426.082157765, "buildArea": 1278.24647329, "seiFort": "2", "keyFire": 0, "firehouseDist": 2, "pop": 255}