{"buildingID": 21509, "county": "\u666e\u9640", "town": "\u77f3\u6cc9\u8def\u8857\u9053", "circleNum": 1, "builtYear": "1979-1985", "builtHeight": 63, "storeNum": 21, "floorArea": 1073.34491438, "buildArea": 22540.243202, "seiFort": "2", "keyFire": 0, "firehouseDist": 2, "pop": 4508}