{"buildingID": 12272, "county": "\u666e\u9640", "town": "\u771f\u5982\u9547", "circleNum": 1, "builtYear": "pre1978", "builtHeight": 15, "storeNum": 5, "floorArea": 604.449609604, "buildArea": 3022.24804802, "seiFort": "1", "keyFire": 0, "firehouseDist": 2, "pop": 120}