{"buildingID": 23720, "county": "\u666e\u9640", "town": "\u66f9\u6768\u65b0\u6751\u8857\u9053", "circleNum": 1, "builtYear": "1979-1985", "builtHeight": 6, "storeNum": 2, "floorArea": 150.767884139, "buildArea": 301.535768278, "seiFort": "2", "keyFire": 0, "firehouseDist": 1, "pop": 12}