{"buildingID": 739, "county": "\u666e\u9640", "town": "\u771f\u5982\u9547", "circleNum": 2, "builtYear": "1979-1985", "builtHeight": 20, "storeNum": 6, "floorArea": 544.748307045, "buildArea": 3268.48984227, "seiFort": "2", "keyFire": 0, "firehouseDist": 1, "pop": 653}