{"buildingID": 10924, "county": "\u666e\u9640", "town": "\u957f\u5f81\u9547", "circleNum": 1, "builtYear": "1979-1985", "builtHeight": 23, "storeNum": 7, "floorArea": 2375.01735107, "buildArea": 16625.1214575, "seiFort": "2", "keyFire": 0, "firehouseDist": 3, "pop": 3325}