{"buildingID": 20721, "county": "\u666e\u9640", "town": "\u957f\u5bff\u8def\u8857\u9053", "circleNum": 0, "builtYear": "pre1978", "builtHeight": 102, "storeNum": 34, "floorArea": 498.805372229, "buildArea": 16959.3826558, "seiFort": "1", "keyFire": 1, "firehouseDist": 1, "pop": 3391}