{"buildingID": 1340, "county": "\u666e\u9640", "town": "\u6843\u6d66\u9547", "circleNum": 3, "builtYear": "1997", "builtHeight": 18, "storeNum": 6, "floorArea": 965.381310963, "buildArea": 5792.28786578, "seiFort": "2", "keyFire": 0, "firehouseDist": 3, "pop": 1158}