{"buildingID": 11064, "county": "\u666e\u9640", "town": "\u7518\u6cc9\u8def\u8857\u9053", "circleNum": 1, "builtYear": "pre1978", "builtHeight": 76, "storeNum": 25, "floorArea": 35.1210517467, "buildArea": 878.026293668, "seiFort": "1", "keyFire": 0, "firehouseDist": 2, "pop": 35}