{"buildingID": 1867, "county": "\u666e\u9640", "town": "\u6843\u6d66\u9547", "circleNum": 2, "builtYear": "2001", "builtHeight": 6, "storeNum": 2, "floorArea": 3084.21443761, "buildArea": 6168.42887521, "seiFort": "3", "keyFire": 0, "firehouseDist": 1, "pop": 1233}