{"buildingID": 11176, "county": "\u666e\u9640", "town": "\u771f\u5982\u9547", "circleNum": 2, "builtYear": "pre1978", "builtHeight": 65, "storeNum": 21, "floorArea": 234.167379457, "buildArea": 4917.51496861, "seiFort": "1", "keyFire": 0, "firehouseDist": 2, "pop": 163}