{"buildingID": 14107, "county": "\u666e\u9640", "town": "\u77f3\u6cc9\u8def\u8857\u9053", "circleNum": 1, "builtYear": "2015", "builtHeight": 6, "storeNum": 2, "floorArea": 367.910088292, "buildArea": 735.820176585, "seiFort": "3", "keyFire": 0, "firehouseDist": 2, "pop": 147}