{"buildingID": 13706, "county": "\u666e\u9640", "town": "\u771f\u5982\u9547", "circleNum": 2, "builtYear": "1979-1985", "builtHeight": 18, "storeNum": 6, "floorArea": 846.303092566, "buildArea": 5077.8185554, "seiFort": "2", "keyFire": 0, "firehouseDist": 2, "pop": 1015}