{"buildingID": 24091, "county": "\u666e\u9640", "town": "\u957f\u98ce\u65b0\u6751\u8857\u9053", "circleNum": 0, "builtYear": "pre1978", "builtHeight": 6, "storeNum": 2, "floorArea": 178.387094179, "buildArea": 356.774188358, "seiFort": "1", "keyFire": 1, "firehouseDist": 2, "pop": 17}