{"buildingID": 27457, "county": "\u666e\u9640", "town": "\u957f\u5f81\u9547", "circleNum": 1, "builtYear": "1979-1985", "builtHeight": 17, "storeNum": 5, "floorArea": 81.0795346861, "buildArea": 405.39767343, "seiFort": "2", "keyFire": 0, "firehouseDist": 2, "pop": 16}