{"buildingID": 13829, "county": "\u666e\u9640", "town": "\u77f3\u6cc9\u8def\u8857\u9053", "circleNum": 1, "builtYear": "1990", "builtHeight": 104, "storeNum": 34, "floorArea": 42.216190345, "buildArea": 1435.35047173, "seiFort": "2", "keyFire": 0, "firehouseDist": 2, "pop": 287}