{"buildingID": 25389, "county": "\u666e\u9640", "town": "\u957f\u5f81\u9547", "circleNum": 1, "builtYear": "1979-1985", "builtHeight": 12, "storeNum": 4, "floorArea": 435.502673667, "buildArea": 1742.01069467, "seiFort": "2", "keyFire": 0, "firehouseDist": 2, "pop": 348}