{"buildingID": 14384, "county": "\u666e\u9640", "town": "\u77f3\u6cc9\u8def\u8857\u9053", "circleNum": 1, "builtYear": "1979-1985", "builtHeight": 7, "storeNum": 2, "floorArea": 686.428969193, "buildArea": 1372.85793839, "seiFort": "2", "keyFire": 0, "firehouseDist": 2, "pop": 274}