{"buildingID": 10652, "county": "\u666e\u9640", "town": "\u771f\u5982\u9547", "circleNum": 2, "builtYear": "2000", "builtHeight": 35, "storeNum": 11, "floorArea": 63.5141698666, "buildArea": 698.655868533, "seiFort": "3", "keyFire": 0, "firehouseDist": 2, "pop": 23}