{"buildingID": 9234, "county": "\u666e\u9640", "town": "\u6843\u6d66\u9547", "circleNum": 2, "builtYear": "1979-1985", "builtHeight": 10, "storeNum": 3, "floorArea": 2323.39760604, "buildArea": 6970.19281813, "seiFort": "2", "keyFire": 0, "firehouseDist": 1, "pop": 1394}