{"buildingID": 17798, "county": "\u666e\u9640", "town": "\u957f\u5f81\u9547", "circleNum": 2, "builtYear": "1979-1985", "builtHeight": 3, "storeNum": 1, "floorArea": 18.9381847447, "buildArea": 18.9381847447, "seiFort": "2", "keyFire": 0, "firehouseDist": 4, "pop": 1}