{"buildingID": 501, "county": "\u666e\u9640", "town": "\u6843\u6d66\u9547", "circleNum": 3, "builtYear": "1994", "builtHeight": 54, "storeNum": 18, "floorArea": 2302.49286606, "buildArea": 41444.871589, "seiFort": "2", "keyFire": 0, "firehouseDist": 5, "pop": 8288}