{"buildingID": 6317, "county": "\u666e\u9640", "town": "\u6843\u6d66\u9547", "circleNum": 2, "builtYear": "2001", "builtHeight": 15, "storeNum": 5, "floorArea": 898.353990566, "buildArea": 4491.76995283, "seiFort": "3", "keyFire": 0, "firehouseDist": 2, "pop": 898}