{"buildingID": 9096, "county": "\u666e\u9640", "town": "\u7518\u6cc9\u8def\u8857\u9053", "circleNum": 1, "builtYear": "1993", "builtHeight": 17, "storeNum": 5, "floorArea": 572.674023387, "buildArea": 2863.37011693, "seiFort": "2", "keyFire": 0, "firehouseDist": 3, "pop": 572}