{"buildingID": 23565, "county": "\u666e\u9640", "town": "\u66f9\u6768\u65b0\u6751\u8857\u9053", "circleNum": 1, "builtYear": "pre1978", "builtHeight": 14, "storeNum": 4, "floorArea": 80.3854150673, "buildArea": 321.541660269, "seiFort": "1", "keyFire": 0, "firehouseDist": 1, "pop": 12}