{"buildingID": 11065, "county": "\u666e\u9640", "town": "\u7518\u6cc9\u8def\u8857\u9053", "circleNum": 1, "builtYear": "pre1978", "builtHeight": 60, "storeNum": 20, "floorArea": 145.532277562, "buildArea": 2910.64555124, "seiFort": "1", "keyFire": 0, "firehouseDist": 2, "pop": 116}