{"buildingID": 20195, "county": "\u666e\u9640", "town": "\u66f9\u6768\u65b0\u6751\u8857\u9053", "circleNum": 1, "builtYear": "1988", "builtHeight": 7, "storeNum": 2, "floorArea": 78.3876876245, "buildArea": 156.775375249, "seiFort": "2", "keyFire": 0, "firehouseDist": 2, "pop": 6}