{"buildingID": 17855, "county": "\u666e\u9640", "town": "\u77f3\u6cc9\u8def\u8857\u9053", "circleNum": 1, "builtYear": "pre1978", "builtHeight": 58, "storeNum": 19, "floorArea": 748.586009948, "buildArea": 14223.134189, "seiFort": "1", "keyFire": 0, "firehouseDist": 1, "pop": 568}