{"buildingID": 13745, "county": "\u666e\u9640", "town": "\u771f\u5982\u9547", "circleNum": 1, "builtYear": "1992", "builtHeight": 6, "storeNum": 2, "floorArea": 416.209295801, "buildArea": 832.418591602, "seiFort": "2", "keyFire": 0, "firehouseDist": 2, "pop": 166}