{"buildingID": 11307, "county": "\u666e\u9640", "town": "\u771f\u5982\u9547", "circleNum": 2, "builtYear": "2000", "builtHeight": 15, "storeNum": 5, "floorArea": 647.25449851, "buildArea": 3236.27249255, "seiFort": "3", "keyFire": 1, "firehouseDist": 2, "pop": 647}