{"buildingID": 26553, "county": "\u666e\u9640", "town": "\u957f\u98ce\u65b0\u6751\u8857\u9053", "circleNum": 0, "builtYear": "pre1978", "builtHeight": 15, "storeNum": 5, "floorArea": 539.657293954, "buildArea": 2698.28646977, "seiFort": "1", "keyFire": 0, "firehouseDist": 1, "pop": 134}