{"buildingID": 12256, "county": "\u666e\u9640", "town": "\u771f\u5982\u9547", "circleNum": 1, "builtYear": "1986", "builtHeight": 33, "storeNum": 11, "floorArea": 179.542417767, "buildArea": 1974.96659544, "seiFort": "2", "keyFire": 0, "firehouseDist": 1, "pop": 78}