{"buildingID": 11250, "county": "\u666e\u9640", "town": "\u7518\u6cc9\u8def\u8857\u9053", "circleNum": 1, "builtYear": "1986", "builtHeight": 20, "storeNum": 6, "floorArea": 364.523153927, "buildArea": 2187.13892356, "seiFort": "2", "keyFire": 0, "firehouseDist": 2, "pop": 437}