{"buildingID": 13621, "county": "\u666e\u9640", "town": "\u771f\u5982\u9547", "circleNum": 1, "builtYear": "1987", "builtHeight": 19, "storeNum": 6, "floorArea": 1154.26777728, "buildArea": 6925.60666369, "seiFort": "2", "keyFire": 0, "firehouseDist": 2, "pop": 1385}