{"buildingID": 5626, "county": "\u666e\u9640", "town": "\u6843\u6d66\u9547", "circleNum": 2, "builtYear": "1995", "builtHeight": 13, "storeNum": 4, "floorArea": 862.186581084, "buildArea": 3448.74632434, "seiFort": "2", "keyFire": 0, "firehouseDist": 1, "pop": 689}