{"buildingID": 4690, "county": "\u666e\u9640", "town": "\u6843\u6d66\u9547", "circleNum": 2, "builtYear": "1998", "builtHeight": 28, "storeNum": 9, "floorArea": 6004.57381035, "buildArea": 54041.1642931, "seiFort": "2", "keyFire": 0, "firehouseDist": 2, "pop": 10808}