{"buildingID": 4744, "county": "\u666e\u9640", "town": "\u6843\u6d66\u9547", "circleNum": 2, "builtYear": "2009", "builtHeight": 19, "storeNum": 6, "floorArea": 3051.51525101, "buildArea": 18309.0915061, "seiFort": "3", "keyFire": 0, "firehouseDist": 2, "pop": 3661}