{"buildingID": 13931, "county": "\u666e\u9640", "town": "\u77f3\u6cc9\u8def\u8857\u9053", "circleNum": 1, "builtYear": "1987", "builtHeight": 8, "storeNum": 2, "floorArea": 4246.0857345, "buildArea": 8492.17146899, "seiFort": "2", "keyFire": 0, "firehouseDist": 2, "pop": 1698}