{"buildingID": 20243, "county": "\u666e\u9640", "town": "\u77f3\u6cc9\u8def\u8857\u9053", "circleNum": 1, "builtYear": "pre1978", "builtHeight": 58, "storeNum": 19, "floorArea": 63.8235113559, "buildArea": 1212.64671576, "seiFort": "1", "keyFire": 0, "firehouseDist": 1, "pop": 48}