{"buildingID": 4197, "county": "\u666e\u9640", "town": "\u6843\u6d66\u9547", "circleNum": 2, "builtYear": "2003", "builtHeight": 12, "storeNum": 4, "floorArea": 408.201750413, "buildArea": 1632.80700165, "seiFort": "3", "keyFire": 0, "firehouseDist": 2, "pop": 326}