{"buildingID": 9885, "county": "\u666e\u9640", "town": "\u77f3\u6cc9\u8def\u8857\u9053", "circleNum": 1, "builtYear": "1988", "builtHeight": 14, "storeNum": 4, "floorArea": 368.228463372, "buildArea": 1472.91385349, "seiFort": "2", "keyFire": 0, "firehouseDist": 2, "pop": 294}