{"buildingID": 19585, "county": "\u666e\u9640", "town": "\u957f\u98ce\u65b0\u6751\u8857\u9053", "circleNum": 1, "builtYear": "2002", "builtHeight": 7, "storeNum": 2, "floorArea": 179.585344674, "buildArea": 359.170689348, "seiFort": "3", "keyFire": 0, "firehouseDist": 3, "pop": 14}