{"buildingID": 4583, "county": "\u666e\u9640", "town": "\u6843\u6d66\u9547", "circleNum": 2, "builtYear": "1994", "builtHeight": 46, "storeNum": 15, "floorArea": 128.401991034, "buildArea": 1926.02986551, "seiFort": "2", "keyFire": 0, "firehouseDist": 2, "pop": 64}