{"buildingID": 17424, "county": "\u666e\u9640", "town": "\u957f\u5f81\u9547", "circleNum": 2, "builtYear": "1979-1985", "builtHeight": 14, "storeNum": 4, "floorArea": 511.207883833, "buildArea": 2044.83153533, "seiFort": "2", "keyFire": 0, "firehouseDist": 2, "pop": 408}