{"buildingID": 10322, "county": "\u666e\u9640", "town": "\u7518\u6cc9\u8def\u8857\u9053", "circleNum": 1, "builtYear": "pre1978", "builtHeight": 20, "storeNum": 6, "floorArea": 620.678014938, "buildArea": 3724.06808963, "seiFort": "1", "keyFire": 0, "firehouseDist": 3, "pop": 148}