{"buildingID": 24690, "county": "\u666e\u9640", "town": "\u957f\u5f81\u9547", "circleNum": 1, "builtYear": "1996", "builtHeight": 19, "storeNum": 6, "floorArea": 914.132834752, "buildArea": 5484.79700851, "seiFort": "2", "keyFire": 0, "firehouseDist": 2, "pop": 1096}