{"buildingID": 16991, "county": "\u666e\u9640", "town": "\u77f3\u6cc9\u8def\u8857\u9053", "circleNum": 1, "builtYear": "pre1978", "builtHeight": 18, "storeNum": 6, "floorArea": 463.477491422, "buildArea": 2780.86494853, "seiFort": "1", "keyFire": 1, "firehouseDist": 2, "pop": 111}