{"buildingID": 10423, "county": "\u666e\u9640", "town": "\u7518\u6cc9\u8def\u8857\u9053", "circleNum": 1, "builtYear": "pre1978", "builtHeight": 16, "storeNum": 5, "floorArea": 690.181706398, "buildArea": 3450.90853199, "seiFort": "1", "keyFire": 0, "firehouseDist": 2, "pop": 138}