{"buildingID": 10739, "county": "\u666e\u9640", "town": "\u771f\u5982\u9547", "circleNum": 1, "builtYear": "pre1978", "builtHeight": 73, "storeNum": 24, "floorArea": 474.045137009, "buildArea": 11377.0832882, "seiFort": "1", "keyFire": 0, "firehouseDist": 1, "pop": 455}