{"buildingID": 13532, "county": "\u666e\u9640", "town": "\u771f\u5982\u9547", "circleNum": 1, "builtYear": "1987", "builtHeight": 49, "storeNum": 16, "floorArea": 220.621399595, "buildArea": 3529.94239353, "seiFort": "2", "keyFire": 0, "firehouseDist": 2, "pop": 705}