{"buildingID": 531, "county": "\u666e\u9640", "town": "\u6843\u6d66\u9547", "circleNum": 3, "builtYear": "pre1978", "builtHeight": 54, "storeNum": 18, "floorArea": 2542.03339392, "buildArea": 45756.6010906, "seiFort": "1", "keyFire": 1, "firehouseDist": 5, "pop": 1525}