{"buildingID": 9232, "county": "\u666e\u9640", "town": "\u6843\u6d66\u9547", "circleNum": 2, "builtYear": "1990", "builtHeight": 10, "storeNum": 3, "floorArea": 217.203799936, "buildArea": 651.611399808, "seiFort": "2", "keyFire": 0, "firehouseDist": 2, "pop": 130}