{"buildingID": 15469, "county": "\u666e\u9640", "town": "\u77f3\u6cc9\u8def\u8857\u9053", "circleNum": 1, "builtYear": "1979-1985", "builtHeight": 16, "storeNum": 5, "floorArea": 557.630957905, "buildArea": 2788.15478952, "seiFort": "2", "keyFire": 0, "firehouseDist": 2, "pop": 557}