{"buildingID": 11665, "county": "\u666e\u9640", "town": "\u771f\u5982\u9547", "circleNum": 2, "builtYear": "1995", "builtHeight": 29, "storeNum": 9, "floorArea": 51.0436142769, "buildArea": 459.392528492, "seiFort": "2", "keyFire": 0, "firehouseDist": 2, "pop": 15}