{"buildingID": 8324, "county": "\u666e\u9640", "town": "\u6843\u6d66\u9547", "circleNum": 2, "builtYear": "1979-1985", "builtHeight": 6, "storeNum": 2, "floorArea": 101.228899316, "buildArea": 202.457798632, "seiFort": "2", "keyFire": 0, "firehouseDist": 1, "pop": 6}