{"buildingID": 16019, "county": "\u666e\u9640", "town": "\u771f\u5982\u9547", "circleNum": 1, "builtYear": "1979-1985", "builtHeight": 9, "storeNum": 3, "floorArea": 893.23805188, "buildArea": 2679.71415564, "seiFort": "2", "keyFire": 0, "firehouseDist": 1, "pop": 535}