{"buildingID": 1664, "county": "\u666e\u9640", "town": "\u6843\u6d66\u9547", "circleNum": 3, "builtYear": "2004", "builtHeight": 18, "storeNum": 6, "floorArea": 947.208647807, "buildArea": 5683.25188684, "seiFort": "3", "keyFire": 0, "firehouseDist": 3, "pop": 1136}