{"buildingID": 7041, "county": "\u666e\u9640", "town": "\u6843\u6d66\u9547", "circleNum": 2, "builtYear": "1996", "builtHeight": 12, "storeNum": 4, "floorArea": 200.180408728, "buildArea": 800.721634913, "seiFort": "2", "keyFire": 0, "firehouseDist": 1, "pop": 160}