{"buildingID": 5413, "county": "\u666e\u9640", "town": "\u6843\u6d66\u9547", "circleNum": 2, "builtYear": "2017", "builtHeight": 44, "storeNum": 14, "floorArea": 121.003010912, "buildArea": 1694.04215276, "seiFort": "3", "keyFire": 0, "firehouseDist": 1, "pop": 56}