{"buildingID": 8021, "county": "\u666e\u9640", "town": "\u7518\u6cc9\u8def\u8857\u9053", "circleNum": 1, "builtYear": "1979-1985", "builtHeight": 19, "storeNum": 6, "floorArea": 243.898526466, "buildArea": 1463.3911588, "seiFort": "2", "keyFire": 0, "firehouseDist": 2, "pop": 292}