{"buildingID": 14579, "county": "\u666e\u9640", "town": "\u771f\u5982\u9547", "circleNum": 2, "builtYear": "1985", "builtHeight": 8, "storeNum": 2, "floorArea": 281.107900634, "buildArea": 562.215801268, "seiFort": "2", "keyFire": 0, "firehouseDist": 1, "pop": 112}