{"buildingID": 9108, "county": "\u666e\u9640", "town": "\u7518\u6cc9\u8def\u8857\u9053", "circleNum": 1, "builtYear": "pre1978", "builtHeight": 19, "storeNum": 6, "floorArea": 560.375505203, "buildArea": 3362.25303122, "seiFort": "1", "keyFire": 0, "firehouseDist": 3, "pop": 134}