{"buildingID": 5159, "county": "\u666e\u9640", "town": "\u6843\u6d66\u9547", "circleNum": 2, "builtYear": "2008", "builtHeight": 18, "storeNum": 6, "floorArea": 419.705638773, "buildArea": 2518.23383264, "seiFort": "3", "keyFire": 0, "firehouseDist": 2, "pop": 503}