{"buildingID": 10003, "county": "\u666e\u9640", "town": "\u7518\u6cc9\u8def\u8857\u9053", "circleNum": 1, "builtYear": "1987", "builtHeight": 21, "storeNum": 7, "floorArea": 364.470221738, "buildArea": 2551.29155217, "seiFort": "2", "keyFire": 0, "firehouseDist": 3, "pop": 510}