{"buildingID": 12814, "county": "\u666e\u9640", "town": "\u5b9c\u5ddd\u8def\u8857\u9053", "circleNum": 1, "builtYear": "1979-1985", "builtHeight": 59, "storeNum": 19, "floorArea": 369.45007286, "buildArea": 7019.55138434, "seiFort": "2", "keyFire": 0, "firehouseDist": 2, "pop": 1403}