{"buildingID": 26477, "county": "\u666e\u9640", "town": "\u957f\u5bff\u8def\u8857\u9053", "circleNum": 0, "builtYear": "1979-1985", "builtHeight": 26, "storeNum": 8, "floorArea": 910.118332827, "buildArea": 7280.94666262, "seiFort": "2", "keyFire": 0, "firehouseDist": 1, "pop": 1456}