{"buildingID": 18895, "county": "\u666e\u9640", "town": "\u957f\u5f81\u9547", "circleNum": 2, "builtYear": "1994", "builtHeight": 16, "storeNum": 5, "floorArea": 1494.09285872, "buildArea": 7470.46429359, "seiFort": "2", "keyFire": 0, "firehouseDist": 3, "pop": 1494}