{"buildingID": 12270, "county": "\u666e\u9640", "town": "\u771f\u5982\u9547", "circleNum": 1, "builtYear": "1991", "builtHeight": 16, "storeNum": 5, "floorArea": 670.697881231, "buildArea": 3353.48940616, "seiFort": "2", "keyFire": 0, "firehouseDist": 2, "pop": 670}