{"buildingID": 28939, "county": "\u666e\u9640", "town": "\u957f\u98ce\u65b0\u6751\u8857\u9053", "circleNum": 1, "builtYear": "1990", "builtHeight": 44, "storeNum": 14, "floorArea": 639.272329539, "buildArea": 8949.81261355, "seiFort": "2", "keyFire": 0, "firehouseDist": 4, "pop": 1789}