{"buildingID": 24378, "county": "\u666e\u9640", "town": "\u957f\u5f81\u9547", "circleNum": 1, "builtYear": "2000", "builtHeight": 21, "storeNum": 7, "floorArea": 830.781624364, "buildArea": 5815.47137055, "seiFort": "3", "keyFire": 0, "firehouseDist": 2, "pop": 1163}