{"buildingID": 25444, "county": "\u666e\u9640", "town": "\u66f9\u6768\u65b0\u6751\u8857\u9053", "circleNum": 1, "builtYear": "pre1978", "builtHeight": 15, "storeNum": 5, "floorArea": 267.152176133, "buildArea": 1335.76088067, "seiFort": "1", "keyFire": 0, "firehouseDist": 1, "pop": 53}