{"buildingID": 10764, "county": "\u666e\u9640", "town": "\u771f\u5982\u9547", "circleNum": 1, "builtYear": "1993", "builtHeight": 6, "storeNum": 2, "floorArea": 546.623084464, "buildArea": 1093.24616893, "seiFort": "2", "keyFire": 0, "firehouseDist": 2, "pop": 218}