{"buildingID": 11455, "county": "\u666e\u9640", "town": "\u771f\u5982\u9547", "circleNum": 1, "builtYear": "1997", "builtHeight": 3, "storeNum": 1, "floorArea": 1853.04911836, "buildArea": 1853.04911836, "seiFort": "2", "keyFire": 0, "firehouseDist": 1, "pop": 370}