{"buildingID": 335, "county": "\u666e\u9640", "town": "\u6843\u6d66\u9547", "circleNum": 3, "builtYear": "2013", "builtHeight": 18, "storeNum": 6, "floorArea": 1933.57624468, "buildArea": 11601.4574681, "seiFort": "3", "keyFire": 0, "firehouseDist": 3, "pop": 2320}