{"buildingID": 22008, "county": "\u666e\u9640", "town": "\u957f\u5bff\u8def\u8857\u9053", "circleNum": 0, "builtYear": "2017", "builtHeight": 63, "storeNum": 21, "floorArea": 137.382632023, "buildArea": 2885.03527248, "seiFort": "3", "keyFire": 0, "firehouseDist": 1, "pop": 144}