{"buildingID": 28998, "county": "\u666e\u9640", "town": "\u957f\u98ce\u65b0\u6751\u8857\u9053", "circleNum": 1, "builtYear": "pre1978", "builtHeight": 101, "storeNum": 33, "floorArea": 1127.63960696, "buildArea": 37212.1070296, "seiFort": "1", "keyFire": 0, "firehouseDist": 3, "pop": 7442}