{"buildingID": 12829, "county": "\u666e\u9640", "town": "\u7518\u6cc9\u8def\u8857\u9053", "circleNum": 1, "builtYear": "pre1978", "builtHeight": 51, "storeNum": 17, "floorArea": 687.489274725, "buildArea": 11687.3176703, "seiFort": "1", "keyFire": 0, "firehouseDist": 2, "pop": 467}