{"buildingID": 28575, "county": "\u666e\u9640", "town": "\u957f\u98ce\u65b0\u6751\u8857\u9053", "circleNum": 1, "builtYear": "1988", "builtHeight": 25, "storeNum": 8, "floorArea": 1368.5699219, "buildArea": 10948.5593752, "seiFort": "2", "keyFire": 0, "firehouseDist": 3, "pop": 2189}