{"buildingID": 7902, "county": "\u666e\u9640", "town": "\u771f\u5982\u9547", "circleNum": 1, "builtYear": "1986", "builtHeight": 32, "storeNum": 10, "floorArea": 120.394873467, "buildArea": 1203.94873467, "seiFort": "2", "keyFire": 0, "firehouseDist": 2, "pop": 48}