{"buildingID": 24104, "county": "\u666e\u9640", "town": "\u957f\u5bff\u8def\u8857\u9053", "circleNum": 0, "builtYear": "1979-1985", "builtHeight": 3, "storeNum": 1, "floorArea": 411.909119386, "buildArea": 411.909119386, "seiFort": "2", "keyFire": 0, "firehouseDist": 1, "pop": 82}