{"buildingID": 12512, "county": "\u666e\u9640", "town": "\u77f3\u6cc9\u8def\u8857\u9053", "circleNum": 1, "builtYear": "1989", "builtHeight": 13, "storeNum": 4, "floorArea": 646.891730604, "buildArea": 2587.56692241, "seiFort": "2", "keyFire": 0, "firehouseDist": 3, "pop": 517}