{"buildingID": 15976, "county": "\u666e\u9640", "town": "\u771f\u5982\u9547", "circleNum": 1, "builtYear": "1986", "builtHeight": 6, "storeNum": 2, "floorArea": 560.896711884, "buildArea": 1121.79342377, "seiFort": "2", "keyFire": 0, "firehouseDist": 1, "pop": 224}