{"buildingID": 28464, "county": "\u666e\u9640", "town": "\u957f\u98ce\u65b0\u6751\u8857\u9053", "circleNum": 0, "builtYear": "pre1978", "builtHeight": 50, "storeNum": 16, "floorArea": 1304.81304238, "buildArea": 20877.008678, "seiFort": "1", "keyFire": 0, "firehouseDist": 2, "pop": 1043}