{"buildingID": 28640, "county": "\u666e\u9640", "town": "\u957f\u98ce\u65b0\u6751\u8857\u9053", "circleNum": 1, "builtYear": "pre1978", "builtHeight": 11, "storeNum": 3, "floorArea": 620.928352509, "buildArea": 1862.78505753, "seiFort": "1", "keyFire": 0, "firehouseDist": 3, "pop": 74}