{"buildingID": 15072, "county": "\u666e\u9640", "town": "\u771f\u5982\u9547", "circleNum": 2, "builtYear": "2017", "builtHeight": 11, "storeNum": 3, "floorArea": 965.663236629, "buildArea": 2896.98970989, "seiFort": "3", "keyFire": 0, "firehouseDist": 1, "pop": 579}