{"buildingID": 14044, "county": "\u666e\u9640", "town": "\u771f\u5982\u9547", "circleNum": 2, "builtYear": "1979-1985", "builtHeight": 13, "storeNum": 4, "floorArea": 388.996446449, "buildArea": 1555.9857858, "seiFort": "2", "keyFire": 0, "firehouseDist": 1, "pop": 311}