{"buildingID": 15749, "county": "\u666e\u9640", "town": "\u771f\u5982\u9547", "circleNum": 2, "builtYear": "1996", "builtHeight": 21, "storeNum": 7, "floorArea": 517.606941535, "buildArea": 3623.24859074, "seiFort": "2", "keyFire": 0, "firehouseDist": 1, "pop": 724}