{"buildingID": 10505, "county": "\u666e\u9640", "town": "\u7518\u6cc9\u8def\u8857\u9053", "circleNum": 1, "builtYear": "pre1978", "builtHeight": 20, "storeNum": 6, "floorArea": 675.800042487, "buildArea": 4054.80025492, "seiFort": "1", "keyFire": 0, "firehouseDist": 3, "pop": 162}