{"buildingID": 13878, "county": "\u666e\u9640", "town": "\u771f\u5982\u9547", "circleNum": 1, "builtYear": "1991", "builtHeight": 23, "storeNum": 7, "floorArea": 36.1393831983, "buildArea": 252.975682388, "seiFort": "2", "keyFire": 0, "firehouseDist": 2, "pop": 10}