{"buildingID": 14001, "county": "\u666e\u9640", "town": "\u77f3\u6cc9\u8def\u8857\u9053", "circleNum": 1, "builtYear": "pre1978", "builtHeight": 18, "storeNum": 6, "floorArea": 735.950282277, "buildArea": 4415.70169366, "seiFort": "1", "keyFire": 1, "firehouseDist": 2, "pop": 176}