{"buildingID": 14665, "county": "\u666e\u9640", "town": "\u77f3\u6cc9\u8def\u8857\u9053", "circleNum": 1, "builtYear": "1986", "builtHeight": 16, "storeNum": 5, "floorArea": 980.494310091, "buildArea": 4902.47155045, "seiFort": "2", "keyFire": 0, "firehouseDist": 2, "pop": 980}