{"buildingID": 1799, "county": "\u666e\u9640", "town": "\u6843\u6d66\u9547", "circleNum": 2, "builtYear": "1996", "builtHeight": 16, "storeNum": 5, "floorArea": 721.243111949, "buildArea": 3606.21555974, "seiFort": "2", "keyFire": 0, "firehouseDist": 2, "pop": 721}