{"buildingID": 8803, "county": "\u666e\u9640", "town": "\u6843\u6d66\u9547", "circleNum": 2, "builtYear": "1979-1985", "builtHeight": 7, "storeNum": 2, "floorArea": 6658.68014266, "buildArea": 13317.3602853, "seiFort": "2", "keyFire": 0, "firehouseDist": 2, "pop": 2663}