{"buildingID": 24972, "county": "\u666e\u9640", "town": "\u957f\u5bff\u8def\u8857\u9053", "circleNum": 0, "builtYear": "1979-1985", "builtHeight": 95, "storeNum": 31, "floorArea": 1407.33000261, "buildArea": 43627.2300809, "seiFort": "2", "keyFire": 1, "firehouseDist": 1, "pop": 8725}