{"buildingID": 10648, "county": "\u666e\u9640", "town": "\u6843\u6d66\u9547", "circleNum": 2, "builtYear": "1991", "builtHeight": 10, "storeNum": 3, "floorArea": 439.924896958, "buildArea": 1319.77469088, "seiFort": "2", "keyFire": 0, "firehouseDist": 2, "pop": 263}