{"buildingID": 1586, "county": "\u666e\u9640", "town": "\u6843\u6d66\u9547", "circleNum": 3, "builtYear": "1995", "builtHeight": 18, "storeNum": 6, "floorArea": 331.603652109, "buildArea": 1989.62191265, "seiFort": "2", "keyFire": 0, "firehouseDist": 3, "pop": 397}