{"buildingID": 5667, "county": "\u666e\u9640", "town": "\u6843\u6d66\u9547", "circleNum": 2, "builtYear": "1998", "builtHeight": 52, "storeNum": 17, "floorArea": 82.1588528333, "buildArea": 1396.70049817, "seiFort": "2", "keyFire": 0, "firehouseDist": 2, "pop": 46}