{"buildingID": 5294, "county": "\u666e\u9640", "town": "\u6843\u6d66\u9547", "circleNum": 2, "builtYear": "2000", "builtHeight": 43, "storeNum": 14, "floorArea": 119.021967498, "buildArea": 1666.30754497, "seiFort": "3", "keyFire": 0, "firehouseDist": 1, "pop": 55}