{"buildingID": 21771, "county": "\u666e\u9640", "town": "\u66f9\u6768\u65b0\u6751\u8857\u9053", "circleNum": 1, "builtYear": "pre1978", "builtHeight": 3, "storeNum": 1, "floorArea": 359.827974274, "buildArea": 359.827974274, "seiFort": "1", "keyFire": 0, "firehouseDist": 1, "pop": 14}