{"buildingID": 28612, "county": "\u666e\u9640", "town": "\u957f\u98ce\u65b0\u6751\u8857\u9053", "circleNum": 1, "builtYear": "1998", "builtHeight": 6, "storeNum": 2, "floorArea": 141.919095786, "buildArea": 283.838191573, "seiFort": "2", "keyFire": 0, "firehouseDist": 3, "pop": 11}