{"buildingID": 12501, "county": "\u666e\u9640", "town": "\u77f3\u6cc9\u8def\u8857\u9053", "circleNum": 1, "builtYear": "1986", "builtHeight": 18, "storeNum": 6, "floorArea": 428.244803711, "buildArea": 2569.46882227, "seiFort": "2", "keyFire": 0, "firehouseDist": 2, "pop": 513}