{"buildingID": 28095, "county": "\u666e\u9640", "town": "\u957f\u98ce\u65b0\u6751\u8857\u9053", "circleNum": 0, "builtYear": "pre1978", "builtHeight": 34, "storeNum": 11, "floorArea": 183.830130533, "buildArea": 2022.13143587, "seiFort": "1", "keyFire": 0, "firehouseDist": 1, "pop": 101}