{"buildingID": 15644, "county": "\u666e\u9640", "town": "\u5b9c\u5ddd\u8def\u8857\u9053", "circleNum": 0, "builtYear": "1979-1985", "builtHeight": 106, "storeNum": 35, "floorArea": 3598.29777325, "buildArea": 125940.422064, "seiFort": "2", "keyFire": 0, "firehouseDist": 2, "pop": 25188}