{"buildingID": 17854, "county": "\u666e\u9640", "town": "\u77f3\u6cc9\u8def\u8857\u9053", "circleNum": 1, "builtYear": "pre1978", "builtHeight": 30, "storeNum": 10, "floorArea": 505.883052389, "buildArea": 5058.83052389, "seiFort": "1", "keyFire": 0, "firehouseDist": 1, "pop": 202}