{"buildingID": 14512, "county": "\u666e\u9640", "town": "\u771f\u5982\u9547", "circleNum": 2, "builtYear": "1996", "builtHeight": 15, "storeNum": 5, "floorArea": 1021.59216436, "buildArea": 5107.96082181, "seiFort": "2", "keyFire": 0, "firehouseDist": 2, "pop": 1021}