{"buildingID": 7132, "county": "\u666e\u9640", "town": "\u957f\u5f81\u9547", "circleNum": 1, "builtYear": "1998", "builtHeight": 39, "storeNum": 13, "floorArea": 987.260028466, "buildArea": 12834.3803701, "seiFort": "2", "keyFire": 0, "firehouseDist": 1, "pop": 2566}