{"buildingID": 13751, "county": "\u666e\u9640", "town": "\u771f\u5982\u9547", "circleNum": 1, "builtYear": "1994", "builtHeight": 3, "storeNum": 1, "floorArea": 613.283542702, "buildArea": 613.283542702, "seiFort": "2", "keyFire": 0, "firehouseDist": 2, "pop": 122}