{"buildingID": 5490, "county": "\u666e\u9640", "town": "\u6843\u6d66\u9547", "circleNum": 2, "builtYear": "pre1978", "builtHeight": 34, "storeNum": 11, "floorArea": 496.523853631, "buildArea": 5461.76238995, "seiFort": "1", "keyFire": 0, "firehouseDist": 1, "pop": 182}