{"buildingID": 23678, "county": "\u666e\u9640", "town": "\u66f9\u6768\u65b0\u6751\u8857\u9053", "circleNum": 1, "builtYear": "1979-1985", "builtHeight": 23, "storeNum": 7, "floorArea": 2874.21909253, "buildArea": 20119.5336477, "seiFort": "2", "keyFire": 0, "firehouseDist": 1, "pop": 4023}