{"buildingID": 4540, "county": "\u666e\u9640", "town": "\u6843\u6d66\u9547", "circleNum": 2, "builtYear": "1997", "builtHeight": 41, "storeNum": 13, "floorArea": 44.7770868413, "buildArea": 582.102128937, "seiFort": "2", "keyFire": 0, "firehouseDist": 2, "pop": 19}