{"buildingID": 27029, "county": "\u666e\u9640", "town": "\u957f\u98ce\u65b0\u6751\u8857\u9053", "circleNum": 0, "builtYear": "pre1978", "builtHeight": 24, "storeNum": 8, "floorArea": 2218.22979986, "buildArea": 17745.8383989, "seiFort": "1", "keyFire": 0, "firehouseDist": 1, "pop": 887}