{"buildingID": 5465, "county": "\u666e\u9640", "town": "\u6843\u6d66\u9547", "circleNum": 2, "builtYear": "pre1978", "builtHeight": 104, "storeNum": 34, "floorArea": 266.313017159, "buildArea": 9054.64258342, "seiFort": "1", "keyFire": 0, "firehouseDist": 2, "pop": 1810}