{"buildingID": 26675, "county": "\u666e\u9640", "town": "\u957f\u98ce\u65b0\u6751\u8857\u9053", "circleNum": 1, "builtYear": "pre1978", "builtHeight": 13, "storeNum": 4, "floorArea": 467.682600971, "buildArea": 1870.73040389, "seiFort": "1", "keyFire": 0, "firehouseDist": 3, "pop": 74}