{"buildingID": 17217, "county": "\u666e\u9640", "town": "\u957f\u5f81\u9547", "circleNum": 2, "builtYear": "2010", "builtHeight": 35, "storeNum": 11, "floorArea": 408.697710889, "buildArea": 4495.67481978, "seiFort": "3", "keyFire": 0, "firehouseDist": 1, "pop": 899}