{"buildingID": 10094, "county": "\u666e\u9640", "town": "\u771f\u5982\u9547", "circleNum": 2, "builtYear": "1997", "builtHeight": 15, "storeNum": 5, "floorArea": 1405.55514931, "buildArea": 7027.77574656, "seiFort": "2", "keyFire": 0, "firehouseDist": 2, "pop": 1405}