{"buildingID": 10109, "county": "\u666e\u9640", "town": "\u771f\u5982\u9547", "circleNum": 2, "builtYear": "2001", "builtHeight": 20, "storeNum": 6, "floorArea": 1519.60045305, "buildArea": 9117.60271829, "seiFort": "3", "keyFire": 0, "firehouseDist": 2, "pop": 1823}