{"buildingID": 23825, "county": "\u666e\u9640", "town": "\u957f\u5f81\u9547", "circleNum": 1, "builtYear": "1989", "builtHeight": 29, "storeNum": 9, "floorArea": 755.301092995, "buildArea": 6797.70983696, "seiFort": "2", "keyFire": 0, "firehouseDist": 2, "pop": 1359}