{"buildingID": 12726, "county": "\u666e\u9640", "town": "\u771f\u5982\u9547", "circleNum": 1, "builtYear": "pre1978", "builtHeight": 54, "storeNum": 18, "floorArea": 639.92303855, "buildArea": 11518.6146939, "seiFort": "1", "keyFire": 0, "firehouseDist": 2, "pop": 460}