{"buildingID": 207, "county": "\u666e\u9640", "town": "\u6843\u6d66\u9547", "circleNum": 3, "builtYear": "2008", "builtHeight": 54, "storeNum": 18, "floorArea": 619.252792896, "buildArea": 11146.5502721, "seiFort": "3", "keyFire": 0, "firehouseDist": 3, "pop": 2229}