{"buildingID": 10328, "county": "\u666e\u9640", "town": "\u7518\u6cc9\u8def\u8857\u9053", "circleNum": 1, "builtYear": "pre1978", "builtHeight": 23, "storeNum": 7, "floorArea": 282.225729747, "buildArea": 1975.58010823, "seiFort": "1", "keyFire": 0, "firehouseDist": 3, "pop": 79}