{"buildingID": 520, "county": "\u666e\u9640", "town": "\u6843\u6d66\u9547", "circleNum": 2, "builtYear": "2001", "builtHeight": 55, "storeNum": 18, "floorArea": 421.828911958, "buildArea": 7592.92041524, "seiFort": "3", "keyFire": 0, "firehouseDist": 2, "pop": 1518}