{"buildingID": 656, "county": "\u666e\u9640", "town": "\u6843\u6d66\u9547", "circleNum": 2, "builtYear": "1992", "builtHeight": 17, "storeNum": 5, "floorArea": 1135.93209658, "buildArea": 5679.66048289, "seiFort": "2", "keyFire": 0, "firehouseDist": 1, "pop": 1135}