{"buildingID": 5108, "county": "\u666e\u9640", "town": "\u6843\u6d66\u9547", "circleNum": 2, "builtYear": "2010", "builtHeight": 38, "storeNum": 12, "floorArea": 1068.30769761, "buildArea": 12819.6923713, "seiFort": "3", "keyFire": 0, "firehouseDist": 2, "pop": 2563}