{"buildingID": 6193, "county": "\u666e\u9640", "town": "\u6843\u6d66\u9547", "circleNum": 2, "builtYear": "1986", "builtHeight": 47, "storeNum": 15, "floorArea": 53.1445099289, "buildArea": 797.167648934, "seiFort": "2", "keyFire": 0, "firehouseDist": 1, "pop": 26}