{"buildingID": 14504, "county": "\u666e\u9640", "town": "\u771f\u5982\u9547", "circleNum": 2, "builtYear": "1995", "builtHeight": 16, "storeNum": 5, "floorArea": 547.955130276, "buildArea": 2739.77565138, "seiFort": "2", "keyFire": 0, "firehouseDist": 1, "pop": 547}