{"buildingID": 2616, "county": "\u666e\u9640", "town": "\u6843\u6d66\u9547", "circleNum": 2, "builtYear": "1996", "builtHeight": 7, "storeNum": 2, "floorArea": 3011.03325101, "buildArea": 6022.06650202, "seiFort": "2", "keyFire": 0, "firehouseDist": 2, "pop": 1204}