{"buildingID": 1781, "county": "\u666e\u9640", "town": "\u6843\u6d66\u9547", "circleNum": 2, "builtYear": "2000", "builtHeight": 13, "storeNum": 4, "floorArea": 682.026995281, "buildArea": 2728.10798113, "seiFort": "3", "keyFire": 0, "firehouseDist": 3, "pop": 545}