{"buildingID": 15787, "county": "\u666e\u9640", "town": "\u77f3\u6cc9\u8def\u8857\u9053", "circleNum": 1, "builtYear": "1988", "builtHeight": 9, "storeNum": 3, "floorArea": 218.634787253, "buildArea": 655.904361758, "seiFort": "2", "keyFire": 0, "firehouseDist": 2, "pop": 131}