{"buildingID": 13641, "county": "\u666e\u9640", "town": "\u771f\u5982\u9547", "circleNum": 1, "builtYear": "1988", "builtHeight": 41, "storeNum": 13, "floorArea": 1230.49860118, "buildArea": 15996.4818154, "seiFort": "2", "keyFire": 0, "firehouseDist": 2, "pop": 3199}