{"buildingID": 20561, "county": "\u666e\u9640", "town": "\u771f\u5982\u9547", "circleNum": 1, "builtYear": "pre1978", "builtHeight": 32, "storeNum": 10, "floorArea": 781.775158282, "buildArea": 7817.75158282, "seiFort": "1", "keyFire": 0, "firehouseDist": 1, "pop": 312}