{"buildingID": 23632, "county": "\u666e\u9640", "town": "\u66f9\u6768\u65b0\u6751\u8857\u9053", "circleNum": 1, "builtYear": "1985", "builtHeight": 6, "storeNum": 2, "floorArea": 72.3378783468, "buildArea": 144.675756694, "seiFort": "2", "keyFire": 0, "firehouseDist": 1, "pop": 5}