{"buildingID": 21355, "county": "\u666e\u9640", "town": "\u771f\u5982\u9547", "circleNum": 1, "builtYear": "pre1978", "builtHeight": 17, "storeNum": 5, "floorArea": 1311.63209363, "buildArea": 6558.16046814, "seiFort": "1", "keyFire": 0, "firehouseDist": 1, "pop": 262}