{"buildingID": 3443, "county": "\u666e\u9640", "town": "\u6843\u6d66\u9547", "circleNum": 3, "builtYear": "2002", "builtHeight": 18, "storeNum": 6, "floorArea": 728.826071003, "buildArea": 4372.95642602, "seiFort": "3", "keyFire": 0, "firehouseDist": 3, "pop": 874}