{"buildingID": 27394, "county": "\u666e\u9640", "town": "\u957f\u98ce\u65b0\u6751\u8857\u9053", "circleNum": 0, "builtYear": "pre1978", "builtHeight": 3, "storeNum": 1, "floorArea": 200.991600792, "buildArea": 200.991600792, "seiFort": "1", "keyFire": 0, "firehouseDist": 2, "pop": 10}