{"buildingID": 20137, "county": "\u666e\u9640", "town": "\u66f9\u6768\u65b0\u6751\u8857\u9053", "circleNum": 1, "builtYear": "pre1978", "builtHeight": 16, "storeNum": 5, "floorArea": 272.185604885, "buildArea": 1360.92802443, "seiFort": "1", "keyFire": 0, "firehouseDist": 1, "pop": 54}