{"buildingID": 14019, "county": "\u666e\u9640", "town": "\u77f3\u6cc9\u8def\u8857\u9053", "circleNum": 1, "builtYear": "pre1978", "builtHeight": 15, "storeNum": 5, "floorArea": 554.133554652, "buildArea": 2770.66777326, "seiFort": "1", "keyFire": 1, "firehouseDist": 1, "pop": 110}