{"buildingID": 19419, "county": "\u666e\u9640", "town": "\u957f\u5f81\u9547", "circleNum": 2, "builtYear": "1979-1985", "builtHeight": 5, "storeNum": 1, "floorArea": 1867.65499698, "buildArea": 1867.65499698, "seiFort": "2", "keyFire": 0, "firehouseDist": 3, "pop": 373}