{"buildingID": 26825, "county": "\u666e\u9640", "town": "\u957f\u5f81\u9547", "circleNum": 1, "builtYear": "2000", "builtHeight": 11, "storeNum": 3, "floorArea": 4535.59010297, "buildArea": 13606.7703089, "seiFort": "3", "keyFire": 1, "firehouseDist": 2, "pop": 2721}