{"buildingID": 7967, "county": "\u666e\u9640", "town": "\u771f\u5982\u9547", "circleNum": 2, "builtYear": "1979-1985", "builtHeight": 15, "storeNum": 5, "floorArea": 542.169724539, "buildArea": 2710.8486227, "seiFort": "2", "keyFire": 0, "firehouseDist": 1, "pop": 542}