{"buildingID": 8670, "county": "\u666e\u9640", "town": "\u7518\u6cc9\u8def\u8857\u9053", "circleNum": 1, "builtYear": "1989", "builtHeight": 16, "storeNum": 5, "floorArea": 223.768642513, "buildArea": 1118.84321257, "seiFort": "2", "keyFire": 0, "firehouseDist": 3, "pop": 223}