{"buildingID": 14563, "county": "\u666e\u9640", "town": "\u771f\u5982\u9547", "circleNum": 2, "builtYear": "2001", "builtHeight": 35, "storeNum": 11, "floorArea": 1164.49190977, "buildArea": 12809.4110075, "seiFort": "3", "keyFire": 0, "firehouseDist": 1, "pop": 2561}