{"buildingID": 28786, "county": "\u666e\u9640", "town": "\u957f\u98ce\u65b0\u6751\u8857\u9053", "circleNum": 1, "builtYear": "pre1978", "builtHeight": 18, "storeNum": 6, "floorArea": 3989.01501998, "buildArea": 23934.0901199, "seiFort": "1", "keyFire": 0, "firehouseDist": 3, "pop": 957}