{"buildingID": 24948, "county": "\u666e\u9640", "town": "\u957f\u5bff\u8def\u8857\u9053", "circleNum": 0, "builtYear": "1979-1985", "builtHeight": 3, "storeNum": 1, "floorArea": 51.1604353384, "buildArea": 51.1604353384, "seiFort": "2", "keyFire": 0, "firehouseDist": 1, "pop": 2}