{"buildingID": 20393, "county": "\u666e\u9640", "town": "\u771f\u5982\u9547", "circleNum": 1, "builtYear": "1997", "builtHeight": 17, "storeNum": 5, "floorArea": 1154.22213903, "buildArea": 5771.11069517, "seiFort": "2", "keyFire": 0, "firehouseDist": 2, "pop": 1154}