{"buildingID": 24846, "county": "\u666e\u9640", "town": "\u66f9\u6768\u65b0\u6751\u8857\u9053", "circleNum": 1, "builtYear": "pre1978", "builtHeight": 95, "storeNum": 31, "floorArea": 344.247457026, "buildArea": 10671.6711678, "seiFort": "1", "keyFire": 0, "firehouseDist": 2, "pop": 426}