{"buildingID": 29097, "county": "\u666e\u9640", "town": "\u957f\u98ce\u65b0\u6751\u8857\u9053", "circleNum": 1, "builtYear": "1986", "builtHeight": 51, "storeNum": 17, "floorArea": 140.552116773, "buildArea": 2389.38598515, "seiFort": "2", "keyFire": 0, "firehouseDist": 3, "pop": 95}