{"buildingID": 11674, "county": "\u666e\u9640", "town": "\u771f\u5982\u9547", "circleNum": 2, "builtYear": "2001", "builtHeight": 33, "storeNum": 11, "floorArea": 51.0552533085, "buildArea": 561.607786393, "seiFort": "3", "keyFire": 0, "firehouseDist": 2, "pop": 18}