{"buildingID": 11902, "county": "\u666e\u9640", "town": "\u771f\u5982\u9547", "circleNum": 1, "builtYear": "pre1978", "builtHeight": 16, "storeNum": 5, "floorArea": 664.900508628, "buildArea": 3324.50254314, "seiFort": "1", "keyFire": 0, "firehouseDist": 2, "pop": 132}