{"buildingID": 1805, "county": "\u666e\u9640", "town": "\u6843\u6d66\u9547", "circleNum": 2, "builtYear": "1994", "builtHeight": 65, "storeNum": 21, "floorArea": 84.6134405854, "buildArea": 1776.88225229, "seiFort": "2", "keyFire": 0, "firehouseDist": 2, "pop": 59}