{"buildingID": 6182, "county": "\u666e\u9640", "town": "\u6843\u6d66\u9547", "circleNum": 2, "builtYear": "1998", "builtHeight": 54, "storeNum": 18, "floorArea": 331.816288851, "buildArea": 5972.69319931, "seiFort": "2", "keyFire": 0, "firehouseDist": 1, "pop": 1194}