{"buildingID": 9741, "county": "\u666e\u9640", "town": "\u7518\u6cc9\u8def\u8857\u9053", "circleNum": 1, "builtYear": "pre1978", "builtHeight": 20, "storeNum": 6, "floorArea": 539.070956335, "buildArea": 3234.42573801, "seiFort": "1", "keyFire": 0, "firehouseDist": 3, "pop": 129}