{"buildingID": 22650, "county": "\u666e\u9640", "town": "\u66f9\u6768\u65b0\u6751\u8857\u9053", "circleNum": 1, "builtYear": "1990", "builtHeight": 54, "storeNum": 18, "floorArea": 1276.73091732, "buildArea": 22981.1565118, "seiFort": "2", "keyFire": 1, "firehouseDist": 1, "pop": 4596}