{"buildingID": 9787, "county": "\u666e\u9640", "town": "\u5b9c\u5ddd\u8def\u8857\u9053", "circleNum": 1, "builtYear": "1979-1985", "builtHeight": 19, "storeNum": 6, "floorArea": 473.443947222, "buildArea": 2840.66368333, "seiFort": "2", "keyFire": 0, "firehouseDist": 2, "pop": 568}