{"buildingID": 3096, "county": "\u666e\u9640", "town": "\u6843\u6d66\u9547", "circleNum": 3, "builtYear": "1979-1985", "builtHeight": 6, "storeNum": 2, "floorArea": 298.828604677, "buildArea": 597.657209353, "seiFort": "2", "keyFire": 0, "firehouseDist": 4, "pop": 119}