{"buildingID": 5458, "county": "\u666e\u9640", "town": "\u6843\u6d66\u9547", "circleNum": 2, "builtYear": "pre1978", "builtHeight": 83, "storeNum": 27, "floorArea": 326.544165243, "buildArea": 8816.69246156, "seiFort": "1", "keyFire": 0, "firehouseDist": 2, "pop": 293}