{"buildingID": 14239, "county": "\u666e\u9640", "town": "\u77f3\u6cc9\u8def\u8857\u9053", "circleNum": 1, "builtYear": "1995", "builtHeight": 7, "storeNum": 2, "floorArea": 451.339021707, "buildArea": 902.678043414, "seiFort": "2", "keyFire": 0, "firehouseDist": 2, "pop": 180}