{"buildingID": 5046, "county": "\u666e\u9640", "town": "\u6843\u6d66\u9547", "circleNum": 2, "builtYear": "2017", "builtHeight": 156, "storeNum": 52, "floorArea": 270.103168131, "buildArea": 14045.3647428, "seiFort": "3", "keyFire": 0, "firehouseDist": 2, "pop": 2809}