{"buildingID": 17906, "county": "\u666e\u9640", "town": "\u957f\u5f81\u9547", "circleNum": 2, "builtYear": "1979-1985", "builtHeight": 54, "storeNum": 18, "floorArea": 695.229747808, "buildArea": 12514.1354605, "seiFort": "2", "keyFire": 0, "firehouseDist": 1, "pop": 2502}