{"buildingID": 8135, "county": "\u666e\u9640", "town": "\u957f\u5f81\u9547", "circleNum": 1, "builtYear": "1979-1985", "builtHeight": 3, "storeNum": 1, "floorArea": 393.963449644, "buildArea": 393.963449644, "seiFort": "2", "keyFire": 0, "firehouseDist": 3, "pop": 78}