{"buildingID": 7894, "county": "\u666e\u9640", "town": "\u771f\u5982\u9547", "circleNum": 1, "builtYear": "1996", "builtHeight": 45, "storeNum": 15, "floorArea": 51.1621225162, "buildArea": 767.431837743, "seiFort": "2", "keyFire": 0, "firehouseDist": 2, "pop": 30}