{"buildingID": 2661, "county": "\u666e\u9640", "town": "\u6843\u6d66\u9547", "circleNum": 2, "builtYear": "1992", "builtHeight": 15, "storeNum": 5, "floorArea": 708.746716612, "buildArea": 3543.73358306, "seiFort": "2", "keyFire": 0, "firehouseDist": 1, "pop": 708}