{"buildingID": 5645, "county": "\u666e\u9640", "town": "\u6843\u6d66\u9547", "circleNum": 2, "builtYear": "1996", "builtHeight": 33, "storeNum": 11, "floorArea": 98.0551676193, "buildArea": 1078.60684381, "seiFort": "2", "keyFire": 0, "firehouseDist": 1, "pop": 35}