{"buildingID": 29382, "county": "\u666e\u9640", "town": "\u957f\u98ce\u65b0\u6751\u8857\u9053", "circleNum": 1, "builtYear": "pre1978", "builtHeight": 9, "storeNum": 3, "floorArea": 102.450589499, "buildArea": 307.351768496, "seiFort": "1", "keyFire": 0, "firehouseDist": 3, "pop": 12}