{"buildingID": 7401, "county": "\u666e\u9640", "town": "\u957f\u5f81\u9547", "circleNum": 1, "builtYear": "1994", "builtHeight": 76, "storeNum": 25, "floorArea": 839.837124349, "buildArea": 20995.9281087, "seiFort": "2", "keyFire": 0, "firehouseDist": 1, "pop": 4199}