{"buildingID": 1410, "county": "\u666e\u9640", "town": "\u6843\u6d66\u9547", "circleNum": 2, "builtYear": "2006", "builtHeight": 20, "storeNum": 6, "floorArea": 438.082180576, "buildArea": 2628.49308345, "seiFort": "3", "keyFire": 0, "firehouseDist": 1, "pop": 525}