{"buildingID": 10817, "county": "\u666e\u9640", "town": "\u957f\u5f81\u9547", "circleNum": 1, "builtYear": "1987", "builtHeight": 49, "storeNum": 16, "floorArea": 908.972561863, "buildArea": 14543.5609898, "seiFort": "2", "keyFire": 0, "firehouseDist": 2, "pop": 2908}