{"buildingID": 1105, "county": "\u666e\u9640", "town": "\u6843\u6d66\u9547", "circleNum": 3, "builtYear": "2005", "builtHeight": 18, "storeNum": 6, "floorArea": 793.345218557, "buildArea": 4760.07131134, "seiFort": "3", "keyFire": 0, "firehouseDist": 5, "pop": 952}