{"buildingID": 5621, "county": "\u666e\u9640", "town": "\u6843\u6d66\u9547", "circleNum": 2, "builtYear": "1991", "builtHeight": 20, "storeNum": 6, "floorArea": 258.034891304, "buildArea": 1548.20934782, "seiFort": "2", "keyFire": 0, "firehouseDist": 1, "pop": 309}