{"buildingID": 14630, "county": "\u666e\u9640", "town": "\u771f\u5982\u9547", "circleNum": 1, "builtYear": "1979-1985", "builtHeight": 11, "storeNum": 3, "floorArea": 286.953110845, "buildArea": 860.859332534, "seiFort": "2", "keyFire": 0, "firehouseDist": 2, "pop": 172}