{"buildingID": 318, "county": "\u666e\u9640", "town": "\u6843\u6d66\u9547", "circleNum": 3, "builtYear": "2007", "builtHeight": 18, "storeNum": 6, "floorArea": 4248.45176045, "buildArea": 25490.7105627, "seiFort": "3", "keyFire": 0, "firehouseDist": 4, "pop": 5098}