{"buildingID": 19370, "county": "\u666e\u9640", "town": "\u957f\u98ce\u65b0\u6751\u8857\u9053", "circleNum": 1, "builtYear": "1988", "builtHeight": 4, "storeNum": 1, "floorArea": 705.95214628, "buildArea": 705.95214628, "seiFort": "2", "keyFire": 0, "firehouseDist": 3, "pop": 141}