{"buildingID": 24783, "county": "\u666e\u9640", "town": "\u66f9\u6768\u65b0\u6751\u8857\u9053", "circleNum": 1, "builtYear": "pre1978", "builtHeight": 11, "storeNum": 3, "floorArea": 820.09445608, "buildArea": 2460.28336824, "seiFort": "1", "keyFire": 0, "firehouseDist": 1, "pop": 98}