{"buildingID": 14911, "county": "\u666e\u9640", "town": "\u5b9c\u5ddd\u8def\u8857\u9053", "circleNum": 0, "builtYear": "pre1978", "builtHeight": 104, "storeNum": 34, "floorArea": 464.959697003, "buildArea": 15808.6296981, "seiFort": "1", "keyFire": 0, "firehouseDist": 1, "pop": 3161}