{"buildingID": 21418, "county": "\u666e\u9640", "town": "\u957f\u5f81\u9547", "circleNum": 1, "builtYear": "1979-1985", "builtHeight": 34, "storeNum": 11, "floorArea": 103.747065602, "buildArea": 1141.21772162, "seiFort": "2", "keyFire": 0, "firehouseDist": 1, "pop": 45}