{"buildingID": 15912, "county": "\u666e\u9640", "town": "\u771f\u5982\u9547", "circleNum": 1, "builtYear": "1998", "builtHeight": 34, "storeNum": 11, "floorArea": 1188.41623461, "buildArea": 13072.5785808, "seiFort": "2", "keyFire": 0, "firehouseDist": 1, "pop": 2614}