{"buildingID": 5357, "county": "\u666e\u9640", "town": "\u6843\u6d66\u9547", "circleNum": 2, "builtYear": "1995", "builtHeight": 17, "storeNum": 5, "floorArea": 818.432254858, "buildArea": 4092.16127429, "seiFort": "2", "keyFire": 0, "firehouseDist": 2, "pop": 818}