{"buildingID": 27144, "county": "\u666e\u9640", "town": "\u66f9\u6768\u65b0\u6751\u8857\u9053", "circleNum": 1, "builtYear": "pre1978", "builtHeight": 6, "storeNum": 2, "floorArea": 163.206407994, "buildArea": 326.412815988, "seiFort": "1", "keyFire": 0, "firehouseDist": 2, "pop": 13}