{"buildingID": 9114, "county": "\u666e\u9640", "town": "\u7518\u6cc9\u8def\u8857\u9053", "circleNum": 1, "builtYear": "1979-1985", "builtHeight": 19, "storeNum": 6, "floorArea": 329.754525948, "buildArea": 1978.52715569, "seiFort": "2", "keyFire": 0, "firehouseDist": 3, "pop": 395}