{"buildingID": 6419, "county": "\u666e\u9640", "town": "\u6843\u6d66\u9547", "circleNum": 2, "builtYear": "1998", "builtHeight": 11, "storeNum": 3, "floorArea": 3428.05408317, "buildArea": 10284.1622495, "seiFort": "2", "keyFire": 0, "firehouseDist": 2, "pop": 2056}