{"buildingID": 11075, "county": "\u666e\u9640", "town": "\u7518\u6cc9\u8def\u8857\u9053", "circleNum": 1, "builtYear": "pre1978", "builtHeight": 21, "storeNum": 7, "floorArea": 3575.13686872, "buildArea": 25025.9580811, "seiFort": "1", "keyFire": 0, "firehouseDist": 2, "pop": 1001}