{"buildingID": 6673, "county": "\u666e\u9640", "town": "\u6843\u6d66\u9547", "circleNum": 2, "builtYear": "pre1978", "builtHeight": 39, "storeNum": 13, "floorArea": 515.943668864, "buildArea": 6707.26769523, "seiFort": "1", "keyFire": 0, "firehouseDist": 1, "pop": 223}