{"buildingID": 22137, "county": "\u666e\u9640", "town": "\u957f\u5f81\u9547", "circleNum": 2, "builtYear": "1994", "builtHeight": 25, "storeNum": 8, "floorArea": 908.360732473, "buildArea": 7266.88585979, "seiFort": "2", "keyFire": 1, "firehouseDist": 1, "pop": 1453}