{"buildingID": 4908, "county": "\u666e\u9640", "town": "\u6843\u6d66\u9547", "circleNum": 2, "builtYear": "1993", "builtHeight": 79, "storeNum": 26, "floorArea": 1138.4621583, "buildArea": 29600.0161157, "seiFort": "2", "keyFire": 0, "firehouseDist": 2, "pop": 5920}