{"buildingID": 10619, "county": "\u666e\u9640", "town": "\u7518\u6cc9\u8def\u8857\u9053", "circleNum": 1, "builtYear": "1979-1985", "builtHeight": 16, "storeNum": 5, "floorArea": 379.853135817, "buildArea": 1899.26567909, "seiFort": "2", "keyFire": 0, "firehouseDist": 2, "pop": 379}