{"buildingID": 10905, "county": "\u666e\u9640", "town": "\u957f\u5f81\u9547", "circleNum": 1, "builtYear": "1979-1985", "builtHeight": 12, "storeNum": 4, "floorArea": 3410.54795804, "buildArea": 13642.1918322, "seiFort": "2", "keyFire": 0, "firehouseDist": 3, "pop": 2728}