{"buildingID": 14353, "county": "\u666e\u9640", "town": "\u77f3\u6cc9\u8def\u8857\u9053", "circleNum": 1, "builtYear": "1987", "builtHeight": 52, "storeNum": 17, "floorArea": 150.672424928, "buildArea": 2561.43122377, "seiFort": "2", "keyFire": 0, "firehouseDist": 2, "pop": 102}