{"buildingID": 12799, "county": "\u666e\u9640", "town": "\u7518\u6cc9\u8def\u8857\u9053", "circleNum": 1, "builtYear": "pre1978", "builtHeight": 20, "storeNum": 6, "floorArea": 664.43160366, "buildArea": 3986.58962196, "seiFort": "1", "keyFire": 0, "firehouseDist": 2, "pop": 159}