{"buildingID": 9947, "county": "\u666e\u9640", "town": "\u957f\u5f81\u9547", "circleNum": 1, "builtYear": "2017", "builtHeight": 51, "storeNum": 17, "floorArea": 534.808022353, "buildArea": 9091.73637999, "seiFort": "3", "keyFire": 0, "firehouseDist": 3, "pop": 1818}