{"buildingID": 13597, "county": "\u666e\u9640", "town": "\u77f3\u6cc9\u8def\u8857\u9053", "circleNum": 1, "builtYear": "1995", "builtHeight": 6, "storeNum": 2, "floorArea": 1031.34458229, "buildArea": 2062.68916459, "seiFort": "2", "keyFire": 0, "firehouseDist": 2, "pop": 412}