{"buildingID": 4356, "county": "\u666e\u9640", "town": "\u6843\u6d66\u9547", "circleNum": 2, "builtYear": "1991", "builtHeight": 11, "storeNum": 3, "floorArea": 634.790639041, "buildArea": 1904.37191712, "seiFort": "2", "keyFire": 0, "firehouseDist": 2, "pop": 380}