{"buildingID": 15143, "county": "\u666e\u9640", "town": "\u771f\u5982\u9547", "circleNum": 2, "builtYear": "1995", "builtHeight": 17, "storeNum": 5, "floorArea": 314.873770264, "buildArea": 1574.36885132, "seiFort": "2", "keyFire": 0, "firehouseDist": 1, "pop": 314}