{"buildingID": 2824, "county": "\u666e\u9640", "town": "\u6843\u6d66\u9547", "circleNum": 2, "builtYear": "2003", "builtHeight": 10, "storeNum": 3, "floorArea": 1603.20381181, "buildArea": 4809.61143544, "seiFort": "3", "keyFire": 0, "firehouseDist": 2, "pop": 961}