{"buildingID": 25313, "county": "\u666e\u9640", "town": "\u66f9\u6768\u65b0\u6751\u8857\u9053", "circleNum": 1, "builtYear": "pre1978", "builtHeight": 44, "storeNum": 14, "floorArea": 556.575667724, "buildArea": 7792.05934813, "seiFort": "1", "keyFire": 0, "firehouseDist": 1, "pop": 311}