{"buildingID": 6192, "county": "\u666e\u9640", "town": "\u6843\u6d66\u9547", "circleNum": 2, "builtYear": "2016", "builtHeight": 50, "storeNum": 16, "floorArea": 107.273266444, "buildArea": 1716.37226311, "seiFort": "3", "keyFire": 0, "firehouseDist": 1, "pop": 57}