{"buildingID": 7964, "county": "\u666e\u9640", "town": "\u7518\u6cc9\u8def\u8857\u9053", "circleNum": 1, "builtYear": "1995", "builtHeight": 19, "storeNum": 6, "floorArea": 323.853319893, "buildArea": 1943.11991936, "seiFort": "2", "keyFire": 0, "firehouseDist": 3, "pop": 388}