{"buildingID": 11450, "county": "\u666e\u9640", "town": "\u771f\u5982\u9547", "circleNum": 1, "builtYear": "2000", "builtHeight": 7, "storeNum": 2, "floorArea": 831.737982443, "buildArea": 1663.47596489, "seiFort": "3", "keyFire": 0, "firehouseDist": 1, "pop": 332}