{"buildingID": 14213, "county": "\u666e\u9640", "town": "\u77f3\u6cc9\u8def\u8857\u9053", "circleNum": 1, "builtYear": "1990", "builtHeight": 97, "storeNum": 32, "floorArea": 275.915093229, "buildArea": 8829.28298334, "seiFort": "2", "keyFire": 0, "firehouseDist": 3, "pop": 1765}