{"buildingID": 15140, "county": "\u666e\u9640", "town": "\u771f\u5982\u9547", "circleNum": 2, "builtYear": "1996", "builtHeight": 18, "storeNum": 6, "floorArea": 518.407187082, "buildArea": 3110.44312249, "seiFort": "2", "keyFire": 0, "firehouseDist": 1, "pop": 622}