{"buildingID": 8146, "county": "\u666e\u9640", "town": "\u957f\u5f81\u9547", "circleNum": 1, "builtYear": "1979-1985", "builtHeight": 12, "storeNum": 4, "floorArea": 1610.67275451, "buildArea": 6442.69101802, "seiFort": "2", "keyFire": 0, "firehouseDist": 3, "pop": 1288}