{"buildingID": 14524, "county": "\u666e\u9640", "town": "\u771f\u5982\u9547", "circleNum": 2, "builtYear": "1993", "builtHeight": 16, "storeNum": 5, "floorArea": 1049.0834329, "buildArea": 5245.41716448, "seiFort": "2", "keyFire": 0, "firehouseDist": 2, "pop": 1049}