{"buildingID": 3406, "county": "\u666e\u9640", "town": "\u6843\u6d66\u9547", "circleNum": 3, "builtYear": "2003", "builtHeight": 6, "storeNum": 2, "floorArea": 6969.32683876, "buildArea": 13938.6536775, "seiFort": "3", "keyFire": 0, "firehouseDist": 4, "pop": 2787}