{"buildingID": 2893, "county": "\u666e\u9640", "town": "\u6843\u6d66\u9547", "circleNum": 2, "builtYear": "2007", "builtHeight": 17, "storeNum": 5, "floorArea": 324.063368791, "buildArea": 1620.31684396, "seiFort": "3", "keyFire": 0, "firehouseDist": 1, "pop": 324}