{"buildingID": 16621, "county": "\u666e\u9640", "town": "\u771f\u5982\u9547", "circleNum": 2, "builtYear": "1979-1985", "builtHeight": 7, "storeNum": 2, "floorArea": 168.11993298, "buildArea": 336.239865961, "seiFort": "2", "keyFire": 0, "firehouseDist": 1, "pop": 11}