{"buildingID": 12657, "county": "\u666e\u9640", "town": "\u771f\u5982\u9547", "circleNum": 2, "builtYear": "1979-1985", "builtHeight": 37, "storeNum": 12, "floorArea": 76.6705215906, "buildArea": 920.046259087, "seiFort": "2", "keyFire": 0, "firehouseDist": 2, "pop": 30}