{"buildingID": 3945, "county": "\u666e\u9640", "town": "\u6843\u6d66\u9547", "circleNum": 2, "builtYear": "1999", "builtHeight": 12, "storeNum": 4, "floorArea": 388.088615249, "buildArea": 1552.35446099, "seiFort": "2", "keyFire": 0, "firehouseDist": 2, "pop": 310}