{"buildingID": 2575, "county": "\u666e\u9640", "town": "\u6843\u6d66\u9547", "circleNum": 2, "builtYear": "2005", "builtHeight": 14, "storeNum": 4, "floorArea": 189.207621137, "buildArea": 756.830484549, "seiFort": "3", "keyFire": 0, "firehouseDist": 1, "pop": 151}