{"buildingID": 20748, "county": "\u666e\u9640", "town": "\u957f\u5bff\u8def\u8857\u9053", "circleNum": 0, "builtYear": "1987", "builtHeight": 94, "storeNum": 31, "floorArea": 1056.48041463, "buildArea": 32750.8928535, "seiFort": "2", "keyFire": 0, "firehouseDist": 1, "pop": 6550}