{"buildingID": 21178, "county": "\u666e\u9640", "town": "\u66f9\u6768\u65b0\u6751\u8857\u9053", "circleNum": 1, "builtYear": "pre1978", "builtHeight": 15, "storeNum": 5, "floorArea": 276.369998548, "buildArea": 1381.84999274, "seiFort": "1", "keyFire": 0, "firehouseDist": 1, "pop": 55}