{"buildingID": 25822, "county": "\u666e\u9640", "town": "\u66f9\u6768\u65b0\u6751\u8857\u9053", "circleNum": 1, "builtYear": "1987", "builtHeight": 16, "storeNum": 5, "floorArea": 765.086927858, "buildArea": 3825.43463929, "seiFort": "2", "keyFire": 0, "firehouseDist": 2, "pop": 765}