{"buildingID": 14569, "county": "\u666e\u9640", "town": "\u771f\u5982\u9547", "circleNum": 2, "builtYear": "2010", "builtHeight": 51, "storeNum": 17, "floorArea": 110.004406343, "buildArea": 1870.07490783, "seiFort": "3", "keyFire": 0, "firehouseDist": 1, "pop": 62}