{"buildingID": 17908, "county": "\u666e\u9640", "town": "\u957f\u5f81\u9547", "circleNum": 2, "builtYear": "2010", "builtHeight": 47, "storeNum": 15, "floorArea": 676.503916097, "buildArea": 10147.5587415, "seiFort": "3", "keyFire": 0, "firehouseDist": 1, "pop": 2029}