{"buildingID": 5905, "county": "\u666e\u9640", "town": "\u6843\u6d66\u9547", "circleNum": 2, "builtYear": "1979-1985", "builtHeight": 12, "storeNum": 4, "floorArea": 1037.38498329, "buildArea": 4149.53993316, "seiFort": "2", "keyFire": 0, "firehouseDist": 1, "pop": 829}