{"buildingID": 7977, "county": "\u666e\u9640", "town": "\u771f\u5982\u9547", "circleNum": 2, "builtYear": "1979-1985", "builtHeight": 17, "storeNum": 5, "floorArea": 771.286964179, "buildArea": 3856.4348209, "seiFort": "2", "keyFire": 0, "firehouseDist": 1, "pop": 771}