{"buildingID": 23930, "county": "\u666e\u9640", "town": "\u957f\u5bff\u8def\u8857\u9053", "circleNum": 0, "builtYear": "1979-1985", "builtHeight": 15, "storeNum": 5, "floorArea": 154.223121166, "buildArea": 771.115605828, "seiFort": "2", "keyFire": 0, "firehouseDist": 1, "pop": 38}