{"buildingID": 23135, "county": "\u666e\u9640", "town": "\u66f9\u6768\u65b0\u6751\u8857\u9053", "circleNum": 1, "builtYear": "pre1978", "builtHeight": 30, "storeNum": 10, "floorArea": 720.17465612, "buildArea": 7201.7465612, "seiFort": "1", "keyFire": 0, "firehouseDist": 2, "pop": 288}