{"buildingID": 18105, "county": "\u666e\u9640", "town": "\u957f\u5f81\u9547", "circleNum": 2, "builtYear": "1999", "builtHeight": 18, "storeNum": 6, "floorArea": 924.553456232, "buildArea": 5547.32073739, "seiFort": "2", "keyFire": 0, "firehouseDist": 3, "pop": 1109}