{"buildingID": 7477, "county": "\u666e\u9640", "town": "\u957f\u5f81\u9547", "circleNum": 1, "builtYear": "2004", "builtHeight": 56, "storeNum": 18, "floorArea": 469.962813024, "buildArea": 8459.33063443, "seiFort": "3", "keyFire": 0, "firehouseDist": 1, "pop": 1691}