{"buildingID": 12962, "county": "\u666e\u9640", "town": "\u771f\u5982\u9547", "circleNum": 1, "builtYear": "1979-1985", "builtHeight": 6, "storeNum": 2, "floorArea": 502.453514268, "buildArea": 1004.90702854, "seiFort": "2", "keyFire": 0, "firehouseDist": 2, "pop": 200}