{"buildingID": 16386, "county": "\u666e\u9640", "town": "\u771f\u5982\u9547", "circleNum": 1, "builtYear": "1999", "builtHeight": 75, "storeNum": 25, "floorArea": 900.593740823, "buildArea": 22514.8435206, "seiFort": "2", "keyFire": 0, "firehouseDist": 2, "pop": 4502}