{"buildingID": 2119, "county": "\u666e\u9640", "town": "\u6843\u6d66\u9547", "circleNum": 3, "builtYear": "1994", "builtHeight": 18, "storeNum": 6, "floorArea": 324.716964247, "buildArea": 1948.30178548, "seiFort": "2", "keyFire": 0, "firehouseDist": 3, "pop": 389}