{"buildingID": 15863, "county": "\u666e\u9640", "town": "\u771f\u5982\u9547", "circleNum": 1, "builtYear": "2005", "builtHeight": 17, "storeNum": 5, "floorArea": 856.862894237, "buildArea": 4284.31447119, "seiFort": "3", "keyFire": 0, "firehouseDist": 2, "pop": 856}