{"buildingID": 13639, "county": "\u666e\u9640", "town": "\u771f\u5982\u9547", "circleNum": 1, "builtYear": "1988", "builtHeight": 48, "storeNum": 16, "floorArea": 460.803560622, "buildArea": 7372.85696995, "seiFort": "2", "keyFire": 0, "firehouseDist": 1, "pop": 1474}