{"buildingID": 7462, "county": "\u666e\u9640", "town": "\u7518\u6cc9\u8def\u8857\u9053", "circleNum": 1, "builtYear": "2005", "builtHeight": 5, "storeNum": 1, "floorArea": 891.102244377, "buildArea": 891.102244377, "seiFort": "3", "keyFire": 0, "firehouseDist": 3, "pop": 178}