{"buildingID": 7459, "county": "\u666e\u9640", "town": "\u7518\u6cc9\u8def\u8857\u9053", "circleNum": 1, "builtYear": "1987", "builtHeight": 19, "storeNum": 6, "floorArea": 681.320935381, "buildArea": 4087.92561229, "seiFort": "2", "keyFire": 0, "firehouseDist": 3, "pop": 817}