{"buildingID": 9808, "county": "\u666e\u9640", "town": "\u771f\u5982\u9547", "circleNum": 1, "builtYear": "2003", "builtHeight": 8, "storeNum": 2, "floorArea": 4467.80359056, "buildArea": 8935.60718112, "seiFort": "3", "keyFire": 1, "firehouseDist": 2, "pop": 1787}