{"buildingID": 18302, "county": "\u666e\u9640", "town": "\u957f\u5f81\u9547", "circleNum": 2, "builtYear": "2007", "builtHeight": 21, "storeNum": 7, "floorArea": 892.140951575, "buildArea": 6244.98666102, "seiFort": "3", "keyFire": 0, "firehouseDist": 2, "pop": 1248}