{"buildingID": 12478, "county": "\u666e\u9640", "town": "\u771f\u5982\u9547", "circleNum": 1, "builtYear": "1979-1985", "builtHeight": 6, "storeNum": 2, "floorArea": 43.2075404699, "buildArea": 86.4150809398, "seiFort": "2", "keyFire": 0, "firehouseDist": 2, "pop": 3}