{"buildingID": 10653, "county": "\u666e\u9640", "town": "\u771f\u5982\u9547", "circleNum": 2, "builtYear": "1995", "builtHeight": 26, "storeNum": 8, "floorArea": 86.9977068202, "buildArea": 695.981654561, "seiFort": "2", "keyFire": 0, "firehouseDist": 2, "pop": 23}