{"buildingID": 5477, "county": "\u666e\u9640", "town": "\u6843\u6d66\u9547", "circleNum": 2, "builtYear": "2001", "builtHeight": 19, "storeNum": 6, "floorArea": 787.622498096, "buildArea": 4725.73498858, "seiFort": "3", "keyFire": 0, "firehouseDist": 1, "pop": 945}