{"buildingID": 25556, "county": "\u666e\u9640", "town": "\u957f\u98ce\u65b0\u6751\u8857\u9053", "circleNum": 0, "builtYear": "pre1978", "builtHeight": 77, "storeNum": 25, "floorArea": 632.576833902, "buildArea": 15814.4208475, "seiFort": "1", "keyFire": 0, "firehouseDist": 1, "pop": 790}