{"buildingID": 1132, "county": "\u666e\u9640", "town": "\u6843\u6d66\u9547", "circleNum": 3, "builtYear": "2007", "builtHeight": 6, "storeNum": 2, "floorArea": 22521.1739828, "buildArea": 45042.3479656, "seiFort": "3", "keyFire": 0, "firehouseDist": 5, "pop": 9008}