{"buildingID": 14528, "county": "\u666e\u9640", "town": "\u771f\u5982\u9547", "circleNum": 2, "builtYear": "1997", "builtHeight": 13, "storeNum": 4, "floorArea": 325.867915539, "buildArea": 1303.47166216, "seiFort": "2", "keyFire": 0, "firehouseDist": 1, "pop": 260}