{"buildingID": 9959, "county": "\u666e\u9640", "town": "\u957f\u5f81\u9547", "circleNum": 1, "builtYear": "2000", "builtHeight": 52, "storeNum": 17, "floorArea": 800.168862004, "buildArea": 13602.8706541, "seiFort": "3", "keyFire": 0, "firehouseDist": 3, "pop": 2720}