{"buildingID": 20445, "county": "\u666e\u9640", "town": "\u771f\u5982\u9547", "circleNum": 1, "builtYear": "pre1978", "builtHeight": 15, "storeNum": 5, "floorArea": 604.075402148, "buildArea": 3020.37701074, "seiFort": "1", "keyFire": 0, "firehouseDist": 1, "pop": 120}