{"buildingID": 10972, "county": "\u666e\u9640", "town": "\u7518\u6cc9\u8def\u8857\u9053", "circleNum": 1, "builtYear": "1991", "builtHeight": 14, "storeNum": 4, "floorArea": 401.879323208, "buildArea": 1607.51729283, "seiFort": "2", "keyFire": 0, "firehouseDist": 3, "pop": 321}