{"buildingID": 13049, "county": "\u666e\u9640", "town": "\u77f3\u6cc9\u8def\u8857\u9053", "circleNum": 1, "builtYear": "1994", "builtHeight": 23, "storeNum": 7, "floorArea": 186.947497956, "buildArea": 1308.63248569, "seiFort": "2", "keyFire": 0, "firehouseDist": 3, "pop": 261}