{"buildingID": 16574, "county": "\u666e\u9640", "town": "\u77f3\u6cc9\u8def\u8857\u9053", "circleNum": 1, "builtYear": "1987", "builtHeight": 14, "storeNum": 4, "floorArea": 5566.00722483, "buildArea": 22264.0288993, "seiFort": "2", "keyFire": 0, "firehouseDist": 1, "pop": 4452}