{"buildingID": 28853, "county": "\u666e\u9640", "town": "\u957f\u98ce\u65b0\u6751\u8857\u9053", "circleNum": 1, "builtYear": "pre1978", "builtHeight": 15, "storeNum": 5, "floorArea": 832.859981148, "buildArea": 4164.29990574, "seiFort": "1", "keyFire": 0, "firehouseDist": 3, "pop": 166}