{"buildingID": 26708, "county": "\u666e\u9640", "town": "\u957f\u98ce\u65b0\u6751\u8857\u9053", "circleNum": 0, "builtYear": "pre1978", "builtHeight": 58, "storeNum": 19, "floorArea": 2205.70456901, "buildArea": 41908.3868113, "seiFort": "1", "keyFire": 0, "firehouseDist": 2, "pop": 2095}