{"buildingID": 28602, "county": "\u666e\u9640", "town": "\u957f\u98ce\u65b0\u6751\u8857\u9053", "circleNum": 1, "builtYear": "pre1978", "builtHeight": 24, "storeNum": 8, "floorArea": 610.035301022, "buildArea": 4880.28240818, "seiFort": "1", "keyFire": 0, "firehouseDist": 3, "pop": 195}