{"buildingID": 15358, "county": "\u666e\u9640", "town": "\u771f\u5982\u9547", "circleNum": 1, "builtYear": "pre1978", "builtHeight": 21, "storeNum": 7, "floorArea": 529.980438965, "buildArea": 3709.86307276, "seiFort": "1", "keyFire": 0, "firehouseDist": 2, "pop": 148}