{"buildingID": 20436, "county": "\u666e\u9640", "town": "\u771f\u5982\u9547", "circleNum": 1, "builtYear": "1979-1985", "builtHeight": 3, "storeNum": 1, "floorArea": 2160.5037923, "buildArea": 2160.5037923, "seiFort": "2", "keyFire": 0, "firehouseDist": 1, "pop": 432}