{"buildingID": 28707, "county": "\u666e\u9640", "town": "\u957f\u98ce\u65b0\u6751\u8857\u9053", "circleNum": 1, "builtYear": "1979-1985", "builtHeight": 43, "storeNum": 14, "floorArea": 450.661772797, "buildArea": 6309.26481916, "seiFort": "2", "keyFire": 0, "firehouseDist": 4, "pop": 1261}