{"buildingID": 1539, "county": "\u666e\u9640", "town": "\u6843\u6d66\u9547", "circleNum": 3, "builtYear": "1998", "builtHeight": 18, "storeNum": 6, "floorArea": 336.516386142, "buildArea": 2019.09831685, "seiFort": "2", "keyFire": 0, "firehouseDist": 4, "pop": 403}