{"buildingID": 7129, "county": "\u666e\u9640", "town": "\u957f\u5f81\u9547", "circleNum": 1, "builtYear": "1979-1985", "builtHeight": 41, "storeNum": 13, "floorArea": 537.379812066, "buildArea": 6985.93755686, "seiFort": "2", "keyFire": 0, "firehouseDist": 1, "pop": 1397}