{"buildingID": 15087, "county": "\u666e\u9640", "town": "\u771f\u5982\u9547", "circleNum": 2, "builtYear": "2001", "builtHeight": 24, "storeNum": 8, "floorArea": 45.5606340929, "buildArea": 364.485072743, "seiFort": "3", "keyFire": 0, "firehouseDist": 1, "pop": 12}