{"buildingID": 18186, "county": "\u666e\u9640", "town": "\u957f\u5f81\u9547", "circleNum": 2, "builtYear": "1979-1985", "builtHeight": 21, "storeNum": 7, "floorArea": 787.086880105, "buildArea": 5509.60816073, "seiFort": "2", "keyFire": 0, "firehouseDist": 2, "pop": 1101}