{"buildingID": 7923, "county": "\u666e\u9640", "town": "\u771f\u5982\u9547", "circleNum": 1, "builtYear": "1979-1985", "builtHeight": 25, "storeNum": 8, "floorArea": 429.029008732, "buildArea": 3432.23206986, "seiFort": "2", "keyFire": 0, "firehouseDist": 2, "pop": 686}