{"buildingID": 26917, "county": "\u666e\u9640", "town": "\u957f\u98ce\u65b0\u6751\u8857\u9053", "circleNum": 1, "builtYear": "pre1978", "builtHeight": 14, "storeNum": 4, "floorArea": 300.772758334, "buildArea": 1203.09103334, "seiFort": "1", "keyFire": 0, "firehouseDist": 2, "pop": 48}