{"buildingID": 29132, "county": "\u666e\u9640", "town": "\u957f\u98ce\u65b0\u6751\u8857\u9053", "circleNum": 1, "builtYear": "1992", "builtHeight": 19, "storeNum": 6, "floorArea": 953.098320485, "buildArea": 5718.58992291, "seiFort": "2", "keyFire": 0, "firehouseDist": 3, "pop": 1143}