{"buildingID": 7769, "county": "\u666e\u9640", "town": "\u957f\u5f81\u9547", "circleNum": 1, "builtYear": "1993", "builtHeight": 79, "storeNum": 26, "floorArea": 1300.56259784, "buildArea": 33814.6275438, "seiFort": "2", "keyFire": 0, "firehouseDist": 2, "pop": 6762}