{"buildingID": 5528, "county": "\u666e\u9640", "town": "\u6843\u6d66\u9547", "circleNum": 2, "builtYear": "1996", "builtHeight": 15, "storeNum": 5, "floorArea": 765.134642958, "buildArea": 3825.67321479, "seiFort": "2", "keyFire": 0, "firehouseDist": 2, "pop": 765}