{"buildingID": 4567, "county": "\u666e\u9640", "town": "\u6843\u6d66\u9547", "circleNum": 2, "builtYear": "2016", "builtHeight": 46, "storeNum": 15, "floorArea": 108.987918132, "buildArea": 1634.81877199, "seiFort": "3", "keyFire": 0, "firehouseDist": 2, "pop": 54}