{"buildingID": 9951, "county": "\u666e\u9640", "town": "\u957f\u5f81\u9547", "circleNum": 1, "builtYear": "1987", "builtHeight": 52, "storeNum": 17, "floorArea": 799.143922996, "buildArea": 13585.4466909, "seiFort": "2", "keyFire": 0, "firehouseDist": 3, "pop": 2717}