{"buildingID": 4431, "county": "\u666e\u9640", "town": "\u6843\u6d66\u9547", "circleNum": 2, "builtYear": "1979-1985", "builtHeight": 12, "storeNum": 4, "floorArea": 1287.68010544, "buildArea": 5150.72042177, "seiFort": "2", "keyFire": 0, "firehouseDist": 3, "pop": 1030}