{"buildingID": 27286, "county": "\u666e\u9640", "town": "\u957f\u98ce\u65b0\u6751\u8857\u9053", "circleNum": 0, "builtYear": "pre1978", "builtHeight": 36, "storeNum": 12, "floorArea": 656.119355234, "buildArea": 7873.43226281, "seiFort": "1", "keyFire": 0, "firehouseDist": 1, "pop": 393}