{"buildingID": 6347, "county": "\u666e\u9640", "town": "\u6843\u6d66\u9547", "circleNum": 2, "builtYear": "1995", "builtHeight": 15, "storeNum": 5, "floorArea": 716.916208702, "buildArea": 3584.58104351, "seiFort": "2", "keyFire": 0, "firehouseDist": 1, "pop": 716}