{"buildingID": 5738, "county": "\u666e\u9640", "town": "\u6843\u6d66\u9547", "circleNum": 2, "builtYear": "1979-1985", "builtHeight": 67, "storeNum": 22, "floorArea": 1458.49090414, "buildArea": 32086.7998911, "seiFort": "2", "keyFire": 0, "firehouseDist": 2, "pop": 6417}