{"buildingID": 10963, "county": "\u666e\u9640", "town": "\u7518\u6cc9\u8def\u8857\u9053", "circleNum": 1, "builtYear": "pre1978", "builtHeight": 18, "storeNum": 6, "floorArea": 448.042036179, "buildArea": 2688.25221707, "seiFort": "1", "keyFire": 0, "firehouseDist": 3, "pop": 107}