{"buildingID": 8786, "county": "\u666e\u9640", "town": "\u6843\u6d66\u9547", "circleNum": 2, "builtYear": "1979-1985", "builtHeight": 8, "storeNum": 2, "floorArea": 2590.97984873, "buildArea": 5181.95969745, "seiFort": "2", "keyFire": 0, "firehouseDist": 2, "pop": 1036}