{"buildingID": 27923, "county": "\u666e\u9640", "town": "\u957f\u98ce\u65b0\u6751\u8857\u9053", "circleNum": 1, "builtYear": "2017", "builtHeight": 10, "storeNum": 3, "floorArea": 572.174742161, "buildArea": 1716.52422648, "seiFort": "3", "keyFire": 0, "firehouseDist": 2, "pop": 343}