{"buildingID": 6313, "county": "\u666e\u9640", "town": "\u6843\u6d66\u9547", "circleNum": 2, "builtYear": "2003", "builtHeight": 19, "storeNum": 6, "floorArea": 581.350012339, "buildArea": 3488.10007403, "seiFort": "3", "keyFire": 0, "firehouseDist": 2, "pop": 697}