{"buildingID": 28864, "county": "\u666e\u9640", "town": "\u957f\u98ce\u65b0\u6751\u8857\u9053", "circleNum": 1, "builtYear": "1996", "builtHeight": 10, "storeNum": 3, "floorArea": 132.606942896, "buildArea": 397.820828687, "seiFort": "2", "keyFire": 0, "firehouseDist": 3, "pop": 15}