{"buildingID": 7807, "county": "\u666e\u9640", "town": "\u7518\u6cc9\u8def\u8857\u9053", "circleNum": 1, "builtYear": "1979-1985", "builtHeight": 39, "storeNum": 13, "floorArea": 707.436254128, "buildArea": 9196.67130366, "seiFort": "2", "keyFire": 0, "firehouseDist": 3, "pop": 1839}