{"buildingID": 1740, "county": "\u666e\u9640", "town": "\u6843\u6d66\u9547", "circleNum": 2, "builtYear": "1987", "builtHeight": 14, "storeNum": 4, "floorArea": 280.236681454, "buildArea": 1120.94672582, "seiFort": "2", "keyFire": 0, "firehouseDist": 2, "pop": 224}