{"buildingID": 1617, "county": "\u666e\u9640", "town": "\u6843\u6d66\u9547", "circleNum": 3, "builtYear": "1994", "builtHeight": 18, "storeNum": 6, "floorArea": 637.863924129, "buildArea": 3827.18354477, "seiFort": "2", "keyFire": 0, "firehouseDist": 3, "pop": 765}