{"buildingID": 28975, "county": "\u666e\u9640", "town": "\u957f\u98ce\u65b0\u6751\u8857\u9053", "circleNum": 1, "builtYear": "2015", "builtHeight": 20, "storeNum": 6, "floorArea": 2186.11278254, "buildArea": 13116.6766953, "seiFort": "3", "keyFire": 0, "firehouseDist": 3, "pop": 2623}