{"buildingID": 15719, "county": "\u666e\u9640", "town": "\u771f\u5982\u9547", "circleNum": 2, "builtYear": "1993", "builtHeight": 12, "storeNum": 4, "floorArea": 486.211322738, "buildArea": 1944.84529095, "seiFort": "2", "keyFire": 0, "firehouseDist": 1, "pop": 388}