{"buildingID": 12550, "county": "\u666e\u9640", "town": "\u6843\u6d66\u9547", "circleNum": 2, "builtYear": "1998", "builtHeight": 13, "storeNum": 4, "floorArea": 1188.57054366, "buildArea": 4754.28217465, "seiFort": "2", "keyFire": 0, "firehouseDist": 2, "pop": 950}