{"buildingID": 28105, "county": "\u666e\u9640", "town": "\u957f\u98ce\u65b0\u6751\u8857\u9053", "circleNum": 0, "builtYear": "pre1978", "builtHeight": 54, "storeNum": 18, "floorArea": 59.7662317745, "buildArea": 1075.79217194, "seiFort": "1", "keyFire": 0, "firehouseDist": 2, "pop": 53}