{"buildingID": 11191, "county": "\u666e\u9640", "town": "\u771f\u5982\u9547", "circleNum": 2, "builtYear": "1997", "builtHeight": 13, "storeNum": 4, "floorArea": 88.5555251334, "buildArea": 354.222100534, "seiFort": "2", "keyFire": 0, "firehouseDist": 2, "pop": 11}