{"buildingID": 24882, "county": "\u666e\u9640", "town": "\u66f9\u6768\u65b0\u6751\u8857\u9053", "circleNum": 1, "builtYear": "1985", "builtHeight": 9, "storeNum": 3, "floorArea": 671.22645193, "buildArea": 2013.67935579, "seiFort": "2", "keyFire": 0, "firehouseDist": 1, "pop": 402}