{"buildingID": 28774, "county": "\u666e\u9640", "town": "\u957f\u98ce\u65b0\u6751\u8857\u9053", "circleNum": 1, "builtYear": "pre1978", "builtHeight": 7, "storeNum": 2, "floorArea": 562.429139564, "buildArea": 1124.85827913, "seiFort": "1", "keyFire": 0, "firehouseDist": 3, "pop": 44}