{"buildingID": 27732, "county": "\u666e\u9640", "town": "\u957f\u98ce\u65b0\u6751\u8857\u9053", "circleNum": 1, "builtYear": "1979-1985", "builtHeight": 7, "storeNum": 2, "floorArea": 656.592056464, "buildArea": 1313.18411293, "seiFort": "2", "keyFire": 0, "firehouseDist": 3, "pop": 262}