{"buildingID": 1071, "county": "\u666e\u9640", "town": "\u6843\u6d66\u9547", "circleNum": 3, "builtYear": "1979-1985", "builtHeight": 6, "storeNum": 2, "floorArea": 309.850898113, "buildArea": 619.701796226, "seiFort": "2", "keyFire": 0, "firehouseDist": 3, "pop": 123}