{"buildingID": 4249, "county": "\u666e\u9640", "town": "\u6843\u6d66\u9547", "circleNum": 2, "builtYear": "2002", "builtHeight": 63, "storeNum": 21, "floorArea": 643.055274435, "buildArea": 13504.1607631, "seiFort": "3", "keyFire": 0, "firehouseDist": 2, "pop": 2700}