{"buildingID": 9807, "county": "\u666e\u9640", "town": "\u771f\u5982\u9547", "circleNum": 1, "builtYear": "1994", "builtHeight": 53, "storeNum": 17, "floorArea": 723.335063133, "buildArea": 12296.6960733, "seiFort": "2", "keyFire": 0, "firehouseDist": 2, "pop": 2459}