{"buildingID": 13700, "county": "\u666e\u9640", "town": "\u771f\u5982\u9547", "circleNum": 2, "builtYear": "2001", "builtHeight": 18, "storeNum": 6, "floorArea": 901.761780579, "buildArea": 5410.57068347, "seiFort": "3", "keyFire": 0, "firehouseDist": 2, "pop": 1082}