{"buildingID": 1412, "county": "\u666e\u9640", "town": "\u6843\u6d66\u9547", "circleNum": 2, "builtYear": "2007", "builtHeight": 25, "storeNum": 8, "floorArea": 267.365383715, "buildArea": 2138.92306972, "seiFort": "3", "keyFire": 0, "firehouseDist": 1, "pop": 427}