{"buildingID": 22208, "county": "\u666e\u9640", "town": "\u957f\u5f81\u9547", "circleNum": 1, "builtYear": "1995", "builtHeight": 29, "storeNum": 9, "floorArea": 771.987121458, "buildArea": 6947.88409312, "seiFort": "2", "keyFire": 0, "firehouseDist": 2, "pop": 1389}