{"buildingID": 1550, "county": "\u666e\u9640", "town": "\u6843\u6d66\u9547", "circleNum": 2, "builtYear": "1979-1985", "builtHeight": 6, "storeNum": 2, "floorArea": 50.6988227813, "buildArea": 101.397645563, "seiFort": "2", "keyFire": 0, "firehouseDist": 2, "pop": 3}