{"buildingID": 22179, "county": "\u666e\u9640", "town": "\u957f\u5f81\u9547", "circleNum": 1, "builtYear": "1994", "builtHeight": 27, "storeNum": 9, "floorArea": 1440.83923825, "buildArea": 12967.5531442, "seiFort": "2", "keyFire": 0, "firehouseDist": 2, "pop": 2593}