{"buildingID": 6405, "county": "\u666e\u9640", "town": "\u6843\u6d66\u9547", "circleNum": 2, "builtYear": "1997", "builtHeight": 48, "storeNum": 16, "floorArea": 1175.23453755, "buildArea": 18803.7526009, "seiFort": "2", "keyFire": 0, "firehouseDist": 2, "pop": 3760}