{"buildingID": 5063, "county": "\u666e\u9640", "town": "\u6843\u6d66\u9547", "circleNum": 2, "builtYear": "2017", "builtHeight": 17, "storeNum": 5, "floorArea": 904.172587158, "buildArea": 4520.86293579, "seiFort": "3", "keyFire": 0, "firehouseDist": 2, "pop": 904}