{"buildingID": 27836, "county": "\u666e\u9640", "town": "\u957f\u98ce\u65b0\u6751\u8857\u9053", "circleNum": 1, "builtYear": "1987", "builtHeight": 12, "storeNum": 4, "floorArea": 101.891039218, "buildArea": 407.564156872, "seiFort": "2", "keyFire": 0, "firehouseDist": 2, "pop": 16}