{"buildingID": 13667, "county": "\u666e\u9640", "town": "\u771f\u5982\u9547", "circleNum": 2, "builtYear": "2006", "builtHeight": 6, "storeNum": 2, "floorArea": 304.036030866, "buildArea": 608.072061732, "seiFort": "3", "keyFire": 0, "firehouseDist": 1, "pop": 121}