{"buildingID": 14858, "county": "\u666e\u9640", "town": "\u5b9c\u5ddd\u8def\u8857\u9053", "circleNum": 1, "builtYear": "1979-1985", "builtHeight": 8, "storeNum": 2, "floorArea": 1510.38533006, "buildArea": 3020.77066012, "seiFort": "2", "keyFire": 0, "firehouseDist": 1, "pop": 604}