{"buildingID": 16072, "county": "\u666e\u9640", "town": "\u771f\u5982\u9547", "circleNum": 1, "builtYear": "1979-1985", "builtHeight": 31, "storeNum": 10, "floorArea": 28.1241252457, "buildArea": 281.241252457, "seiFort": "2", "keyFire": 0, "firehouseDist": 1, "pop": 11}