{"buildingID": 12715, "county": "\u666e\u9640", "town": "\u771f\u5982\u9547", "circleNum": 1, "builtYear": "pre1978", "builtHeight": 13, "storeNum": 4, "floorArea": 719.305702043, "buildArea": 2877.22280817, "seiFort": "1", "keyFire": 0, "firehouseDist": 2, "pop": 115}