{"buildingID": 10602, "county": "\u666e\u9640", "town": "\u7518\u6cc9\u8def\u8857\u9053", "circleNum": 1, "builtYear": "1995", "builtHeight": 20, "storeNum": 6, "floorArea": 653.838582149, "buildArea": 3923.03149289, "seiFort": "2", "keyFire": 0, "firehouseDist": 2, "pop": 784}