{"buildingID": 9831, "county": "\u666e\u9640", "town": "\u771f\u5982\u9547", "circleNum": 1, "builtYear": "1990", "builtHeight": 17, "storeNum": 5, "floorArea": 935.538581982, "buildArea": 4677.69290991, "seiFort": "2", "keyFire": 0, "firehouseDist": 2, "pop": 935}