{"buildingID": 2155, "county": "\u666e\u9640", "town": "\u6843\u6d66\u9547", "circleNum": 3, "builtYear": "1998", "builtHeight": 18, "storeNum": 6, "floorArea": 802.586130892, "buildArea": 4815.51678535, "seiFort": "2", "keyFire": 0, "firehouseDist": 3, "pop": 963}