{"buildingID": 25420, "county": "\u666e\u9640", "town": "\u66f9\u6768\u65b0\u6751\u8857\u9053", "circleNum": 1, "builtYear": "1979-1985", "builtHeight": 25, "storeNum": 8, "floorArea": 1632.51569717, "buildArea": 13060.1255774, "seiFort": "2", "keyFire": 0, "firehouseDist": 1, "pop": 2612}