{"buildingID": 7861, "county": "\u666e\u9640", "town": "\u771f\u5982\u9547", "circleNum": 2, "builtYear": "1994", "builtHeight": 18, "storeNum": 6, "floorArea": 296.406099937, "buildArea": 1778.43659962, "seiFort": "2", "keyFire": 0, "firehouseDist": 2, "pop": 355}