{"buildingID": 27046, "county": "\u666e\u9640", "town": "\u957f\u98ce\u65b0\u6751\u8857\u9053", "circleNum": 0, "builtYear": "1992", "builtHeight": 9, "storeNum": 3, "floorArea": 1144.65056683, "buildArea": 3433.95170049, "seiFort": "2", "keyFire": 0, "firehouseDist": 1, "pop": 686}