{"buildingID": 10514, "county": "\u666e\u9640", "town": "\u7518\u6cc9\u8def\u8857\u9053", "circleNum": 1, "builtYear": "pre1978", "builtHeight": 18, "storeNum": 6, "floorArea": 479.77613566, "buildArea": 2878.65681396, "seiFort": "1", "keyFire": 0, "firehouseDist": 2, "pop": 115}