{"buildingID": 10430, "county": "\u666e\u9640", "town": "\u7518\u6cc9\u8def\u8857\u9053", "circleNum": 1, "builtYear": "1987", "builtHeight": 13, "storeNum": 4, "floorArea": 210.113712325, "buildArea": 840.454849301, "seiFort": "2", "keyFire": 0, "firehouseDist": 2, "pop": 168}