{"buildingID": 18102, "county": "\u666e\u9640", "town": "\u957f\u5f81\u9547", "circleNum": 2, "builtYear": "1989", "builtHeight": 17, "storeNum": 5, "floorArea": 2459.66641154, "buildArea": 12298.3320577, "seiFort": "2", "keyFire": 0, "firehouseDist": 3, "pop": 2459}