{"buildingID": 25959, "county": "\u666e\u9640", "town": "\u957f\u5f81\u9547", "circleNum": 1, "builtYear": "1989", "builtHeight": 16, "storeNum": 5, "floorArea": 1224.64100399, "buildArea": 6123.20501996, "seiFort": "2", "keyFire": 0, "firehouseDist": 2, "pop": 1224}