{"buildingID": 10732, "county": "\u666e\u9640", "town": "\u771f\u5982\u9547", "circleNum": 2, "builtYear": "1990", "builtHeight": 15, "storeNum": 5, "floorArea": 973.876425772, "buildArea": 4869.38212886, "seiFort": "2", "keyFire": 0, "firehouseDist": 2, "pop": 973}