{"buildingID": 14070, "county": "\u666e\u9640", "town": "\u771f\u5982\u9547", "circleNum": 1, "builtYear": "pre1978", "builtHeight": 94, "storeNum": 31, "floorArea": 884.29960122, "buildArea": 27413.2876378, "seiFort": "1", "keyFire": 0, "firehouseDist": 2, "pop": 1096}