{"buildingID": 6810, "county": "\u666e\u9640", "town": "\u6843\u6d66\u9547", "circleNum": 2, "builtYear": "2009", "builtHeight": 9, "storeNum": 3, "floorArea": 1678.82150847, "buildArea": 5036.46452542, "seiFort": "3", "keyFire": 0, "firehouseDist": 2, "pop": 1007}