{"buildingID": 25524, "county": "\u666e\u9640", "town": "\u957f\u98ce\u65b0\u6751\u8857\u9053", "circleNum": 0, "builtYear": "pre1978", "builtHeight": 110, "storeNum": 36, "floorArea": 83.4169989492, "buildArea": 3003.01196217, "seiFort": "1", "keyFire": 0, "firehouseDist": 1, "pop": 600}