{"buildingID": 27920, "county": "\u666e\u9640", "town": "\u957f\u98ce\u65b0\u6751\u8857\u9053", "circleNum": 1, "builtYear": "pre1978", "builtHeight": 24, "storeNum": 8, "floorArea": 60.2851628867, "buildArea": 482.281303094, "seiFort": "1", "keyFire": 0, "firehouseDist": 2, "pop": 19}