{"buildingID": 16620, "county": "\u666e\u9640", "town": "\u771f\u5982\u9547", "circleNum": 2, "builtYear": "1991", "builtHeight": 76, "storeNum": 25, "floorArea": 1211.77545539, "buildArea": 30294.3863847, "seiFort": "2", "keyFire": 0, "firehouseDist": 1, "pop": 6058}