{"buildingID": 20439, "county": "\u666e\u9640", "town": "\u771f\u5982\u9547", "circleNum": 1, "builtYear": "1979-1985", "builtHeight": 11, "storeNum": 3, "floorArea": 84.3074934235, "buildArea": 252.92248027, "seiFort": "2", "keyFire": 0, "firehouseDist": 1, "pop": 10}