{"buildingID": 12624, "county": "\u666e\u9640", "town": "\u771f\u5982\u9547", "circleNum": 2, "builtYear": "1996", "builtHeight": 15, "storeNum": 5, "floorArea": 522.621922017, "buildArea": 2613.10961009, "seiFort": "2", "keyFire": 0, "firehouseDist": 2, "pop": 522}