{"buildingID": 15531, "county": "\u666e\u9640", "town": "\u77f3\u6cc9\u8def\u8857\u9053", "circleNum": 1, "builtYear": "1979-1985", "builtHeight": 17, "storeNum": 5, "floorArea": 1099.9859759, "buildArea": 5499.92987952, "seiFort": "2", "keyFire": 0, "firehouseDist": 1, "pop": 1099}