{"buildingID": 315, "county": "\u666e\u9640", "town": "\u6843\u6d66\u9547", "circleNum": 3, "builtYear": "2005", "builtHeight": 18, "storeNum": 6, "floorArea": 2233.68910182, "buildArea": 13402.1346109, "seiFort": "3", "keyFire": 0, "firehouseDist": 3, "pop": 2680}