{"buildingID": 6718, "county": "\u666e\u9640", "town": "\u957f\u5f81\u9547", "circleNum": 1, "builtYear": "1991", "builtHeight": 51, "storeNum": 17, "floorArea": 703.997049722, "buildArea": 11967.9498453, "seiFort": "2", "keyFire": 0, "firehouseDist": 1, "pop": 2393}