{"buildingID": 23227, "county": "\u666e\u9640", "town": "\u957f\u5bff\u8def\u8857\u9053", "circleNum": 0, "builtYear": "1979-1985", "builtHeight": 81, "storeNum": 27, "floorArea": 808.765099811, "buildArea": 21836.6576949, "seiFort": "2", "keyFire": 0, "firehouseDist": 1, "pop": 4367}