{"buildingID": 7780, "county": "\u666e\u9640", "town": "\u957f\u5f81\u9547", "circleNum": 1, "builtYear": "2001", "builtHeight": 86, "storeNum": 28, "floorArea": 450.109223256, "buildArea": 12603.0582512, "seiFort": "3", "keyFire": 0, "firehouseDist": 1, "pop": 2520}