{"buildingID": 24709, "county": "\u666e\u9640", "town": "\u957f\u5f81\u9547", "circleNum": 1, "builtYear": "1979-1985", "builtHeight": 6, "storeNum": 2, "floorArea": 13.0229962476, "buildArea": 26.0459924952, "seiFort": "2", "keyFire": 0, "firehouseDist": 2, "pop": 1}