{"buildingID": 26775, "county": "\u666e\u9640", "town": "\u957f\u98ce\u65b0\u6751\u8857\u9053", "circleNum": 0, "builtYear": "pre1978", "builtHeight": 19, "storeNum": 6, "floorArea": 708.015268224, "buildArea": 4248.09160935, "seiFort": "1", "keyFire": 0, "firehouseDist": 2, "pop": 212}