{"buildingID": 22643, "county": "\u666e\u9640", "town": "\u66f9\u6768\u65b0\u6751\u8857\u9053", "circleNum": 1, "builtYear": "pre1978", "builtHeight": 62, "storeNum": 20, "floorArea": 108.012874711, "buildArea": 2160.25749422, "seiFort": "1", "keyFire": 0, "firehouseDist": 1, "pop": 86}