{"buildingID": 12647, "county": "\u666e\u9640", "town": "\u771f\u5982\u9547", "circleNum": 2, "builtYear": "1993", "builtHeight": 13, "storeNum": 4, "floorArea": 605.860987754, "buildArea": 2423.44395101, "seiFort": "2", "keyFire": 0, "firehouseDist": 2, "pop": 484}