{"buildingID": 21723, "county": "\u666e\u9640", "town": "\u66f9\u6768\u65b0\u6751\u8857\u9053", "circleNum": 1, "builtYear": "pre1978", "builtHeight": 114, "storeNum": 38, "floorArea": 156.790989277, "buildArea": 5958.05759253, "seiFort": "1", "keyFire": 0, "firehouseDist": 1, "pop": 1191}