{"buildingID": 2118, "county": "\u666e\u9640", "town": "\u6843\u6d66\u9547", "circleNum": 3, "builtYear": "1994", "builtHeight": 18, "storeNum": 6, "floorArea": 1083.85853656, "buildArea": 6503.15121936, "seiFort": "2", "keyFire": 0, "firehouseDist": 3, "pop": 1300}