{"buildingID": 3320, "county": "\u666e\u9640", "town": "\u6843\u6d66\u9547", "circleNum": 2, "builtYear": "1979-1985", "builtHeight": 19, "storeNum": 6, "floorArea": 943.661291055, "buildArea": 5661.96774633, "seiFort": "2", "keyFire": 0, "firehouseDist": 1, "pop": 1132}