{"buildingID": 28338, "county": "\u666e\u9640", "town": "\u957f\u98ce\u65b0\u6751\u8857\u9053", "circleNum": 1, "builtYear": "1979-1985", "builtHeight": 63, "storeNum": 21, "floorArea": 354.656938499, "buildArea": 7447.79570848, "seiFort": "2", "keyFire": 0, "firehouseDist": 2, "pop": 1489}