{"buildingID": 20112, "county": "\u666e\u9640", "town": "\u957f\u5bff\u8def\u8857\u9053", "circleNum": 0, "builtYear": "pre1978", "builtHeight": 104, "storeNum": 34, "floorArea": 758.649554883, "buildArea": 25794.084866, "seiFort": "1", "keyFire": 0, "firehouseDist": 2, "pop": 5158}