{"buildingID": 15094, "county": "\u666e\u9640", "town": "\u771f\u5982\u9547", "circleNum": 2, "builtYear": "pre1978", "builtHeight": 16, "storeNum": 5, "floorArea": 1055.27703746, "buildArea": 5276.38518732, "seiFort": "1", "keyFire": 0, "firehouseDist": 1, "pop": 175}