{"buildingID": 5222, "county": "\u666e\u9640", "town": "\u6843\u6d66\u9547", "circleNum": 2, "builtYear": "1979-1985", "builtHeight": 7, "storeNum": 2, "floorArea": 138.811798959, "buildArea": 277.623597919, "seiFort": "2", "keyFire": 0, "firehouseDist": 2, "pop": 9}