{"buildingID": 10885, "county": "\u666e\u9640", "town": "\u957f\u5f81\u9547", "circleNum": 1, "builtYear": "1979-1985", "builtHeight": 32, "storeNum": 10, "floorArea": 763.002422182, "buildArea": 7630.02422182, "seiFort": "2", "keyFire": 0, "firehouseDist": 3, "pop": 1526}