{"buildingID": 13777, "county": "\u666e\u9640", "town": "\u771f\u5982\u9547", "circleNum": 1, "builtYear": "pre1978", "builtHeight": 32, "storeNum": 10, "floorArea": 762.292312071, "buildArea": 7622.92312071, "seiFort": "1", "keyFire": 0, "firehouseDist": 2, "pop": 304}