{"buildingID": 15066, "county": "\u666e\u9640", "town": "\u771f\u5982\u9547", "circleNum": 2, "builtYear": "1994", "builtHeight": 17, "storeNum": 5, "floorArea": 181.086828664, "buildArea": 905.43414332, "seiFort": "2", "keyFire": 0, "firehouseDist": 1, "pop": 181}