{"buildingID": 14073, "county": "\u666e\u9640", "town": "\u771f\u5982\u9547", "circleNum": 1, "builtYear": "pre1978", "builtHeight": 16, "storeNum": 5, "floorArea": 522.201978556, "buildArea": 2611.00989278, "seiFort": "1", "keyFire": 0, "firehouseDist": 2, "pop": 104}