{"buildingID": 17910, "county": "\u666e\u9640", "town": "\u957f\u5f81\u9547", "circleNum": 2, "builtYear": "1996", "builtHeight": 53, "storeNum": 17, "floorArea": 693.218699757, "buildArea": 11784.7178959, "seiFort": "2", "keyFire": 0, "firehouseDist": 1, "pop": 2356}