{"buildingID": 18274, "county": "\u666e\u9640", "town": "\u957f\u5f81\u9547", "circleNum": 2, "builtYear": "2004", "builtHeight": 20, "storeNum": 6, "floorArea": 856.765940059, "buildArea": 5140.59564036, "seiFort": "3", "keyFire": 0, "firehouseDist": 2, "pop": 1028}