{"buildingID": 17573, "county": "\u666e\u9640", "town": "\u957f\u5bff\u8def\u8857\u9053", "circleNum": 0, "builtYear": "pre1978", "builtHeight": 67, "storeNum": 22, "floorArea": 1177.17835138, "buildArea": 25897.9237304, "seiFort": "1", "keyFire": 0, "firehouseDist": 1, "pop": 1294}