{"buildingID": 19582, "county": "\u666e\u9640", "town": "\u957f\u98ce\u65b0\u6751\u8857\u9053", "circleNum": 1, "builtYear": "1987", "builtHeight": 7, "storeNum": 2, "floorArea": 344.190787213, "buildArea": 688.381574427, "seiFort": "2", "keyFire": 0, "firehouseDist": 3, "pop": 137}