{"buildingID": 23086, "county": "\u666e\u9640", "town": "\u957f\u5bff\u8def\u8857\u9053", "circleNum": 0, "builtYear": "pre1978", "builtHeight": 85, "storeNum": 28, "floorArea": 1869.08233464, "buildArea": 52334.3053699, "seiFort": "1", "keyFire": 0, "firehouseDist": 1, "pop": 2616}