{"buildingID": 19375, "county": "\u666e\u9640", "town": "\u957f\u98ce\u65b0\u6751\u8857\u9053", "circleNum": 1, "builtYear": "1989", "builtHeight": 6, "storeNum": 2, "floorArea": 445.083158876, "buildArea": 890.166317752, "seiFort": "2", "keyFire": 0, "firehouseDist": 3, "pop": 178}