{"buildingID": 5780, "county": "\u666e\u9640", "town": "\u6843\u6d66\u9547", "circleNum": 2, "builtYear": "1997", "builtHeight": 13, "storeNum": 4, "floorArea": 524.860283839, "buildArea": 2099.44113536, "seiFort": "2", "keyFire": 0, "firehouseDist": 2, "pop": 419}