{"buildingID": 10932, "county": "\u666e\u9640", "town": "\u957f\u5f81\u9547", "circleNum": 1, "builtYear": "1979-1985", "builtHeight": 19, "storeNum": 6, "floorArea": 422.079440049, "buildArea": 2532.47664029, "seiFort": "2", "keyFire": 0, "firehouseDist": 3, "pop": 506}