{"buildingID": 11820, "county": "\u666e\u9640", "town": "\u771f\u5982\u9547", "circleNum": 1, "builtYear": "1979-1985", "builtHeight": 53, "storeNum": 17, "floorArea": 67.8404391614, "buildArea": 1153.28746574, "seiFort": "2", "keyFire": 0, "firehouseDist": 2, "pop": 46}