{"buildingID": 9071, "county": "\u666e\u9640", "town": "\u7518\u6cc9\u8def\u8857\u9053", "circleNum": 1, "builtYear": "1987", "builtHeight": 13, "storeNum": 4, "floorArea": 512.14307853, "buildArea": 2048.57231412, "seiFort": "2", "keyFire": 0, "firehouseDist": 3, "pop": 409}