{"buildingID": 13941, "county": "\u666e\u9640", "town": "\u771f\u5982\u9547", "circleNum": 1, "builtYear": "1979-1985", "builtHeight": 99, "storeNum": 33, "floorArea": 2194.84118575, "buildArea": 72429.7591299, "seiFort": "2", "keyFire": 0, "firehouseDist": 2, "pop": 14485}