{"buildingID": 11842, "county": "\u666e\u9640", "town": "\u771f\u5982\u9547", "circleNum": 1, "builtYear": "pre1978", "builtHeight": 37, "storeNum": 12, "floorArea": 300.176227979, "buildArea": 3602.11473575, "seiFort": "1", "keyFire": 0, "firehouseDist": 2, "pop": 144}