{"buildingID": 16259, "county": "\u666e\u9640", "town": "\u5b9c\u5ddd\u8def\u8857\u9053", "circleNum": 0, "builtYear": "1988", "builtHeight": 105, "storeNum": 35, "floorArea": 60.0543298462, "buildArea": 2101.90154462, "seiFort": "2", "keyFire": 0, "firehouseDist": 1, "pop": 420}