{"buildingID": 11370, "county": "\u666e\u9640", "town": "\u771f\u5982\u9547", "circleNum": 1, "builtYear": "1991", "builtHeight": 7, "storeNum": 2, "floorArea": 502.797603064, "buildArea": 1005.59520613, "seiFort": "2", "keyFire": 0, "firehouseDist": 2, "pop": 201}