{"buildingID": 11483, "county": "\u666e\u9640", "town": "\u77f3\u6cc9\u8def\u8857\u9053", "circleNum": 1, "builtYear": "1979-1985", "builtHeight": 9, "storeNum": 3, "floorArea": 111.578733087, "buildArea": 334.73619926, "seiFort": "2", "keyFire": 0, "firehouseDist": 2, "pop": 13}