{"buildingID": 16867, "county": "\u666e\u9640", "town": "\u77f3\u6cc9\u8def\u8857\u9053", "circleNum": 1, "builtYear": "1994", "builtHeight": 5, "storeNum": 1, "floorArea": 523.205800667, "buildArea": 523.205800667, "seiFort": "2", "keyFire": 0, "firehouseDist": 2, "pop": 104}