{"buildingID": 28711, "county": "\u666e\u9640", "town": "\u957f\u98ce\u65b0\u6751\u8857\u9053", "circleNum": 1, "builtYear": "pre1978", "builtHeight": 49, "storeNum": 16, "floorArea": 582.817994711, "buildArea": 9325.08791537, "seiFort": "1", "keyFire": 0, "firehouseDist": 4, "pop": 373}