{"buildingID": 29444, "county": "\u666e\u9640", "town": "\u957f\u98ce\u65b0\u6751\u8857\u9053", "circleNum": 1, "builtYear": "pre1978", "builtHeight": 18, "storeNum": 6, "floorArea": 869.079907515, "buildArea": 5214.47944509, "seiFort": "1", "keyFire": 0, "firehouseDist": 3, "pop": 208}