{"buildingID": 28668, "county": "\u666e\u9640", "town": "\u957f\u98ce\u65b0\u6751\u8857\u9053", "circleNum": 1, "builtYear": "pre1978", "builtHeight": 22, "storeNum": 7, "floorArea": 300.891321816, "buildArea": 2106.23925271, "seiFort": "1", "keyFire": 0, "firehouseDist": 3, "pop": 84}