{"buildingID": 10033, "county": "\u666e\u9640", "town": "\u7518\u6cc9\u8def\u8857\u9053", "circleNum": 1, "builtYear": "1987", "builtHeight": 54, "storeNum": 18, "floorArea": 727.41173964, "buildArea": 13093.4113135, "seiFort": "2", "keyFire": 0, "firehouseDist": 3, "pop": 2618}