{"buildingID": 8619, "county": "\u666e\u9640", "town": "\u7518\u6cc9\u8def\u8857\u9053", "circleNum": 1, "builtYear": "1987", "builtHeight": 17, "storeNum": 5, "floorArea": 790.568956551, "buildArea": 3952.84478276, "seiFort": "2", "keyFire": 0, "firehouseDist": 3, "pop": 790}