{"buildingID": 18785, "county": "\u666e\u9640", "town": "\u957f\u5f81\u9547", "circleNum": 2, "builtYear": "1990", "builtHeight": 18, "storeNum": 6, "floorArea": 894.921704938, "buildArea": 5369.53022963, "seiFort": "2", "keyFire": 0, "firehouseDist": 3, "pop": 1073}