{"buildingID": 27493, "county": "\u666e\u9640", "town": "\u957f\u98ce\u65b0\u6751\u8857\u9053", "circleNum": 1, "builtYear": "1989", "builtHeight": 3, "storeNum": 1, "floorArea": 52.17630506, "buildArea": 52.17630506, "seiFort": "2", "keyFire": 0, "firehouseDist": 2, "pop": 2}