{"buildingID": 11832, "county": "\u666e\u9640", "town": "\u771f\u5982\u9547", "circleNum": 1, "builtYear": "pre1978", "builtHeight": 44, "storeNum": 14, "floorArea": 180.891829184, "buildArea": 2532.48560858, "seiFort": "1", "keyFire": 0, "firehouseDist": 2, "pop": 101}