{"buildingID": 6926, "county": "\u666e\u9640", "town": "\u6843\u6d66\u9547", "circleNum": 2, "builtYear": "2010", "builtHeight": 18, "storeNum": 6, "floorArea": 584.740030466, "buildArea": 3508.44018279, "seiFort": "3", "keyFire": 0, "firehouseDist": 1, "pop": 701}