{"buildingID": 15262, "county": "\u666e\u9640", "town": "\u771f\u5982\u9547", "circleNum": 1, "builtYear": "1994", "builtHeight": 6, "storeNum": 2, "floorArea": 552.403540955, "buildArea": 1104.80708191, "seiFort": "2", "keyFire": 0, "firehouseDist": 2, "pop": 220}