{"buildingID": 25908, "county": "\u666e\u9640", "town": "\u66f9\u6768\u65b0\u6751\u8857\u9053", "circleNum": 1, "builtYear": "1979-1985", "builtHeight": 5, "storeNum": 1, "floorArea": 376.556290281, "buildArea": 376.556290281, "seiFort": "2", "keyFire": 0, "firehouseDist": 2, "pop": 75}