{"buildingID": 21391, "county": "\u666e\u9640", "town": "\u957f\u5f81\u9547", "circleNum": 1, "builtYear": "1979-1985", "builtHeight": 37, "storeNum": 12, "floorArea": 683.457636903, "buildArea": 8201.49164283, "seiFort": "2", "keyFire": 0, "firehouseDist": 1, "pop": 1640}