{"buildingID": 11279, "county": "\u666e\u9640", "town": "\u771f\u5982\u9547", "circleNum": 2, "builtYear": "1999", "builtHeight": 18, "storeNum": 6, "floorArea": 561.871755184, "buildArea": 3371.2305311, "seiFort": "2", "keyFire": 0, "firehouseDist": 2, "pop": 674}