{"buildingID": 27306, "county": "\u666e\u9640", "town": "\u957f\u98ce\u65b0\u6751\u8857\u9053", "circleNum": 1, "builtYear": "1979-1985", "builtHeight": 15, "storeNum": 5, "floorArea": 762.790139513, "buildArea": 3813.95069757, "seiFort": "2", "keyFire": 0, "firehouseDist": 2, "pop": 762}