{"buildingID": 6075, "county": "\u666e\u9640", "town": "\u6843\u6d66\u9547", "circleNum": 2, "builtYear": "2012", "builtHeight": 6, "storeNum": 2, "floorArea": 2980.18409581, "buildArea": 5960.36819161, "seiFort": "3", "keyFire": 0, "firehouseDist": 1, "pop": 1192}