{"buildingID": 18509, "county": "\u666e\u9640", "town": "\u957f\u5f81\u9547", "circleNum": 2, "builtYear": "1979-1985", "builtHeight": 4, "storeNum": 1, "floorArea": 365.173531238, "buildArea": 365.173531238, "seiFort": "2", "keyFire": 0, "firehouseDist": 3, "pop": 73}