{"buildingID": 2986, "county": "\u666e\u9640", "town": "\u6843\u6d66\u9547", "circleNum": 2, "builtYear": "1994", "builtHeight": 16, "storeNum": 5, "floorArea": 423.152524665, "buildArea": 2115.76262332, "seiFort": "2", "keyFire": 0, "firehouseDist": 1, "pop": 423}