{"buildingID": 6390, "county": "\u666e\u9640", "town": "\u6843\u6d66\u9547", "circleNum": 2, "builtYear": "2008", "builtHeight": 25, "storeNum": 8, "floorArea": 841.742093459, "buildArea": 6733.93674767, "seiFort": "3", "keyFire": 0, "firehouseDist": 2, "pop": 1346}