{"buildingID": 23615, "county": "\u666e\u9640", "town": "\u957f\u5bff\u8def\u8857\u9053", "circleNum": 0, "builtYear": "1988", "builtHeight": 44, "storeNum": 14, "floorArea": 1392.86721377, "buildArea": 19500.1409927, "seiFort": "2", "keyFire": 1, "firehouseDist": 1, "pop": 3900}