{"buildingID": 28813, "county": "\u666e\u9640", "town": "\u957f\u98ce\u65b0\u6751\u8857\u9053", "circleNum": 1, "builtYear": "1988", "builtHeight": 6, "storeNum": 2, "floorArea": 233.145340264, "buildArea": 466.290680529, "seiFort": "2", "keyFire": 0, "firehouseDist": 3, "pop": 93}