{"buildingID": 20031, "county": "\u666e\u9640", "town": "\u957f\u5f81\u9547", "circleNum": 1, "builtYear": "1996", "builtHeight": 18, "storeNum": 6, "floorArea": 854.918713191, "buildArea": 5129.51227914, "seiFort": "2", "keyFire": 0, "firehouseDist": 1, "pop": 1025}