{"buildingID": 3214, "county": "\u666e\u9640", "town": "\u6843\u6d66\u9547", "circleNum": 2, "builtYear": "1979-1985", "builtHeight": 13, "storeNum": 4, "floorArea": 939.386131691, "buildArea": 3757.54452676, "seiFort": "2", "keyFire": 0, "firehouseDist": 2, "pop": 751}