{"buildingID": 12264, "county": "\u666e\u9640", "town": "\u771f\u5982\u9547", "circleNum": 1, "builtYear": "1987", "builtHeight": 29, "storeNum": 9, "floorArea": 1163.50334047, "buildArea": 10471.5300643, "seiFort": "2", "keyFire": 0, "firehouseDist": 1, "pop": 2094}