{"buildingID": 23686, "county": "\u666e\u9640", "town": "\u66f9\u6768\u65b0\u6751\u8857\u9053", "circleNum": 1, "builtYear": "1979-1985", "builtHeight": 95, "storeNum": 31, "floorArea": 1958.71136498, "buildArea": 60720.0523143, "seiFort": "2", "keyFire": 0, "firehouseDist": 1, "pop": 12144}