{"buildingID": 22379, "county": "\u666e\u9640", "town": "\u66f9\u6768\u65b0\u6751\u8857\u9053", "circleNum": 1, "builtYear": "1988", "builtHeight": 6, "storeNum": 2, "floorArea": 609.045398327, "buildArea": 1218.09079665, "seiFort": "2", "keyFire": 0, "firehouseDist": 1, "pop": 243}