{"buildingID": 20058, "county": "\u666e\u9640", "town": "\u66f9\u6768\u65b0\u6751\u8857\u9053", "circleNum": 1, "builtYear": "pre1978", "builtHeight": 22, "storeNum": 7, "floorArea": 468.387293075, "buildArea": 3278.71105153, "seiFort": "1", "keyFire": 0, "firehouseDist": 1, "pop": 131}