{"buildingID": 2748, "county": "\u666e\u9640", "town": "\u6843\u6d66\u9547", "circleNum": 3, "builtYear": "1988", "builtHeight": 18, "storeNum": 6, "floorArea": 297.837537553, "buildArea": 1787.02522532, "seiFort": "2", "keyFire": 0, "firehouseDist": 3, "pop": 357}