{"buildingID": 25930, "county": "\u666e\u9640", "town": "\u957f\u98ce\u65b0\u6751\u8857\u9053", "circleNum": 1, "builtYear": "1979-1985", "builtHeight": 22, "storeNum": 7, "floorArea": 251.046419762, "buildArea": 1757.32493834, "seiFort": "2", "keyFire": 0, "firehouseDist": 3, "pop": 351}