{"buildingID": 11288, "county": "\u666e\u9640", "town": "\u771f\u5982\u9547", "circleNum": 2, "builtYear": "2001", "builtHeight": 17, "storeNum": 5, "floorArea": 480.857271403, "buildArea": 2404.28635701, "seiFort": "3", "keyFire": 0, "firehouseDist": 2, "pop": 480}