{"buildingID": 19329, "county": "\u666e\u9640", "town": "\u957f\u98ce\u65b0\u6751\u8857\u9053", "circleNum": 1, "builtYear": "1987", "builtHeight": 20, "storeNum": 6, "floorArea": 422.462813644, "buildArea": 2534.77688186, "seiFort": "2", "keyFire": 0, "firehouseDist": 3, "pop": 506}