{"buildingID": 14285, "county": "\u666e\u9640", "town": "\u77f3\u6cc9\u8def\u8857\u9053", "circleNum": 1, "builtYear": "1979-1985", "builtHeight": 54, "storeNum": 18, "floorArea": 147.668970118, "buildArea": 2658.04146213, "seiFort": "2", "keyFire": 0, "firehouseDist": 2, "pop": 106}