{"buildingID": 24592, "county": "\u666e\u9640", "town": "\u957f\u5bff\u8def\u8857\u9053", "circleNum": 0, "builtYear": "pre1978", "builtHeight": 104, "storeNum": 34, "floorArea": 1424.4905442, "buildArea": 48432.6785029, "seiFort": "1", "keyFire": 0, "firehouseDist": 1, "pop": 9686}