{"buildingID": 8158, "county": "\u666e\u9640", "town": "\u957f\u5f81\u9547", "circleNum": 1, "builtYear": "1979-1985", "builtHeight": 20, "storeNum": 6, "floorArea": 922.936576084, "buildArea": 5537.61945651, "seiFort": "2", "keyFire": 0, "firehouseDist": 3, "pop": 1107}