{"buildingID": 26739, "county": "\u666e\u9640", "town": "\u66f9\u6768\u65b0\u6751\u8857\u9053", "circleNum": 1, "builtYear": "pre1978", "builtHeight": 22, "storeNum": 7, "floorArea": 325.589665301, "buildArea": 2279.12765711, "seiFort": "1", "keyFire": 0, "firehouseDist": 2, "pop": 91}