{"buildingID": 28926, "county": "\u666e\u9640", "town": "\u957f\u98ce\u65b0\u6751\u8857\u9053", "circleNum": 1, "builtYear": "pre1978", "builtHeight": 4, "storeNum": 1, "floorArea": 295.758205775, "buildArea": 295.758205775, "seiFort": "1", "keyFire": 0, "firehouseDist": 4, "pop": 11}