{"buildingID": 5408, "county": "\u666e\u9640", "town": "\u6843\u6d66\u9547", "circleNum": 2, "builtYear": "2004", "builtHeight": 42, "storeNum": 14, "floorArea": 111.502760547, "buildArea": 1561.03864766, "seiFort": "3", "keyFire": 0, "firehouseDist": 1, "pop": 52}