{"buildingID": 5402, "county": "\u666e\u9640", "town": "\u6843\u6d66\u9547", "circleNum": 2, "builtYear": "2003", "builtHeight": 17, "storeNum": 5, "floorArea": 949.096524584, "buildArea": 4745.48262292, "seiFort": "3", "keyFire": 0, "firehouseDist": 1, "pop": 949}