{"buildingID": 12914, "county": "\u666e\u9640", "town": "\u77f3\u6cc9\u8def\u8857\u9053", "circleNum": 1, "builtYear": "2015", "builtHeight": 5, "storeNum": 1, "floorArea": 1012.77318556, "buildArea": 1012.77318556, "seiFort": "3", "keyFire": 0, "firehouseDist": 3, "pop": 202}