{"buildingID": 331, "county": "\u666e\u9640", "town": "\u6843\u6d66\u9547", "circleNum": 3, "builtYear": "2000", "builtHeight": 18, "storeNum": 6, "floorArea": 5205.17268104, "buildArea": 31231.0360863, "seiFort": "3", "keyFire": 0, "firehouseDist": 3, "pop": 6246}