{"buildingID": 14392, "county": "\u666e\u9640", "town": "\u7518\u6cc9\u8def\u8857\u9053", "circleNum": 1, "builtYear": "1979-1985", "builtHeight": 60, "storeNum": 20, "floorArea": 205.544091609, "buildArea": 4110.88183219, "seiFort": "2", "keyFire": 0, "firehouseDist": 2, "pop": 822}