{"buildingID": 27027, "county": "\u666e\u9640", "town": "\u957f\u98ce\u65b0\u6751\u8857\u9053", "circleNum": 0, "builtYear": "pre1978", "builtHeight": 13, "storeNum": 4, "floorArea": 623.090476928, "buildArea": 2492.36190771, "seiFort": "1", "keyFire": 0, "firehouseDist": 2, "pop": 124}