{"buildingID": 1939, "county": "\u666e\u9640", "town": "\u6843\u6d66\u9547", "circleNum": 3, "builtYear": "1994", "builtHeight": 18, "storeNum": 6, "floorArea": 834.964488455, "buildArea": 5009.78693073, "seiFort": "2", "keyFire": 0, "firehouseDist": 4, "pop": 1001}