{"buildingID": 1325, "county": "\u666e\u9640", "town": "\u6843\u6d66\u9547", "circleNum": 3, "builtYear": "1996", "builtHeight": 18, "storeNum": 6, "floorArea": 326.092855478, "buildArea": 1956.55713287, "seiFort": "2", "keyFire": 0, "firehouseDist": 3, "pop": 391}