{"buildingID": 25842, "county": "\u666e\u9640", "town": "\u66f9\u6768\u65b0\u6751\u8857\u9053", "circleNum": 1, "builtYear": "1979-1985", "builtHeight": 6, "storeNum": 2, "floorArea": 316.504599202, "buildArea": 633.009198405, "seiFort": "2", "keyFire": 0, "firehouseDist": 2, "pop": 126}