{"buildingID": 17018, "county": "\u666e\u9640", "town": "\u5b9c\u5ddd\u8def\u8857\u9053", "circleNum": 0, "builtYear": "1979-1985", "builtHeight": 3, "storeNum": 1, "floorArea": 761.171000803, "buildArea": 761.171000803, "seiFort": "2", "keyFire": 0, "firehouseDist": 1, "pop": 152}