{"buildingID": 14282, "county": "\u666e\u9640", "town": "\u77f3\u6cc9\u8def\u8857\u9053", "circleNum": 1, "builtYear": "1988", "builtHeight": 53, "storeNum": 17, "floorArea": 133.609375505, "buildArea": 2271.35938359, "seiFort": "2", "keyFire": 0, "firehouseDist": 2, "pop": 90}