{"buildingID": 10670, "county": "\u666e\u9640", "town": "\u771f\u5982\u9547", "circleNum": 2, "builtYear": "1989", "builtHeight": 4, "storeNum": 1, "floorArea": 1009.50344103, "buildArea": 1009.50344103, "seiFort": "2", "keyFire": 0, "firehouseDist": 2, "pop": 201}