{"buildingID": 2847, "county": "\u666e\u9640", "town": "\u6843\u6d66\u9547", "circleNum": 2, "builtYear": "1990", "builtHeight": 20, "storeNum": 6, "floorArea": 556.235285486, "buildArea": 3337.41171291, "seiFort": "2", "keyFire": 0, "firehouseDist": 2, "pop": 667}