{"buildingID": 4518, "county": "\u666e\u9640", "town": "\u6843\u6d66\u9547", "circleNum": 2, "builtYear": "2004", "builtHeight": 64, "storeNum": 21, "floorArea": 71.0806220651, "buildArea": 1492.69306337, "seiFort": "3", "keyFire": 0, "firehouseDist": 2, "pop": 49}