{"buildingID": 23916, "county": "\u666e\u9640", "town": "\u957f\u5bff\u8def\u8857\u9053", "circleNum": 0, "builtYear": "pre1978", "builtHeight": 99, "storeNum": 33, "floorArea": 1305.73256778, "buildArea": 43089.1747368, "seiFort": "1", "keyFire": 0, "firehouseDist": 1, "pop": 2154}