{"buildingID": 22837, "county": "\u666e\u9640", "town": "\u66f9\u6768\u65b0\u6751\u8857\u9053", "circleNum": 1, "builtYear": "pre1978", "builtHeight": 33, "storeNum": 11, "floorArea": 738.244947716, "buildArea": 8120.69442487, "seiFort": "1", "keyFire": 0, "firehouseDist": 1, "pop": 324}