{"buildingID": 15113, "county": "\u666e\u9640", "town": "\u771f\u5982\u9547", "circleNum": 1, "builtYear": "1998", "builtHeight": 3, "storeNum": 1, "floorArea": 3598.55322322, "buildArea": 3598.55322322, "seiFort": "2", "keyFire": 0, "firehouseDist": 2, "pop": 719}