{"buildingID": 19552, "county": "\u666e\u9640", "town": "\u957f\u5f81\u9547", "circleNum": 2, "builtYear": "1979-1985", "builtHeight": 5, "storeNum": 1, "floorArea": 404.081249393, "buildArea": 404.081249393, "seiFort": "2", "keyFire": 0, "firehouseDist": 3, "pop": 80}