{"buildingID": 11184, "county": "\u666e\u9640", "town": "\u771f\u5982\u9547", "circleNum": 2, "builtYear": "pre1978", "builtHeight": 69, "storeNum": 23, "floorArea": 379.841678085, "buildArea": 8736.35859595, "seiFort": "1", "keyFire": 0, "firehouseDist": 2, "pop": 291}