{"buildingID": 22491, "county": "\u666e\u9640", "town": "\u77f3\u6cc9\u8def\u8857\u9053", "circleNum": 1, "builtYear": "pre1978", "builtHeight": 15, "storeNum": 5, "floorArea": 620.982143248, "buildArea": 3104.91071624, "seiFort": "1", "keyFire": 0, "firehouseDist": 1, "pop": 124}