{"buildingID": 21365, "county": "\u666e\u9640", "town": "\u66f9\u6768\u65b0\u6751\u8857\u9053", "circleNum": 1, "builtYear": "pre1978", "builtHeight": 3, "storeNum": 1, "floorArea": 36.1461122379, "buildArea": 36.1461122379, "seiFort": "1", "keyFire": 0, "firehouseDist": 1, "pop": 1}