{"buildingID": 26428, "county": "\u666e\u9640", "town": "\u957f\u98ce\u65b0\u6751\u8857\u9053", "circleNum": 1, "builtYear": "2010", "builtHeight": 7, "storeNum": 2, "floorArea": 117.493674783, "buildArea": 234.987349565, "seiFort": "3", "keyFire": 0, "firehouseDist": 3, "pop": 9}