{"buildingID": 5360, "county": "\u666e\u9640", "town": "\u6843\u6d66\u9547", "circleNum": 2, "builtYear": "1995", "builtHeight": 18, "storeNum": 6, "floorArea": 444.625025228, "buildArea": 2667.75015137, "seiFort": "2", "keyFire": 0, "firehouseDist": 2, "pop": 533}