{"buildingID": 11843, "county": "\u666e\u9640", "town": "\u771f\u5982\u9547", "circleNum": 1, "builtYear": "pre1978", "builtHeight": 54, "storeNum": 18, "floorArea": 519.170110516, "buildArea": 9345.06198929, "seiFort": "1", "keyFire": 0, "firehouseDist": 2, "pop": 373}