{"buildingID": 27277, "county": "\u666e\u9640", "town": "\u957f\u98ce\u65b0\u6751\u8857\u9053", "circleNum": 0, "builtYear": "pre1978", "builtHeight": 14, "storeNum": 4, "floorArea": 511.507643895, "buildArea": 2046.03057558, "seiFort": "1", "keyFire": 0, "firehouseDist": 2, "pop": 102}