{"buildingID": 16203, "county": "\u666e\u9640", "town": "\u5b9c\u5ddd\u8def\u8857\u9053", "circleNum": 0, "builtYear": "pre1978", "builtHeight": 102, "storeNum": 34, "floorArea": 207.249595943, "buildArea": 7046.48626207, "seiFort": "1", "keyFire": 0, "firehouseDist": 1, "pop": 1409}