{"buildingID": 6759, "county": "\u666e\u9640", "town": "\u957f\u5f81\u9547", "circleNum": 1, "builtYear": "1991", "builtHeight": 45, "storeNum": 15, "floorArea": 752.961468029, "buildArea": 11294.4220204, "seiFort": "2", "keyFire": 0, "firehouseDist": 1, "pop": 2258}