{"buildingID": 2354, "county": "\u666e\u9640", "town": "\u6843\u6d66\u9547", "circleNum": 2, "builtYear": "1979-1985", "builtHeight": 10, "storeNum": 3, "floorArea": 402.832908102, "buildArea": 1208.49872431, "seiFort": "2", "keyFire": 0, "firehouseDist": 1, "pop": 241}