{"buildingID": 28980, "county": "\u666e\u9640", "town": "\u957f\u98ce\u65b0\u6751\u8857\u9053", "circleNum": 1, "builtYear": "pre1978", "builtHeight": 14, "storeNum": 4, "floorArea": 638.317309939, "buildArea": 2553.26923976, "seiFort": "1", "keyFire": 0, "firehouseDist": 3, "pop": 102}