{"buildingID": 2310, "county": "\u666e\u9640", "town": "\u6843\u6d66\u9547", "circleNum": 2, "builtYear": "1979-1985", "builtHeight": 6, "storeNum": 2, "floorArea": 77.8859672244, "buildArea": 155.771934449, "seiFort": "2", "keyFire": 0, "firehouseDist": 1, "pop": 5}