{"buildingID": 808, "county": "\u666e\u9640", "town": "\u6843\u6d66\u9547", "circleNum": 3, "builtYear": "2003", "builtHeight": 54, "storeNum": 18, "floorArea": 796.785039878, "buildArea": 14342.1307178, "seiFort": "3", "keyFire": 0, "firehouseDist": 4, "pop": 2868}