{"buildingID": 20474, "county": "\u666e\u9640", "town": "\u771f\u5982\u9547", "circleNum": 1, "builtYear": "1979-1985", "builtHeight": 7, "storeNum": 2, "floorArea": 300.090001551, "buildArea": 600.180003101, "seiFort": "2", "keyFire": 0, "firehouseDist": 1, "pop": 120}