{"buildingID": 19509, "county": "\u666e\u9640", "town": "\u957f\u5f81\u9547", "circleNum": 2, "builtYear": "1979-1985", "builtHeight": 13, "storeNum": 4, "floorArea": 1314.33038688, "buildArea": 5257.32154754, "seiFort": "2", "keyFire": 0, "firehouseDist": 3, "pop": 1051}