{"buildingID": 2784, "county": "\u666e\u9640", "town": "\u6843\u6d66\u9547", "circleNum": 2, "builtYear": "1988", "builtHeight": 20, "storeNum": 6, "floorArea": 385.256377741, "buildArea": 2311.53826644, "seiFort": "2", "keyFire": 0, "firehouseDist": 2, "pop": 462}