{"buildingID": 4534, "county": "\u666e\u9640", "town": "\u6843\u6d66\u9547", "circleNum": 2, "builtYear": "1988", "builtHeight": 62, "storeNum": 20, "floorArea": 153.216575442, "buildArea": 3064.33150883, "seiFort": "2", "keyFire": 0, "firehouseDist": 2, "pop": 102}