{"buildingID": 24939, "county": "\u666e\u9640", "town": "\u957f\u5bff\u8def\u8857\u9053", "circleNum": 0, "builtYear": "1979-1985", "builtHeight": 16, "storeNum": 5, "floorArea": 224.704163253, "buildArea": 1123.52081626, "seiFort": "2", "keyFire": 1, "firehouseDist": 1, "pop": 224}