{"buildingID": 15965, "county": "\u666e\u9640", "town": "\u771f\u5982\u9547", "circleNum": 1, "builtYear": "1998", "builtHeight": 19, "storeNum": 6, "floorArea": 466.831406468, "buildArea": 2800.98843881, "seiFort": "2", "keyFire": 0, "firehouseDist": 1, "pop": 560}