{"buildingID": 3056, "county": "\u666e\u9640", "town": "\u6843\u6d66\u9547", "circleNum": 3, "builtYear": "2005", "builtHeight": 6, "storeNum": 2, "floorArea": 21013.2576005, "buildArea": 42026.5152011, "seiFort": "3", "keyFire": 0, "firehouseDist": 4, "pop": 8405}