{"buildingID": 16974, "county": "\u666e\u9640", "town": "\u77f3\u6cc9\u8def\u8857\u9053", "circleNum": 1, "builtYear": "pre1978", "builtHeight": 19, "storeNum": 6, "floorArea": 524.767078441, "buildArea": 3148.60247064, "seiFort": "1", "keyFire": 0, "firehouseDist": 2, "pop": 125}