{"buildingID": 18988, "county": "\u666e\u9640", "town": "\u957f\u5f81\u9547", "circleNum": 2, "builtYear": "1997", "builtHeight": 18, "storeNum": 6, "floorArea": 937.382923239, "buildArea": 5624.29753943, "seiFort": "2", "keyFire": 0, "firehouseDist": 3, "pop": 1124}