{"buildingID": 5882, "county": "\u666e\u9640", "town": "\u6843\u6d66\u9547", "circleNum": 2, "builtYear": "1979-1985", "builtHeight": 10, "storeNum": 3, "floorArea": 215.152368545, "buildArea": 645.457105635, "seiFort": "2", "keyFire": 0, "firehouseDist": 1, "pop": 129}