{"buildingID": 27054, "county": "\u666e\u9640", "town": "\u957f\u98ce\u65b0\u6751\u8857\u9053", "circleNum": 0, "builtYear": "pre1978", "builtHeight": 23, "storeNum": 7, "floorArea": 575.21757398, "buildArea": 4026.52301786, "seiFort": "1", "keyFire": 0, "firehouseDist": 1, "pop": 201}