{"buildingID": 3764, "county": "\u666e\u9640", "town": "\u6843\u6d66\u9547", "circleNum": 3, "builtYear": "2002", "builtHeight": 18, "storeNum": 6, "floorArea": 1358.15427219, "buildArea": 8148.92563315, "seiFort": "3", "keyFire": 0, "firehouseDist": 3, "pop": 1629}