{"buildingID": 25205, "county": "\u666e\u9640", "town": "\u957f\u5f81\u9547", "circleNum": 2, "builtYear": "1979-1985", "builtHeight": 19, "storeNum": 6, "floorArea": 1080.23258074, "buildArea": 6481.39548443, "seiFort": "2", "keyFire": 0, "firehouseDist": 2, "pop": 1296}