{"buildingID": 11548, "county": "\u666e\u9640", "town": "\u771f\u5982\u9547", "circleNum": 1, "builtYear": "pre1978", "builtHeight": 41, "storeNum": 13, "floorArea": 1248.88132814, "buildArea": 16235.4572658, "seiFort": "1", "keyFire": 0, "firehouseDist": 2, "pop": 649}