{"buildingID": 14571, "county": "\u666e\u9640", "town": "\u771f\u5982\u9547", "circleNum": 2, "builtYear": "1979-1985", "builtHeight": 64, "storeNum": 21, "floorArea": 108.02235446, "buildArea": 2268.46944367, "seiFort": "2", "keyFire": 0, "firehouseDist": 1, "pop": 75}