{"buildingID": 6916, "county": "\u666e\u9640", "town": "\u6843\u6d66\u9547", "circleNum": 2, "builtYear": "1999", "builtHeight": 89, "storeNum": 29, "floorArea": 860.219884621, "buildArea": 24946.376654, "seiFort": "2", "keyFire": 0, "firehouseDist": 1, "pop": 4989}