{"buildingID": 20181, "county": "\u666e\u9640", "town": "\u66f9\u6768\u65b0\u6751\u8857\u9053", "circleNum": 1, "builtYear": "1996", "builtHeight": 68, "storeNum": 22, "floorArea": 258.78340769, "buildArea": 5693.23496918, "seiFort": "2", "keyFire": 0, "firehouseDist": 2, "pop": 1138}