{"buildingID": 24153, "county": "\u666e\u9640", "town": "\u957f\u5bff\u8def\u8857\u9053", "circleNum": 0, "builtYear": "1979-1985", "builtHeight": 105, "storeNum": 35, "floorArea": 865.848644969, "buildArea": 30304.7025739, "seiFort": "2", "keyFire": 0, "firehouseDist": 1, "pop": 6060}