{"buildingID": 10455, "county": "\u666e\u9640", "town": "\u7518\u6cc9\u8def\u8857\u9053", "circleNum": 1, "builtYear": "pre1978", "builtHeight": 16, "storeNum": 5, "floorArea": 845.216471403, "buildArea": 4226.08235702, "seiFort": "1", "keyFire": 0, "firehouseDist": 2, "pop": 169}