{"buildingID": 2564, "county": "\u666e\u9640", "town": "\u6843\u6d66\u9547", "circleNum": 2, "builtYear": "2005", "builtHeight": 25, "storeNum": 8, "floorArea": 1041.95290026, "buildArea": 8335.62320204, "seiFort": "3", "keyFire": 1, "firehouseDist": 2, "pop": 1667}