{"buildingID": 10656, "county": "\u666e\u9640", "town": "\u771f\u5982\u9547", "circleNum": 2, "builtYear": "2001", "builtHeight": 11, "storeNum": 3, "floorArea": 1786.83431022, "buildArea": 5360.50293065, "seiFort": "3", "keyFire": 0, "firehouseDist": 2, "pop": 1072}