{"buildingID": 13662, "county": "\u666e\u9640", "town": "\u771f\u5982\u9547", "circleNum": 2, "builtYear": "1994", "builtHeight": 13, "storeNum": 4, "floorArea": 603.221515552, "buildArea": 2412.88606221, "seiFort": "2", "keyFire": 0, "firehouseDist": 2, "pop": 482}