{"buildingID": 4547, "county": "\u666e\u9640", "town": "\u6843\u6d66\u9547", "circleNum": 2, "builtYear": "1979-1985", "builtHeight": 72, "storeNum": 24, "floorArea": 464.149768, "buildArea": 11139.594432, "seiFort": "2", "keyFire": 0, "firehouseDist": 2, "pop": 2227}