{"buildingID": 23408, "county": "\u666e\u9640", "town": "\u957f\u5f81\u9547", "circleNum": 1, "builtYear": "1999", "builtHeight": 32, "storeNum": 10, "floorArea": 234.421056802, "buildArea": 2344.21056802, "seiFort": "2", "keyFire": 0, "firehouseDist": 2, "pop": 468}