{"buildingID": 5412, "county": "\u666e\u9640", "town": "\u6843\u6d66\u9547", "circleNum": 2, "builtYear": "2017", "builtHeight": 42, "storeNum": 14, "floorArea": 103.498706685, "buildArea": 1448.98189359, "seiFort": "3", "keyFire": 0, "firehouseDist": 1, "pop": 48}