{"buildingID": 5776, "county": "\u666e\u9640", "town": "\u6843\u6d66\u9547", "circleNum": 2, "builtYear": "1998", "builtHeight": 12, "storeNum": 4, "floorArea": 699.631285321, "buildArea": 2798.52514128, "seiFort": "2", "keyFire": 0, "firehouseDist": 2, "pop": 559}