{"buildingID": 4651, "county": "\u666e\u9640", "town": "\u6843\u6d66\u9547", "circleNum": 2, "builtYear": "1995", "builtHeight": 24, "storeNum": 8, "floorArea": 2242.22235312, "buildArea": 17937.778825, "seiFort": "2", "keyFire": 0, "firehouseDist": 2, "pop": 3587}