{"buildingID": 4471, "county": "\u666e\u9640", "town": "\u6843\u6d66\u9547", "circleNum": 2, "builtYear": "2009", "builtHeight": 22, "storeNum": 7, "floorArea": 304.187167796, "buildArea": 2129.31017457, "seiFort": "3", "keyFire": 0, "firehouseDist": 2, "pop": 425}