{"buildingID": 22568, "county": "\u666e\u9640", "town": "\u957f\u5f81\u9547", "circleNum": 2, "builtYear": "1998", "builtHeight": 18, "storeNum": 6, "floorArea": 1735.67507769, "buildArea": 10414.0504662, "seiFort": "2", "keyFire": 0, "firehouseDist": 2, "pop": 2082}