{"buildingID": 19034, "county": "\u666e\u9640", "town": "\u957f\u5f81\u9547", "circleNum": 2, "builtYear": "1999", "builtHeight": 56, "storeNum": 18, "floorArea": 514.504325048, "buildArea": 9261.07785086, "seiFort": "2", "keyFire": 0, "firehouseDist": 3, "pop": 1852}