{"buildingID": 4707, "county": "\u666e\u9640", "town": "\u6843\u6d66\u9547", "circleNum": 2, "builtYear": "2004", "builtHeight": 72, "storeNum": 24, "floorArea": 81.5354126823, "buildArea": 1956.84990437, "seiFort": "3", "keyFire": 0, "firehouseDist": 2, "pop": 65}