{"buildingID": 12468, "county": "\u666e\u9640", "town": "\u771f\u5982\u9547", "circleNum": 1, "builtYear": "pre1978", "builtHeight": 64, "storeNum": 21, "floorArea": 102.475069521, "buildArea": 2151.97645994, "seiFort": "1", "keyFire": 0, "firehouseDist": 2, "pop": 86}