{"buildingID": 6161, "county": "\u666e\u9640", "town": "\u6843\u6d66\u9547", "circleNum": 2, "builtYear": "2007", "builtHeight": 50, "storeNum": 16, "floorArea": 81.6847079445, "buildArea": 1306.95532711, "seiFort": "3", "keyFire": 0, "firehouseDist": 1, "pop": 43}