{"buildingID": 8140, "county": "\u666e\u9640", "town": "\u957f\u5f81\u9547", "circleNum": 1, "builtYear": "1979-1985", "builtHeight": 24, "storeNum": 8, "floorArea": 4764.39990175, "buildArea": 38115.199214, "seiFort": "2", "keyFire": 0, "firehouseDist": 3, "pop": 7623}