{"buildingID": 1763, "county": "\u666e\u9640", "town": "\u6843\u6d66\u9547", "circleNum": 2, "builtYear": "1979-1985", "builtHeight": 14, "storeNum": 4, "floorArea": 455.108854256, "buildArea": 1820.43541702, "seiFort": "2", "keyFire": 0, "firehouseDist": 2, "pop": 364}