{"buildingID": 3269, "county": "\u666e\u9640", "town": "\u6843\u6d66\u9547", "circleNum": 2, "builtYear": "1993", "builtHeight": 9, "storeNum": 3, "floorArea": 7117.42415053, "buildArea": 21352.2724516, "seiFort": "2", "keyFire": 0, "firehouseDist": 2, "pop": 4270}