{"buildingID": 23060, "county": "\u666e\u9640", "town": "\u957f\u5bff\u8def\u8857\u9053", "circleNum": 0, "builtYear": "1979-1985", "builtHeight": 10, "storeNum": 3, "floorArea": 695.51446513, "buildArea": 2086.54339539, "seiFort": "2", "keyFire": 0, "firehouseDist": 1, "pop": 417}