{"buildingID": 6667, "county": "\u666e\u9640", "town": "\u6843\u6d66\u9547", "circleNum": 2, "builtYear": "1979-1985", "builtHeight": 16, "storeNum": 5, "floorArea": 1485.41424941, "buildArea": 7427.07124705, "seiFort": "2", "keyFire": 0, "firehouseDist": 1, "pop": 1485}