{"buildingID": 19287, "county": "\u666e\u9640", "town": "\u957f\u5f81\u9547", "circleNum": 2, "builtYear": "1979-1985", "builtHeight": 7, "storeNum": 2, "floorArea": 437.597510274, "buildArea": 875.195020548, "seiFort": "2", "keyFire": 0, "firehouseDist": 3, "pop": 175}