{"buildingID": 21702, "county": "\u666e\u9640", "town": "\u77f3\u6cc9\u8def\u8857\u9053", "circleNum": 1, "builtYear": "pre1978", "builtHeight": 55, "storeNum": 18, "floorArea": 903.071182378, "buildArea": 16255.2812828, "seiFort": "1", "keyFire": 0, "firehouseDist": 1, "pop": 650}