{"buildingID": 24788, "county": "\u666e\u9640", "town": "\u66f9\u6768\u65b0\u6751\u8857\u9053", "circleNum": 1, "builtYear": "pre1978", "builtHeight": 7, "storeNum": 2, "floorArea": 301.407417598, "buildArea": 602.814835197, "seiFort": "1", "keyFire": 0, "firehouseDist": 1, "pop": 24}