{"buildingID": 9643, "county": "\u666e\u9640", "town": "\u7518\u6cc9\u8def\u8857\u9053", "circleNum": 1, "builtYear": "pre1978", "builtHeight": 21, "storeNum": 7, "floorArea": 556.921306025, "buildArea": 3898.44914218, "seiFort": "1", "keyFire": 1, "firehouseDist": 3, "pop": 155}