{"buildingID": 7534, "county": "\u666e\u9640", "town": "\u957f\u5f81\u9547", "circleNum": 1, "builtYear": "1979-1985", "builtHeight": 23, "storeNum": 7, "floorArea": 594.237108346, "buildArea": 4159.65975842, "seiFort": "2", "keyFire": 0, "firehouseDist": 1, "pop": 831}