{"buildingID": 16168, "county": "\u666e\u9640", "town": "\u77f3\u6cc9\u8def\u8857\u9053", "circleNum": 1, "builtYear": "pre1978", "builtHeight": 21, "storeNum": 7, "floorArea": 646.708461597, "buildArea": 4526.95923118, "seiFort": "1", "keyFire": 0, "firehouseDist": 2, "pop": 181}