{"buildingID": 4561, "county": "\u666e\u9640", "town": "\u6843\u6d66\u9547", "circleNum": 2, "builtYear": "2001", "builtHeight": 60, "storeNum": 20, "floorArea": 106.510869392, "buildArea": 2130.21738783, "seiFort": "3", "keyFire": 0, "firehouseDist": 2, "pop": 71}