{"buildingID": 14251, "county": "\u666e\u9640", "town": "\u77f3\u6cc9\u8def\u8857\u9053", "circleNum": 1, "builtYear": "1988", "builtHeight": 88, "storeNum": 29, "floorArea": 99.4885205538, "buildArea": 2885.16709606, "seiFort": "2", "keyFire": 0, "firehouseDist": 2, "pop": 115}