{"buildingID": 27247, "county": "\u666e\u9640", "town": "\u957f\u98ce\u65b0\u6751\u8857\u9053", "circleNum": 0, "builtYear": "pre1978", "builtHeight": 24, "storeNum": 8, "floorArea": 32.1577848954, "buildArea": 257.262279164, "seiFort": "1", "keyFire": 0, "firehouseDist": 2, "pop": 12}