{"buildingID": 4799, "county": "\u666e\u9640", "town": "\u6843\u6d66\u9547", "circleNum": 2, "builtYear": "2000", "builtHeight": 13, "storeNum": 4, "floorArea": 920.117406668, "buildArea": 3680.46962667, "seiFort": "3", "keyFire": 0, "firehouseDist": 2, "pop": 736}