{"buildingID": 20045, "county": "\u666e\u9640", "town": "\u66f9\u6768\u65b0\u6751\u8857\u9053", "circleNum": 1, "builtYear": "pre1978", "builtHeight": 70, "storeNum": 23, "floorArea": 189.745578223, "buildArea": 4364.14829913, "seiFort": "1", "keyFire": 0, "firehouseDist": 1, "pop": 174}