{"buildingID": 28461, "county": "\u666e\u9640", "town": "\u957f\u98ce\u65b0\u6751\u8857\u9053", "circleNum": 0, "builtYear": "1979-1985", "builtHeight": 38, "storeNum": 12, "floorArea": 2257.92590516, "buildArea": 27095.1108619, "seiFort": "2", "keyFire": 0, "firehouseDist": 2, "pop": 5419}