{"buildingID": 18820, "county": "\u666e\u9640", "town": "\u957f\u5f81\u9547", "circleNum": 2, "builtYear": "1998", "builtHeight": 38, "storeNum": 12, "floorArea": 3154.22604173, "buildArea": 37850.7125007, "seiFort": "2", "keyFire": 0, "firehouseDist": 2, "pop": 7570}