{"buildingID": 5566, "county": "\u666e\u9640", "town": "\u6843\u6d66\u9547", "circleNum": 2, "builtYear": "1987", "builtHeight": 13, "storeNum": 4, "floorArea": 647.228177173, "buildArea": 2588.91270869, "seiFort": "2", "keyFire": 0, "firehouseDist": 2, "pop": 517}