{"buildingID": 11706, "county": "\u666e\u9640", "town": "\u7518\u6cc9\u8def\u8857\u9053", "circleNum": 1, "builtYear": "pre1978", "builtHeight": 26, "storeNum": 8, "floorArea": 487.947282655, "buildArea": 3903.57826124, "seiFort": "1", "keyFire": 0, "firehouseDist": 2, "pop": 156}