{"buildingID": 27538, "county": "\u666e\u9640", "town": "\u957f\u98ce\u65b0\u6751\u8857\u9053", "circleNum": 1, "builtYear": "1987", "builtHeight": 8, "storeNum": 2, "floorArea": 1123.5174659, "buildArea": 2247.0349318, "seiFort": "2", "keyFire": 0, "firehouseDist": 2, "pop": 449}