{"buildingID": 15256, "county": "\u666e\u9640", "town": "\u771f\u5982\u9547", "circleNum": 1, "builtYear": "pre1978", "builtHeight": 28, "storeNum": 9, "floorArea": 2111.21218021, "buildArea": 19000.9096219, "seiFort": "1", "keyFire": 0, "firehouseDist": 2, "pop": 760}