{"buildingID": 25504, "county": "\u666e\u9640", "town": "\u66f9\u6768\u65b0\u6751\u8857\u9053", "circleNum": 1, "builtYear": "pre1978", "builtHeight": 5, "storeNum": 1, "floorArea": 628.535787004, "buildArea": 628.535787004, "seiFort": "1", "keyFire": 0, "firehouseDist": 1, "pop": 25}