{"buildingID": 4326, "county": "\u666e\u9640", "town": "\u6843\u6d66\u9547", "circleNum": 2, "builtYear": "2001", "builtHeight": 11, "storeNum": 3, "floorArea": 885.956332755, "buildArea": 2657.86899827, "seiFort": "3", "keyFire": 0, "firehouseDist": 3, "pop": 531}