{"buildingID": 10261, "county": "\u666e\u9640", "town": "\u771f\u5982\u9547", "circleNum": 2, "builtYear": "2004", "builtHeight": 6, "storeNum": 2, "floorArea": 2379.42592299, "buildArea": 4758.85184598, "seiFort": "3", "keyFire": 0, "firehouseDist": 2, "pop": 951}