{"buildingID": 28053, "county": "\u666e\u9640", "town": "\u957f\u98ce\u65b0\u6751\u8857\u9053", "circleNum": 0, "builtYear": "pre1978", "builtHeight": 35, "storeNum": 11, "floorArea": 456.628753998, "buildArea": 5022.91629398, "seiFort": "1", "keyFire": 0, "firehouseDist": 2, "pop": 251}