{"buildingID": 27878, "county": "\u666e\u9640", "town": "\u957f\u98ce\u65b0\u6751\u8857\u9053", "circleNum": 0, "builtYear": "pre1978", "builtHeight": 9, "storeNum": 3, "floorArea": 877.823392403, "buildArea": 2633.47017721, "seiFort": "1", "keyFire": 0, "firehouseDist": 2, "pop": 131}