{"buildingID": 5668, "county": "\u666e\u9640", "town": "\u6843\u6d66\u9547", "circleNum": 2, "builtYear": "1999", "builtHeight": 48, "storeNum": 16, "floorArea": 1158.6240541, "buildArea": 18537.9848656, "seiFort": "2", "keyFire": 0, "firehouseDist": 2, "pop": 3707}