{"buildingID": 3722, "county": "\u666e\u9640", "town": "\u6843\u6d66\u9547", "circleNum": 2, "builtYear": "2003", "builtHeight": 9, "storeNum": 3, "floorArea": 6076.49044413, "buildArea": 18229.4713324, "seiFort": "3", "keyFire": 0, "firehouseDist": 1, "pop": 3645}