{"buildingID": 17364, "county": "\u666e\u9640", "town": "\u957f\u5f81\u9547", "circleNum": 2, "builtYear": "1997", "builtHeight": 95, "storeNum": 31, "floorArea": 399.460844675, "buildArea": 12383.2861849, "seiFort": "2", "keyFire": 0, "firehouseDist": 1, "pop": 2476}