{"buildingID": 29150, "county": "\u666e\u9640", "town": "\u957f\u98ce\u65b0\u6751\u8857\u9053", "circleNum": 1, "builtYear": "1990", "builtHeight": 60, "storeNum": 20, "floorArea": 140.608484662, "buildArea": 2812.16969325, "seiFort": "2", "keyFire": 0, "firehouseDist": 3, "pop": 112}