{"buildingID": 25410, "county": "\u666e\u9640", "town": "\u66f9\u6768\u65b0\u6751\u8857\u9053", "circleNum": 1, "builtYear": "pre1978", "builtHeight": 6, "storeNum": 2, "floorArea": 18.0804647216, "buildArea": 36.1609294432, "seiFort": "1", "keyFire": 0, "firehouseDist": 1, "pop": 1}