{"buildingID": 19000, "county": "\u666e\u9640", "town": "\u957f\u5f81\u9547", "circleNum": 2, "builtYear": "1990", "builtHeight": 14, "storeNum": 4, "floorArea": 1514.52683636, "buildArea": 6058.10734544, "seiFort": "2", "keyFire": 0, "firehouseDist": 3, "pop": 1211}