{"buildingID": 14638, "county": "\u666e\u9640", "town": "\u77f3\u6cc9\u8def\u8857\u9053", "circleNum": 1, "builtYear": "1994", "builtHeight": 45, "storeNum": 15, "floorArea": 1264.03210731, "buildArea": 18960.4816096, "seiFort": "2", "keyFire": 0, "firehouseDist": 2, "pop": 3792}