{"buildingID": 12618, "county": "\u666e\u9640", "town": "\u771f\u5982\u9547", "circleNum": 2, "builtYear": "1997", "builtHeight": 14, "storeNum": 4, "floorArea": 436.167346021, "buildArea": 1744.66938408, "seiFort": "2", "keyFire": 0, "firehouseDist": 2, "pop": 348}