{"buildingID": 13527, "county": "\u666e\u9640", "town": "\u771f\u5982\u9547", "circleNum": 1, "builtYear": "1979-1985", "builtHeight": 16, "storeNum": 5, "floorArea": 1945.56707154, "buildArea": 9727.83535772, "seiFort": "2", "keyFire": 1, "firehouseDist": 2, "pop": 1945}