{"buildingID": 10699, "county": "\u666e\u9640", "town": "\u771f\u5982\u9547", "circleNum": 2, "builtYear": "2013", "builtHeight": 18, "storeNum": 6, "floorArea": 1291.77997755, "buildArea": 7750.67986532, "seiFort": "3", "keyFire": 0, "firehouseDist": 2, "pop": 1550}