{"buildingID": 9573, "county": "\u666e\u9640", "town": "\u957f\u5f81\u9547", "circleNum": 1, "builtYear": "1979-1985", "builtHeight": 26, "storeNum": 8, "floorArea": 1020.33766612, "buildArea": 8162.70132892, "seiFort": "2", "keyFire": 0, "firehouseDist": 2, "pop": 1632}