{"buildingID": 22440, "county": "\u666e\u9640", "town": "\u77f3\u6cc9\u8def\u8857\u9053", "circleNum": 1, "builtYear": "pre1978", "builtHeight": 27, "storeNum": 9, "floorArea": 547.193786682, "buildArea": 4924.74408014, "seiFort": "1", "keyFire": 0, "firehouseDist": 1, "pop": 196}