{"buildingID": 23896, "county": "\u666e\u9640", "town": "\u66f9\u6768\u65b0\u6751\u8857\u9053", "circleNum": 1, "builtYear": "2017", "builtHeight": 120, "storeNum": 40, "floorArea": 758.857215081, "buildArea": 30354.2886032, "seiFort": "3", "keyFire": 0, "firehouseDist": 2, "pop": 6070}