{"buildingID": 10129, "county": "\u666e\u9640", "town": "\u771f\u5982\u9547", "circleNum": 2, "builtYear": "2004", "builtHeight": 17, "storeNum": 5, "floorArea": 1071.58064629, "buildArea": 5357.90323146, "seiFort": "3", "keyFire": 0, "firehouseDist": 2, "pop": 1071}