{"buildingID": 25430, "county": "\u666e\u9640", "town": "\u66f9\u6768\u65b0\u6751\u8857\u9053", "circleNum": 1, "builtYear": "pre1978", "builtHeight": 65, "storeNum": 21, "floorArea": 1118.52362257, "buildArea": 23488.9960739, "seiFort": "1", "keyFire": 0, "firehouseDist": 1, "pop": 939}