{"buildingID": 14988, "county": "\u666e\u9640", "town": "\u771f\u5982\u9547", "circleNum": 2, "builtYear": "1995", "builtHeight": 23, "storeNum": 7, "floorArea": 820.764096901, "buildArea": 5745.34867831, "seiFort": "2", "keyFire": 0, "firehouseDist": 1, "pop": 1149}