{"buildingID": 20408, "county": "\u666e\u9640", "town": "\u771f\u5982\u9547", "circleNum": 1, "builtYear": "1979-1985", "builtHeight": 10, "storeNum": 3, "floorArea": 100.30029562, "buildArea": 300.90088686, "seiFort": "2", "keyFire": 0, "firehouseDist": 1, "pop": 12}