{"buildingID": 7651, "county": "\u666e\u9640", "town": "\u957f\u5f81\u9547", "circleNum": 1, "builtYear": "1994", "builtHeight": 60, "storeNum": 20, "floorArea": 518.148636111, "buildArea": 10362.9727222, "seiFort": "2", "keyFire": 0, "firehouseDist": 1, "pop": 2072}