{"buildingID": 302, "county": "\u666e\u9640", "town": "\u6843\u6d66\u9547", "circleNum": 3, "builtYear": "2003", "builtHeight": 18, "storeNum": 6, "floorArea": 924.153411848, "buildArea": 5544.92047109, "seiFort": "3", "keyFire": 0, "firehouseDist": 4, "pop": 1108}