{"buildingID": 15876, "county": "\u666e\u9640", "town": "\u771f\u5982\u9547", "circleNum": 1, "builtYear": "1979-1985", "builtHeight": 8, "storeNum": 2, "floorArea": 1265.25307993, "buildArea": 2530.50615987, "seiFort": "2", "keyFire": 0, "firehouseDist": 2, "pop": 506}