{"buildingID": 17084, "county": "\u666e\u9640", "town": "\u77f3\u6cc9\u8def\u8857\u9053", "circleNum": 1, "builtYear": "pre1978", "builtHeight": 60, "storeNum": 20, "floorArea": 389.489855092, "buildArea": 7789.79710184, "seiFort": "1", "keyFire": 0, "firehouseDist": 1, "pop": 311}