{"buildingID": 1439, "county": "\u666e\u9640", "town": "\u6843\u6d66\u9547", "circleNum": 3, "builtYear": "2005", "builtHeight": 18, "storeNum": 6, "floorArea": 514.463429714, "buildArea": 3086.78057828, "seiFort": "3", "keyFire": 0, "firehouseDist": 5, "pop": 617}