{"buildingID": 7938, "county": "\u666e\u9640", "town": "\u7518\u6cc9\u8def\u8857\u9053", "circleNum": 1, "builtYear": "1987", "builtHeight": 43, "storeNum": 14, "floorArea": 130.422910218, "buildArea": 1825.92074305, "seiFort": "2", "keyFire": 0, "firehouseDist": 3, "pop": 73}