{"buildingID": 4560, "county": "\u666e\u9640", "town": "\u6843\u6d66\u9547", "circleNum": 2, "builtYear": "1992", "builtHeight": 77, "storeNum": 25, "floorArea": 95.5715321337, "buildArea": 2389.28830334, "seiFort": "2", "keyFire": 0, "firehouseDist": 2, "pop": 79}