{"buildingID": 11182, "county": "\u666e\u9640", "town": "\u771f\u5982\u9547", "circleNum": 2, "builtYear": "2001", "builtHeight": 50, "storeNum": 16, "floorArea": 33.0316907232, "buildArea": 528.507051571, "seiFort": "3", "keyFire": 0, "firehouseDist": 2, "pop": 17}