{"buildingID": 5359, "county": "\u666e\u9640", "town": "\u6843\u6d66\u9547", "circleNum": 2, "builtYear": "1995", "builtHeight": 17, "storeNum": 5, "floorArea": 767.830512735, "buildArea": 3839.15256368, "seiFort": "2", "keyFire": 0, "firehouseDist": 2, "pop": 767}