{"buildingID": 22168, "county": "\u666e\u9640", "town": "\u957f\u5f81\u9547", "circleNum": 1, "builtYear": "1979-1985", "builtHeight": 15, "storeNum": 5, "floorArea": 1113.86273952, "buildArea": 5569.3136976, "seiFort": "2", "keyFire": 0, "firehouseDist": 2, "pop": 1113}