{"buildingID": 10441, "county": "\u666e\u9640", "town": "\u7518\u6cc9\u8def\u8857\u9053", "circleNum": 1, "builtYear": "pre1978", "builtHeight": 14, "storeNum": 4, "floorArea": 144.364863326, "buildArea": 577.459453303, "seiFort": "1", "keyFire": 0, "firehouseDist": 2, "pop": 23}