{"buildingID": 12010, "county": "\u666e\u9640", "town": "\u77f3\u6cc9\u8def\u8857\u9053", "circleNum": 1, "builtYear": "1992", "builtHeight": 10, "storeNum": 3, "floorArea": 322.68799569, "buildArea": 968.063987069, "seiFort": "2", "keyFire": 0, "firehouseDist": 3, "pop": 193}