{"buildingID": 25798, "county": "\u666e\u9640", "town": "\u66f9\u6768\u65b0\u6751\u8857\u9053", "circleNum": 1, "builtYear": "pre1978", "builtHeight": 8, "storeNum": 2, "floorArea": 229.083416457, "buildArea": 458.166832915, "seiFort": "1", "keyFire": 0, "firehouseDist": 2, "pop": 18}