{"buildingID": 10595, "county": "\u666e\u9640", "town": "\u7518\u6cc9\u8def\u8857\u9053", "circleNum": 1, "builtYear": "1979-1985", "builtHeight": 9, "storeNum": 3, "floorArea": 907.211073416, "buildArea": 2721.63322025, "seiFort": "2", "keyFire": 0, "firehouseDist": 2, "pop": 544}