{"buildingID": 11429, "county": "\u666e\u9640", "town": "\u771f\u5982\u9547", "circleNum": 1, "builtYear": "1988", "builtHeight": 99, "storeNum": 33, "floorArea": 2019.84366238, "buildArea": 66654.8408584, "seiFort": "2", "keyFire": 0, "firehouseDist": 2, "pop": 13330}