{"buildingID": 14533, "county": "\u666e\u9640", "town": "\u771f\u5982\u9547", "circleNum": 2, "builtYear": "1999", "builtHeight": 14, "storeNum": 4, "floorArea": 760.547869015, "buildArea": 3042.19147606, "seiFort": "2", "keyFire": 0, "firehouseDist": 1, "pop": 608}