{"buildingID": 15100, "county": "\u666e\u9640", "town": "\u771f\u5982\u9547", "circleNum": 2, "builtYear": "pre1978", "builtHeight": 18, "storeNum": 6, "floorArea": 855.226448786, "buildArea": 5131.35869272, "seiFort": "1", "keyFire": 0, "firehouseDist": 2, "pop": 171}