{"buildingID": 4772, "county": "\u666e\u9640", "town": "\u6843\u6d66\u9547", "circleNum": 2, "builtYear": "1994", "builtHeight": 13, "storeNum": 4, "floorArea": 812.243513838, "buildArea": 3248.97405535, "seiFort": "2", "keyFire": 0, "firehouseDist": 1, "pop": 649}