{"buildingID": 23351, "county": "\u666e\u9640", "town": "\u957f\u5f81\u9547", "circleNum": 1, "builtYear": "2010", "builtHeight": 102, "storeNum": 34, "floorArea": 88.0272203907, "buildArea": 2992.92549328, "seiFort": "3", "keyFire": 0, "firehouseDist": 2, "pop": 598}