{"buildingID": 26940, "county": "\u666e\u9640", "town": "\u957f\u98ce\u65b0\u6751\u8857\u9053", "circleNum": 1, "builtYear": "1979-1985", "builtHeight": 91, "storeNum": 30, "floorArea": 958.814598021, "buildArea": 28764.4379406, "seiFort": "2", "keyFire": 0, "firehouseDist": 2, "pop": 5752}