{"buildingID": 13967, "county": "\u666e\u9640", "town": "\u771f\u5982\u9547", "circleNum": 2, "builtYear": "1995", "builtHeight": 29, "storeNum": 9, "floorArea": 622.512393879, "buildArea": 5602.61154491, "seiFort": "2", "keyFire": 0, "firehouseDist": 1, "pop": 1120}