{"buildingID": 24155, "county": "\u666e\u9640", "town": "\u957f\u5bff\u8def\u8857\u9053", "circleNum": 0, "builtYear": "pre1978", "builtHeight": 106, "storeNum": 35, "floorArea": 1992.03189404, "buildArea": 69721.1162913, "seiFort": "1", "keyFire": 0, "firehouseDist": 1, "pop": 13944}