{"buildingID": 28259, "county": "\u666e\u9640", "town": "\u957f\u98ce\u65b0\u6751\u8857\u9053", "circleNum": 1, "builtYear": "1991", "builtHeight": 47, "storeNum": 15, "floorArea": 1114.80275927, "buildArea": 16722.0413891, "seiFort": "2", "keyFire": 0, "firehouseDist": 3, "pop": 3344}