{"buildingID": 4964, "county": "\u666e\u9640", "town": "\u771f\u5982\u9547", "circleNum": 2, "builtYear": "1996", "builtHeight": 21, "storeNum": 7, "floorArea": 776.332404931, "buildArea": 5434.32683451, "seiFort": "2", "keyFire": 0, "firehouseDist": 1, "pop": 1086}