{"buildingID": 5054, "county": "\u666e\u9640", "town": "\u6843\u6d66\u9547", "circleNum": 2, "builtYear": "2005", "builtHeight": 18, "storeNum": 6, "floorArea": 937.863495975, "buildArea": 5627.18097585, "seiFort": "3", "keyFire": 0, "firehouseDist": 2, "pop": 1125}