{"buildingID": 10312, "county": "\u666e\u9640", "town": "\u7518\u6cc9\u8def\u8857\u9053", "circleNum": 1, "builtYear": "pre1978", "builtHeight": 22, "storeNum": 7, "floorArea": 286.710045635, "buildArea": 2006.97031945, "seiFort": "1", "keyFire": 0, "firehouseDist": 3, "pop": 80}