{"buildingID": 24005, "county": "\u666e\u9640", "town": "\u957f\u98ce\u65b0\u6751\u8857\u9053", "circleNum": 1, "builtYear": "pre1978", "builtHeight": 6, "storeNum": 2, "floorArea": 89.8733727296, "buildArea": 179.746745459, "seiFort": "1", "keyFire": 0, "firehouseDist": 3, "pop": 7}