{"buildingID": 6538, "county": "\u666e\u9640", "town": "\u6843\u6d66\u9547", "circleNum": 2, "builtYear": "1999", "builtHeight": 41, "storeNum": 13, "floorArea": 770.783075984, "buildArea": 10020.1799878, "seiFort": "2", "keyFire": 0, "firehouseDist": 1, "pop": 2004}