{"buildingID": 4190, "county": "\u666e\u9640", "town": "\u6843\u6d66\u9547", "circleNum": 2, "builtYear": "2004", "builtHeight": 11, "storeNum": 3, "floorArea": 408.323894955, "buildArea": 1224.97168487, "seiFort": "3", "keyFire": 0, "firehouseDist": 2, "pop": 244}