{"buildingID": 23837, "county": "\u666e\u9640", "town": "\u957f\u5f81\u9547", "circleNum": 1, "builtYear": "2002", "builtHeight": 18, "storeNum": 6, "floorArea": 1062.30263781, "buildArea": 6373.81582686, "seiFort": "3", "keyFire": 0, "firehouseDist": 2, "pop": 1274}