{"buildingID": 15492, "county": "\u666e\u9640", "town": "\u77f3\u6cc9\u8def\u8857\u9053", "circleNum": 1, "builtYear": "1979-1985", "builtHeight": 6, "storeNum": 2, "floorArea": 260.229135011, "buildArea": 520.458270022, "seiFort": "2", "keyFire": 0, "firehouseDist": 2, "pop": 104}