{"buildingID": 133, "county": "\u666e\u9640", "town": "\u6843\u6d66\u9547", "circleNum": 2, "builtYear": "2010", "builtHeight": 50, "storeNum": 16, "floorArea": 187.799797214, "buildArea": 3004.79675543, "seiFort": "3", "keyFire": 0, "firehouseDist": 2, "pop": 600}