{"buildingID": 23826, "county": "\u666e\u9640", "town": "\u957f\u5f81\u9547", "circleNum": 1, "builtYear": "1991", "builtHeight": 88, "storeNum": 29, "floorArea": 92.0595713026, "buildArea": 2669.72756777, "seiFort": "2", "keyFire": 0, "firehouseDist": 2, "pop": 106}