{"buildingID": 10332, "county": "\u666e\u9640", "town": "\u7518\u6cc9\u8def\u8857\u9053", "circleNum": 1, "builtYear": "pre1978", "builtHeight": 13, "storeNum": 4, "floorArea": 682.503926733, "buildArea": 2730.01570693, "seiFort": "1", "keyFire": 0, "firehouseDist": 3, "pop": 109}