{"buildingID": 23542, "county": "\u666e\u9640", "town": "\u66f9\u6768\u65b0\u6751\u8857\u9053", "circleNum": 1, "builtYear": "1987", "builtHeight": 15, "storeNum": 5, "floorArea": 658.058771327, "buildArea": 3290.29385664, "seiFort": "2", "keyFire": 0, "firehouseDist": 1, "pop": 658}