{"buildingID": 19671, "county": "\u666e\u9640", "town": "\u957f\u5bff\u8def\u8857\u9053", "circleNum": 0, "builtYear": "1979-1985", "builtHeight": 51, "storeNum": 17, "floorArea": 18.0020260964, "buildArea": 306.034443638, "seiFort": "2", "keyFire": 0, "firehouseDist": 1, "pop": 15}