{"buildingID": 10706, "county": "\u666e\u9640", "town": "\u771f\u5982\u9547", "circleNum": 2, "builtYear": "2010", "builtHeight": 46, "storeNum": 15, "floorArea": 42.5606865759, "buildArea": 638.410298639, "seiFort": "3", "keyFire": 0, "firehouseDist": 2, "pop": 21}