{"buildingID": 28117, "county": "\u666e\u9640", "town": "\u957f\u98ce\u65b0\u6751\u8857\u9053", "circleNum": 0, "builtYear": "pre1978", "builtHeight": 47, "storeNum": 15, "floorArea": 74.3427537617, "buildArea": 1115.14130643, "seiFort": "1", "keyFire": 0, "firehouseDist": 1, "pop": 55}