{"buildingID": 15725, "county": "\u666e\u9640", "town": "\u771f\u5982\u9547", "circleNum": 2, "builtYear": "1979-1985", "builtHeight": 15, "storeNum": 5, "floorArea": 486.888710526, "buildArea": 2434.44355263, "seiFort": "2", "keyFire": 0, "firehouseDist": 1, "pop": 486}