{"buildingID": 11292, "county": "\u666e\u9640", "town": "\u771f\u5982\u9547", "circleNum": 2, "builtYear": "1979-1985", "builtHeight": 10, "storeNum": 3, "floorArea": 592.537872089, "buildArea": 1777.61361627, "seiFort": "2", "keyFire": 0, "firehouseDist": 2, "pop": 355}