{"buildingID": 2576, "county": "\u666e\u9640", "town": "\u6843\u6d66\u9547", "circleNum": 2, "builtYear": "2000", "builtHeight": 18, "storeNum": 6, "floorArea": 3872.12934801, "buildArea": 23232.7760881, "seiFort": "3", "keyFire": 0, "firehouseDist": 1, "pop": 4646}