{"buildingID": 22614, "county": "\u666e\u9640", "town": "\u957f\u5bff\u8def\u8857\u9053", "circleNum": 0, "builtYear": "1979-1985", "builtHeight": 18, "storeNum": 6, "floorArea": 1410.59407776, "buildArea": 8463.56446659, "seiFort": "2", "keyFire": 0, "firehouseDist": 1, "pop": 1692}