{"buildingID": 25213, "county": "\u666e\u9640", "town": "\u957f\u5f81\u9547", "circleNum": 1, "builtYear": "1991", "builtHeight": 23, "storeNum": 7, "floorArea": 1654.56694935, "buildArea": 11581.9686455, "seiFort": "2", "keyFire": 0, "firehouseDist": 2, "pop": 2316}