{"buildingID": 27267, "county": "\u666e\u9640", "town": "\u957f\u98ce\u65b0\u6751\u8857\u9053", "circleNum": 0, "builtYear": "pre1978", "builtHeight": 44, "storeNum": 14, "floorArea": 1474.08174541, "buildArea": 20637.1444358, "seiFort": "1", "keyFire": 0, "firehouseDist": 2, "pop": 1031}