{"buildingID": 20326, "county": "\u666e\u9640", "town": "\u957f\u5f81\u9547", "circleNum": 2, "builtYear": "1987", "builtHeight": 60, "storeNum": 20, "floorArea": 910.841139885, "buildArea": 18216.8227977, "seiFort": "2", "keyFire": 0, "firehouseDist": 1, "pop": 3643}