{"buildingID": 10369, "county": "\u666e\u9640", "town": "\u7518\u6cc9\u8def\u8857\u9053", "circleNum": 1, "builtYear": "1979-1985", "builtHeight": 21, "storeNum": 7, "floorArea": 3516.57653933, "buildArea": 24616.0357753, "seiFort": "2", "keyFire": 1, "firehouseDist": 2, "pop": 4923}