{"buildingID": 27825, "county": "\u666e\u9640", "town": "\u957f\u98ce\u65b0\u6751\u8857\u9053", "circleNum": 1, "builtYear": "pre1978", "builtHeight": 13, "storeNum": 4, "floorArea": 603.282839522, "buildArea": 2413.13135809, "seiFort": "1", "keyFire": 0, "firehouseDist": 2, "pop": 96}