{"buildingID": 10472, "county": "\u666e\u9640", "town": "\u7518\u6cc9\u8def\u8857\u9053", "circleNum": 1, "builtYear": "pre1978", "builtHeight": 19, "storeNum": 6, "floorArea": 631.240143722, "buildArea": 3787.44086233, "seiFort": "1", "keyFire": 0, "firehouseDist": 2, "pop": 151}