{"buildingID": 24979, "county": "\u666e\u9640", "town": "\u957f\u5bff\u8def\u8857\u9053", "circleNum": 0, "builtYear": "pre1978", "builtHeight": 43, "storeNum": 14, "floorArea": 3049.99666412, "buildArea": 42699.9532977, "seiFort": "1", "keyFire": 1, "firehouseDist": 2, "pop": 2134}