{"buildingID": 20595, "county": "\u666e\u9640", "town": "\u771f\u5982\u9547", "circleNum": 1, "builtYear": "1979-1985", "builtHeight": 16, "storeNum": 5, "floorArea": 423.172785854, "buildArea": 2115.86392927, "seiFort": "2", "keyFire": 0, "firehouseDist": 1, "pop": 423}