{"buildingID": 4576, "county": "\u666e\u9640", "town": "\u6843\u6d66\u9547", "circleNum": 2, "builtYear": "2001", "builtHeight": 59, "storeNum": 19, "floorArea": 115.008166998, "buildArea": 2185.15517295, "seiFort": "3", "keyFire": 0, "firehouseDist": 2, "pop": 72}