{"buildingID": 22871, "county": "\u666e\u9640", "town": "\u66f9\u6768\u65b0\u6751\u8857\u9053", "circleNum": 1, "builtYear": "pre1978", "builtHeight": 7, "storeNum": 2, "floorArea": 98.4967908585, "buildArea": 196.993581717, "seiFort": "1", "keyFire": 0, "firehouseDist": 1, "pop": 7}