{"buildingID": 28945, "county": "\u666e\u9640", "town": "\u957f\u98ce\u65b0\u6751\u8857\u9053", "circleNum": 1, "builtYear": "pre1978", "builtHeight": 22, "storeNum": 7, "floorArea": 1870.47500537, "buildArea": 13093.3250376, "seiFort": "1", "keyFire": 0, "firehouseDist": 4, "pop": 523}