{"buildingID": 5534, "county": "\u666e\u9640", "town": "\u6843\u6d66\u9547", "circleNum": 2, "builtYear": "1995", "builtHeight": 16, "storeNum": 5, "floorArea": 623.914865259, "buildArea": 3119.57432629, "seiFort": "2", "keyFire": 0, "firehouseDist": 2, "pop": 623}