{"buildingID": 20366, "county": "\u666e\u9640", "town": "\u771f\u5982\u9547", "circleNum": 1, "builtYear": "1997", "builtHeight": 9, "storeNum": 3, "floorArea": 200.851503596, "buildArea": 602.554510787, "seiFort": "2", "keyFire": 0, "firehouseDist": 2, "pop": 120}