{"buildingID": 18050, "county": "\u666e\u9640", "town": "\u957f\u5f81\u9547", "circleNum": 2, "builtYear": "1987", "builtHeight": 38, "storeNum": 12, "floorArea": 316.441078691, "buildArea": 3797.29294429, "seiFort": "2", "keyFire": 0, "firehouseDist": 2, "pop": 759}