{"buildingID": 10078, "county": "\u666e\u9640", "town": "\u771f\u5982\u9547", "circleNum": 2, "builtYear": "2001", "builtHeight": 23, "storeNum": 7, "floorArea": 42.9832987795, "buildArea": 300.883091457, "seiFort": "3", "keyFire": 0, "firehouseDist": 2, "pop": 10}