{"buildingID": 15927, "county": "\u666e\u9640", "town": "\u771f\u5982\u9547", "circleNum": 1, "builtYear": "1989", "builtHeight": 15, "storeNum": 5, "floorArea": 705.116874798, "buildArea": 3525.58437399, "seiFort": "2", "keyFire": 0, "firehouseDist": 1, "pop": 705}