{"buildingID": 5588, "county": "\u666e\u9640", "town": "\u6843\u6d66\u9547", "circleNum": 2, "builtYear": "1997", "builtHeight": 18, "storeNum": 6, "floorArea": 598.057687198, "buildArea": 3588.34612319, "seiFort": "2", "keyFire": 0, "firehouseDist": 2, "pop": 717}