{"buildingID": 23638, "county": "\u666e\u9640", "town": "\u66f9\u6768\u65b0\u6751\u8857\u9053", "circleNum": 1, "builtYear": "2017", "builtHeight": 3, "storeNum": 1, "floorArea": 249.629436311, "buildArea": 249.629436311, "seiFort": "3", "keyFire": 0, "firehouseDist": 1, "pop": 49}