{"buildingID": 5463, "county": "\u666e\u9640", "town": "\u6843\u6d66\u9547", "circleNum": 2, "builtYear": "pre1978", "builtHeight": 107, "storeNum": 35, "floorArea": 207.656350729, "buildArea": 7267.97227551, "seiFort": "1", "keyFire": 0, "firehouseDist": 2, "pop": 1453}