{"buildingID": 10511, "county": "\u666e\u9640", "town": "\u7518\u6cc9\u8def\u8857\u9053", "circleNum": 1, "builtYear": "pre1978", "builtHeight": 24, "storeNum": 8, "floorArea": 530.098539132, "buildArea": 4240.78831305, "seiFort": "1", "keyFire": 0, "firehouseDist": 3, "pop": 169}