{"buildingID": 25518, "county": "\u666e\u9640", "town": "\u957f\u98ce\u65b0\u6751\u8857\u9053", "circleNum": 0, "builtYear": "pre1978", "builtHeight": 60, "storeNum": 20, "floorArea": 715.068070576, "buildArea": 14301.3614115, "seiFort": "1", "keyFire": 0, "firehouseDist": 1, "pop": 715}