{"buildingID": 13466, "county": "\u666e\u9640", "town": "\u771f\u5982\u9547", "circleNum": 1, "builtYear": "1979-1985", "builtHeight": 24, "storeNum": 8, "floorArea": 1386.03676825, "buildArea": 11088.294146, "seiFort": "2", "keyFire": 0, "firehouseDist": 2, "pop": 2217}