{"buildingID": 26289, "county": "\u666e\u9640", "town": "\u957f\u98ce\u65b0\u6751\u8857\u9053", "circleNum": 0, "builtYear": "pre1978", "builtHeight": 19, "storeNum": 6, "floorArea": 973.86626787, "buildArea": 5843.19760722, "seiFort": "1", "keyFire": 1, "firehouseDist": 2, "pop": 292}