{"buildingID": 5171, "county": "\u666e\u9640", "town": "\u6843\u6d66\u9547", "circleNum": 2, "builtYear": "2009", "builtHeight": 38, "storeNum": 12, "floorArea": 251.182721426, "buildArea": 3014.19265712, "seiFort": "3", "keyFire": 0, "firehouseDist": 2, "pop": 602}