{"buildingID": 1444, "county": "\u666e\u9640", "town": "\u6843\u6d66\u9547", "circleNum": 3, "builtYear": "2003", "builtHeight": 18, "storeNum": 6, "floorArea": 897.627139325, "buildArea": 5385.76283595, "seiFort": "3", "keyFire": 0, "firehouseDist": 5, "pop": 1077}