{"buildingID": 11680, "county": "\u666e\u9640", "town": "\u771f\u5982\u9547", "circleNum": 2, "builtYear": "pre1978", "builtHeight": 65, "storeNum": 21, "floorArea": 220.633953136, "buildArea": 4633.31301585, "seiFort": "1", "keyFire": 0, "firehouseDist": 2, "pop": 154}