{"buildingID": 15164, "county": "\u666e\u9640", "town": "\u771f\u5982\u9547", "circleNum": 1, "builtYear": "1994", "builtHeight": 70, "storeNum": 23, "floorArea": 445.168429828, "buildArea": 10238.873886, "seiFort": "2", "keyFire": 0, "firehouseDist": 2, "pop": 2047}