{"buildingID": 10727, "county": "\u666e\u9640", "town": "\u771f\u5982\u9547", "circleNum": 2, "builtYear": "2015", "builtHeight": 21, "storeNum": 7, "floorArea": 782.766801324, "buildArea": 5479.36760927, "seiFort": "3", "keyFire": 0, "firehouseDist": 2, "pop": 1095}