{"buildingID": 21958, "county": "\u666e\u9640", "town": "\u957f\u5bff\u8def\u8857\u9053", "circleNum": 0, "builtYear": "1979-1985", "builtHeight": 43, "storeNum": 14, "floorArea": 459.322958151, "buildArea": 6430.52141411, "seiFort": "2", "keyFire": 0, "firehouseDist": 1, "pop": 1286}