{"buildingID": 23723, "county": "\u666e\u9640", "town": "\u66f9\u6768\u65b0\u6751\u8857\u9053", "circleNum": 1, "builtYear": "pre1978", "builtHeight": 13, "storeNum": 4, "floorArea": 1412.17352597, "buildArea": 5648.69410389, "seiFort": "1", "keyFire": 0, "firehouseDist": 1, "pop": 225}