{"buildingID": 27246, "county": "\u666e\u9640", "town": "\u957f\u98ce\u65b0\u6751\u8857\u9053", "circleNum": 0, "builtYear": "1979-1985", "builtHeight": 22, "storeNum": 7, "floorArea": 1414.4893663, "buildArea": 9901.42556411, "seiFort": "2", "keyFire": 0, "firehouseDist": 2, "pop": 1980}