{"buildingID": 12703, "county": "\u666e\u9640", "town": "\u771f\u5982\u9547", "circleNum": 1, "builtYear": "pre1978", "builtHeight": 51, "storeNum": 17, "floorArea": 1160.2742311, "buildArea": 19724.6619287, "seiFort": "1", "keyFire": 1, "firehouseDist": 2, "pop": 788}