{"buildingID": 18321, "county": "\u666e\u9640", "town": "\u957f\u5f81\u9547", "circleNum": 2, "builtYear": "1979-1985", "builtHeight": 23, "storeNum": 7, "floorArea": 984.617233867, "buildArea": 6892.32063707, "seiFort": "2", "keyFire": 0, "firehouseDist": 2, "pop": 1378}