{"buildingID": 5001, "county": "\u666e\u9640", "town": "\u6843\u6d66\u9547", "circleNum": 2, "builtYear": "1979-1985", "builtHeight": 157, "storeNum": 52, "floorArea": 376.167461147, "buildArea": 19560.7079796, "seiFort": "2", "keyFire": 0, "firehouseDist": 2, "pop": 3912}