{"buildingID": 10751, "county": "\u666e\u9640", "town": "\u771f\u5982\u9547", "circleNum": 1, "builtYear": "pre1978", "builtHeight": 63, "storeNum": 21, "floorArea": 80.2677648663, "buildArea": 1685.62306219, "seiFort": "1", "keyFire": 0, "firehouseDist": 2, "pop": 67}