{"buildingID": 1379, "county": "\u666e\u9640", "town": "\u6843\u6d66\u9547", "circleNum": 2, "builtYear": "1994", "builtHeight": 17, "storeNum": 5, "floorArea": 2333.08852391, "buildArea": 11665.4426196, "seiFort": "2", "keyFire": 0, "firehouseDist": 1, "pop": 2333}