{"buildingID": 14219, "county": "\u666e\u9640", "town": "\u77f3\u6cc9\u8def\u8857\u9053", "circleNum": 1, "builtYear": "2005", "builtHeight": 94, "storeNum": 31, "floorArea": 98.0030483437, "buildArea": 3038.09449865, "seiFort": "3", "keyFire": 0, "firehouseDist": 3, "pop": 607}