{"buildingID": 18570, "county": "\u666e\u9640", "town": "\u957f\u5f81\u9547", "circleNum": 2, "builtYear": "1979-1985", "builtHeight": 6, "storeNum": 2, "floorArea": 1766.64756579, "buildArea": 3533.29513158, "seiFort": "2", "keyFire": 0, "firehouseDist": 3, "pop": 706}