{"buildingID": 10542, "county": "\u666e\u9640", "town": "\u7518\u6cc9\u8def\u8857\u9053", "circleNum": 1, "builtYear": "pre1978", "builtHeight": 56, "storeNum": 18, "floorArea": 953.40549302, "buildArea": 17161.2988744, "seiFort": "1", "keyFire": 0, "firehouseDist": 3, "pop": 686}