{"buildingID": 25045, "county": "\u666e\u9640", "town": "\u957f\u5bff\u8def\u8857\u9053", "circleNum": 0, "builtYear": "1979-1985", "builtHeight": 9, "storeNum": 3, "floorArea": 285.955665023, "buildArea": 857.866995069, "seiFort": "2", "keyFire": 0, "firehouseDist": 2, "pop": 171}