{"buildingID": 14696, "county": "\u666e\u9640", "town": "\u77f3\u6cc9\u8def\u8857\u9053", "circleNum": 1, "builtYear": "1998", "builtHeight": 16, "storeNum": 5, "floorArea": 1364.08780325, "buildArea": 6820.43901624, "seiFort": "2", "keyFire": 0, "firehouseDist": 2, "pop": 1364}