{"buildingID": 12898, "county": "\u666e\u9640", "town": "\u77f3\u6cc9\u8def\u8857\u9053", "circleNum": 1, "builtYear": "1979-1985", "builtHeight": 8, "storeNum": 2, "floorArea": 104.546580035, "buildArea": 209.093160069, "seiFort": "2", "keyFire": 0, "firehouseDist": 3, "pop": 8}