{"buildingID": 20323, "county": "\u666e\u9640", "town": "\u957f\u5f81\u9547", "circleNum": 2, "builtYear": "1990", "builtHeight": 63, "storeNum": 21, "floorArea": 205.851985545, "buildArea": 4322.89169644, "seiFort": "2", "keyFire": 0, "firehouseDist": 1, "pop": 864}