{"buildingID": 15718, "county": "\u666e\u9640", "town": "\u771f\u5982\u9547", "circleNum": 2, "builtYear": "1994", "builtHeight": 7, "storeNum": 2, "floorArea": 765.445114916, "buildArea": 1530.89022983, "seiFort": "2", "keyFire": 0, "firehouseDist": 1, "pop": 306}