{"buildingID": 22905, "county": "\u666e\u9640", "town": "\u957f\u5bff\u8def\u8857\u9053", "circleNum": 0, "builtYear": "1979-1985", "builtHeight": 61, "storeNum": 20, "floorArea": 410.239317928, "buildArea": 8204.78635855, "seiFort": "2", "keyFire": 0, "firehouseDist": 1, "pop": 1640}