{"buildingID": 7301, "county": "\u666e\u9640", "town": "\u6843\u6d66\u9547", "circleNum": 2, "builtYear": "2001", "builtHeight": 11, "storeNum": 3, "floorArea": 312.650187979, "buildArea": 937.950563936, "seiFort": "3", "keyFire": 0, "firehouseDist": 1, "pop": 187}