{"buildingID": 13062, "county": "\u666e\u9640", "town": "\u7518\u6cc9\u8def\u8857\u9053", "circleNum": 1, "builtYear": "1986", "builtHeight": 7, "storeNum": 2, "floorArea": 177.807309912, "buildArea": 355.614619824, "seiFort": "2", "keyFire": 0, "firehouseDist": 2, "pop": 14}