{"buildingID": 5507, "county": "\u666e\u9640", "town": "\u6843\u6d66\u9547", "circleNum": 2, "builtYear": "1995", "builtHeight": 16, "storeNum": 5, "floorArea": 264.097489018, "buildArea": 1320.48744509, "seiFort": "2", "keyFire": 0, "firehouseDist": 2, "pop": 264}