{"buildingID": 1143, "county": "\u666e\u9640", "town": "\u6843\u6d66\u9547", "circleNum": 3, "builtYear": "1997", "builtHeight": 18, "storeNum": 6, "floorArea": 532.150101788, "buildArea": 3192.90061073, "seiFort": "2", "keyFire": 0, "firehouseDist": 4, "pop": 638}