{"buildingID": 4116, "county": "\u666e\u9640", "town": "\u6843\u6d66\u9547", "circleNum": 2, "builtYear": "pre1978", "builtHeight": 48, "storeNum": 16, "floorArea": 1408.85332948, "buildArea": 22541.6532716, "seiFort": "1", "keyFire": 0, "firehouseDist": 2, "pop": 751}