{"buildingID": 11664, "county": "\u666e\u9640", "town": "\u771f\u5982\u9547", "circleNum": 2, "builtYear": "2015", "builtHeight": 23, "storeNum": 7, "floorArea": 67.5612256396, "buildArea": 472.928579477, "seiFort": "3", "keyFire": 0, "firehouseDist": 2, "pop": 15}