{"buildingID": 310, "county": "\u666e\u9640", "town": "\u6843\u6d66\u9547", "circleNum": 3, "builtYear": "2003", "builtHeight": 18, "storeNum": 6, "floorArea": 1030.43921976, "buildArea": 6182.63531856, "seiFort": "3", "keyFire": 0, "firehouseDist": 3, "pop": 1236}