{"buildingID": 11022, "county": "\u666e\u9640", "town": "\u957f\u5f81\u9547", "circleNum": 1, "builtYear": "1979-1985", "builtHeight": 7, "storeNum": 2, "floorArea": 681.009369698, "buildArea": 1362.0187394, "seiFort": "2", "keyFire": 0, "firehouseDist": 3, "pop": 272}