{"buildingID": 8726, "county": "\u666e\u9640", "town": "\u7518\u6cc9\u8def\u8857\u9053", "circleNum": 1, "builtYear": "1988", "builtHeight": 17, "storeNum": 5, "floorArea": 568.015472963, "buildArea": 2840.07736481, "seiFort": "2", "keyFire": 0, "firehouseDist": 3, "pop": 568}