{"buildingID": 7144, "county": "\u666e\u9640", "town": "\u957f\u5f81\u9547", "circleNum": 1, "builtYear": "1998", "builtHeight": 39, "storeNum": 13, "floorArea": 1129.87654611, "buildArea": 14688.3950994, "seiFort": "2", "keyFire": 0, "firehouseDist": 1, "pop": 2937}