{"buildingID": 8993, "county": "\u666e\u9640", "town": "\u957f\u5f81\u9547", "circleNum": 1, "builtYear": "1979-1985", "builtHeight": 53, "storeNum": 17, "floorArea": 44.1890684429, "buildArea": 751.214163529, "seiFort": "2", "keyFire": 0, "firehouseDist": 1, "pop": 30}