{"buildingID": 8765, "county": "\u666e\u9640", "town": "\u7518\u6cc9\u8def\u8857\u9053", "circleNum": 1, "builtYear": "1987", "builtHeight": 19, "storeNum": 6, "floorArea": 198.754651121, "buildArea": 1192.52790673, "seiFort": "2", "keyFire": 0, "firehouseDist": 3, "pop": 238}