{"buildingID": 18824, "county": "\u666e\u9640", "town": "\u957f\u5f81\u9547", "circleNum": 2, "builtYear": "2010", "builtHeight": 36, "storeNum": 12, "floorArea": 1292.26434938, "buildArea": 15507.1721925, "seiFort": "3", "keyFire": 1, "firehouseDist": 2, "pop": 3101}