{"buildingID": 27162, "county": "\u666e\u9640", "town": "\u66f9\u6768\u65b0\u6751\u8857\u9053", "circleNum": 1, "builtYear": "pre1978", "builtHeight": 16, "storeNum": 5, "floorArea": 440.848631984, "buildArea": 2204.24315992, "seiFort": "1", "keyFire": 0, "firehouseDist": 2, "pop": 88}