{"buildingID": 16448, "county": "\u666e\u9640", "town": "\u77f3\u6cc9\u8def\u8857\u9053", "circleNum": 1, "builtYear": "2002", "builtHeight": 4, "storeNum": 1, "floorArea": 766.927924653, "buildArea": 766.927924653, "seiFort": "3", "keyFire": 0, "firehouseDist": 1, "pop": 153}