{"buildingID": 21224, "county": "\u666e\u9640", "town": "\u77f3\u6cc9\u8def\u8857\u9053", "circleNum": 1, "builtYear": "pre1978", "builtHeight": 10, "storeNum": 3, "floorArea": 3277.60150853, "buildArea": 9832.80452558, "seiFort": "1", "keyFire": 0, "firehouseDist": 2, "pop": 393}