{"buildingID": 12888, "county": "\u666e\u9640", "town": "\u77f3\u6cc9\u8def\u8857\u9053", "circleNum": 1, "builtYear": "1989", "builtHeight": 6, "storeNum": 2, "floorArea": 488.567261497, "buildArea": 977.134522995, "seiFort": "2", "keyFire": 0, "firehouseDist": 3, "pop": 195}