{"buildingID": 26270, "county": "\u666e\u9640", "town": "\u957f\u98ce\u65b0\u6751\u8857\u9053", "circleNum": 0, "builtYear": "pre1978", "builtHeight": 18, "storeNum": 6, "floorArea": 427.140314626, "buildArea": 2562.84188775, "seiFort": "1", "keyFire": 0, "firehouseDist": 2, "pop": 128}