{"buildingID": 7465, "county": "\u666e\u9640", "town": "\u7518\u6cc9\u8def\u8857\u9053", "circleNum": 1, "builtYear": "1992", "builtHeight": 6, "storeNum": 2, "floorArea": 641.169028507, "buildArea": 1282.33805701, "seiFort": "2", "keyFire": 0, "firehouseDist": 3, "pop": 256}