{"buildingID": 6649, "county": "\u666e\u9640", "town": "\u6843\u6d66\u9547", "circleNum": 2, "builtYear": "1991", "builtHeight": 18, "storeNum": 6, "floorArea": 2181.68977561, "buildArea": 13090.1386537, "seiFort": "2", "keyFire": 0, "firehouseDist": 1, "pop": 2618}