{"buildingID": 12907, "county": "\u666e\u9640", "town": "\u77f3\u6cc9\u8def\u8857\u9053", "circleNum": 1, "builtYear": "1986", "builtHeight": 10, "storeNum": 3, "floorArea": 210.094576219, "buildArea": 630.283728657, "seiFort": "2", "keyFire": 0, "firehouseDist": 3, "pop": 126}