{"buildingID": 1191, "county": "\u666e\u9640", "town": "\u6843\u6d66\u9547", "circleNum": 3, "builtYear": "1988", "builtHeight": 18, "storeNum": 6, "floorArea": 1029.34881337, "buildArea": 6176.09288024, "seiFort": "2", "keyFire": 0, "firehouseDist": 3, "pop": 1235}