{"buildingID": 28409, "county": "\u666e\u9640", "town": "\u957f\u98ce\u65b0\u6751\u8857\u9053", "circleNum": 1, "builtYear": "pre1978", "builtHeight": 20, "storeNum": 6, "floorArea": 1255.79417427, "buildArea": 7534.7650456, "seiFort": "1", "keyFire": 0, "firehouseDist": 2, "pop": 301}