{"buildingID": 3921, "county": "\u666e\u9640", "town": "\u6843\u6d66\u9547", "circleNum": 3, "builtYear": "2007", "builtHeight": 18, "storeNum": 6, "floorArea": 360.419781075, "buildArea": 2162.51868645, "seiFort": "3", "keyFire": 0, "firehouseDist": 3, "pop": 432}