{"buildingID": 12226, "county": "\u666e\u9640", "town": "\u77f3\u6cc9\u8def\u8857\u9053", "circleNum": 1, "builtYear": "1988", "builtHeight": 54, "storeNum": 18, "floorArea": 1092.57041487, "buildArea": 19666.2674676, "seiFort": "2", "keyFire": 0, "firehouseDist": 2, "pop": 3933}