{"buildingID": 15693, "county": "\u666e\u9640", "town": "\u771f\u5982\u9547", "circleNum": 2, "builtYear": "1997", "builtHeight": 19, "storeNum": 6, "floorArea": 558.21005526, "buildArea": 3349.26033156, "seiFort": "2", "keyFire": 0, "firehouseDist": 1, "pop": 669}