{"buildingID": 7087, "county": "\u666e\u9640", "town": "\u957f\u5f81\u9547", "circleNum": 1, "builtYear": "2010", "builtHeight": 39, "storeNum": 13, "floorArea": 766.724498313, "buildArea": 9967.41847806, "seiFort": "3", "keyFire": 0, "firehouseDist": 1, "pop": 1993}