{"buildingID": 27288, "county": "\u666e\u9640", "town": "\u957f\u98ce\u65b0\u6751\u8857\u9053", "circleNum": 0, "builtYear": "pre1978", "builtHeight": 32, "storeNum": 10, "floorArea": 952.528692804, "buildArea": 9525.28692804, "seiFort": "1", "keyFire": 0, "firehouseDist": 1, "pop": 476}