{"buildingID": 13313, "county": "\u666e\u9640", "town": "\u771f\u5982\u9547", "circleNum": 2, "builtYear": "1993", "builtHeight": 17, "storeNum": 5, "floorArea": 894.949128615, "buildArea": 4474.74564308, "seiFort": "2", "keyFire": 0, "firehouseDist": 2, "pop": 894}