{"buildingID": 28462, "county": "\u666e\u9640", "town": "\u957f\u98ce\u65b0\u6751\u8857\u9053", "circleNum": 0, "builtYear": "pre1978", "builtHeight": 28, "storeNum": 9, "floorArea": 468.271011978, "buildArea": 4214.4391078, "seiFort": "1", "keyFire": 0, "firehouseDist": 2, "pop": 210}