{"buildingID": 7471, "county": "\u666e\u9640", "town": "\u7518\u6cc9\u8def\u8857\u9053", "circleNum": 1, "builtYear": "1979-1985", "builtHeight": 7, "storeNum": 2, "floorArea": 659.386122317, "buildArea": 1318.77224463, "seiFort": "2", "keyFire": 0, "firehouseDist": 3, "pop": 263}