{"name": "Qingpu", "city": "Shanghai", "crs": null, "coordinate_scale": 0.1, "chunk_bounds": {"minx": -600.0, "maxx": -400.0, "miny": 1800.0, "maxy": 2000.0}, "map_bounds": {"maxx": 2209.720904541016, "minx": -2209.720904541016, "maxy": 1932.2008636474611, "miny": -1932.2008636474611, "centerx": 0.0, "centery": 0.0}, "map_bounds_org": {"maxx": -14200.8330078125, "minx": -58395.25109863281, "maxy": 6375.2896728515625, "miny": -32268.727600097656, "centerx": -36298.042053222656, "centery": -12946.718963623047}, "buildings": {"number": 10, "data": [{"bid": 117495, "bounds": [[-400.96946411132814, 1817.3706451416017], [-402.425927734375, 1816.6862884521486], [-402.0569274902344, 1815.9010040283204], [-400.60047607421876, 1816.5853668212892]], "center": [-401.5132005129683, 1816.6358257502516], "storey": 1}, {"bid": 117503, "bounds": [[-431.7345336914063, 1808.3226287841799], [-431.5368957519531, 1807.5430267333986], [-429.8695068359375, 1807.987368774414], [-430.0671569824219, 1808.7669647216799]], "center": [-430.80202366405433, 1808.1549966245982], "storey": 1}, {"bid": 117504, "bounds": [[-431.38934326171875, 1802.9010040283204], [-431.32649536132817, 1802.9175872802734], [-431.2491455078125, 1802.938003540039], [-431.2516967773438, 1802.9476837158204], [-431.05445556640626, 1802.9997467041017], [-431.051904296875, 1802.9900848388672], [-431.03193359375, 1802.995346069336], [-431.0267639160156, 1802.9967254638673], [-431.03008422851565, 1803.0092864990236], [-431.04463500976567, 1803.0644073486328], [-430.976953125, 1803.0822662353517], [-431.0024841308594, 1803.1789459228517], [-430.6930847167969, 1803.260629272461], [-430.6573425292969, 1803.1252655029298], [-430.6496826171875, 1803.0962677001953], [-430.6037475585938, 1802.9222259521484], [-430.53606567382815, 1802.9400848388673], [-430.5386169433594, 1802.9497650146486], [-430.332666015625, 1803.0041290283204], [-430.3301147460938, 1802.994467163086], [-430.27500610351564, 1803.0090240478517], [-430.2596862792969, 1802.9510040283203], [-430.2693542480469, 1802.9484466552735], [-430.2516967773438, 1802.8815277099611], [-430.2447875976563, 1802.8832672119142], [-429.89983520507815, 1802.9736053466797], [-429.88310546875005, 1802.9780242919924], [-429.90097656250003, 1803.045706176758], [-429.91064453125, 1803.0431488037111], [-430.0569152832031, 1803.5971649169924], [-429.9727966308594, 1803.6193878173829], [-429.9324645996094, 1803.466604614258], [-429.9311828613281, 1803.4617645263672], [-429.80420532226566, 1803.4953094482423], [-429.5908447265625, 1803.5516265869142], [-429.5648071289063, 1803.4530059814454], [-429.49712524414065, 1803.4708648681642], [-429.48308715820315, 1803.4176849365235], [-429.47894287109375, 1803.4032867431642], [-429.4541259765625, 1803.4098236083985], [-429.45667724609376, 1803.4195037841798], [-429.2594360351563, 1803.471566772461], [-429.2563659667969, 1803.4599639892579], [-429.19450683593755, 1803.4763092041017], [-429.1885864257813, 1803.477865600586], [-429.3708435058594, 1804.1682037353517], [-429.3999450683594, 1804.1605255126954], [-429.3971374511719, 1804.149887084961], [-429.4503173828125, 1804.1358489990234], [-429.5399169921875, 1804.475228881836], [-429.60759277343755, 1804.4573638916017], [-429.6050476074219, 1804.4476837158204], [-429.80420532226566, 1804.3951080322267], [-429.80677490234376, 1804.4047637939454], [-429.85898437500003, 1804.3909881591799], [-429.81609497070315, 1804.228549194336], [-430.0384765625, 1804.1698455810547], [-430.0813659667969, 1804.3322845458986], [-430.1287353515625, 1804.3197662353516], [-430.1261840820313, 1804.3101043701172], [-430.21997680664066, 1804.2853485107423], [-430.2225341796875, 1804.295004272461], [-430.30804443359375, 1804.2728240966799], [-430.29090576171876, 1804.201467895508], [-430.4688171386719, 1804.1544891357423], [-430.4879577636719, 1804.2257476806642], [-430.57060546875005, 1804.2031280517579], [-430.56805419921875, 1804.1934478759767], [-430.7420837402344, 1804.1475067138672], [-430.74463500976566, 1804.1571685791016], [-430.8268249511719, 1804.1354644775392], [-430.82426757812505, 1804.1258087158203], [-430.9161254882813, 1804.1015655517579], [-430.91867675781253, 1804.1112274169923], [-430.9407043457031, 1804.1054046630861], [-430.9612243652344, 1804.099984741211], [-430.9180847167969, 1803.936587524414], [-431.1404541015625, 1803.8778839111328], [-431.18359375, 1804.0412872314455], [-431.21424560546876, 1804.0332061767579], [-431.24354248046876, 1804.0254669189453], [-431.2409973144531, 1804.0157867431642], [-431.4362976074219, 1803.9642242431642], [-431.43885498046876, 1803.9739044189455], [-431.50730590820314, 1803.9568450927736], [-431.4169372558594, 1803.6166656494142], [-431.46624755859375, 1803.603646850586], [-431.46880493164065, 1803.6133087158205], [-431.5074768066406, 1803.6031036376953], [-431.5316467285156, 1803.5967254638672], [-431.5290954589844, 1803.587045288086], [-431.5784057617188, 1803.574026489258], [-431.66767578125, 1803.9121856689453], [-431.7356872558594, 1803.8955291748048], [-431.73313598632814, 1803.8858673095704], [-431.9284362792969, 1803.8343048095703], [-431.93098754882817, 1803.8439666748047], [-431.96408691406253, 1803.8352447509767], [-431.9909362792969, 1803.8281463623048], [-431.9477966308594, 1803.6647491455078], [-432.1701843261719, 1803.6060455322267], [-432.21331787109375, 1803.7694488525392], [-432.24226684570317, 1803.7618072509767], [-432.25586547851566, 1803.758206176758], [-432.2533142089844, 1803.7485443115236], [-432.345166015625, 1803.7242889404297], [-432.34771728515625, 1803.7339447021486], [-432.4298950195313, 1803.7122650146484], [-432.42734375000003, 1803.7025848388673], [-432.6013854980469, 1803.656643676758], [-432.60393676757815, 1803.666323852539], [-432.6870849609375, 1803.6443634033203], [-432.66845703125, 1803.5737884521486], [-432.8463562011719, 1803.5268035888673], [-432.8647155761719, 1803.5963287353516], [-432.9520141601563, 1803.5744293212892], [-432.9494567871094, 1803.564749145508], [-433.0432434082031, 1803.5399871826173], [-433.0457946777344, 1803.5496673583984], [-433.0931762695313, 1803.5371490478517], [-433.0502868652344, 1803.3747283935547], [-433.2726745605469, 1803.3160064697267], [-433.31555786132816, 1803.4784454345704], [-433.3677673339844, 1803.464663696289], [-433.36521606445314, 1803.454983520508], [-433.56438598632815, 1803.402407836914], [-433.5669372558594, 1803.4120880126954], [-433.63462524414064, 1803.3942047119142], [-433.54502563476564, 1803.0548248291016], [-433.59820556640625, 1803.040805053711], [-433.60100708007815, 1803.0514251708985], [-433.63056640625, 1803.0436248779297], [-433.45013427734375, 1802.3535858154298], [-433.44905395507817, 1802.3538665771484], [-433.3802734375, 1802.3720245361328], [-433.38315429687503, 1802.3829071044922], [-433.1859069824219, 1802.434963989258], [-433.18335571289066, 1802.425308227539], [-433.1637145996094, 1802.430484008789], [-433.15821533203126, 1802.431948852539], [-433.1620544433594, 1802.4464447021485], [-433.17608642578125, 1802.4996246337892], [-433.10840454101566, 1802.517483520508], [-433.1344360351563, 1802.6161041259766], [-432.7941040039063, 1802.7059661865235], [-432.7953735351563, 1802.7107879638672], [-432.83570556640626, 1802.8635650634767], [-432.7515869140625, 1802.8857635498048], [-432.6053344726563, 1802.3317474365235], [-432.61499633789066, 1802.329183959961], [-432.5973266601563, 1802.262289428711], [-432.58842773437505, 1802.2645294189454], [-432.24306640625, 1802.3549835205079], [-432.2287475585938, 1802.3587677001954], [-432.2466125488281, 1802.4264434814454], [-432.25628662109375, 1802.4239044189453], [-432.2715942382813, 1802.4819061279297], [-432.21648559570315, 1802.496469116211], [-432.2190368652344, 1802.5061248779298], [-432.0131042480469, 1802.5605072021485], [-432.01054687500005, 1802.5508270263672], [-431.9428649902344, 1802.568704223633], [-431.9888061523438, 1802.742727661133], [-432.0321960449219, 1802.9071075439454], 