{"name": "Qingpu", "city": "Shanghai", "crs": null, "coordinate_scale": 0.1, "chunk_bounds": {"minx": 800.0, "maxx": 1000.0, "miny": -200.0, "maxy": 0.0}, "map_bounds": {"maxx": 2209.720904541016, "minx": -2209.720904541016, "maxy": 1932.2008636474611, "miny": -1932.2008636474611, "centerx": 0.0, "centery": 0.0}, "map_bounds_org": {"maxx": -14200.8330078125, "minx": -58395.25109863281, "maxy": 6375.2896728515625, "miny": -32268.727600097656, "centerx": -36298.042053222656, "centery": -12946.718963623047}, "buildings": {"number": 27, "data": [{"bid": 24094, "bounds": [[814.8837951660157, -185.9549041748047], [812.6713928222657, -185.64710388183596], [812.3732971191407, -187.7174041748047], [814.5954956054688, -188.02660217285157]], "center": [813.630890217967, -186.8372668807815], "storey": 2}, {"bid": 24136, "bounds": [[820.1957946777344, -188.02112121582033], [821.914794921875, -188.26880187988283], [822.2370971679688, -186.1250946044922], [821.8298950195312, -186.06690368652346], [821.4438659667969, -186.01328430175784], [821.4871948242188, -185.70139465332034], [820.6076965332031, -185.58580627441407], [820.5652648925782, -185.89126281738282], [820.1957946777344, -185.83994445800784], [818.9800170898438, -185.67110290527344], [818.9470825195312, -185.90772399902346], [814.9673950195313, -185.35399475097657], [814.5382934570313, -188.43800354003906], [816.1186340332032, -188.65935363769532], [816.2045959472657, -188.67140197753906], [816.3695861816407, -187.48556213378907], [819.5515930175782, -187.92830505371094]], "center": [818.2370896618115, -186.8906332385088], "storey": 2}, {"bid": 24195, "bounds": [[829.1277954101563, -191.58770446777345], [828.7228942871094, -191.52740173339845], [828.7359924316406, -191.43970642089846], [827.8455932617188, -191.31380310058594], [827.83349609375, -191.39510192871094], [827.538397216797, -191.35340270996096], [827.6873046875, -190.2997528076172], [827.2859741210938, -190.2430145263672], [827.2944946289062, -190.18170471191408], [826.4159973144532, -190.05300598144532], [826.4068542480469, -190.11875305175784], [825.7025939941407, -190.01920471191409], [825.711492919922, -189.94920349121094], [824.8353942871095, -189.81890563964845], [824.8246154785156, -189.8950958251953], [824.4108337402345, -189.83660583496095], [824.3436950683595, -190.31160583496094], [823.5852355957031, -190.1973846435547], [823.5957946777344, -190.12730407714844], [822.7373962402344, -189.99740295410157], [822.7267456054688, -190.0681121826172], [822.0120971679688, -189.96050109863282], [822.0219421386719, -189.8950653076172], [821.2406555175781, -189.78562316894534], [821.289697265625, -189.43560485839845], [820.4047973632813, -189.30399475097659], [820.3384155273438, -189.7778045654297], [820.1957946777344, -190.79610290527344], [820.0710021972657, -191.6870330810547], [820.1957946777344, -191.7045135498047], [820.8268859863282, -191.79290466308595], [820.8158447265625, -191.8716766357422], [821.714892578125, -191.9976043701172], [821.7259155273438, -191.9188446044922], [822.4316528320313, -192.01768493652344], [822.4207946777344, -192.09520568847657], [823.3126953125001, -192.22013244628909], [823.323553466797, -192.1426239013672], [824.0692138671875, -192.24707336425783], [823.9990966796876, -192.7477020263672], [824.399725341797, -192.80433654785156], [824.3894958496094, -192.8767059326172], [827.1389953613282, -193.32070617675782], [828.8323974609375, -193.5727020263672], [828.849285888672, -193.4590057373047]], "center": [824.7517667123553, -191.44125203583263], "storey": 3}, {"bid": 24204, "bounds": [[819.5515930175782, -187.92830505371094], [816.3695861816407, -187.48556213378907], [816.2045959472657, -188.67140197753906], [816.1186340332032, -188.65935363769532], [816.0102966308594, -189.43280334472658], [816.3811479163641, -189.56385585349582], [816.7247727122194, -189.75523880908187], [817.0314400381918, -190.00153251017056], [817.2924654986193, -190.29576225887723], [817.5004572125123, -190.62959587457064], [817.6495251414323, -190.99357964973478], [817.7354478872512, -191.37740606592598], [817.7557922363281, -191.77020568847658], [819.9895446777344, -192.09061584472659], [820.0478942871094, -191.68380432128907], [820.0710021972657, -191.6870330810547], [820.1957946777344, -190.79610290527344], [820.3384155273438, -189.7778045654297], [820.1957946777344, -189.45533142089846], [819.8753299069082, -188.86357376526996], [819.494696044922, -188.30860290527346], [819.5182922363282, -188.1280059814453]], "center": [818.3599323621347, -189.65455339524306], "storey": 2}, {"bid": 43277,